5 
9 
13 
20 
39 
53 
72 
84 
119 
131 
152 
153 
158 
165 
180 
183 
189 
193 
194 
195 
196 
197 
198 
199 
200 
209 
218 
227 
230 
231 
233 
240 
241 
244 
245 
247 
253 
259 
260 
277 
282 
283 
295 
303 
307 
314 
364 
374 
383 
387 
389 
404 
410 
412 
480 
512 
513 
516 
522 
528 
532 
554 
617 
633 
638 
664 
666 
668 
838 
878 
920 
927 
947 
963 
971 
988 
1012 
1015 
1024 
1036 
1037 
1048 
1058 
1074 
1113 3 1 3 169 3 179
1143 
1151 
1154 
1175 
1177 
1178 
1183 
1186 
1201 
1204 
1206 
1208 
1210 
1211 
1214 
1215 
1220 
1236 
1237 
1248 
1252 
1253 
1260 
1263 
1265 
1266 
1268 
1280 
1285 
1289 
1294 
1320 
1337 
1342 
1349 2 1 2 168 2 169 1 175 1 179
1358 
1359 
1391 
1411 
1417 
1427 
1438 
1453 
1454 
1458 
1460 
1463 
1467 
1469 
1487 
1497 
1500 
1502 
1510 
1518 
1533 
1543 
1548 
1551 
1565 
1582 
1584 
1627 
1631 
1635 
1637 
1641 
1650 
1676 
1677 
1691 
1717 
1718 
1721 
1767 
1768 
1772 
1777 
1782 
1788 
1795 
1799 
1803 
1810 
1817 
1829 
1832 
1842 
1848 
1853 2 1 2 169 1 179
1862 
1864 
1888 
1907 
1916 
1927 
1939 
1947 
1954 
1959 
1960 
1971 
1972 
1979 
1992 
1995 
1998 
2000 
2001 
2003 
2004 
2005 
2006 
2008 
2011 
2018 
2023 
2037 
2041 
2058 
2085 
2089 
2095 
2114 
2115 
2120 
2121 
2123 
2125 
2152 
2165 
2168 
2176 
2190 
2191 
2196 
2205 
2238 
2239 
2243 
2246 
2247 
2255 
2261 
2264 
2275 
2283 
2284 
2285 
2286 
2287 
2288 
2289 
2292 
2294 
2296 
2297 
2302 
2315 
2321 
2323 
2324 
2325 
2327 
2370 
2378 
2384 
2391 
2392 
2405 
2407 
2416 
2428 
2433 
2434 
2435 
2445 
2462 
2463 
2464 
2470 
2472 
2473 
2474 
2475 
2479 
2490 
2516 
2520 
2532 
2534 
2536 
2537 
2539 
2582 
2586 
2587 
2588 
2614 
2627 
2632 
2635 
2639 
2640 
2648 
2649 
2651 
2652 
2664 
2665 
2668 
2673 
2676 
2682 
2687 
2690 
2691 4 168 2 169 1 179
2706 3 168 4 169 3 179
2710 
2716 6 168 2 169 1 179
2727 5 168 2 169 1 179
2728 6 168 2 169 1 179
2738 
2739 
2743 
2745 
2746 
2747 
2750 
2751 
2758 
2768 
2773 
2788 
2794 
2799 8 130 4 169 3 170 1 173 1 179
2800 
2801 
2813 
2814 
2824 
2829 
2838 
2847 
2848 
2852 
2855 
2856 
2874 
2876 
2877 
2878 
2880 
2894 
2907 
2908 
2923 
2924 
2930 
2931 
2935 
2945 
2948 
2952 
2959 
2960 2 1 2 169 1 179
2964 
2993 
3001 
3009 
3010 
3018 
3023 
3029 
3040 
3058 
3059 1 1 2 168 2 169 1 172 1 179 2 180
3063 
3079 
3081 
3086 
3087 
3115 
3116 
3144 
3158 
3159 
3166 
3172 
3182 
3194 
3222 
3224 
3246 
3254 
3262 
3275 
3276 
3283 
3310 
3315 
3320 
3347 
3367 
3371 
3383 
3387 
3394 
3401 
3414 
3422 
3423 
3447 
3448 
3471 
3477 
3513 
3524 
3528 
3556 
3565 
3609 
3620 
3634 
3635 
3636 
3643 
3658 
3667 
3670 
3672 
3679 
3684 
3693 
3695 
3696 
3697 
3698 
3703 
3707 
3718 
3720 
3725 
3728 
3753 
3759 
3762 
3765 
3779 
3785 
3798 
3800 
3820 
3828 
3851 
3852 
3859 
3872 
3892 
3897 
3905 
3910 
3919 
3922 
3941 
3962 
3980 
3987 
3988 
3989 
4006 
4010 
4011 
4026 
4034 
4051 
4064 
4067 
4072 
4082 
4114 
4115 
4128 
4140 
4147 
4152 
4159 
4163 
4165 
4174 
4176 
4183 
4186 
4190 
4195 
4196 
4218 
4219 
4240 
4262 
4265 
4277 
4293 4 15 2 17 2 169 1 171 1 179
4299 
4312 
4318 
4332 
4335 
4339 
4361 
4362 
4367 
4368 
4372 
4373 
4385 
4389 
4397 
4432 
4468 
4486 
4492 
4505 
4507 
4508 
4512 
4514 
4519 
4537 
4545 
4546 
4558 
4562 
4574 
4580 
4600 
4602 
4603 
4627 
4630 
4644 
4648 
4649 
4652 6 130 1 168 6 169 3 170 1 173 1 179
4669 
4671 
4686 
4687 
4688 
4707 
4710 
4713 
4749 
4765 
4777 
4778 
4780 
4786 
4794 
4796 
4811 
4812 
4824 
4828 
4829 
4831 
4862 
4884 
4891 
4895 
4897 
4917 
4918 
4919 
4922 
4962 
4964 
4971 
4988 
4990 
4995 
5004 
5005 
5006 
5027 
5062 
5066 
5073 
5089 
5146 
5157 
5158 
5159 
5160 
5164 
5173 
5174 
5193 
5210 
5219 
5238 
5243 
5255 
5276 
5278 
5279 
5280 
5285 
5286 
5293 
5297 
5304 
5306 
5312 
5314 
5317 
5325 
5327 
5334 
5346 
5347 
5349 
5358 
5369 
5390 
5391 
5393 
5412 
5423 
5424 
5431 
5433 
5447 
5448 2 49 2 168 2 169 1 179
5464 
5467 
5469 
5487 
5494 
5503 
5504 
5505 
5536 
5540 
5541 
5542 
5543 
5544 
5552 
5559 
5567 
5568 
5569 
5575 
5577 
5581 
5595 
5603 
5609 
5612 
5613 
5617 
5625 
5627 
5639 
5654 
5659 
5685 
5701 
5714 
5723 
5724 
5725 
5726 
5727 
5728 
5729 
5730 
5731 
5732 
5733 
5734 
5735 
5736 
5766 
5779 
5785 
5786 
5787 
5789 
5795 
5810 
5819 
5822 
5831 
5841 
5842 
5844 
5850 
5852 
5861 
5868 
5880 
5899 
5916 
5926 
5929 
5945 
5952 
5959 
5967 
5976 
5992 
5996 
6014 
6027 
6029 
6038 
6040 3 1 1 7 4 15 6 17 2 53 2 168 3 169 3 179 1 180
6042 
6067 
6069 
6073 
6085 
6092 
6097 
6106 
6133 
6142 
6143 
6152 
6202 
6218 
6221 
6269 
6276 
6299 
6302 
6312 
6315 
6326 
6329 
6335 
6341 
6342 
6356 
6404 
6408 
6409 
6410 
6412 
6413 
6463 
6475 
6482 
6486 
6487 
6488 
6489 
6509 
6548 
6581 
6584 
6596 
6611 
6617 
6618 
6622 
6625 
6627 
6634 
6636 1 2 4 29 1 129 5 169 1 179
6642 
6657 
6668 
6669 
6673 
6675 
6681 
6688 
6689 
6693 
6704 
6713 2 1 1 2 2 168 2 169 2 179
6714 2 1 1 2 2 168 2 169 2 179
6715 4 1 2 3 2 168 2 169 2 179
6716 4 1 2 3 2 168 2 169 2 179
6720 
6745 
6748 
6753 
6759 2 1 2 168 2 169 2 179
6766 2 1 1 2 2 168 2 169 2 179
6767 2 1 1 2 2 168 2 169 2 179
6772 
6775 3 1 1 168 3 169 2 179
6776 
6786 
6790 2 1 3 2 2 168 2 169 2 179
6791 2 1 3 2 2 168 2 169 2 179
6798 
6802 
6804 
6810 
6813 
6814 
6822 
6824 
6826 
6827 
6845 
6848 5 15 2 17 1 18 1 29 4 30 1 168 2 169 1 179
6849 6 168 2 169 1 179
6854 
6856 
6861 
6879 10 15 2 18 2 169 1 179 2 180
6880 
6883 
6885 
6889 
6908 
6927 
6931 
6934 
6948 
6952 
6955 
6965 
6967 
6981 
6986 
6994 
6995 
6999 
7002 
7003 
7008 
7010 2 1 2 168 2 169 2 179
7014 
7015 
7017 
7019 
7031 
7032 
7033 
7034 
7037 
7038 
7050 
7054 
7059 
7064 
7072 
7074 
7076 
7082 
7084 
7086 
7091 
7097 
7100 
7102 
7103 
7104 
7113 
7118 
7122 
7128 
7136 
7141 
7155 
7157 
7191 
7194 
7199 
7204 
7207 
7208 
7209 
7212 
7215 
7216 
7223 
7224 
7225 
7231 
7235 
7240 
7242 
7243 
7247 
7253 
7255 
7258 
7260 
7261 
7268 
7274 
7280 
7288 
7293 
7302 
7306 
7309 
7313 
7314 
7319 
7322 
7324 
7325 
7331 
7332 
7336 
7340 
7341 
7348 
7354 
7376 
7377 
7387 
7396 
7412 
7414 
7418 
7419 
7429 
7442 
7443 
7444 
7445 
7446 
7447 
7448 
7449 
7450 
7451 
7452 
7453 
7454 
7455 
7456 
7457 
7458 
7459 
7460 
7461 
7462 
7463 
7464 
7465 
7466 
7467 
7468 
7469 
7470 
7471 
7472 
7473 
7474 
7475 
7476 
7477 
7478 
7479 
7480 
7481 
7482 
7483 
7484 
7485 
7486 
7487 
7488 
7489 
7490 
7491 
7492 
7493 
7494 
7495 
7496 
7497 
7498 
7499 
7500 
7501 
7502 
7503 
7504 
7505 
7506 
7507 
7508 
7509 
7510 
7511 
7512 
7513 
7514 
7515 
7516 
7517 
7518 
7519 
7520 
7521 
7522 
7523 
7524 
7525 
7526 
7527 
7528 
7529 
7530 
7531 
7532 
7533 
7534 
7535 
7536 
7537 
7538 
7539 
7540 
7541 
7542 
7543 
7544 
7545 
7546 
7547 
7548 
7549 
7550 
7551 
7552 
7553 
7554 
7555 
7556 
7557 
7558 
7559 
7560 
7561 
7562 
7563 
7564 
7565 
7566 
7567 
7568 
7569 
7570 
7571 
7572 
7573 
7574 
7575 
7576 
7577 
7578 
7579 
7580 
7581 
7582 
7583 
7584 
7585 
7586 
7587 
7588 
7589 
7590 
7591 
7592 
7593 
7594 
7595 
7596 
7606 
7615 
7618 
7625 
7630 
7631 
7633 
7639 
7654 
7657 
7658 
7659 
7660 
7661 
7662 
7664 
7665 
7666 
7667 
7668 
7669 
7670 
7671 
7672 
7673 
7674 
7703 
7705 
7710 
7711 
7714 2 1 2 2 2 169 1 179
7717 
7720 
7732 
7739 
7740 
7742 
7751 
7755 
7758 7 130 5 169 3 170 1 173 1 179
7760 
7761 
7764 
7766 
7768 
7769 
7780 
7794 
7821 
7822 
7823 
7824 
7837 
7842 
7844 
7846 
7857 
7858 
7859 
7867 
7869 
7880 
7889 
7891 
7893 
7895 
7896 
7901 
7904 
7906 
7907 
7918 
7921 
7925 
7930 
7934 
7935 
7941 
7943 3 168 2 169 1 179
7946 
7951 
7956 
7958 
7959 
7969 
7971 
7972 
7976 2 1 2 2 2 169 1 179 2 180
7985 
7986 
7990 
7996 
8003 
8010 
8023 
8035 
8040 
8042 
8043 
8044 
8047 
8050 
8052 
8056 
8065 
8080 
8083 
8086 
8091 
8097 
8098 
8099 
8100 
8118 
8132 
8134 
8142 
8144 
8147 
8149 
8164 
8165 
8170 
8172 
8176 
8181 
8186 
8188 
8189 
8191 
8193 
8194 
8198 
8199 
8200 
8203 
8204 
8205 
8209 
8212 
8222 
8227 
8232 
8235 
8236 
8237 
8238 
8239 
8248 1 3 3 29 1 31 3 169 1 179 1 180
8249 
8250 
8253 1 2 1 3 4 29 3 169 1 179 1 180
8256 
8259 
8261 1 2 1 49 4 83 5 169 1 179
8262 
8265 
8271 
8272 
8274 
8279 
8284 3 168 4 169 1 179
8292 3 1 2 168 3 169 1 170 1 171 1 173 1 179 2 180
8295 
8296 
8300 
8303 
8306 
8313 3 1 1 49 4 168 6 169 2 170 4 179
8317 4 1 3 2 1 29 1 42 3 168 7 169 1 171 1 172 1 179 1 180
8319 
8322 
8323 
8324 
8328 3 1 1 2 1 31 1 41 4 168 6 169 2 170 4 179
8329 1 2 4 29 4 169 1 179 1 180
8331 
8334 
8337 
8338 
8339 
8346 1 2 2 15 2 16 4 19 3 29 1 62 4 169 1 179
8347 
8353 
8356 
8357 
8359 3 1 4 168 5 169 2 170 4 179 1 180
8364 
8366 4 168 2 169 1 179
8367 
8369 
8370 
8372 
8375 
8376 
8377 
8380 
8381 
8384 
8385 
8392 2 1 2 168 2 169 2 179
8397 2 1 2 168 2 169 2 179
8398 2 1 1 168 2 169 2 179
8399 2 1 1 168 2 169 2 179
8406 2 1 2 169 1 179 2 180
8417 4 1 1 4 1 168 2 169 2 179
8418 4 1 1 4 1 168 2 169 2 179
8420 
8422 
8430 
8431 
8445 
8448 2 1 2 168 2 169 2 179
8455 2 1 5 2 2 168 2 169 2 179
8456 2 1 5 2 2 168 2 169 2 179
8462 4 29 1 114 5 169 1 179
8463 
8468 
8476 
8492 
8525 
8526 2 1 2 168 2 169 2 179
8528 
8533 3 1 1 3 1 168 2 169 2 179
8534 3 1 1 51 3 168 2 169 1 179
8535 4 1 1 52 3 168 2 169 1 179
8536 1 1 1 50 1 119 3 168 2 169 1 179
8537 3 1 1 13 1 52 3 168 2 169 1 179
8538 1 1 1 143 3 168 2 169 1 179
8539 4 1 1 146 3 168 2 169 1 179
8540 2 1 1 50 3 168 2 169 1 179
8541 2 1 2 50 3 168 2 169 1 179
8549 
8554 4 1 1 168 2 169 1 170 2 179
8562 3 1 1 3 2 168 2 169 2 179
8563 3 1 1 3 2 168 2 169 2 179
8567 4 1 1 4 1 168 2 169 2 179
8568 4 1 1 4 1 168 2 169 2 179
8569 2 1 4 15 1 18 1 126 1 168 3 169 2 179
8575 4 1 1 4 2 168 2 169 2 179
8576 4 1 1 4 2 168 2 169 2 179
8579 2 1 1 3 1 49 2 168 2 169 2 179
8580 2 1 1 2 1 3 1 29 2 168 2 169 2 179
8581 2 1 1 2 1 3 1 49 2 168 2 169 2 179
8583 3 1 1 3 2 168 2 169 2 179
8595 4 1 1 4 2 168 2 169 2 179
8596 4 1 1 4 2 168 2 169 2 179
8597 6 1 2 4 2 168 2 169 2 179
8602 3 1 1 3 2 168 2 169 2 179
8604 
8605 2 1 1 3 1 49 2 168 2 169 2 179
8617 3 1 1 3 1 148 2 168 2 169 2 179
8618 3 1 1 3 1 148 2 168 2 169 2 179
8619 3 1 1 3 1 149 2 168 2 169 2 179
8620 3 1 1 3 1 149 2 168 2 169 2 179
8621 2 1 2 2 2 168 2 169 2 179
8622 2 1 2 2 2 168 2 169 2 179
8645 
8655 3 1 1 4 1 49 2 168 2 169 2 179
8656 3 1 1 4 1 49 2 168 2 169 2 179
8686 1 1 1 49 3 168 2 169 1 179
8728 4 1 1 4 2 168 2 169 2 179
8729 4 1 1 4 2 168 2 169 2 179
8740 
8741 5 1 1 3 1 4 2 168 2 169 2 179
8742 5 1 1 3 1 4 2 168 2 169 2 179
8743 3 1 1 4 5 15 1 18 2 168 2 169 2 179
8744 3 1 1 4 5 15 1 18 2 168 2 169 2 179
8745 5 1 1 3 1 4 2 168 2 169 2 179
8746 3 1 1 4 5 15 1 18 2 168 2 169 2 179
8747 3 1 1 4 5 15 1 18 2 168 2 169 2 179
8760 3 1 1 3 1 50 2 168 2 169 2 179
8761 3 1 1 3 1 50 2 168 2 169 2 179
8775 2 1 1 3 1 143 2 168 2 169 2 179
8776 2 1 1 3 1 143 2 168 2 169 2 179
8777 2 1 1 3 1 129 2 168 2 169 2 179
8778 2 1 1 3 1 129 2 168 2 169 2 179
8779 2 1 1 3 1 130 2 168 2 169 2 179
8780 2 1 1 3 1 130 2 168 2 169 2 179
8781 2 1 1 3 1 128 2 168 2 169 2 179
8782 2 1 1 3 1 128 2 168 2 169 2 179
8783 2 1 1 3 1 72 2 168 2 169 2 179
8784 2 1 1 3 1 72 2 168 2 169 2 179
8789 2 1 1 2 1 3 1 143 2 168 2 169 2 179
8790 2 1 1 2 1 3 1 143 2 168 2 169 2 179
8791 3 1 1 2 1 3 1 148 2 168 2 169 2 179
8792 3 1 1 2 1 3 1 148 2 168 2 169 2 179
8793 3 1 1 2 1 3 1 149 2 168 2 169 2 179
8794 3 1 1 2 1 3 1 149 2 168 2 169 2 179
8795 3 1 1 3 1 48 2 168 2 169 2 179
8796 3 1 1 3 1 48 2 168 2 169 2 179
8797 2 1 1 2 1 3 1 49 2 168 2 169 2 179
8798 2 1 1 3 1 81 2 168 2 169 2 179
8799 2 1 1 3 1 81 2 168 2 169 2 179
8800 
8801 
8802 
8803 
8804 
8805 
8806 
8807 
8808 
8809 
8810 
8811 
8812 
8813 
8814 
8823 2 1 1 3 4 15 1 18 1 20 1 151 2 168 2 169 2 179
8827 2 1 1 49 1 168 3 169 2 179
8828 2 1 1 49 1 168 3 169 2 179
8829 3 1 1 49 1 168 2 169 1 170 2 179
8830 3 1 1 49 1 168 2 169 1 170 2 179
8831 3 1 1 2 1 168 3 169 2 179
8832 3 1 1 2 1 168 3 169 2 179
8833 4 1 1 3 1 168 3 169 2 179
8834 4 1 1 3 1 168 3 169 2 179
8835 4 1 1 168 2 169 1 170 2 179
8836 4 1 1 168 2 169 1 170 2 179
8846 2 1 1 3 1 33 2 168 2 169 2 179
8847 2 1 1 3 1 33 2 168 2 169 2 179
8848 4 1 1 2 1 4 2 168 2 169 2 179
8849 4 1 1 2 1 4 2 168 2 169 2 179
8850 6 1 2 4 2 168 2 169 2 179
8851 6 1 2 4 2 168 2 169 2 179
8863 4 1 1 2 1 4 2 168 2 169 2 179
8864 6 1 2 4 2 168 2 169 2 179
8865 4 1 1 2 1 4 2 168 2 169 2 179
8866 4 1 1 2 1 4 2 168 2 169 2 179
8873 3 1 1 3 1 50 3 168 2 169 1 179
8874 3 1 1 3 1 50 3 168 2 169 1 179
8875 3 1 1 3 1 50 3 168 2 169 1 179
8876 3 1 1 3 1 50 3 168 2 169 1 179
8883 
8885 
8886 2 168 4 169 1 171 1 179 2 180
8893 
8896 3 168 4 169 1 179
8912 
8922 
8925 2 1 2 168 2 169 1 179
8935 
8972 
8973 
8976 
8985 
8991 
8997 
9012 
9016 
9035 3 1 1 3 1 168 2 169 2 179
9038 1 2 4 29 1 49 5 169 1 179
9039 
9041 1 168 4 169 1 171 1 179 2 180
9042 
9043 
9065 
9066 
9070 
9071 
9081 3 1 1 3 1 168 2 169 2 179
9082 1 1 1 49 3 168 2 169 1 179
9083 2 1 1 50 3 168 2 169 1 179
9095 
9120 
9130 2 2 2 29 2 168 2 169 1 179
9136 
9137 
9138 
9141 
9149 
9150 
9151 
9166 2 1 1 3 1 29 2 168 2 169 2 179
9167 2 1 1 3 1 29 2 168 2 169 2 179
9205 
9207 
9209 
9210 
9213 
9217 
9218 
9219 
9220 
9222 
9223 
9224 
9227 
9230 
9232 
9236 
9245 2 130 2 168 2 169 2 179
9247 2 1 2 169 2 179 2 180
9249 
9261 
9262 
9270 
9272 
9286 6 168 2 169 1 170 2 179
9287 
9288 
9289 
9291 
9292 
9293 
9294 
9301 
9303 
9304 
9329 1 2 4 29 1 129 5 169 1 179
9334 
9343 
9344 
9349 
9350 
9354 
9356 
9357 3 1 4 15 4 17 1 18 1 29 3 53 2 168 4 169 3 179 1 180
9358 
9359 
9366 
9374 
9387 
9398 
9403 
9404 
9425 
9426 
9427 
9428 
9429 
9432 
9434 
9435 
9452 
9458 
9462 
9466 1 2 2 15 2 16 4 19 2 29 1 30 1 168 3 169 1 179
9467 
9469 
9472 
9481 
9483 
9485 
9490 
9494 
9496 
9498 
9499 
9500 
9509 
9510 
9511 
9515 
9517 
9519 
9520 
9527 
9529 
9532 
9539 
9540 
9541 
9552 
9553 
9554 
9563 
9576 
9582 
9583 
9584 
9585 
9586 
9587 
9589 
9591 
9594 
9605 
9607 
9610 
9613 
9618 
9622 
9632 
9644 
9645 
9646 
9648 
9663 
9667 
9670 
9672 
9681 
9686 
9693 
9698 
9700 
9701 
9708 
9709 
9710 
9722 
9724 
9725 
9726 
9727 
9728 
9729 
9730 
9731 
9732 
9733 
9734 
9735 
9736 
9738 
9739 
9743 
9745 
9746 1 2 3 3 6 29 3 169 1 179 1 180
9751 
9756 
9760 
9763 
9764 
9771 
9772 
9773 
9774 
9775 
9778 
9781 
9782 
9783 
9786 
9787 
9789 
9792 
9793 
9818 
9820 
9832 
9836 
9850 
9852 
9853 
9854 
9855 
9856 
9857 
9859 
9860 
9862 
9864 
9871 
9872 
9873 
9882 
9883 
9884 
9885 
9886 
9887 
9888 
9891 
9894 
9897 
9900 
9907 
9909 
9910 
9911 
9913 
9915 
9916 
9917 
9918 
9919 
9921 
9924 
9925 
9926 
9927 
9928 
9929 
9930 
9935 
9939 
9943 
9950 
9954 
9955 
9961 
9965 
9966 
9967 
9968 
9975 
9979 
9981 
9983 
9984 
9986 
9988 
9989 
9990 
9991 
9992 
9993 
9994 
9995 
9996 
9997 
9998 
9999 
10000 
10002 
10005 
10007 
10009 
10010 
10011 
10012 
10013 
10014 
10018 
10019 
10021 
10024 
10026 
10031 
10037 
10039 
10042 
10050 
10053 
10058 
10060 
10063 
10065 
10066 
10073 
10074 
10079 
10090 
10100 
10106 
10115 
10116 
10118 
10123 
10126 
10129 
10130 
10137 
10138 
10145 
10147 
10148 
10149 
10152 
10153 
10154 
10160 
10162 4 168 2 169 4 179
10168 
10169 
10170 
10174 
10178 
10180 
10181 
10183 
10186 
10187 
10190 
10191 
10192 
10193 
10194 
10195 
10198 
10202 
10205 
10209 
10224 
10226 
10228 
10231 
10232 
10233 
10235 
10237 
10238 
10239 
10241 
10245 
10246 
10248 
10257 
10259 
10260 
10262 
10263 
10267 
10270 
10273 
10274 
10281 
10282 
10283 
10284 
10285 
10300 
10303 
10304 
10305 
10306 
10307 
10308 
10312 
10313 
10316 
10317 
10318 
10319 
10320 
10322 
10323 
10324 
10326 
10327 
10332 
10333 
10350 
10351 
10353 
10355 
10356 
10357 
10360 
10361 
10363 
10366 
10373 
10375 
10377 
10388 
10390 
10391 
10392 
10393 
10399 
10416 1 2 5 15 1 18 1 29 2 168 2 169 2 179
10424 
10425 
10426 
10429 
10432 
10433 
10437 
10439 
10441 
10449 
10453 
10454 
10483 
10486 
10490 
10491 
10492 
10497 
10507 
10510 
10511 
10512 
10518 
10520 
10541 
10543 
10547 
10548 
10549 
10551 
10556 
10557 
10558 
10559 
10560 
10561 
10562 
10563 
10564 
10565 
10566 
10567 
10568 
10569 
10571 
10579 
10580 
10581 
10582 
10583 
10590 
10602 
10603 
10604 2 1 5 15 1 18 1 168 2 169 1 176 1 179
10605 
10606 
10607 
10612 
10613 
10615 
10616 
10618 
10619 
10620 
10624 
10625 
10626 
10627 
10628 
10631 
10633 
10634 
10636 4 1 5 15 1 18 2 169 1 170 1 176 1 179
10638 
10639 
10642 
10646 
10648 
10650 
10652 
10653 
10654 
10655 
10659 
10662 
10663 
10664 
10670 
10673 
10675 
10679 
10680 
10683 
10689 
10702 
10703 
10705 
10711 
10712 2 1 5 15 1 18 1 168 2 169 1 176 1 179
10713 2 1 6 168 2 169 2 170 2 179
10716 
10717 
10718 
10719 
10725 
10732 
10733 
10749 
10752 
10754 
10757 
10759 
10760 
10761 
10762 
10763 
10764 
10765 
10766 
10767 
10769 
10772 
10773 
10781 
10782 
10783 
10784 
10785 
10787 
10788 
10789 
10790 
10792 
10794 
10796 
10845 
10850 
10851 
10853 
10854 
10855 
10856 
10857 
10858 
10859 
10860 
10861 
10862 
10863 
10864 
10865 
10866 
10867 
10868 
10869 
10870 
10873 
10876 
10877 
10878 
10879 
10880 
10884 
10885 
10887 
10888 
10891 
10896 
10897 
10913 
10921 
10923 3 29 1 168 5 169 2 179
10932 
10933 
10934 
10936 
10937 
10938 
10939 
10943 
10944 1 2 1 3 4 29 3 169 1 179 1 180
10948 
10950 
10951 
10952 
10965 
10966 
10967 
10970 
10971 
10978 
10979 
10982 
10983 
10987 
10989 
10991 
10992 
10993 
10994 
10999 
11002 
11003 
11004 
11005 
11007 
11011 
11012 
11019 
11020 
11022 
11024 
11026 
11027 
11029 
11042 
11043 
11044 
11045 
11046 
11047 
11054 
11073 
11074 
11075 
11076 
11077 
11078 
11079 
11080 
11081 
11082 2 81 6 169 2 176 4 179
11086 
11087 
11088 
11089 
11090 
11091 
11092 
11096 
11106 
11111 
11113 
11114 
11115 
11122 
11123 
11127 
11128 
11129 
11131 
11133 
11135 
11136 
11137 
11138 
11141 1 1 7 2 4 29 1 50 5 169 1 179
11142 
11143 
11144 
11151 
11152 
11155 
11157 
11158 
11168 
11169 
11171 
11172 2 1 1 168 2 169 2 179
11193 
11207 
11218 
11232 
11236 
11245 
11251 
11259 
11262 
11293 
11300 
11307 
11321 
11329 
11338 
11345 
11346 
11411 
11429 
11435 
11439 
11441 
11452 
11463 
11472 
11473 
11476 
11486 
11525 
11549 
11550 
11551 
11587 
11588 
11599 
11612 
11659 5 168 4 169 1 179
11687 
11691 
11709 
11734 
11752 
11770 
11795 
11798 
11799 
11831 
11851 
11856 
11889 
11895 
11905 
11962 
11973 
11982 
11985 
12027 
12028 
12047 
12051 
12058 
12059 
12060 
12064 
12069 
12070 
12071 
12072 
12073 
12074 
12075 
12078 
12087 
12088 
12090 
12121 
12128 
12140 
12166 
12167 
12168 
12169 
12170 
12171 
12172 
12173 
12174 
12175 
12214 
12220 
12231 
12240 
12257 
12301 
12306 
12310 
12313 
12329 
12333 
12346 
12358 
12365 
12366 
12367 
12368 
12369 
12370 
12371 
12372 
12375 1 1 5 15 1 18 2 168 2 169 2 179
12382 
12403 
12417 
12440 2 1 1 2 2 168 2 169 1 179
12446 
12452 
12474 
12478 
12493 
12497 
12501 
12521 
12533 
12540 
12545 
12561 
12569 
12570 
12571 
12572 
12573 
12574 
12575 
12577 
12578 
12621 
12632 2 1 2 168 2 169 2 179
12641 
12771 
12901 
12902 
13015 
13044 2 1 2 168 2 169 2 179
13047 
13063 
13071 
13085 6 130 2 168 2 169 3 170 1 173 1 179
13086 6 130 1 168 2 169 3 170 1 173 1 179 1 180
13088 
13089 
13092 
13093 
13094 
13096 
13098 
13109 
13134 
13145 
13147 
13151 
13154 
13165 
13174 
13199 
13208 
13220 
13223 
13233 
13253 
13276 2 1 2 168 2 169 1 179
13284 
13305 
13308 
13321 
13322 
13330 
13334 
13335 
13342 
13343 
13357 
13382 
13383 
13388 
13389 
13390 1 2 5 29 5 169 1 179
13417 
13418 1 2 5 40 5 169 1 179
13421 
13444 
13447 
13454 
13456 
13470 
13471 
13505 
13518 
13528 
13529 
13538 3 2 3 3 9 29 1 51 5 169 1 179
13553 
13558 
13559 
13563 
13574 
13576 
13622 
13624 
13626 
13629 
13639 
13645 
13662 
13666 
13676 
13683 
13699 
13706 
13717 
13719 1 2 4 29 1 49 5 169 1 179
13721 1 2 4 29 1 49 5 169 1 179
13722 
13727 
13728 
13729 
13731 4 15 2 17 6 168 5 169 1 170 1 172 2 176 1 179 1 180
13734 
13839 
13851 5 15 2 17 1 18 1 29 4 30 1 168 2 169 1 179
13852 
13855 
13861 
13864 
13872 
13873 
13877 
13884 
13888 
13889 
13900 
13906 
13928 
13942 
13953 
13983 
14040 
14074 
14081 
14093 
14096 
14120 
14153 
14158 
14170 
14171 
14172 
14182 
14185 
14186 
14187 
14188 
14189 
14190 
14191 
14203 
14265 1 1 4 2 4 15 1 18 1 53 1 117 2 168 2 169 2 179
14266 1 1 4 2 4 15 1 18 1 117 1 147 2 168 2 169 2 179
14267 1 1 6 2 4 15 1 18 1 53 1 117 2 168 2 169 2 179
14272 
14273 
14278 
14285 
14286 
14287 
14289 
14290 
14291 
14292 
14293 
14297 
14300 
14302 
14311 
14313 
14327 
14332 
14335 
14369 
14373 
14416 
14422 
14425 
14492 
14507 
14523 
14524 
14538 
14541 
14542 
14615 
14616 
14638 
14644 
14645 
14661 
14677 
14683 
14693 
14694 
14695 
14696 
14697 
14698 
14699 
14773 
14787 2 1 1 2 1 3 1 29 2 168 2 169 2 179
14795 
14796 
14816 
14817 
14819 
14823 
14834 
14847 
14852 
14871 
14883 
14884 
14903 
14908 
14918 
14919 
14926 
14931 
14938 
14961 
14991 
15012 
15026 
15027 
15037 4 1 1 2 1 4 2 168 2 169 2 179
15049 
15058 
15080 
15092 
15123 
15124 
15176 
15177 
15214 
15309 
15339 
15356 
15375 
15382 
15383 
15384 
15387 
15388 
15397 
15431 
15443 
15444 
15445 
15450 
15469 
15475 
15476 
15494 
15496 
15497 
15503 
15505 
15526 
15527 
15528 
15529 
15530 
15549 
15587 
15592 
15614 
15615 
15620 
15621 
15622 
15623 
15639 
15704 
15760 
15761 
15788 
15800 
15801 
15802 
15803 
15804 
15805 
15816 
15865 
15866 
15867 
15876 
15884 
15900 
15950 
16000 
16001 
16002 
16019 
16020 
16038 
16049 
16057 
16075 
16104 
16167 
16168 
16169 
16177 
16183 
16232 
16256 
16279 
16280 
16332 
16333 
16334 
16335 
16336 
16337 
16338 
16364 
16369 
16394 
16411 
16412 
16413 
16441 
16442 
16456 
16457 
16458 
16459 
16460 
16461 
16464 
16465 
16572 
16573 
16597 
16598 
16601 
16624 
16626 
16627 
16629 
16718 
16756 
16784 
16817 
16823 
16833 
16834 
16835 
16840 
16854 
16857 
16859 
16861 
16885 
16896 
16897 
16919 
16955 
17091 
17092 
17094 
17095 
17113 
17144 
17145 
17156 5 1 1 3 1 4 2 168 2 169 2 179
17157 
17160 
17166 
17167 
17206 
17209 
17213 
17274 
17284 
17293 
17320 
17321 
17324 
17375 
17376 
17377 
17448 
17451 
17581 
17614 2 1 2 168 2 169 1 179
17664 
17791 2 1 2 168 2 169 1 179
17878 4 1 1 4 2 168 2 169 1 179
17897 
17995 3 1 1 2 1 168 3 169 1 179
18028 
18029 
18030 
18141 
18145 
18146 
18147 
18186 
18187 
18229 
18242 
18243 
18244 
18245 
18246 
18247 
18248 
18249 
18250 
18251 
18252 
18253 
18254 
18255 
18256 
18257 
18258 
18259 
18260 
18261 
18262 
18263 
18282 
18379 
18418 
18466 
18469 
18494 
18521 
18522 
18523 
18524 
18529 
18530 
18531 
18532 
18533 
18570 
18571 
18597 
18639 
18654 
18655 
18683 
18721 
18801 
18834 
18840 
18970 
18971 
18972 
18973 
19007 
19032 
19043 
19047 
19048 
19049 
19130 
19132 
19133 
19135 
19137 
19160 
19161 
19163 
19182 
19187 
19207 
19217 
19219 
19221 
19225 
19226 
19243 
19244 
19245 
19246 
19247 
19248 
19249 
19250 
19251 
19254 
19267 
19268 
19269 
19270 
19271 
19272 
19273 
19274 
19275 
19276 
19277 
19278 
19279 
19280 
19281 
19282 
19283 
19284 
19285 
19286 
19287 
19288 
19289 
19290 
19291 
19292 
19293 
19294 
19295 
19296 
19297 
19298 
19299 
19300 
19301 
19302 
19303 
19304 
19305 
19306 
19307 
19308 
19309 
19310 
19311 
19312 
19313 
19314 
19315 
19316 
19317 
19318 
19319 
19320 
19321 
19322 
19323 
19324 
19325 
19326 
19327 
19328 
19329 
19330 
19331 
19332 
19333 
19334 
19335 
19336 
19337 
19338 
19339 
19340 
19341 
19342 
19343 
19344 
19345 
19346 
19347 
19348 
19349 
19350 
19351 
19352 
19353 
19354 
19355 
19356 
19357 
19358 
19359 
19360 
19361 
19362 
19363 
19364 
19365 
19366 
19367 
19368 
19369 
19370 
19371 
19373 
19374 
19375 
19376 
19377 
19378 
19379 
19380 
19381 
19382 
19383 
19384 
19385 
19386 
19387 
19388 
19389 
19390 
19391 
19392 
19393 
19394 
19395 
19396 
19397 
19398 
19399 
19400 
19401 
19402 
19403 
19404 
19405 
19406 
19407 
19408 
19409 
19410 
19411 
19412 
19413 
19414 
19415 
19416 
19417 
19418 
19419 
19420 
19421 
19422 
19423 
19424 
19425 
19426 
19427 
19428 
19429 
19430 
19431 
19432 
19433 
19434 
19435 
19436 
19437 
19438 
19439 
19440 
19441 
19442 
19443 
19444 
19445 
19446 
19447 
19448 
19449 
19450 
19451 
19452 
19454 
19455 
19456 
19457 
19458 
19459 
19460 
19461 
19462 
19463 
19464 
19465 
19466 
19467 
19468 
19469 
19470 
19471 
19472 
19473 
19474 
19476 
19477 
19478 
19479 
19480 
19481 
19482 
19483 
19484 
19485 
19486 
19487 
19488 
19489 
19490 
19491 
19492 
19493 
19494 
19495 
19496 
19497 
19498 
19499 
19500 
19501 
19502 
19503 
19504 
19505 
19506 
19507 
19508 
19509 
19510 
19511 
19512 
19513 
19514 
19515 
19516 
19517 
19518 
19519 
19520 
19521 
19522 
19523 
19524 
19525 
19526 
19527 
19528 
19529 
19530 
19531 
19532 
19533 
19534 
19535 
19536 
19537 
19538 
19539 
19540 
19541 
19542 
19543 
19544 
19545 
19546 
19547 
19548 
19549 
19550 
19551 
19552 
19553 
19555 
19556 
19557 
19558 
19559 
19560 
19563 
19564 
19565 
19566 
19567 
19568 
19569 
19570 
19571 
19572 
19573 
19574 
19575 
19576 
19577 
19578 
19579 
19581 
19582 
19583 
19584 
19585 
19586 
19588 
19589 
19590 
19591 
19592 
19593 
19594 
19595 
19596 
19597 
19598 
19599 
19602 
19603 
19604 
19605 
19606 
19607 
19608 
19609 
19610 
19611 
19612 
19613 
19614 
19615 
19616 
19617 
19618 
19619 
19620 
19621 
19622 
19623 
19624 
19625 
19626 
19627 
19628 
19629 
19630 
19631 
19632 
19633 
19634 
19635 
19636 
19637 
19638 
19639 
19640 
19641 
19642 
19643 
19644 
19645 
19646 
19647 
19648 
19649 
19650 
19651 
19652 
19653 
19654 
19655 
19656 
19657 
19658 
19659 
19660 
19661 
19662 
19663 
19664 
19665 
19666 
19667 
19668 
19669 
19670 
19671 
19672 
19673 
19674 
19675 
19676 
19677 
19678 
19679 
19680 
19681 
19682 
19683 
19684 
19685 
19686 
19687 
19688 
19689 
19690 
19691 
19692 
19693 
19694 
19695 
19696 
19697 
19698 
19699 
19700 
19701 
19702 
19703 
19704 
19705 
19706 
19707 
19708 
19709 
19710 
19711 
19712 
19713 
19714 
19715 
19716 
19717 
19718 
19719 
19720 
19721 
19722 
19723 
19724 
19725 
19726 
19727 
19728 
19729 
19730 
19731 
19732 
19733 
19734 
19735 
19736 
19737 
19738 
19739 
19740 
19741 
19742 
19743 
19744 
19745 
19746 
19747 
19748 
19749 
19750 
19751 
19752 
19753 
19754 
19757 
19758 
19759 
19760 
19761 
19762 
19763 
19765 
19766 
19767 
19768 
19769 
19770 
19771 
19772 
19773 
19774 
19775 
19776 
19777 
19778 
19779 
19780 
19781 
19782 
19783 
19784 
19785 
19786 
19787 
19788 
19789 
19790 
19791 
19792 
19793 
19794 
19795 
19796 
19797 
19798 
19799 
19800 
19801 
19802 
19803 
19804 
19805 
19806 
19809 
19812 
19813 
19814 
19818 
19819 2 1 2 15 2 17 2 53 6 168 5 169 1 170 1 172 2 176 1 179 1 180
19829 
19830 
19831 
19834 1 2 7 15 2 17 1 18 1 53 1 124 4 168 2 169 1 175 2 179
19841 
19842 
19854 
19861 1 2 4 29 1 168 4 169 1 179
19862 
19864 1 2 4 29 1 49 5 169 1 179
19867 
19872 
19873 4 168 2 169 1 179 2 180
19876 
19883 
19884 
19888 
19889 
19890 
19891 
19892 
19893 
19894 
19895 
19896 
19897 
19904 
19909 
19910 
19912 
19913 
19917 
19918 
19922 
19923 1 2 4 29 1 49 5 169 1 179
19924 
19925 
19930 
19931 
19934 
19935 
19937 
19941 
19947 
19951 
19952 
19954 
19955 
19956 
19963 
19964 
19966 4 168 2 169 1 171 1 179
19971 3 1 2 29 4 168 3 169 2 170 1 172 1 176 2 179 2 180
19972 
19978 
19979 
19984 
19987 
19995 
19996 
20004 
20005 
20006 
20010 
20014 
20016 
20017 
20018 
20019 
20020 
20022 
20023 
20025 
20026 
20029 1 1 9 2 2 29 1 34 1 136 1 168 3 169 1 179
20031 1 1 13 2 1 6 2 29 1 34 1 136 1 168 3 169 1 179
20032 
20033 
20038 
20045 1 2 4 29 1 168 4 169 1 179
20046 
20050 
20051 
20053 
20056 
20057 
20058 
20059 
20061 
20068 
20069 
20074 
20075 
20078 
20079 
20080 
20081 
20082 
20083 
20084 
20085 
20086 
20087 
20088 
20089 
20090 
20091 
20092 
20093 
20094 
20095 
20096 
20097 
20098 
20099 
20100 
20101 
20102 
20103 
20104 
20105 
20106 
20107 
20108 
20109 
20110 
20111 
20112 
20114 
20115 
20116 
20117 
20118 
20121 
20122 
20123 
20124 
20125 
20126 
20127 
20128 
20129 
20130 
20131 
20132 
20133 
20134 
20135 
20137 
20138 
20141 
20143 
20144 
20145 
20146 
20147 
20148 
20149 
20150 
20151 
20152 
20154 
20155 
20156 
20157 
20158 
20159 
20160 
20161 
20162 
20163 
20165 
20166 
20167 
20169 
20170 
20171 
20172 
20173 
20174 
20175 
20176 
20177 
20178 
20179 
20180 
20181 
20182 
20183 
20184 
20185 
20186 
20187 
20188 
20189 
20190 
20191 
20192 
20193 
20194 
20195 
20196 
20197 
20198 
20199 
20200 
20201 
20202 
20203 
20204 
20206 
20207 
20208 
20209 
20211 
20212 
20213 
20214 
20215 
20216 
20217 
20218 
20219 
20220 
20222 
20223 
20224 
20225 
20226 
20227 
20228 
20229 
20230 
20231 
20232 
20233 
20234 
20235 
20236 
20237 
20238 
20239 
20240 
20242 
20243 
20244 
20245 
20246 
20247 
20248 
20249 
20250 
20251 
20252 
20253 
20254 
20255 
20257 
20258 
20259 
20260 
20261 
20262 
20263 
20264 
20265 
20266 
20267 
20268 
20269 
20270 
20271 
20272 
20273 
20275 
20276 
20277 
20278 
20279 
20280 
20281 
20282 
20285 
20286 
20287 
20288 
20289 
20290 
20291 
20292 
20293 
20294 
20295 
20296 
20297 
20298 
20299 
20300 
20302 
20303 
20304 
20305 
20306 
20308 
20310 
20311 
20312 
20313 
20314 
20315 
20316 
20317 
20318 
20319 
20320 
20323 
20324 
20325 
20326 
20327 
20328 
20329 
20330 
20331 
20332 
20333 
20334 
20335 
20336 
20337 
20338 
20339 
20340 
20341 
20342 
20343 
20344 
20345 
20346 
20347 
20348 
20349 
20350 
20351 
20352 
20353 
20354 
20355 
20356 
20357 
20358 
20359 
20360 
20361 
20362 
20363 
20364 
20365 
20366 
20367 
20368 
20369 
20370 
20371 
20372 
20373 
20374 
20375 
20376 
20378 
20379 
20380 
20381 
20382 
20383 
20384 
20385 
20386 
20387 
20388 
20390 
20391 
20392 
20393 
20394 
20395 
20396 
20397 
20398 
20400 
20401 
20402 
20403 
20404 
20405 
20406 
20407 
20408 
20409 
20410 
20411 
20412 
20413 
20414 
20415 
20416 
20418 
20419 
20420 
20421 
20422 
20423 
20425 
20426 
20427 
20428 
20429 
20430 
20431 
20432 
20433 
20434 
20435 
20436 
20437 
20438 
20439 
20440 
20441 
20442 
20443 
20444 
20445 
20446 
20448 
20449 
20450 
20451 
20452 
20453 
20454 
20455 
20456 
20457 
20458 
20459 
20460 
20461 
20462 
20463 
20464 
20465 
20467 
20468 
20469 
20471 
20473 
20474 
20475 
20476 
20477 
20479 
20480 
20481 
20482 
20483 
20484 
20485 
20486 
20487 
20488 
20489 
20490 
20491 
20492 
20493 
20494 
20495 
20496 
20497 
20498 
20499 
20500 
20501 
20502 
20503 
20504 
20505 
20506 
20507 
20508 
20511 
20512 
20513 
20514 
20515 
20516 
20518 
20519 
20520 
20521 
20522 
20523 
20524 
20525 
20527 
20528 
20529 
20530 
20531 
20532 
20533 
20534 
20535 
20536 
20537 
20538 
20539 
20540 
20542 
20543 
20544 
20545 
20546 
20547 
20548 
20549 
20550 
20551 
20552 
20553 
20554 
20555 
20556 
20557 
20558 
20559 
20560 
20562 
20563 
20564 
20566 
20568 
20569 
20570 
20571 
20572 
20573 
20574 
20576 
20577 
20578 
20579 
20580 
20581 
20582 
20584 
20586 
20587 
20588 
20590 
20591 
20593 
20594 
20596 
20597 
20598 
20599 
20600 
20601 
20602 
20603 
20604 
20605 
20607 
20608 
20609 
20610 
20611 
20612 
20613 
20614 
20615 
20616 
20617 
20618 
20619 
20620 
20621 
20622 
20623 
20624 
20625 
20626 
20627 
20628 
20629 
20630 
20631 
20632 
20633 
20635 
20636 
20637 
20638 
20639 
20640 
20641 
20643 
20644 
20645 
20646 
20647 
20648 
20649 
20650 
20652 
20653 
20654 
20655 
20656 
20657 
20658 
20659 
20661 
20662 
20663 
20664 
20665 
20666 
20667 
20669 
20670 
20671 
20672 
20673 
20674 
20675 
20676 
20677 
20678 
20679 
20680 
20682 
20683 
20684 
20685 
20686 
20687 
20688 
20689 
20690 
20691 
20692 
20693 
20694 
20695 
20696 
20697 
20698 
20699 
20700 
20701 
20702 
20703 
20704 
20705 
20706 
20707 
20708 
20709 
20710 
20711 
20712 
20713 
20714 
20715 
20716 
20717 
20718 
20719 
20720 
20721 
20722 
20725 
20726 
20728 
20729 
20730 
20731 
20732 
20733 
20734 
20735 
20736 
20738 
20739 
20740 
20741 
20742 
20743 
20744 
20746 
20748 
20749 
20750 
20751 
20752 
20753 
20756 
20757 
20759 
20760 
20761 
20762 
20763 
20765 
20766 
20767 
20768 
20769 
20770 
20771 
20772 
20773 
20774 
20775 
20776 
20777 
20778 
20779 
20780 
20781 
20782 
20783 
20784 
20785 
20786 
20787 
20788 
20789 
20790 
20791 
20792 
20793 
20794 
20795 
20796 
20797 
20798 
20799 
20800 
20802 
20803 
20804 
20805 
20806 
20807 
20808 
20812 
20813 
20814 
20815 
20816 
20818 
20819 
20820 
20821 
20822 
20823 
20824 
20825 
20827 
20828 
20829 
20830 
20831 
20832 
20833 
20834 
20835 
20836 
20837 
20838 
20839 
20840 
20841 
20842 
20843 
20844 
20845 
20846 
20847 
20848 
20849 
20850 
20851 
20853 
20854 
20855 
20856 
20857 
20858 
20861 
20862 
20864 
20865 
20866 
20867 
20868 
20869 
20870 
20871 
20872 
20873 
20874 
20875 
20876 
20878 
20879 
20880 
20881 
20882 
20883 
20884 
20887 
20888 
20889 
20890 
20892 
20893 
20894 
20895 
20896 
20898 
20899 
20900 
20901 
20902 
20903 
20904 
20905 
20906 
20907 
20908 
20909 
20910 
20911 
20912 
20913 
20914 
20915 
20916 
20917 
20918 
20919 
20920 
20921 
20922 
20923 
20924 
20925 
20926 
20927 
20928 
20929 
20930 
20931 
20932 
20933 
20934 
20935 
20936 
20937 
20938 
20939 
20940 
20941 
20942 
20943 
20944 
20945 
20947 
20948 
20949 
20950 
20951 
20952 
20953 
20955 
20956 
20957 
20958 
20960 
20962 
20963 
20964 
20965 
20966 
20967 
20968 
20969 
20970 
20972 
20973 
20974 
20975 
20976 
20978 
20979 
20980 
20981 
20982 
20983 
20984 
20986 
20987 
20988 
20989 
20990 
20991 
20992 
20994 
20995 
20996 
20997 
20998 
20999 
21000 
21001 
21002 
21003 
21004 
21006 
21007 
21008 
21009 
21010 
21011 
21013 
21014 
21015 
21016 
21017 
21018 
21019 
21020 
21021 
21022 
21024 
21025 
21026 
21027 
21028 
21029 
21030 
21031 
21032 
21033 
21034 
21035 
21037 
21038 
21039 
21041 
21042 
21043 
21044 
21046 
21047 
21048 
21050 
21051 
21052 
21053 
21054 
21055 
21056 
21057 
21058 
21059 
21060 
21061 
21063 
21064 
21066 
21067 
21068 
21069 
21070 
21071 
21072 
21073 
21074 
21075 
21076 
21077 
21078 
21079 
21080 
21081 
21082 
21083 
21087 
21091 
21092 
21093 
21094 
21097 
21098 
21099 
21100 
21101 
21102 
21103 
21104 
21105 
21106 
21107 
21108 
21109 
21110 
21111 
21112 
21113 
21114 
21115 
21116 
21117 
21118 
21119 
21120 
21121 
21122 
21123 
21125 
21126 
21127 
21128 
21129 
21130 
21131 
21133 
21134 
21135 
21136 
21138 
21141 
21142 
21143 
21144 
21145 
21146 
21147 
21148 
21149 
21150 
21151 
21152 
21153 
21154 
21155 
21156 
21157 
21163 
21164 
21167 
21168 
21171 
21174 4 29 1 168 4 169 1 179
21175 8 15 4 17 2 169 2 175 2 179
21177 
21197 
21199 
21200 
21202 
21206 
21208 
21209 
21210 
21211 
21214 
21217 
21219 
21220 
21221 
21222 
21223 
21225 
21226 
21228 
21229 
21230 
21232 
21236 
21238 
21243 
21244 
21245 
21247 
21248 
21249 
21250 
21251 
21253 
21254 
21256 
21257 
21262 
21277 
21278 
21281 
21282 
21284 
21285 
21286 
21287 
21288 
21291 
21293 
21296 
21297 
21298 
21299 
21300 
21301 
21302 
21303 
21305 
21306 
21308 
21310 
21319 
21321 
21322 
21325 
21326 
21329 
21331 
21332 
21333 
21336 
21337 
21338 
21339 
21340 
21341 
21342 
21343 
21344 
21345 
21346 
21351 
21352 
21353 
21354 
21367 
21368 
21369 
21370 
21371 
21372 
21373 
21374 
21375 
21379 
21380 
21381 
21390 
21395 
21396 
21400 
21405 
21408 
21415 
21416 
21418 
21420 
21421 
21422 
21426 
21427 
21428 
21432 
21433 
21437 
21438 
21439 
21440 1 1 1 50 3 168 3 169 3 179
21443 
21444 
21446 
21450 1 2 5 15 1 18 1 49 2 168 2 169 2 179
21451 
21452 
21453 
21459 
21460 
21461 
21463 
21465 
21467 
21468 
21469 
21471 
21472 
21473 
21474 
21475 
21477 
21480 
21481 
21482 
21483 
21484 
21485 
21486 
21488 
21489 
21490 
21492 
21493 
21496 
21498 
21499 
21500 
21518 
21520 
21522 
21523 
21527 
21528 
21531 
21534 
21538 
21547 
21561 
21609 
21618 
21630 
21632 
21633 3 1 1 29 1 31 2 169 1 172 2 173 1 179 1 180
21634 
21635 
21636 
21637 
21640 4 1 2 169 1 170 2 179
21642 
21649 
21653 
21658 
21659 1 2 5 15 4 29 1 53 5 169 1 179
21664 1 2 3 29 3 169 1 179 1 180
21666 1 2 2 3 5 29 3 169 1 179 1 180
21667 1 2 1 3 4 29 3 169 1 179 1 180
21669 
21672 
21673 
21676 
21677 
21679 
21684 4 1 1 168 2 169 1 170 2 179
21685 1 2 1 3 4 29 3 169 1 179 1 180
21686 
21687 
21748 
21756 
21758 
21760 
21761 
21762 
21763 
21764 
21765 
21766 
21767 
21768 
21769 
21770 
21771 
21772 
21773 
21774 
21780 
21781 
21783 
21789 
21792 
21795 
21796 
21799 
21806 
21808 
21811 
21813 
21814 
21817 
21822 
21825 
21830 
21841 
21843 
21844 
21854 
21861 
21863 1 2 4 29 1 129 5 169 1 179
21874 
21876 
21877 
21878 
21882 
21883 
21888 
21889 
21895 
21896 
21901 
21902 
21905 
21908 
21909 
21910 
21913 
21914 
21917 
21926 
21927 
21933 
21938 
21939 
21940 
21944 
21948 
21949 4 168 4 169 2 179
21958 2 130 1 168 2 169 2 170 1 171 1 179 2 180
21967 
21991 
21992 
21996 
21997 
21999 
22000 3 29 1 49 1 168 4 169 1 179
22001 
22004 
22006 
22011 1 2 2 3 7 29 1 34 1 135 5 169 1 179
22012 
22013 
22016 
22024 
22030 
22031 
22032 
22043 
22053 
22056 
22057 
22058 
22069 
22073 
22083 
22090 
22096 
22101 
22104 
22116 
22118 
22120 
22122 
22124 
22125 
22132 
22135 6 130 2 168 2 169 3 170 1 173 2 179 1 182
22136 
22138 4 1 1 29 11 168 9 169 3 170 2 179
22143 
22148 
22149 
22150 
22152 
22153 
22158 
22159 
22168 
22169 
22173 
22174 
22178 
22181 
22184 
22185 
22186 
22187 
22189 
22194 
22196 
22203 
22217 
22222 
22238 
22239 
22249 
22253 1 2 1 3 4 29 1 49 4 169 1 179
22258 
22266 
22267 
22275 
22278 
22280 
22285 
22287 
22297 
22301 
22306 
22307 
22309 
22314 
22316 
22323 
22327 
22331 
22335 
22339 
22356 
22362 
22363 
22364 
22365 
22366 
22367 
22382 
22385 
22389 2 1 2 169 1 179
22399 
22407 
22412 
22418 
22421 1 2 1 3 4 29 3 169 1 179 1 180
22422 
22430 
22432 
22433 
22435 
22437 
22447 1 2 2 29 1 49 1 168 3 169 1 179
22451 
22457 
22460 
22462 
22463 
22464 
22465 
22466 
22467 
22468 
22474 
22475 
22476 
22477 
22479 
22481 
22482 
22487 
22488 
22489 
22490 
22491 
22492 
22493 
22494 
22504 
22505 
22515 
22516 
22517 
22518 
22519 
22520 
22521 
22522 
22523 
22525 
22526 
22527 
22528 
22531 4 168 4 169 1 179 1 181
22533 
22535 
22536 
22538 
22543 
22547 
22548 
22549 
22553 
22563 
22564 
22566 1 1 4 2 1 50 3 168 3 169 3 179
22567 1 1 8 2 1 50 3 168 3 169 3 179
22571 
22572 
22577 
22578 
22580 
22581 
22582 
22583 
22597 
22598 
22599 
22601 
22602 
22603 
22604 
22605 
22606 
22612 
22622 
22623 
22624 
22626 
22627 
22630 
22635 
22636 
22637 
22638 
22640 
22644 
22645 
22653 
22658 
22666 
22667 
22668 
22669 
22670 
22671 
22672 
22675 
22677 
22679 
22681 
22686 
22692 2 1 3 168 2 169 1 170 2 179
22694 
22702 
22703 
22704 
22705 
22706 
22707 
22708 
22710 
22714 
22715 
22716 
22724 
22730 
22738 
22739 
22741 
22744 
22745 
22748 
22752 
22753 
22755 
22756 
22764 
22769 
22777 
22797 
22798 
22802 
22803 
22805 
22806 
22807 
22808 
22809 
22810 
22811 
22812 
22813 
22816 
22817 
22818 
22821 
22822 
22823 
22825 
22827 
22828 
22829 
22834 
22852 
22856 
22860 
22861 
22862 
22866 
22870 
22871 
22876 
22879 1 2 4 29 1 49 5 169 1 179
22885 
22889 
22890 1 2 1 3 4 29 3 169 1 179 1 180
22891 
22892 
22894 
22897 
22898 
22899 4 83 6 169 1 179
22900 
22901 
22902 2 29 4 169 2 179 2 180
22910 
22911 
22912 
22913 
22914 
22918 
22919 
22922 
22925 
22929 
22930 4 15 2 18 4 168 2 169 4 179
22931 
22932 
22937 
22940 
22941 
22948 
22949 
22952 
22953 
22954 
22956 
22958 
22965 
22967 
22969 
23013 
23014 
23017 
23018 
23023 
23024 5 168 2 169 1 179
23026 2 168 2 169 1 171 1 179 2 180
23029 
23033 
23035 
23039 
23046 2 2 2 49 2 169 1 179
23051 6 130 1 168 6 169 3 170 1 173 1 179
23052 6 130 2 169 3 170 1 173 1 179 2 180
23053 2 130 2 168 2 169 2 179
23057 
23058 
23067 1 1 4 15 1 18 1 80 2 168 2 169 2 179
23068 1 1 4 15 1 18 1 80 2 168 2 169 2 179
23069 1 1 1 2 4 15 1 18 1 80 2 168 2 169 2 179
23070 1 1 1 2 4 15 1 18 1 80 2 168 2 169 2 179
23071 2 1 1 3 4 15 1 18 1 80 2 168 2 169 2 179
23072 2 1 1 3 4 15 1 18 1 80 2 168 2 169 2 179
23073 2 1 2 2 1 3 1 143 2 168 2 169 2 179
23074 2 1 2 2 1 3 1 143 2 168 2 169 2 179
23075 2 1 2 2 1 3 1 49 2 168 2 169 2 179
23076 3 1 2 2 1 3 1 148 2 168 2 169 2 179
23077 3 1 2 2 1 3 1 148 2 168 2 169 2 179
23078 3 1 2 2 1 3 1 149 2 168 2 169 2 179
23079 3 1 2 2 1 3 1 149 2 168 2 169 2 179
23081 
23082 
23084 2 1 5 15 1 18 1 168 3 169 2 179
23090 
23096 2 1 2 2 2 169 1 179 2 180
23101 2 1 4 15 1 18 1 23 3 129 1 168 3 169 2 179
23102 2 1 4 15 1 18 1 23 3 129 1 168 3 169 2 179
23115 3 1 1 168 3 169 2 179
23118 3 1 1 168 3 169 2 179
23124 
23137 
23139 
23140 
23142 
23143 
23155 1 168 6 169 2 179 2 180
23157 
23158 
23160 
23162 2 1 2 168 2 169 2 179
23164 
23178 
23180 
23181 
23182 
23186 
23189 
23190 
23196 
23197 
23201 
23202 
23203 
23204 
23205 
23206 
23207 
23208 
23209 
23210 
23211 
23212 
23213 
23214 
23215 
23216 
23217 
23218 
23219 
23220 
23221 
23222 
23223 
23224 
23225 
23226 
23227 
23228 
23229 
23230 
23231 
23232 
23234 
23235 
23236 
23237 
23238 
23239 
23240 
23241 
23242 
23243 
23244 
23245 
23246 
23247 
23248 
23249 
23250 
23251 
23252 
23253 
23254 
23255 
23256 
23257 
23258 
23259 
23260 
23261 
23262 
23263 
23264 
23265 
23266 
23268 
23269 
23270 
23271 
23272 
23273 
23274 
23275 
23276 
23277 
23278 
23279 
23280 
23281 
23282 
23283 
23284 
23285 
23286 
23287 
23288 
23289 
23290 
23291 
23292 
23293 
23294 
23295 
23296 
23297 
23298 
23299 
23300 
23301 
23302 
23303 
23304 
23305 
23306 
23307 
23308 
23309 
23310 
23311 
23312 
23313 
23314 
23315 
23316 
23317 
23318 
23319 
23320 
23321 
23322 
23324 
23325 
23326 
23327 
23328 
23329 
23330 
23331 
23332 
23333 
23334 
23335 
23336 
23337 
23338 
23339 
23340 
23341 
23342 
23343 
23344 
23345 
23346 
23347 
23348 
23349 
23350 
23351 
23352 
23353 
23354 
23355 
23356 
23357 
23358 
23359 
23360 
23361 
23362 
23363 
23364 
23365 
23366 
23367 
23368 
23369 
23370 
23371 
23372 
23373 
23374 
23375 
23377 
23378 
23379 
23380 
23381 
23382 
23383 
23384 
23385 
23386 
23387 
23388 
23389 
23390 
23391 
23392 
23393 
23394 
23395 
23396 
23397 
23398 
23399 
23400 
23401 
23402 
23403 
23404 
23405 
23406 
23407 
23408 
23409 
23410 
23411 
23412 
23413 
23414 
23415 
23416 
23417 
23418 
23419 
23420 
23421 
23422 
23423 
23424 
23425 
23426 
23427 
23428 
23429 
23430 
23431 
23432 
23433 
23434 
23435 
23437 
23438 
23439 
23440 
23441 
23443 
23444 
23445 
23446 
23447 
23448 
23449 
23450 
23454 
23457 
23458 
23459 
23460 
23461 
23462 
23463 
23465 
23466 
23467 
23468 
23469 
23470 
23471 
23472 
23473 
23474 
23475 
23476 
23477 
23478 
23479 
23480 
23481 
23482 
23483 
23484 
23486 
23487 
23488 
23489 
23490 
23491 
23492 
23494 
23495 
23496 
23497 
23498 
23499 
23500 
23501 
23502 
23503 
23504 
23505 
23506 
23507 
23508 
23509 
23510 
23511 
23512 
23513 
23514 
23515 
23516 
23517 
23518 
23519 
23520 
23521 
23522 
23523 
23524 
23526 
23527 
23529 
23530 
23531 
23532 
23533 
23534 
23535 
23537 
23538 
23539 
23541 
23542 
23543 
23544 
23545 
23546 
23547 
23548 
23549 
23550 
23551 
23552 
23553 
23554 
23555 
23556 
23557 
23558 
23559 
23560 
23561 
23562 
23563 
23564 
23565 
23566 
23567 
23568 
23569 
23570 
23571 
23572 
23573 
23574 
23575 
23576 
23577 
23578 
23579 
23580 
23581 
23582 
23583 
23584 
23585 
23586 
23587 
23588 
23589 
23590 
23591 
23592 
23593 
23594 
23595 
23596 
23597 
23598 
23599 
23600 
23601 
23602 
23603 
23604 
23605 
23606 
23607 
23608 
23609 
23610 
23611 
23612 
23613 
23614 
23615 
23616 
23617 
23618 
23619 
23620 
23621 
23622 
23623 
23624 
23625 
23626 
23627 
23628 
23629 
23630 
23631 
23632 
23633 
23634 
23635 
23636 
23637 
23638 
23639 
23640 
23641 
23642 
23643 
23644 
23645 
23646 
23647 
23648 
23649 
23650 
23651 
23653 
23654 
23655 
23656 
23657 
23658 
23659 
23660 
23661 
23662 
23663 
23665 
23666 
23667 
23668 
23669 
23670 
23671 
23672 
23673 
23674 
23675 
23676 
23677 
23678 
23679 
23680 
23681 
23682 
23683 
23684 
23685 
23686 
23687 
23688 
23689 
23690 
23691 
23692 
23693 
23694 
23695 
23696 
23697 
23698 
23699 
23700 
23701 
23702 
23703 
23704 
23705 
23706 
23707 
23708 
23709 
23710 
23711 
23712 
23713 
23714 
23715 
23716 
23717 
23718 
23719 
23720 
23721 
23722 
23723 
23724 
23725 
23726 
23727 
23728 
23729 
23730 
23731 
23732 
23733 
23742 
23743 
23744 
23745 
23746 
23747 
23748 
23749 
23750 
23751 
23753 
23754 
23755 
23756 
23757 
23758 
23760 
23761 
23762 
23763 
23764 
23765 
23766 
23767 
23768 
23769 
23770 
23771 
23772 
23773 
23774 
23775 
23776 
23777 
23778 
23779 
23780 
23781 
23782 
23783 
23784 
23785 
23786 
23787 
23788 
23789 
23790 
23791 
23792 
23793 
23794 
23795 
23796 
23797 
23798 
23799 
23800 
23801 
23802 
23803 
23804 
23805 
23806 
23807 
23808 
23809 
23810 
23811 
23812 
23813 
23814 
23815 
23816 
23817 
23818 
23819 
23820 
23822 
23823 
23824 
23825 
23826 
23827 
23828 
23829 
23830 
23831 
23832 
23833 
23834 
23835 
23836 
23837 
23838 
23839 
23840 
23841 
23842 
23843 
23844 
23845 
23846 
23847 
23848 
23849 
23850 
23851 
23852 
23853 
23854 
23855 
23856 
23858 
23859 
23860 
23861 
23863 
23865 
23866 
23870 
23871 
23872 
23873 
23874 
23875 
23877 
23878 
23879 
23880 
23881 
23882 
23883 
23884 
23885 
23886 
23887 
23888 
23889 
23890 
23891 
23892 
23893 
23894 
23895 
23896 
23897 
23898 
23899 
23900 
23901 
23902 
23903 
23904 
23905 
23906 
23907 
23908 
23909 
23910 
23911 
23912 
23913 
23914 
23915 
23916 
23917 
23918 
23919 
23920 
23921 
23922 
23923 
23924 
23925 
23927 
23928 
23929 
23930 
23931 
23932 
23933 
23934 
23937 
23938 
23939 
23940 
23941 
23942 
23943 
23944 
23945 
23946 
23947 
23948 
23949 
23950 
23951 
23952 
23953 
23954 
23955 
23956 
23958 
23959 
23960 
23961 
23962 
23963 
23964 
23965 
23966 
23967 
23968 
23969 
23970 
23971 
23972 
23973 
23974 
23975 
23976 
23977 
23978 
23980 
23981 
23982 
23983 
23984 
23985 
23986 
23987 
23988 
23989 
23990 
23994 
23995 
23996 
23997 
23998 
23999 
24000 
24001 
24002 
24003 
24004 
24005 
24006 
24007 
24008 
24009 
24011 
24012 
24013 
24023 
24024 
24025 
24026 
24027 
24031 
24034 
24035 
24037 
24038 
24042 
24043 
24044 
24050 
24051 
24053 
24054 
24055 
24056 
24057 
24058 
24069 
24070 
24071 
24072 
24073 
24074 
24075 
24076 
24077 
24078 
24079 
24080 
24082 
24083 
24084 
24085 
24086 
24087 
24088 
24089 
24090 
24091 
24092 
24093 
24094 
24095 
24096 
24097 
24098 
24099 
24100 
24103 
24104 
24105 
24108 
24109 
24110 
24111 
24114 
24115 
24117 
24118 
24119 
24120 
24121 
24122 
24123 
24124 
24125 
24127 
24129 
24130 
24131 
24132 
24133 
24136 
24137 
24138 
24141 
24142 
24143 
24144 
24145 
24151 
24152 
24159 
24161 
24162 
24163 
24164 
24165 
24166 
24167 
24168 
24171 
24172 
24173 
24175 
24183 
24184 
24185 
24186 
24194 
24201 
24209 
24217 
24227 
24245 
24276 
24283 
24285 
24286 
24287 
24288 
24290 
24291 
24292 
24293 
24294 
24295 
24298 
24303 
24304 
24306 
24307 
24310 
24314 
24315 
24316 
24317 
24318 
24319 
24322 
24323 
24324 
24325 
24326 
24330 
24332 
24333 
24334 
24335 
24336 
24342 2 169 1 171 1 177 1 179
24345 
24346 
24347 
24348 
24349 
24350 
24354 
24355 
24356 
24357 
24358 
24359 
24360 
24361 
24362 
24364 
24365 
24366 
24367 
24368 
24394 
24395 
24398 
24406 
24408 
24409 
24410 
24412 
24413 
24415 
24416 
24423 
24429 
24433 
24435 
24436 
24437 
24439 
24443 1 2 5 40 5 169 1 179
24444 
24445 
24446 1 2 5 40 5 169 1 179
24447 
24448 
24449 
24450 
24451 
24452 
24453 
24454 
24455 
24456 
24457 
24458 
24459 
24466 
24467 
24471 
24473 
24476 
24492 
24497 
24503 
24504 
24505 
24506 
24512 
24513 
24517 
24523 
24524 
24530 
24532 
24533 
24535 
24536 
24541 
24542 
24543 
24544 
24545 
24546 
24547 
24548 
24550 
24551 
24552 
24553 
24554 
24555 
24556 
24558 
24559 
24560 
24561 
24574 
24575 
24576 
24577 
24578 
24581 
24585 
24589 
24592 
24594 
24597 
24598 
24599 
24600 
24601 
24602 
24604 
24606 
24607 
24615 4 29 1 168 4 169 1 179
24624 
24625 
24629 
24630 
24651 
24654 
24659 1 1 1 50 9 168 3 169 1 170 3 179
24666 
24673 
24674 
24676 
24677 
24683 
24686 
24687 
24688 
24691 
24692 
24695 
24698 
24705 
24706 
24708 
24709 
24711 
24712 
24713 
24714 
24715 
24716 
24717 
24718 
24719 
24720 
24722 
24724 
24725 
24727 
24728 
24729 
24730 
24731 
24732 
24733 
24735 
24736 
24737 
24739 
24740 
24741 
24742 
24745 
24746 
24748 
24749 
24751 
24752 
24753 
24754 
24755 
24757 
24758 
24759 
24760 
24761 
24762 
24763 
24764 
24765 
24766 
24767 
24768 
24769 
24771 
24772 
24773 
24776 
24777 
24778 
24779 
24781 
24782 
24783 
24784 
24785 
24786 
24787 
24788 
24789 
24790 
24791 
24792 
24797 
24799 
24802 
24803 
24805 
24807 
24808 
24809 
24810 
24811 
24812 
24817 
24819 
24820 
24821 
24822 
24823 
24825 
24826 
24834 
24835 
24836 
24837 
24838 
24839 
24840 
24841 
24842 
24843 
24844 
24845 
24846 
24848 
24850 
24851 
24852 
24854 
24855 
24856 
24857 
24858 
24860 
24861 
24863 
24864 
24865 
24866 
24869 
24870 
24871 
24872 
24873 
24874 
24875 
24876 
24878 
24879 
24880 
24881 
24882 
24883 
24884 
24885 
24886 
24888 
24889 
24890 
24891 
24892 
24894 
24897 
24899 
24901 
24902 
24903 
24904 
24905 
24906 
24907 
24908 
24909 
24910 
24911 
24912 
24913 
24917 
24918 
24920 
24921 
24922 
24923 
24924 
24926 
24928 
24929 
24930 
24934 
24935 
24938 
24940 
24941 
24942 
24945 
24946 
24948 
24949 
24950 
24951 
24952 
24953 
24954 
24955 
24956 
24957 
24959 
24960 
24961 
24965 
24966 
24967 
24968 
24970 
24971 
24972 
24973 
24978 
24979 
24981 
24982 
24983 
24984 
24985 
24986 
24987 
24988 
24989 
24991 
24993 
24994 
24995 
24996 
24997 
24998 
24999 
25000 
25001 
25002 
25003 
25004 
25005 
25007 
25008 
25009 
25010 
25011 
25012 
25013 
25014 
25015 
25016 
25017 
25018 
25019 
25020 
25021 
25022 
25023 
25024 
25025 
25026 
25027 
25028 
25029 
25030 
25031 
25032 
25033 
25034 
25035 
25036 
25037 
25038 
25039 
25040 
25041 
25042 
25043 
25044 
25045 
25046 
25047 
25048 
25049 
25053 
25055 
25059 4 29 1 168 4 169 1 179
25060 
25061 
25062 
25063 
25064 
25067 
25068 
25069 
25071 
25072 
25078 
25079 2 2 3 3 8 29 1 38 1 51 5 169 1 179
25080 
25081 
25082 
25083 
25084 
25086 
25087 
25096 
25097 
25099 
25100 
25101 
25102 
25103 
25105 
25106 
25107 
25108 
25110 
25113 
25114 
25115 
25116 
25127 
25130 
25131 
25133 
25136 
25139 
25143 
25144 
25145 
25146 
25147 
25148 
25150 
25154 
25155 
25158 
25159 
25160 
25166 
25167 
25169 
25170 
25171 
25172 
25175 
25176 
25177 
25182 
25184 
25186 
25187 
25188 
25189 
25190 
25191 
25194 
25195 
25197 
25198 
25199 
25200 
25201 
25204 
25205 
25207 
25209 
25211 
25212 
25215 
25218 
25219 
25220 
25221 
25224 
25225 
25228 
25229 
25230 
25234 
25236 
25239 
25240 
25241 
25242 
25244 
25245 
25246 
25247 
25248 
25249 
25250 
25252 
25254 
25255 
25256 
25261 
25266 
25268 
25269 
25271 
25272 
25274 
25275 
25279 
25281 
25283 
25284 
25288 
25292 
25296 
25297 
25302 
25303 
25305 
25306 
25307 
25308 
25310 
25311 
25312 
25313 
25315 
25317 
25318 
25319 
25320 
25323 
25324 
25325 
25327 
25328 
25331 
25332 
25333 
25334 
25335 
25337 
25338 
25339 
25340 
25341 
25342 
25344 
25346 
25350 
25351 
25353 
25356 
25357 
25358 
25359 
25360 
25361 
25370 
25373 
25374 
25375 
25376 
25388 
25391 
25393 4 1 1 29 10 168 8 169 3 170 1 172 2 179
25394 
25398 
25399 
25400 
25402 
25403 
25404 
25411 
25414 
25417 
25418 
25419 
25420 
25421 
25423 
25424 
25426 
25430 
25431 
25435 
25437 
25442 
25443 
25447 2 1 2 169 2 179 2 180
25448 2 1 2 169 2 179 2 180
25449 
25452 
25453 
25454 
25455 
25456 
25457 
25458 
25459 
25460 
25464 
25465 
25468 
25469 
25472 
25476 
25477 
25478 
25480 
25484 
25485 
25489 
25490 
25491 
25492 
25493 
25494 
25495 
25496 
25497 
25498 
25499 
25500 
25501 
25502 
25503 
25504 
25505 
25507 
25508 
25509 
25510 
25511 
25515 
25518 2 1 1 168 2 169 1 179
25520 
25525 
25527 
25539 
25540 
25541 
25542 
25561 
25562 
25563 
25564 
25565 
25566 
25567 
25578 
25580 
25582 
25586 
25590 
25591 2 1 2 2 1 3 1 49 2 168 2 169 2 179
25592 
25593 
25594 
25595 
25597 
25600 
25601 
25603 
25606 
25607 
25609 
25610 
25611 
25612 
25613 
25614 
25615 
25620 
25621 
25622 
25623 
25625 
25627 
25628 
25630 
25631 
25632 
25639 
25640 
25646 
25649 
25652 
25653 
25654 
25655 
25656 
25657 
25659 
25660 
25664 
25665 
25672 
25673 
25674 
25675 
25677 
25678 
25679 
25680 
25681 
25683 
25684 
25685 
25686 
25687 
25688 
25689 
25690 
25691 
25692 
25693 
25697 
25699 
25701 
25704 
25706 
25707 
25708 
25725 
25726 
25727 
25730 
25732 
25733 
25734 
25735 
25736 
25737 
25742 
25744 
25745 
25746 
25747 
25748 
25750 
25752 
25753 
25754 
25758 
25759 
25762 
25763 
25765 
25766 
25769 
25770 
25774 
25780 
25782 
25786 
25787 
25790 
25796 
25797 
25798 
25799 
25800 
25801 
25802 
25803 
25809 
25810 
25814 
25816 
25817 
25818 
25821 
25823 
25826 
25828 
25829 
25830 
25840 
25849 
25850 
25853 
25856 
25858 3 1 1 51 3 168 2 169 1 179
25861 2 1 2 169 2 179 2 180
25864 
25865 
25866 
25869 
25870 
25871 
25873 
25877 
25878 2 1 2 169 1 179
25880 
25885 
25892 
25893 
25894 
25901 
25905 
25907 
25932 
25936 
25973 
25976 
25984 
25989 
26032 
26089 
26098 
26105 
26118 
26119 
26121 
26126 
26127 
26128 
26129 
26130 
26131 
26132 
26133 
26134 
26135 
26136 
26137 
26139 
26140 
26141 
26142 
26143 
26145 
26146 
26148 
26149 
26153 
26154 
26156 
26157 
26158 
26159 
26160 
26161 
26162 
26163 
26164 
26165 
26166 
26167 
26168 
26169 
26170 
26171 
26174 
26175 
26177 
26178 
26179 
26180 
26181 
26184 
26185 
26187 
26188 
26190 
26194 
26196 
26202 
26203 
26204 
26205 
26208 
26209 
26210 
26213 
26214 
26216 
26222 
26225 4 168 2 169 4 179
26226 
26238 
26239 
26242 
26243 
26244 
26251 
26252 
26257 
26258 
26259 
26264 
26270 
26271 
26272 
26277 
26278 
26280 
26281 
26284 
26286 
26288 
26295 
26296 
26297 
26298 
26301 
26306 
26307 
26317 
26321 4 1 1 168 2 169 1 170 2 179
26328 
26329 
26331 
26334 2 1 1 2 2 15 2 19 1 21 1 168 2 169 1 179 1 180
26335 
26337 
26348 
26350 
26354 2 1 3 2 1 168 2 169 1 179 1 180
26355 
26359 
26361 
26362 
26367 
26369 
26375 
26377 
26379 2 1 2 168 2 169 1 179
26381 
26385 
26388 
26389 
26390 
26392 1 1 3 168 3 169 1 179
26399 
26400 2 1 1 48 3 168 2 169 1 179
26401 
26402 
26404 
26411 
26429 
26430 
26431 
26433 
26435 10 15 2 18 2 169 3 179
26438 
26441 
26442 
26445 
26446 
26449 
26451 
26452 
26454 
26456 
26457 
26458 
26459 
26460 
26461 
26462 
26464 
26466 
26470 
26471 
26475 
26476 
26478 
26479 
26481 
26482 
26487 
26490 
26492 
26493 
26494 
26495 
26496 
26501 
26502 
26503 
26504 
26505 
26508 
26510 
26512 
26514 
26515 
26521 
26522 
26523 
26524 
26525 
26526 
26527 
26528 
26530 
26532 
26534 
26535 
26536 
26538 
26539 
26540 
26541 
26542 
26543 
26546 
26547 
26548 
26550 
26553 
26558 
26560 
26562 
26563 
26567 
26568 
26570 
26571 
26574 
26575 
26576 
26578 
26580 
26582 
26584 
26588 
26590 
26591 
26593 
26594 
26599 
26602 
26607 
26608 
26609 
26610 
26611 
26615 
26618 
26619 
26620 
26621 
26623 
26624 
26626 
26628 
26629 
26631 2 1 1 50 3 168 2 169 1 179
26633 
26634 
26638 2 1 1 2 2 169 1 179
26640 
26641 
26642 
26652 
26658 
26659 
26662 
26663 
26664 
26670 
26673 
26674 
26675 
26676 
26677 
26683 4 1 4 169 2 179
26684 
26687 
26690 
26698 
26700 2 1 3 2 1 168 2 169 1 179 1 180
26705 
26706 
26708 
26710 
26711 2 1 1 48 3 168 2 169 1 179
26712 
26713 1 1 3 168 3 169 1 179
26715 
26718 
26719 
26727 
26728 
26729 
26731 
26733 
26737 
26738 
26739 
26740 
26745 
26750 
26752 
26757 
26758 4 168 2 169 1 179 1 180
26760 
26761 
26762 
26763 
26764 
26765 
26766 
26767 
26768 
26769 
26770 
26782 
26783 
26784 
26785 
26786 
26787 
26788 
26789 
26790 
26791 
26792 
26793 
26794 
26795 
26796 
26797 
26798 
26802 
26803 
26804 
26805 
26806 
26807 
26808 
26809 
26810 
26811 
26812 
26813 
26814 
26815 
26816 
26817 
26818 
26819 
26820 
26821 
26825 
26826 
26827 
26828 
26830 
26831 
26832 
26833 
26835 
26836 
26837 
26838 
26839 
26840 
26841 
26842 
26843 
26844 
26845 
26846 
26847 
26848 
26852 
26853 
26854 
26855 
26856 
26857 
26858 
26859 
26860 
26861 
26862 
26863 
26875 
26876 
26877 
26879 
26880 
26881 
26882 
26887 
26889 
26890 2 3 5 29 1 38 1 135 1 168 4 169 1 179
26891 
26903 
26904 
26905 
26906 
26907 
26911 
26912 
26914 
26915 
26916 
26918 
26919 
26920 
26927 
26931 
26933 
26939 
26948 
26966 
26967 
26973 
26975 
26984 
26987 
26989 
26990 
26991 
26992 
26993 
26996 
26997 
27009 
27041 
27057 
27058 
27059 
27060 
27061 
27062 
27063 
27064 
27065 
27066 
27067 
27068 
27069 
27070 
27071 
27072 
27073 
27074 
27075 
27076 
27077 
27078 
27079 
27080 
27081 
27082 
27083 
27084 
27085 
27086 
27087 
27088 
27089 
27090 
27091 
27092 
27093 
27094 
27095 
27096 
27097 
27098 
27099 
27100 
27102 
27103 
27104 
27105 
27106 
27107 
27108 
27109 
27110 
27111 
27112 
27113 
27114 
27115 
27116 
27117 
27118 
27119 
27120 
27121 
27122 
27127 
27132 
27143 
27144 
27145 
27146 
27148 
27149 
27150 
27151 
27152 
27153 
27155 
27156 
27158 
27159 
27160 
27161 
27162 
27163 
27164 
27165 
27166 
27167 
27168 
27169 
27170 
27171 
27173 
27175 
27176 
27178 
27179 
27180 
27181 
27182 
27183 
27184 
27185 
27186 
27187 
27188 
27189 
27190 
27191 
27192 
27193 
27194 
27195 
27209 
27210 
27211 
27212 
27218 
27219 
27221 
27222 
27223 
27224 
27228 
27229 
27270 
27271 
27274 
27303 
27305 
27307 
27310 2 1 2 169 1 179 2 180
27321 
27322 
27323 
27327 
27329 
27331 1 1 1 49 2 168 2 169 2 179
27332 1 1 1 49 2 168 2 169 2 179
27337 
27338 
27340 
27341 
27351 
27352 
27353 
27354 
27355 
27364 4 1 1 4 2 168 2 169 2 179
27365 4 1 1 4 2 168 2 169 2 179
27366 2 1 1 2 2 168 2 169 2 179
27367 4 1 1 168 2 169 1 170 2 179
27368 2 1 1 2 2 168 2 169 2 179
27369 1 1 1 5 2 168 2 169 2 179
27370 1 1 1 5 2 168 2 169 2 179
27378 
27379 
27380 
27381 
27382 
27383 
27384 
27385 
27392 
27393 
27404 
27408 
27409 
27410 
27411 
27412 
27413 
27416 
27418 
27420 
27426 
27427 
27428 
27429 
27430 
27431 
27438 
27439 
27440 
27441 
27442 
27443 
27444 
27449 
27450 
27451 
27452 
27453 
27455 
27456 
27457 
27458 
27459 
27460 
27462 
27463 
27464 
27465 
27466 
27467 
27469 
27470 
27471 
27472 
27473 
27474 
27475 
27477 
27478 
27479 
27480 
27502 
27506 
27508 
27515 
27519 
27520 
27521 
27522 
27523 
27524 
27525 
27526 
27527 
27533 
27534 
27538 
27539 
27552 4 1 1 50 5 168 4 169 3 170 6 179
27558 
27559 
27561 
27582 
27583 
27584 
27585 
27586 
27587 
27602 
27603 
27604 
27605 
27606 
27607 
27614 
27616 
27617 
27624 
27627 
27635 
27636 
27637 
27662 
27664 
27665 
27666 
27667 
27673 4 1 4 169 2 179
27674 4 1 1 168 2 169 1 170 2 179
27677 4 29 6 169 1 179
27690 
27700 2 1 1 2 1 168 2 169 1 179 1 180
27701 2 1 1 2 1 168 2 169 1 179 1 180
27702 2 1 2 2 1 168 2 169 1 179 1 180
27703 2 1 2 2 1 168 2 169 1 179 1 180
27704 1 1 5 15 1 18 1 168 2 169 1 179 1 180
27705 1 1 5 15 1 18 1 168 2 169 1 179 1 180
27706 10 15 2 18 1 168 2 169 1 179 1 180
27707 10 15 2 18 1 168 2 169 1 179 1 180
27708 6 1 2 4 1 168 2 169 1 179 1 180
27709 6 1 2 4 1 168 2 169 1 179 1 180
27710 2 1 1 168 2 169 1 179 1 180
27711 2 1 1 168 2 169 1 179 1 180
27712 3 1 1 3 1 168 2 169 2 179
27713 2 1 5 15 1 18 1 168 3 169 2 179
27714 2 1 1 50 2 168 2 169 2 179
27715 2 1 1 50 2 168 2 169 2 179
27716 2 1 2 50 3 168 2 169 1 179
27717 1 1 1 143 3 168 2 169 1 179
27718 3 1 1 13 1 52 3 168 2 169 1 179
27719 1 1 1 50 1 119 3 168 2 169 1 179
27720 4 1 1 52 3 168 2 169 1 179
27721 2 1 1 50 3 168 2 169 1 179
27722 1 1 1 49 3 168 2 169 1 179
27723 1 1 1 49 3 168 2 169 1 179
27724 4 1 1 146 3 168 2 169 1 179
27725 2 1 1 48 3 168 2 169 1 179
27726 2 1 1 48 3 168 2 169 1 179
27727 4 1 1 4 1 48 3 168 2 169 1 179
27728 4 1 1 4 1 48 3 168 2 169 1 179
27729 2 1 1 48 3 168 2 169 1 179
27730 2 1 1 48 3 168 2 169 1 179
27761 
27762 
27771 
27772 
27778 
27791 6 1 2 4 1 168 2 169 2 179
27792 6 1 2 4 1 168 2 169 2 179
27793 4 1 1 2 1 4 1 168 2 169 2 179
27794 4 1 1 2 1 4 1 168 2 169 2 179
27795 2 1 1 2 1 168 2 169 2 179
27796 2 1 1 2 1 168 2 169 2 179
27797 2 1 1 2 1 168 2 169 2 179
27798 2 1 1 2 1 168 2 169 2 179
27799 
27800 
27801 
27802 
27803 
27804 
27805 
27806 
27807 
27808 
27809 5 15 2 17 1 18 1 29 4 30 1 168 2 169 1 179
27810 
27811 
27813 
27815 
27846 
27847 
27848 
27849 
27851 
27852 
27853 
27854 
27855 
27856 
27857 
27858 
27859 
27860 
27861 
27862 
27863 
27864 
27867 
27868 
27869 
27870 
27871 
27872 
27873 
27874 
27875 
27877 
27878 
27879 
27880 
27881 
27882 
27883 
27884 
27885 
27886 
27887 
27888 
27889 
27890 
27891 
27892 
27893 
27894 
27895 
27896 
27897 
27898 
27899 
27900 
27903 
27904 
27905 
27906 
27907 
27908 
27909 
27910 
27911 
27912 
27913 
27914 
27915 
27916 
27917 
27918 
27919 
27920 
27921 
27922 
27923 
27924 
27925 
27926 
27927 
27928 
27929 
27930 
27931 
27932 
27933 
27934 
27936 
27937 
27938 
27949 
27950 
27951 
27952 
27953 
27954 
27955 
27956 
27957 
27958 
27959 
27960 
27961 
27962 
27964 
27965 
27966 
27967 
27968 
27970 
27972 
27973 
27976 
27977 
27978 
27979 
27980 
27981 
27982 
27983 
27984 
27985 
27986 
27993 
27994 
27995 
27996 
27997 
27998 
27999 
28008 
28009 
28011 
28013 
28017 
28019 
28020 1 3 3 29 1 31 3 169 1 179 1 180
28021 
28027 
28028 
28029 
28030 
28031 
28032 
28033 
28034 
28035 
28036 
28037 
28038 
28039 
28040 
28041 
28042 
28047 
28048 
28049 
28050 
28051 
28052 
28053 
28054 
28055 
28056 
28058 
28059 
28060 
28061 
28062 2 2 5 29 3 169 1 170 1 179
28069 2 1 1 2 2 169 1 179
28077 
28082 2 1 4 15 1 18 1 126 1 168 3 169 2 179
28083 2 1 4 15 1 18 1 124 1 168 3 169 2 179
28092 
28094 
28125 
28169 9 1 3 4 3 169 2 179
28170 9 1 3 4 3 169 2 179
28171 8 1 1 3 2 4 3 169 2 179
28172 8 1 1 3 2 4 3 169 2 179
28173 7 1 1 2 2 4 3 169 2 179
28174 7 1 1 2 2 4 3 169 2 179
28175 7 1 2 4 3 169 2 179
28176 7 1 2 4 3 169 2 179
28177 7 1 2 3 1 4 3 169 2 179
28178 7 1 2 3 1 4 3 169 2 179
28179 6 1 3 3 3 169 2 179
28180 6 1 3 3 3 169 2 179
28181 5 1 1 2 2 3 3 169 2 179
28182 5 1 1 2 2 3 3 169 2 179
28183 5 1 2 2 1 4 3 169 2 179
28184 5 1 2 2 1 4 3 169 2 179
28185 3 1 2 2 3 169 2 179
28186 3 1 2 2 3 169 2 179
28187 2 1 5 15 1 18 3 169 2 179
28188 2 1 5 15 1 18 3 169 2 179
28189 5 1 1 4 3 169 2 179
28190 5 1 1 4 3 169 2 179
28191 4 1 1 3 3 169 2 179
28192 4 1 1 3 3 169 2 179
28193 3 1 1 2 3 169 2 179
28194 3 1 1 2 3 169 2 179
28195 3 1 3 169 2 179
28196 3 1 3 169 2 179
28199 
28200 
28201 
28202 
28204 
28207 
28209 
28210 
28212 
28215 
28222 
28223 
28225 
28226 
28227 
28228 
28229 
28230 
28246 
28247 
28248 
28249 
28250 
28251 
28252 
28254 
28255 
28256 
28257 
28258 
28259 
28260 
28261 
28262 
28263 
28264 
28265 
28266 
28267 
28268 
28269 
28270 
28271 
28272 
28273 
28274 
28275 
28276 
28277 
28278 
28279 
28280 
28281 
28282 
28283 
28284 
28285 
28286 
28287 
28290 
28291 
28292 
28293 
28294 
28295 
28296 
28297 
28302 
28303 
28304 
28305 
28306 
28307 
28308 
28309 
28310 
28311 
28312 
28313 
28314 
28319 
28320 
28321 
28322 
28323 
28324 
28326 
28333 
28334 
28335 
28336 
28337 
28338 
28339 
28340 
28341 
28342 
28343 
28344 
28346 
28347 
28348 
28349 
28350 
28351 
28352 
28353 
28354 
28355 
28356 
28365 
28366 
28367 
28368 
28369 
28370 
28371 
28372 
28373 
28374 
28375 
28377 
28378 
28379 
28380 
28381 
28386 
28387 
28388 
28389 
28390 
28391 
28392 
28394 
28395 
28396 
28397 
28398 
28399 
28402 
28403 
28405 
28406 
28411 
28414 
28419 
28420 
28421 
28426 
28430 
28431 
28432 
28433 
28434 
28435 
28436 
28437 
28438 
28439 
28440 
28441 
28442 
28443 
28444 
28445 
28446 
28447 
28448 
28449 
28450 
28452 
28453 
28454 
28459 
28460 
28462 
28463 
28464 
28465 
28466 
28467 
28468 
28469 
28470 
28471 
28472 
28473 
28474 
28475 
28476 
28477 
28478 
28479 
28484 
28485 
28486 
28488 
28489 
28490 
28491 
28492 
28494 
28495 
28496 
28497 
28498 
28499 
28500 
28501 
28502 
28503 
28504 
28505 
28506 
28511 
28517 
28519 
28520 
28521 
28522 
28523 
28524 
28525 
28526 
28527 
28528 
28529 
28530 
28531 
28532 
28533 
28534 
28535 
28536 
28537 
28538 
28539 
28541 
28542 
28543 
28545 
28548 
28549 
28550 
28551 
28553 
28555 
28556 
28557 
28558 
28559 
28560 
28561 
28562 
28563 
28564 
28566 
28568 
28569 
28570 
28571 
28572 
28573 
28574 
28575 
28576 
28577 
28588 
28603 
28604 
28605 
28609 
28610 
28611 
28612 
28613 
28614 
28615 
28616 
28617 
28618 
28619 
28620 
28621 
28622 
28626 
28628 
28629 
28630 
28632 
28633 
28637 2 1 4 15 1 18 1 124 1 168 3 169 2 179
28638 
28640 
28641 
28642 
28643 
28644 
28645 
28649 
28650 
28651 
28652 
28653 
28654 
28655 
28656 
28658 
28661 
28677 
28678 
28679 
28685 
28686 
28687 
28688 
28689 
28690 
28691 
28692 
28698 
28699 
28700 
28701 
28702 
28703 
28704 
28705 
28706 
28707 
28708 
28709 
28710 
28711 
28712 
28713 
28714 
28715 
28716 
28717 
28718 
28719 
28720 
28721 
28722 
28723 
28724 
28725 
28726 
28727 
28728 
28729 
28730 
28733 
28734 
28735 
28736 
28737 
28738 
28739 
28741 
28742 
28743 
28745 
28749 
28750 
28752 
28753 
28754 
28755 
28756 
28759 
28760 
28761 
28762 
28763 
28764 
28765 
28768 
28769 
28770 
28771 
28772 
28773 
28774 
28777 
28778 
28779 
28780 
28781 
28782 
28783 
28784 
28785 
28786 
28787 
28788 
28789 
28790 
28791 
28792 
28793 
28794 
28795 
28796 
28797 
28798 
28799 
28800 
28801 
28802 
28803 
28804 
28805 
28806 
28807 
28808 
28809 
28810 
28811 
28812 
28813 
28814 
28815 
28816 
28818 
28819 
28821 
28822 
28823 
28824 
28825 
28826 
28827 
28828 
28829 
28830 
28831 
28832 
28833 
28834 
28835 
28836 
28837 
28838 
28839 
28840 
28841 
28842 
28843 
28845 
28846 
28853 
28854 
28858 
28870 
28871 
28875 
28876 
28891 
28894 
28895 
28896 
28897 
28898 
28899 
28906 
28907 
28908 
28909 
28910 
28911 
28912 
28913 
28914 
28915 
28916 
28920 
28924 
28925 
28927 
28928 
28929 
28930 
28931 
28932 
28933 
28934 
28936 
28937 
28938 
28939 
28940 
28941 
28942 
28943 
28945 
28946 
28947 
28948 
28949 
28950 
28951 
28952 
28953 
28954 
28955 
28956 
28957 
28959 
28961 
28962 
28963 
28964 
28967 
28968 
28969 
28970 
28972 
28973 
28974 
28975 
28976 
28986 
28987 
28989 
28990 
28991 
28993 
28994 
28995 
28996 
28998 
28999 
29000 
29001 
29002 
29003 
29004 
29005 
29006 
29007 
29008 
29009 
29019 
29020 
29021 
29022 
29023 
29024 
29025 
29026 
29027 
29028 
29029 
29030 
29031 
29032 
29034 
29035 
29036 
29037 
29038 
29039 
29041 
29052 
29053 
29054 
29055 
29056 
29057 
29059 
29060 
29061 
29062 
29063 
29064 
29065 
29066 
29067 
29068 
29069 
29070 
29071 
29072 
29073 
29074 
29075 
29076 
29077 
29078 
29079 
29080 
29081 
29082 
29083 
29084 
29088 
29089 
29090 
29092 
29093 
29094 
29095 
29096 
29097 
29098 
29099 
29100 
29101 
29102 
29103 
29104 
29105 
29106 
29107 
29109 
29111 
29113 
29115 
29117 
29119 
29121 
29123 
29125 
29126 
29127 
29128 
29129 
29130 
29131 
29132 
29133 
29134 
29135 
29136 
29139 
29140 
29141 
29142 
29143 
29144 
29145 
29146 
29147 
29151 
29153 
29155 
29156 
29157 
29158 
29159 
29160 
29163 
29165 
29166 
29172 
29175 
29178 
29179 
29181 
29182 
29183 
29184 
29185 
29186 
29187 
29188 
29189 
29190 
29191 
29192 
29193 
29195 
29196 
29200 
29201 
29202 
29208 
29210 
29211 
29212 
29213 
29214 
29215 
29216 
29217 
29218 
29219 
29220 
29221 
29222 
29223 
29224 
29225 
29226 
29227 
29228 
29229 
29230 
29231 
29232 
29234 
29236 
29237 
29238 
29239 
29242 
29243 
29248 
29254 
29257 
29261 
29262 
29263 
29266 
29267 
29268 
29269 
29270 
29273 
29274 
29275 
29276 
29277 
29278 
29279 
29280 
29281 
29282 
29283 
29284 
29285 
29286 
29287 
29288 
29289 
29290 
29293 
29294 
29295 
29296 
29297 
29298 
29299 
29300 
29302 
29303 
29304 
29305 
29306 
29307 
29308 
29309 
29310 
29311 
29312 
29314 
29315 
29319 
29320 
29321 
29322 
29323 
29324 
29325 
29326 
29327 
29328 
29334 
29340 
29341 
29343 
29344 
29345 
29346 
29347 
29348 
29350 
29351 
29352 
29353 
29354 
29355 
29356 
29357 
29358 
29359 
29360 
29361 
29362 
29363 
29365 
29366 
29367 
29368 
29369 
29370 
29371 
29372 
29374 
29375 
29387 
29388 
29389 
29390 
29393 
29394 
29395 
29397 
29398 
29399 
29400 
29401 
29402 
29403 
29417 
29419 
29420 
29428 
29429 
29430 
29432 
29433 
29434 
29435 
29437 
29440 
29441 
29442 
29443 
29444 
29445 
29446 
29447 
29448 
29449 
29450 
29451 
29452 
29453 
29454 
29455 
29456 
29461 
29463 
29465 
29468 
29469 
29470 
29471 
29472 
29473 
29474 
29475 
29476 
29477 
29478 
29479 
29480 
29481 
29482 
29485 
29486 
29487 
29488 
29489 
29490 
29491 
29492 
29493 
29494 
29495 
29496 
29497 
29498 
29499 
29500 
29501 
29502 
29503 
29504 
29508 
29516 
29517 
29518 
29519 
29520 
29523 
29525 
29526 
29527 
29528 
29529 
29530 
29531 
29532 
29533 
29534 
29535 
29536 
29537 
29538 
29539 
29540 
29541 
29543 
29544 
29545 
29546 
29547 
29548 
29551 
29552 
29553 
29554 
29555 
29556 
29557 
29558 
29559 
29560 
29561 
29562 
29563 
29564 
29565 
29566 
29567 
29568 
29570 
29571 
29572 
29574 
29575 
29576 
29579 
29580 
29581 
29583 
29584 
29586 
29587 
29588 
29589 
29590 
29591 
29592 
29593 
29594 
29597 
29598 
29599 
29600 
29601 
29604 
29609 
29610 
29611 
29612 
29613 
29614 
29615 
29616 
29618 
29619 
29620 
29631 
29640 1 168 2 169 1 171 2 179 1 180
29651 
29652 
29653 
29654 
29655 
29656 
29657 
29658 
29661 
29662 
29663 
29664 
29665 
29666 
29667 
29668 
29669 
29670 
29671 
29672 
29673 
29674 
29676 
29677 
29678 
29679 
29680 
29686 
29687 
29688 
29689 
29702 
29703 
29704 
29705 
29711 
29712 
29713 
29714 
29716 
29718 
29719 
29720 
29721 
29722 
29723 
29724 
29725 
29726 
29727 
29728 
29729 
29730 
29731 
29732 
29733 
29734 
29735 
29736 
29737 
29738 
29739 
29740 
29741 
29742 
29743 
29744 
29745 
29746 
29749 
29750 
29751 
29752 
29753 
29754 
29755 
29757 
29758 
29759 
29760 
29761 
29762 
29763 
29764 
29765 
29766 
29767 
29768 
29769 
29770 
29773 
29777 
29780 
29781 
29782 
29783 
29784 
29785 
29786 
29787 
29788 
29789 
29790 
29791 
29792 
29793 
29794 
29795 
29796 
29797 
29798 
29799 
29800 
29801 
29804 
29805 
29806 
29807 
29809 
29810 
29811 
29813 
29814 
29815 
29816 
29817 
29818 
29819 
29820 
29821 
29822 
29823 
29824 
29830 
29831 
29835 
29836 
29838 
29839 
29840 
29841 
29846 
29847 
29848 
29850 
29851 
29852 
29853 
29854 
29855 
29856 
29857 
29860 
29861 
29862 
29863 
29864 
29865 
29866 
29868 
29869 
29870 
29871 
29872 
29874 
29875 
29876 
29877 
29878 
29879 
29882 
29883 
29885 
29886 
29887 
29888 
29889 
29890 
29891 
29892 
29893 
29894 
29909 
29910 
29911 
29923 
29924 
29925 
29926 
29927 
29928 
29929 
29930 
29931 
29932 
29933 
29934 
29935 
29936 
29937 
29938 
29939 
29940 
29941 
29942 
29945 
29946 
29958 
29959 
29960 
29961 
29962 
29963 
29964 
29967 
29968 
29969 
29975 
29976 
29977 
29978 
29979 
29980 
29981 
29982 
29983 
29984 
29985 
29986 
29987 
29988 
29989 
29990 
29991 
29992 
29995 
29996 
29998 
29999 
30000 
30001 
30002 
30003 
30004 
30007 
30008 
30011 
30013 
30014 
30015 
30016 
30021 
30022 
30023 
30024 
30025 
30026 
30027 
30028 
30029 
30030 
30031 
30038 
30039 
30040 
30041 
30043 
30044 
30045 
30046 
30047 
30048 
30049 
30050 
30051 
30052 
30053 
30054 
30058 
30062 
30063 
30064 
30065 
30072 
30073 
30074 
30075 
30076 
30079 
30080 
30081 
30082 
30083 
30087 
30088 
30090 
30091 
30092 
30093 
30094 
30099 
30100 
30101 
30109 
30114 
30115 
30116 
30117 
30118 
30119 
30129 
30130 
30131 
30132 
30135 
30136 
30137 
30138 
30139 
30140 4 1 1 2 1 29 1 168 3 169 3 170 5 179
30141 
30159 
30160 
30161 
30162 
30163 
30164 
30165 
30166 
30167 
30168 
30169 
30170 3 1 14 2 1 3 1 41 2 169 1 179
30171 2 1 16 2 1 41 2 169 1 179
30172 2 1 20 2 1 41 2 169 1 179
30173 3 1 18 2 1 3 1 41 2 169 1 179
30174 2 1 11 2 1 41 4 169 2 179
30175 2 1 13 2 1 41 2 169 1 179
30177 2 1 14 2 1 41 2 169 1 179
30179 3 1 13 2 1 3 1 41 2 169 1 179
30180 2 1 15 2 1 41 2 169 1 179
30181 
30182 
30183 
30184 
30187 
30188 
30189 
30190 
30191 
30192 
30193 
30194 
30195 
30199 
30201 
30202 
30203 
30204 
30206 
30212 
30213 
30214 
30215 
30216 
30217 
30221 
30222 
30223 
30224 
30225 
30226 
30227 
30228 
30229 
30230 
30232 
30233 
30234 
30235 
30236 
30237 
30238 
30239 
30240 
30241 
30242 
30243 
30244 
30245 
30246 
30247 
30248 
30249 
30250 
30251 
30252 
30254 
30255 
30256 
30257 
30258 
30259 
30260 
30261 
30262 
30263 
30264 
30265 
30266 
30267 
30268 
30269 
30270 
30271 
30272 
30273 
30274 
30281 
30282 
30290 
30292 
30299 
30300 
30301 
30302 
30303 
30304 
30308 
30310 
30321 
30322 
30323 
30324 
30325 
30326 
30327 
30328 
30329 
30330 
30331 
30332 
30333 
30334 
30335 
30336 
30337 
30343 
30347 
30350 
30351 
30352 
30353 
30354 
30355 
30356 
30358 
30359 
30360 
30366 
30367 
30368 
30369 
30370 
30371 
30372 
30373 
30374 
30375 
30376 
30377 
30378 
30379 
30382 
30384 
30388 
30389 
30390 
30391 
30392 
30393 
30395 
30396 
30397 
30398 
30399 
30400 
30401 
30402 
30403 
30404 
30405 
30406 
30407 
30408 
30409 
30410 
30411 
30412 
30416 
30417 
30418 
30420 
30421 
30422 
30423 
30424 
30425 
30426 
30427 
30428 
30429 
30430 
30436 
30437 
30438 
30439 
30440 
30441 
30442 
30443 
30444 
30447 
30448 
30449 
30450 
30451 
30452 
30453 
30454 
30455 
30456 
30457 
30458 
30459 
30460 
30461 
30462 
30463 
30464 
30465 
30466 
30467 
30468 
30469 
30470 
30471 
30472 
30473 
30474 
30475 
30476 
30477 
30479 
30480 
30481 
30482 
30483 
30484 
30485 
30487 
30488 
30489 
30490 
30491 
30492 
30493 
30494 
30496 
30498 
30499 
30502 
30503 1 1 1 29 1 31 6 168 5 169 3 170 1 174 1 179 1 180
30504 
30505 
30506 
30507 
30509 
30510 
30511 
30512 
30513 
30514 
30515 
30516 
30517 
30522 
30523 
30524 
30526 
30533 
30534 
30535 
30536 
30537 
30539 
30540 
30548 
30549 
30550 
30551 
30552 
30553 
30554 
30556 
30557 
30558 
30559 
30560 
30561 
30562 
30563 
30564 
30565 
30566 
30567 
30568 
30569 
30570 
30571 
30574 
30575 
30576 
30577 
30578 
30579 
30580 
30581 
30582 
30591 
30592 
30593 
30594 
30595 
30596 
30597 
30598 
30599 
30600 
30601 
30602 
30603 
30604 
30605 
30606 
30607 
30608 
30614 
30627 
30631 
30632 
30641 
30642 
30643 
30655 
30666 
30669 
30673 
30674 
30675 
30676 
30678 
30679 
30680 
30681 
30683 
30687 
30688 
30691 
30694 
30695 
30696 
30701 
30704 
30705 
30706 
30707 
30708 
30709 
30710 
30711 
30712 
30713 
30714 
30722 
30724 
30727 
30729 
30733 
30741 
30744 
30746 
30747 
30750 
30752 
30753 
30754 
30762 
30765 
30766 
30767 
30770 
30771 
30779 2 29 2 168 4 169 2 179
30781 2 1 1 40 1 168 3 169 2 179
30786 
30790 
30795 
30797 
30801 
30802 
30807 6 168 2 169 2 179
30812 
30816 
30827 
30836 
30843 
30846 
30851 
30852 
30855 
30856 
30870 
30871 
30872 
30873 
30890 
30891 
30893 
30896 
30897 
30898 
30899 
30900 
30901 
30902 
30903 
30904 
30909 
30910 
30913 
30914 
30920 
30922 
30927 
30928 
30929 
30930 
30931 
30932 
30959 
30974 
30979 
30984 
31007 
31008 
31015 
31016 
31017 
31024 
31025 
31026 
31027 
31028 
31029 
31033 
31034 
31035 
31036 
31039 
31040 
31041 
31042 
31043 
31044 
31051 
31052 
31054 
31059 
31060 
31061 
31069 
31070 
31071 
31072 
31073 
31074 
31075 
31076 
31077 
31078 
31079 
31080 
31081 
31082 
31083 
31084 
31085 
31086 
31089 4 15 2 17 1 18 1 29 5 30 2 169 1 179 1 180
31094 
31095 
31099 
31100 
31101 
31102 
31103 
31106 
31107 
31108 
31109 
31110 
31111 
31112 
31113 
31114 
31115 
31116 
31117 
31118 
31119 
31120 
31121 
31122 
31123 
31124 
31125 
31126 
31127 
31128 
31129 
31130 
31132 
31133 
31135 
31136 
31137 
31138 
31139 
31141 
31142 
31143 
31144 
31145 
31155 
31156 
31171 
31172 
31173 
31174 
31175 
31176 
31177 
31178 
31179 
31180 
31181 
31182 
31183 
31184 
31185 
31186 
31187 
31188 
31189 
31190 
31191 
31192 
31193 4 29 1 168 4 169 1 179
31194 
31195 
31197 2 1 2 168 3 169 1 172 1 179 1 180
31198 2 1 2 168 3 169 1 172 1 179 1 180
31201 
31202 
31203 
31204 
31205 
31206 
31207 
31208 
31209 
31212 
31214 
31231 
31232 
31247 
31248 
31249 
31250 
31251 
31253 
31254 
31255 
31256 
31257 
31258 
31260 
31261 
31263 
31264 
31265 
31266 
31267 
31268 
31269 
31270 
31271 
31272 
31273 
31276 
31277 
31278 
31279 
31280 
31281 
31282 
31287 
31288 
31289 
31291 
31292 
31294 
31297 
31301 
31304 
31306 
31307 
31308 
31309 
31310 
31311 
31312 
31313 
31314 
31315 
31316 
31317 
31318 
31319 
31320 
31321 
31322 
31323 
31324 
31325 
31357 
31364 
31365 
31366 
31367 
31368 
31369 
31379 
31382 
31383 
31384 
31385 
31386 
31387 
31388 
31389 
31390 
31391 
31392 
31395 
31397 
31398 
31399 
31400 
31401 
31402 
31404 
31405 
31406 
31408 
31409 3 1 2 2 1 3 3 29 1 107 1 109 1 143 2 168 7 169 1 176 1 179
31411 
31422 
31423 
31424 
31425 
31426 
31427 1 2 2 15 2 16 4 19 3 29 1 30 4 169 1 179
31428 
31429 
31430 
31432 
31433 
31434 
31435 
31436 
31439 
31440 
31441 
31444 
31445 
31446 
31447 
31448 
31452 
31453 
31454 
31455 
31456 
31457 
31458 
31461 
31462 
31463 
31464 
31465 
31466 
31467 
31468 
31469 
31470 
31471 
31472 
31473 
31474 
31475 
31476 
31477 
31478 
31483 
31497 
31498 
31503 
31504 
31505 
31506 
31507 
31508 
31509 
31510 
31511 
31512 
31513 
31514 
31515 
31516 
31517 
31518 
31519 
31520 
31521 10 15 2 21 1 168 2 169 2 176 1 179 2 180
31527 
31529 
31530 
31531 
31532 
31533 
31534 
31535 
31537 
31539 3 29 1 49 1 168 4 169 1 179
31541 
31542 
31543 
31544 
31545 
31546 
31548 
31549 
31550 
31553 
31554 
31555 
31556 
31557 3 29 1 49 1 168 4 169 1 179
31559 
31564 
31565 
31566 
31567 
31568 
31570 
31571 
31573 
31575 
31576 
31577 
31578 
31579 
31580 
31581 
31582 
31583 
31584 
31585 
31591 
31592 
31594 
31595 
31596 
31597 
31598 
31599 
31600 
31603 
31604 
31605 
31606 
31607 
31608 
31611 
31612 
31613 
31614 
31615 
31616 
31617 
31618 
31619 
31620 
31621 
31622 
31623 
31628 
31629 
31630 
31631 
31632 
31633 
31634 
31635 
31636 
31637 
31638 
31639 
31640 
31641 
31642 
31643 
31644 
31645 
31646 
31647 
31648 
31649 
31651 
31652 
31653 
31654 
31655 
31656 
31678 
31686 2 49 2 168 4 169 2 179
31700 
31701 
31702 
31703 
31712 
31713 
31714 
31715 
31718 
31719 
31720 
31721 
31722 
31723 
31724 
31725 
31726 
31727 
31728 
31729 
31730 
31731 
31732 
31733 
31734 
31735 
31736 5 1 3 2 1 29 1 43 3 168 7 169 1 171 1 172 1 179 1 180
31737 
31738 
31739 
31740 
31741 
31742 
31744 
31745 
31746 
31747 
31748 
31749 
31750 
31751 
31752 
31753 
31754 
31755 
31756 
31759 
31760 
31761 
31762 
31763 
31764 
31765 
31766 
31768 
31769 
31770 
31771 
31776 
31777 
31778 
31779 
31780 
31781 
31782 
31784 
31786 
31787 
31788 
31790 
31791 
31792 
31793 
31794 
31795 
31796 
31797 
31798 
31799 
31800 
31801 
31802 
31803 
31804 
31805 
31806 
31807 
31808 
31809 
31815 
31817 
31818 
31828 
31829 
31830 
31831 
31832 
31833 
31834 
31835 
31836 
31837 
31838 
31839 
31840 
31841 
31842 
31843 
31844 
31845 
31846 
31847 
31848 
31849 
31850 
31851 
31852 
31853 
31854 
31855 
31864 
31865 
31866 
31867 
31868 
31869 
31870 
31871 
31872 
31873 
31874 
31891 
31892 
31901 
31903 
31904 
31912 
31916 1 1 3 29 2 57 1 168 8 169 1 170 3 179 1 180
31917 
31918 
31919 
31920 
31921 
31929 
31934 
31935 
31936 
31937 
31938 
31939 
31940 
31941 
31942 
31943 
31944 
31945 
31946 1 1 4 29 5 169 1 179
31947 
31948 
31949 
31952 
31957 
31959 
31973 
31974 
31975 
31976 
31977 
31978 
31981 
31983 
31984 
31998 
31999 
32000 
32001 
32002 
32003 
32004 
32005 
32009 
32010 
32011 
32012 
32013 
32014 
32015 
32016 
32017 
32018 
32019 
32020 
32021 
32022 
32023 
32024 
32025 
32026 
32027 
32028 
32029 
32030 
32031 
32032 
32033 
32034 
32035 
32036 
32037 
32038 
32040 
32041 
32042 
32043 
32044 
32045 
32046 
32047 
32055 
32056 
32057 
32058 
32059 
32060 
32061 
32062 
32063 
32064 
32065 
32066 
32067 
32069 
32070 
32071 
32072 
32073 
32074 
32075 
32076 
32077 
32078 
32079 
32080 
32081 
32082 
32083 
32084 
32085 
32086 
32087 
32088 
32089 
32090 
32091 
32092 
32093 
32095 
32101 
32103 
32104 
32105 
32106 
32107 
32108 
32109 
32110 
32111 
32112 
32113 
32114 
32115 
32116 
32117 
32118 
32119 
32120 
32121 
32122 
32123 
32124 
32125 
32128 
32129 
32130 
32131 
32132 
32133 
32135 
32137 
32138 
32145 
32169 
32170 
32171 
32172 
32173 
32174 
32175 
32176 
32177 
32178 
32179 
32180 
32184 
32185 
32186 
32187 
32188 
32189 
32190 
32191 
32194 
32197 
32200 
32203 
32207 
32209 
32210 
32211 
32212 
32213 
32214 
32215 
32216 
32219 
32226 
32227 
32228 
32229 
32230 
32231 
32232 
32233 
32234 
32235 
32236 
32237 
32239 
32240 
32245 
32246 
32247 
32248 
32305 
32306 
32307 
32308 
32309 
32310 
32311 
32312 
32313 
32314 
32315 
32354 
32356 
32357 
32358 
32359 
32360 
32361 
32362 
32363 
32364 
32365 
32366 
32367 
32368 
32369 
32370 
32376 
32377 
32379 
32380 
32381 
32384 
32385 
32395 
32397 
32398 
32399 
32400 
32401 
32402 
32403 
32407 
32408 
32409 
32410 
32411 
32412 
32413 
32414 
32415 
32416 
32417 
32418 
32419 
32420 
32421 
32422 
32423 
32424 
32425 
32426 
32427 
32428 
32429 
32430 
32431 
32432 
32433 
32434 
32435 
32436 
32437 
32439 
32440 
32441 
32442 
32443 
32444 1 1 5 15 1 18 2 168 2 169 2 179
32445 
32446 
32447 
32448 
32452 
32453 
32454 
32455 
32456 
32457 
32458 
32459 
32460 
32461 
32462 
32463 
32464 
32465 
32466 
32467 
32468 
32471 
32472 
32474 
32476 
32477 
32478 
32479 
32480 
32481 
32482 
32483 
32484 
32485 
32486 
32487 
32488 
32490 
32493 
32494 
32495 
32496 
32497 
32498 
32499 
32500 
32501 
32502 
32503 
32504 
32505 
32506 
32507 
32508 
32509 
32510 
32511 
32512 
32513 
32514 
32515 
32516 
32517 
32518 
32519 
32520 
32521 
32522 
32523 
32524 
32525 
32526 
32527 
32528 
32529 
32530 
32531 
32532 
32533 
32534 
32535 
32536 
32537 
32538 
32539 
32540 
32541 
32542 
32543 
32544 
32545 
32546 
32547 
32548 
32549 
32550 
32551 
32552 
32553 
32554 
32555 
32556 
32557 
32558 
32559 
32560 
32561 
32562 
32563 
32564 
32565 
32566 
32567 
32568 
32569 
32570 
32571 
32572 
32573 
32574 
32575 1 2 3 29 3 169 1 179 1 180
32578 
32579 
32580 
32581 
32582 
32583 
32592 
32593 
32595 
32599 
32602 
32603 
32604 
32605 
32607 
32608 
32609 
32610 
32611 
32612 
32613 
32614 
32615 
32616 
32617 
32618 
32619 
32632 
32633 
32634 
32635 
32636 
32637 
32638 
32641 
32642 
32643 
32644 
32645 
32646 
32647 
32648 
32649 
32650 
32652 
32653 
32654 
32655 
32656 
32657 
32658 
32661 
32664 
32665 
32679 
32680 
32681 
32682 
32683 
32684 
32685 
32686 
32687 
32688 
32690 
32746 1 1 1 2 1 15 2 17 3 29 2 30 1 53 5 169 2 179 1 180
32750 
32751 
32752 
32753 
32754 
32755 
32756 
32757 
32758 
32759 
32760 
32761 
32762 
32763 
32764 
32765 
32766 
32767 
32770 
32776 
32777 
32778 
32779 
32780 
32781 
32782 
32784 
32785 
32788 
32790 
32791 
32792 
32793 
32797 
32801 
32803 
32804 
32805 
32806 
32807 
32809 
32810 
32811 
32812 
32819 
32820 
32823 
32824 
32825 
32826 
32827 
32828 
32829 
32830 
32834 
32835 
32836 
32837 
32839 
32841 
32842 
32844 
32845 
32846 
32847 
32848 
32855 
32856 
32857 
32858 
32859 
32860 
32862 
32863 
32864 
32865 
32866 
32868 
32869 
32870 
32871 
32872 
32873 
32874 
32875 
32878 
32879 
32880 
32881 
32882 
32888 
32889 
32891 
32892 
32893 
32894 
32897 
32899 
32912 
32913 
32914 
32915 
32917 
32918 
32922 
32923 
32924 
32925 
32926 
32927 
32928 
32929 
32930 
32934 
32935 
32936 
32937 
32939 
32940 
32941 
32942 
32943 
32944 
32945 
32949 
32950 
32954 
32955 
32959 4 1 3 2 2 15 2 17 1 21 1 30 2 168 2 169 1 170 1 172 1 179
32960 
32961 
32962 
32963 
32964 
32965 
32967 
32972 
32973 
32974 
32975 
32976 
32978 
32980 
32981 
32982 
32983 
32993 
32995 
32998 
32999 
33000 
33001 
33004 
33005 
33007 
33008 
33009 
33010 
33011 
33012 
33013 
33014 
33016 
33017 
33018 
33019 
33020 
33021 
33035 
33040 
33041 
33042 
33043 
33044 
33045 
33046 
33047 
33048 
33049 
33050 
33051 
33052 
33053 
33054 
33055 
33056 
33057 
33058 
33059 
33060 
33061 
33062 
33063 
33064 
33065 
33066 
33067 
33068 
33069 
33070 
33071 
33072 
33073 
33076 
33077 
33078 
33079 
33083 
33084 
33086 
33087 
33088 
33089 
33090 
33091 
33092 
33093 
33094 
33095 
33097 
33098 
33099 
33100 
33104 
33105 
33110 
33111 
33112 
33113 
33114 
33115 
33116 
33117 
33119 
33120 
33121 
33122 
33123 
33124 
33125 
33126 
33127 
33128 
33129 
33130 
33132 
33133 
33134 
33135 
33136 
33137 
33138 
33139 
33140 
33141 
33144 
33145 
33148 
33149 
33150 
33151 
33152 
33170 
33172 
33175 
33176 
33177 
33275 
33276 
33277 
33278 
33279 
33280 
33281 
33282 
33283 
33284 
33285 
33286 
33287 
33288 
33289 
33290 
33291 
33292 
33294 
33295 
33307 
33308 
33309 
33310 
33311 
33313 
33314 
33315 
33316 
33317 
33320 
33321 
33322 
33323 
33324 
33325 
33326 
33327 
33331 
33332 
33333 
33335 
33336 
33337 
33338 
33339 
33340 
33341 
33342 
33343 
33344 
33347 
33348 
33349 
33350 
33354 
33355 
33356 
33360 
33361 
33362 
33363 
33364 
33367 
33368 
33369 
33370 
33373 
33375 
33376 
33377 
33378 
33382 
33385 
33386 
33387 
33388 
33389 
33390 
33391 
33392 
33393 
33394 
33395 
33396 
33397 
33398 
33399 
33400 
33401 
33402 
33403 
33406 
33407 
33408 
33409 
33410 
33411 
33412 
33413 
33414 
33415 
33416 
33417 
33418 
33419 
33420 
33421 
33422 
33424 
33425 
33434 
33440 
33446 
33447 
33448 
33449 
33450 
33451 
33462 
33463 
33464 
33465 
33466 
33470 
33471 
33472 
33473 
33474 
33475 
33476 
33477 
33478 
33479 
33480 
33481 
33482 
33483 
33484 
33485 
33486 
33487 
33488 
33489 
33490 
33491 
33492 
33493 
33494 
33495 
33498 
33499 
33500 
33501 
33502 
33503 
33504 
33505 
33506 
33507 
33508 
33509 
33510 
33511 
33512 
33519 
33520 
33521 
33524 
33525 
33526 
33528 
33529 
33530 
33532 2 1 3 2 1 168 2 169 1 179 1 180
33533 2 1 3 2 1 168 2 169 1 179 1 180
33534 2 1 3 168 2 169 1 173 1 179 1 180
33535 2 1 3 168 2 169 1 173 1 179 1 180
33536 
33537 
33538 
33539 
33540 
33541 
33542 
33545 
33553 
33554 
33555 
33556 
33557 
33558 
33560 
33561 
33562 
33564 
33565 
33566 
33567 
33568 
33570 
33571 
33572 
33573 
33574 
33575 
33576 
33577 
33578 
33579 
33580 
33581 
33582 
33583 
33584 
33585 
33586 
33587 
33588 
33589 
33590 
33591 
33592 
33593 
33594 
33595 
33596 
33597 
33598 
33599 
33600 
33601 
33605 
33607 
33608 
33612 
33613 
33614 
33619 
33620 
33621 
33622 
33623 
33624 
33625 
33626 
33627 
33628 
33629 
33630 
33636 
33637 
33638 
33639 
33640 
33642 
33643 
33644 
33645 
33646 
33647 
33651 
33652 
33657 
33658 
33659 
33663 
33665 1 2 1 15 3 19 3 29 1 94 4 169 1 179
33666 
33667 
33670 
33671 
33672 
33673 
33674 
33675 
33676 
33677 
33678 
33679 
33680 
33681 
33682 
33683 
33687 
33688 
33689 
33690 
33691 
33692 
33693 
33694 
33698 
33699 
33700 
33701 
33709 
33711 
33712 
33713 
33714 
33715 
33716 
33717 
33718 
33719 
33720 
33721 
33722 
33723 
33724 
33725 
33726 
33727 
33728 
33729 
33730 
33731 
33737 
33740 
33741 
33742 
33743 
33744 
33745 
33746 
33747 
33748 
33749 1 2 4 40 4 169 1 179
33750 
33751 
33753 
33754 
33755 
33759 
33762 1 1 3 168 3 169 4 179
33765 
33771 
33774 
33775 2 2 3 3 8 29 1 136 5 169 1 179
33776 2 2 3 3 8 29 1 136 5 169 1 179
33777 
33778 
33779 
33780 
33781 
33782 
33783 
33784 
33785 
33786 
33787 
33788 
33789 
33790 
33791 
33792 
33793 
33794 
33795 
33796 
33797 
33798 
33799 
33800 
33801 
33802 
33803 
33804 
33805 
33806 
33807 
33808 
33809 
33810 
33811 
33812 
33813 
33814 
33815 
33816 
33817 
33818 
33819 
33820 
33821 
33822 
33823 
33824 
33825 
33826 
33827 
33828 
33829 
33830 
33831 
33832 
33833 
33834 
33835 
33836 
33837 
33838 
33839 
33840 
33841 
33842 
33847 
33848 
33854 
33855 
33856 
33857 
33859 
33860 
33861 
33862 
33863 
33864 
33865 2 2 2 3 8 29 1 34 1 51 5 169 1 179
33909 
33910 
33911 
33912 
33913 
33914 
33915 
33916 
33917 
33918 
33919 
33920 
33921 
33922 
33923 
33924 
33925 
33926 
33928 
33929 
33931 
33932 
33933 
33934 
33935 
33936 
33937 
33938 
33939 
33942 6 1 2 15 4 17 2 168 2 169 2 170 1 179
33943 
33946 4 1 3 15 6 17 3 53 3 168 2 169 1 176 3 179 1 180
33948 
33949 
33950 
33951 
33952 
33953 
33954 
33955 4 168 2 169 1 179 2 180
33956 
33957 
33959 
33960 
33962 
33963 
33964 
33965 
33967 
33969 
33970 
33971 
33972 
33973 
33974 
33975 
33976 
33977 
33978 
33979 
33980 
33981 
33982 
33983 
33985 
33986 
33987 
33988 
33989 
33990 
33991 
33992 
33993 
33994 
33995 
33996 
33997 
33998 
33999 
34000 
34003 
34005 
34006 1 1 9 2 4 29 1 50 5 169 1 179
34007 1 1 11 2 4 29 1 50 5 169 1 179
34009 
34010 
34011 
34012 
34013 
34014 
34015 
34016 
34017 
34018 
34019 
34020 
34021 
34022 
34023 
34028 
34029 
34030 
34036 
34037 
34038 
34039 
34040 
34041 
34042 
34043 
34044 
34045 
34046 
34047 
34048 
34049 
34050 
34051 
34052 
34053 
34054 
34055 
34056 
34057 
34058 
34059 
34060 
34061 
34062 
34063 
34064 
34065 
34066 
34067 
34068 
34069 
34070 
34071 
34072 
34073 
34074 
34075 
34077 
34078 
34079 
34080 
34081 
34082 
34083 
34084 
34085 
34086 
34087 
34088 
34089 
34090 
34091 
34092 5 15 2 17 1 18 1 29 4 30 2 169 1 179 1 180
34093 4 15 2 17 1 18 1 29 5 30 2 169 1 179 1 180
34095 
34096 
34097 
34098 
34099 
34100 
34101 
34102 
34103 
34104 
34105 
34106 
34107 
34108 
34109 
34110 
34111 
34112 
34113 
34114 
34115 
34116 
34117 
34118 
34119 
34120 
34121 
34122 
34123 
34124 
34125 
34126 
34127 
34128 
34129 
34130 
34131 
34132 
34133 
34134 
34135 
34136 
34137 
34152 
34153 
34154 
34155 
34156 1 2 5 29 5 169 1 179
34157 1 2 5 29 5 169 1 179
34158 
34159 
34160 
34161 
34164 
34165 
34166 
34167 
34168 
34169 
34170 
34171 
34172 
34173 
34174 
34175 
34183 
34187 
34188 
34189 
34190 
34191 
34192 
34193 
34194 
34195 
34196 
34197 
34198 
34199 
34206 2 1 1 2 2 169 1 179
34207 
34208 
34209 
34210 
34211 
34212 
34213 
34214 
34215 
34219 
34220 
34223 
34224 
34225 
34226 
34227 
34228 
34229 
34249 
34252 
34254 
34256 
34262 
34263 
34264 
34272 
34273 
34274 
34275 
34276 
34288 
34289 
34291 
34292 
34293 
34309 
34310 
34311 
34312 
34313 
34314 
34315 
34316 
34317 
34319 
34320 
34321 
34322 
34323 
34325 
34326 
34327 
34328 
34329 
34330 
34331 
34333 
34334 
34335 
34336 
34337 
34338 
34339 
34340 
34341 
34342 
34345 
34346 
34348 
34349 
34350 
34351 
34352 
34353 
34356 
34357 
34358 
34359 
34360 
34361 
34362 
34363 
34364 
34365 
34366 
34367 
34368 
34369 
34370 
34371 
34372 
34373 
34374 
34375 
34376 
34377 
34378 
34379 
34380 
34381 
34382 
34383 
34387 
34392 
34402 
34403 
34404 
34406 
34407 
34409 
34410 
34412 
34413 
34414 
34415 
34416 
34417 
34418 
34419 
34420 
34421 
34422 
34423 
34424 
34425 
34426 
34427 
34428 
34429 
34430 
34431 
34432 
34433 
34435 
34436 
34437 
34438 
34441 
34442 
34443 
34444 
34445 
34446 
34447 
34448 
34449 
34450 
34451 
34453 
34456 
34457 
34458 
34462 
34463 
34468 
34469 
34470 
34472 
34478 
34479 
34483 
34487 
34488 
34489 
34490 
34491 
34492 
34495 
34496 
34497 
34498 
34500 
34501 
34502 
34503 
34504 
34505 
34506 
34507 
34508 
34509 
34525 
34526 
34527 
34528 
34529 
34530 
34531 
34532 
34533 
34538 
34539 
34540 
34542 1 168 2 169 1 171 2 179 1 180
34543 
34544 
34545 
34546 
34547 
34548 
34549 
34550 
34551 
34552 
34553 
34554 
34555 
34556 
34557 
34558 
34559 
34560 
34561 
34562 
34563 
34564 
34565 
34566 
34567 
34568 
34569 
34570 
34571 
34572 1 2 2 3 7 29 1 34 1 136 5 169 1 179
34573 
34575 
34576 
34577 
34578 3 168 2 169 2 179 1 180
34580 
34582 
34583 
34584 
34589 
34596 
34597 
34598 
34601 
34602 
34603 
34604 
34605 
34606 
34607 
34608 
34609 
34610 1 2 1 15 2 16 4 19 3 29 2 30 4 169 1 179
34611 
34613 
34615 
34616 
34620 
34621 
34622 
34623 
34624 
34625 
34626 
34627 
34628 
34631 
34632 
34633 
34634 
34635 
34636 
34637 
34638 
34639 
34640 
34644 
34645 
34646 
34647 
34648 
34650 
34651 
34652 
34653 
34654 
34655 
34661 
34662 
34668 
34670 
34671 
34672 
34673 
34674 
34675 
34677 
34678 
34679 
34680 
34685 
34687 
34696 
34700 
34701 
34702 
34703 
34704 
34705 
34707 
34708 
34709 
34710 
34711 
34712 
34713 
34714 
34715 
34716 
34717 
34718 
34719 
34720 
34721 
34724 
34725 
34726 
34727 
34728 
34729 
34730 
34731 
34732 
34733 
34734 
34735 
34736 
34737 
34738 
34740 
34741 
34744 
34745 
34746 
34747 
34748 
34749 
34750 
34755 
34757 
34758 
34760 
34761 
34762 
34763 
34764 
34765 
34766 
34767 
34768 
34769 
34770 
34788 
34789 
34790 
34792 
34793 
34794 
34796 
34797 
34798 
34799 
34800 
34801 
34802 
34803 
34804 
34805 
34806 
34809 
34810 
34811 
34812 
34813 
34814 
34815 
34816 
34817 
34818 
34819 
34820 
34821 
34822 
34823 
34824 
34826 
34827 
34828 
34829 1 2 4 15 1 21 5 29 1 53 5 169 1 179
34831 
34832 
34833 
34834 
34836 
34837 
34844 
34845 
34850 
34851 
34852 
34853 
34854 4 1 7 168 2 169 3 170 1 179
34855 
34856 
34857 
34858 
34859 
34860 
34862 
34863 
34864 
34865 
34866 
34867 
34868 
34869 
34870 
34871 
34872 
34873 
34874 
34875 
34876 
34877 
34878 
34879 
34880 
34881 
34882 
34883 
34884 
34885 
34886 
34887 
34888 
34889 
34890 
34891 
34892 
34893 
34894 
34895 
34898 
34901 
34907 
34908 
34909 
34913 
34914 
34921 
34940 
34954 
34967 
34968 
34969 
34970 
34971 
34972 
34973 
34974 
34975 
34977 
34978 
34979 
34980 
34981 
34992 
34995 
34996 
34997 1 168 4 169 1 171 1 179 2 180
34998 
34999 
35000 
35001 
35002 
35006 
35007 
35009 
35010 
35011 
35013 
35019 
35024 
35026 
35028 
35029 
35030 
35031 
35032 
35033 
35035 
35036 
35037 
35038 
35039 
35040 
35041 
35042 
35043 
35044 
35045 
35047 
35048 
35049 
35054 
35056 
35057 
35065 
35067 
35068 
35069 
35070 
35071 
35072 
35073 
35074 
35075 
35076 
35078 
35079 
35080 
35081 
35082 
35083 
35084 
35085 
35086 
35087 
35088 
35089 
35090 
35091 
35092 
35093 
35094 
35095 
35096 
35097 
35098 
35099 
35100 
35101 
35102 
35103 
35104 
35105 
35106 
35107 
35108 
35109 
35110 
35111 
35112 
35113 
35114 
35115 
35116 
35117 
35118 
35119 
35120 
35121 
35122 
35123 
35124 
35125 
35126 
35128 
35129 
35130 
35131 
35132 
35133 
35134 
35135 
35136 
35137 
35138 
35140 
35141 
35142 
35143 
35144 
35145 
35146 
35147 
35150 
35151 
35152 
35153 
35154 
35155 
35156 
35157 1 2 1 3 5 29 4 169 1 179
35158 1 2 1 3 5 29 4 169 1 179
35159 
35160 
35161 
35162 
35163 
35164 
35165 
35168 
35169 
35170 
35171 
35172 
35173 
35174 
35175 
35176 
35177 
35178 
35179 
35180 
35181 
35182 
35183 
35184 
35185 
35186 
35187 
35188 
35189 
35190 
35191 
35192 
35193 
35194 
35195 
35196 1 2 4 15 4 29 1 30 1 53 5 169 1 179
35197 
35198 
35199 
35200 
35201 
35202 
35204 
35205 
35207 
35208 
35209 
35210 
35213 
35214 
35216 
35218 
35219 
35220 
35221 
35224 
35225 
35226 
35227 
35228 
35229 
35230 
35231 
35232 
35236 
35237 
35238 
35243 
35244 
35246 
35247 
35248 
35249 
35250 
35252 
35253 
35254 
35255 
35257 
35259 
35260 3 168 2 169 3 179
35261 
35262 
35265 
35267 
35269 
35271 
35274 
35275 
35276 
35280 
35281 
35284 
35285 
35288 
35292 
35295 
35296 
35298 
35299 
35300 
35301 
35305 
35306 
35307 
35308 
35309 
35310 
35311 
35312 
35314 
35315 
35316 
35319 
35323 
35324 
35325 
35333 
35334 
35335 
35336 
35337 
35338 
35339 
35341 
35342 
35343 
35346 
35347 
35348 
35349 
35350 
35351 
35352 
35353 
35354 
35355 
35356 
35357 
35358 
35359 
35375 
35376 
35377 
35378 
35379 
35380 
35381 
35382 
35383 
35384 
35386 
35387 
35389 
35390 
35391 
35393 
35394 
35395 
35396 
35397 
35398 
35399 
35400 
35401 
35402 
35403 
35404 
35405 
35406 
35407 
35408 
35409 
35410 
35411 
35412 
35413 
35414 
35415 
35416 
35417 
35418 
35419 
35420 
35421 
35422 
35423 
35426 
35427 
35428 
35429 
35430 
35431 
35432 
35435 
35441 
35442 
35443 
35444 
35445 
35446 
35447 
35450 
35451 
35452 
35453 
35464 
35477 
35479 
35480 
35481 
35482 
35483 
35484 
35485 
35486 
35487 
35488 
35489 
35490 
35491 
35492 
35493 
35494 
35495 
35496 
35497 
35498 
35499 
35501 
35502 
35505 
35506 
35507 
35508 
35509 
35511 
35512 
35513 
35514 
35515 
35516 
35517 
35518 
35519 
35520 
35521 
35522 
35523 
35524 
35525 
35526 
35527 
35528 
35529 
35531 
35532 
35533 
35536 
35537 
35538 
35539 
35540 
35543 
35546 
35547 
35548 
35549 
35550 
35551 
35552 
35554 4 169 1 171 2 179 2 180
35555 
35556 
35557 
35558 
35559 
35560 
35564 
35565 
35566 
35567 
35568 
35569 
35570 
35571 
35572 
35573 
35574 
35575 
35576 
35577 
35578 
35579 
35580 
35581 
35582 
35583 
35584 
35585 
35586 
35587 
35588 
35589 
35590 
35591 
35592 
35593 
35594 
35595 
35596 
35597 
35598 
35599 
35600 
35601 
35602 
35603 
35604 
35605 
35606 
35607 
35608 
35609 
35610 
35611 2 1 7 2 3 29 2 50 1 107 5 169 1 179
35612 2 1 6 2 3 29 2 50 1 107 5 169 1 179
35613 2 1 9 2 3 29 2 50 1 107 5 169 1 179
35614 2 1 8 2 3 29 2 50 1 107 5 169 1 179
35615 
35616 
35617 
35618 
35619 
35620 
35621 
35622 
35623 
35624 
35625 2 1 4 15 4 17 1 18 1 29 1 30 2 53 2 168 4 169 3 179 1 180
35626 
35627 
35628 
35629 
35631 
35632 
35633 
35634 
35635 
35636 
35637 
35642 
35643 
35645 
35646 
35647 
35648 
35649 
35650 
35651 
35652 
35653 
35654 
35655 
35659 
35660 
35661 
35662 
35663 
35664 
35665 
35668 
35670 
35678 
35679 
35680 
35681 
35682 
35683 
35684 
35686 
35687 
35688 
35689 
35690 
35691 
35692 
35693 
35694 
35695 
35696 
35697 
35698 
35699 
35701 
35702 
35703 
35704 
35705 
35706 
35707 
35708 
35709 
35710 
35711 
35712 
35713 
35714 
35715 
35716 
35717 
35718 
35719 
35720 
35721 
35722 
35723 
35724 
35725 
35726 
35727 
35728 
35729 
35730 
35731 
35734 
35736 
35738 
35741 
35742 
35743 
35744 
35746 
35747 
35748 
35749 
35751 
35752 
35753 
35754 
35756 
35757 
35758 
35759 
35760 
35761 
35762 
35763 
35764 
35767 
35768 
35769 
35770 
35772 
35773 
35774 
35775 
35776 
35777 
35778 
35779 
35780 
35781 
35782 
35783 
35784 
35785 
35786 
35787 
35788 
35789 
35790 
35791 
35792 
35793 
35794 
35795 
35796 
35797 
35803 
35804 
35805 
35808 
35812 
35814 
35822 
35823 
35824 
35825 
35829 
35832 
35833 
35834 
35835 
35836 
35853 
35854 
35855 
35856 
35857 
35858 
35859 
35860 
35861 
35862 
35863 
35864 
35865 
35866 
35867 
35868 
35869 
35870 
35871 
35872 
35873 
35874 
35875 
35876 
35877 
35878 
35879 
35880 
35881 
35882 
35883 
35884 
35885 
35886 
35887 
35888 
35897 
35898 
35899 
35900 
35901 
35902 
35903 
35904 
35905 
35906 
35907 
35908 
35909 
35910 
35911 
35912 
35913 
35914 
35915 
35916 
35917 
35918 
35919 
35920 
35921 
35922 
35923 
35924 
35925 
35926 
35927 
35928 
35929 
35930 
35931 
35932 
35933 
35934 
35935 
35936 
35937 
35938 
35939 
35940 
35941 
35942 
35944 
35945 
35946 
35947 
35948 
35949 
35950 
35951 
35952 
35954 
35955 
35956 
35957 
35958 
35959 
35960 
35961 
35962 
35963 
35964 
35965 
35966 
35967 
35968 
35969 
35970 
35971 
35972 
35973 
35974 
35975 
35976 
35977 
35978 
35979 
35980 
35981 
35982 
35983 
35984 
35985 
35986 
35987 
35988 
35989 
35990 
35991 
35992 
35993 
35994 
35995 
35996 
35997 
35998 
35999 
36000 
36001 
36002 
36003 
36004 
36005 
36009 
36010 
36011 
36012 
36013 
36014 
36015 
36016 
36017 
36018 
36019 
36020 
36021 
36022 
36023 
36024 
36025 
36026 
36027 
36028 
36029 
36030 
36031 
36032 
36033 
36034 
36035 
36036 
36037 
36038 
36039 
36040 
36041 
36042 
36043 
36045 
36047 
36048 
36049 
36050 
36051 
36052 
36053 
36054 
36055 
36056 
36057 
36058 
36059 
36060 
36061 
36062 
36063 
36064 
36065 
36068 
36069 
36070 
36071 
36072 
36073 
36074 
36075 
36076 
36078 
36079 
36080 
36081 
36082 
36083 
36084 
36085 
36086 
36087 
36088 
36089 
36090 
36091 
36092 
36093 
36094 
36095 
36096 
36097 
36098 
36099 
36100 
36101 
36102 
36103 
36104 
36105 
36106 
36107 
36108 
36109 
36110 
36111 
36112 
36113 
36114 
36115 
36116 
36117 
36118 
36119 
36120 
36121 
36123 
36124 
36125 
36126 
36127 
36128 
36129 
36130 
36131 
36132 
36133 
36134 
36135 
36136 
36137 
36138 
36139 
36140 
36141 
36142 
36143 
36144 
36145 
36146 
36147 
36148 
36149 
36150 
36151 
36152 
36153 
36154 
36155 
36156 
36157 
36158 
36159 
36160 
36161 
36162 
36163 
36164 
36165 
36166 
36167 
36168 
36169 
36170 
36172 
36174 
36175 
36176 
36177 
36178 
36179 
36180 
36181 
36183 
36184 
36185 
36186 
36187 
36188 
36189 
36190 
36191 
36192 
36193 
36194 
36196 
36197 
36199 
36200 
36201 
36202 
36203 
36204 
36205 
36206 
36207 
36208 
36209 
36210 
36211 
36212 
36213 
36217 
36218 
36219 
36220 
36221 
36224 
36225 
36226 
36227 
36228 
36229 
36230 
36231 
36235 
36236 
36237 
36238 
36239 
36240 
36241 
36242 
36243 
36244 
36245 
36246 
36247 
36248 
36249 
36250 
36251 
36252 
36253 
36255 
36256 
36257 
36258 
36259 
36260 
36261 
36262 
36263 
36264 
36265 
36266 
36267 
36268 
36270 
36271 
36272 
36273 
36276 
36278 
36281 
36283 
36284 
36285 
36286 
36287 
36288 
36289 
36290 
36291 
36292 
36293 
36294 
36295 
36296 
36297 
36298 
36299 
36300 
36301 
36302 
36303 
36304 
36305 
36306 
36307 
36308 
36309 
36310 
36311 
36312 
36313 
36314 
36315 
36317 
36318 
36319 
36320 
36321 
36322 
36323 
36324 
36325 
36326 
36327 
36328 
36329 
36330 
36331 
36332 
36333 
36334 
36335 
36336 
36337 
36338 
36339 
36340 
36341 
36342 
36343 
36344 
36345 
36346 
36350 
36351 
36352 
36353 
36354 
36355 
36356 
36357 
36358 
36359 
36360 
36361 
36362 
36363 
36365 
36366 
36367 
36368 
36369 
36370 
36371 
36372 
36373 
36374 
36375 
36383 
36384 
36385 
36386 
36387 
36388 
36389 
36390 
36391 
36392 
36393 
36395 
36396 
36397 
36398 
36399 
36401 
36402 
36403 
36404 
36405 
36406 
36408 
36409 
36410 
36411 
36412 
36413 
36414 
36415 
36416 
36417 
36418 
36419 
36420 
36421 
36422 
36423 
36424 
36425 
36426 
36427 
36428 
36429 
36430 
36431 
36432 
36433 
36434 
36435 
36436 
36437 
36438 
36439 
36440 
36441 
36442 
36443 
36444 
36445 
36446 
36447 
36448 
36449 
36450 
36451 
36452 
36453 
36454 
36455 
36456 
36457 
36459 
36460 
36461 
36462 
36463 
36464 
36465 
36466 
36467 
36468 
36469 
36470 
36471 
36472 
36473 
36474 
36475 
36476 
36477 
36478 
36479 
36480 1 2 3 3 7 29 1 136 1 137 5 169 1 179
36481 
36482 
36483 
36484 
36485 
36486 
36487 
36488 
36489 
36490 
36491 
36492 
36493 
36494 
36495 
36496 
36497 
36498 
36499 
36500 
36502 
36504 
36505 
36507 
36508 
36509 
36510 
36511 
36512 
36513 
36514 
36515 
36516 
36517 
36518 
36519 
36520 
36521 
36522 
36523 
36524 
36525 
36526 
36527 
36528 
36529 
36530 
36531 
36532 
36533 
36534 
36535 
36536 
36537 
36538 
36539 
36541 
36543 
36544 
36545 
36546 
36547 
36548 
36550 
36551 
36553 
36554 
36555 
36557 
36558 
36559 
36561 
36562 
36563 
36564 
36565 
36566 
36573 
36574 
36575 
36576 
36577 
36578 
36579 
36580 
36581 
36582 
36583 
36593 
36594 
36595 
36597 
36598 
36599 
36600 
36601 
36602 
36603 
36604 
36605 
36606 
36607 
36613 
36614 
36615 
36616 
36617 
36618 
36619 
36620 
36621 
36622 
36623 
36624 
36625 
36626 
36627 
36628 
36629 
36630 
36631 
36632 
36633 
36634 
36635 
36636 
36637 
36638 
36639 
36640 
36641 
36642 
36643 
36644 
36645 
36646 
36647 
36648 
36649 
36650 
36651 
36652 
36653 
36654 
36655 
36656 
36657 
36658 
36659 
36660 
36661 
36662 
36663 
36664 
36665 
36666 
36667 
36668 
36669 
36670 
36671 
36672 
36673 
36674 
36675 
36676 
36677 
36678 
36679 
36680 
36681 
36682 
36683 
36684 
36685 
36686 
36687 
36688 
36689 
36690 
36691 
36692 
36693 
36694 
36695 
36696 
36697 
36698 
36699 
36700 
36701 
36702 
36703 
36704 
36705 
36706 
36707 
36708 
36709 
36710 
36711 
36712 
36713 
36714 
36715 
36716 
36717 
36718 
36719 
36720 
36721 
36722 
36723 1 1 5 2 4 29 1 144 5 169 1 179
36724 1 1 6 2 4 29 1 144 5 169 1 179
36725 
36726 
36727 
36728 
36735 
36736 
36737 
36738 
36739 
36740 
36741 
36742 
36743 
36745 
36746 
36747 
36748 
36749 
36750 
36751 1 2 6 15 1 18 1 25 4 29 3 30 1 53 5 169 1 179
36752 
36753 
36756 
36757 
36758 
36759 
36763 
36764 
36765 
36766 
36767 
36768 
36769 
36770 
36771 
36772 
36773 
36774 
36776 
36777 
36779 
36782 
36795 
36796 
36799 
36800 
36801 
36802 
36803 
36804 
36805 
36806 
36807 
36808 
36809 
36810 
36811 
36812 
36813 
36814 
36815 
36816 
36817 
36818 
36819 
36820 
36821 
36822 
36823 
36824 
36825 
36826 
36827 
36828 
36829 
36830 
36831 
36832 
36833 
36834 
36835 
36836 
36837 
36838 
36839 
36840 
36841 
36842 
36843 
36844 
36845 
36846 
36847 
36848 
36849 
36850 
36851 
36852 
36853 
36854 
36855 
36856 
36857 
36858 
36859 
36860 
36861 
36862 
36863 
36864 
36865 
36866 
36867 
36868 
36869 
36870 
36871 
36872 
36873 
36874 
36875 
36876 
36877 
36878 
36879 
36880 
36881 
36882 
36883 
36884 
36885 
36886 
36887 
36888 
36889 
36890 
36891 
36892 
36893 
36894 
36895 
36896 
36897 
36898 
36899 
36900 
36901 
36902 
36903 
36904 
36905 
36906 
36907 
36908 
36909 
36910 
36911 
36912 
36913 
36914 
36915 
36916 
36917 
36918 
36919 
36920 
36921 
36922 
36923 
36924 
36925 
36926 
36927 
36928 
36929 
36930 
36933 
36936 
36940 
36941 
36953 
36954 
36955 
36956 
36957 
36958 
36962 
36965 
36968 
36969 
36970 
36971 
36972 
36973 
36974 
36975 
36976 
36982 
36984 
36986 
36988 
36991 
36992 
36993 
36994 
36995 
36996 
36997 
36998 
36999 
37000 
37001 
37002 
37003 
37004 
37005 
37006 
37007 
37008 
37009 
37010 
37011 
37012 
37013 
37014 
37015 
37016 
37017 
37018 
37019 
37020 
37021 
37022 
37023 
37024 
37025 
37026 
37027 
37028 
37030 
37031 
37035 
37038 
37042 
37044 
37045 
37048 
37050 
37051 
37052 
37053 
37054 
37055 
37056 
37059 
37060 1 2 4 15 1 21 5 29 1 53 5 169 1 179
37061 
37068 
37074 
37075 
37076 
37077 
37078 
37079 
37080 
37081 
37082 
37083 
37084 
37085 
37086 
37087 
37091 
37092 
37093 
37094 
37095 
37096 
37097 
37098 
37099 
37100 
37101 
37102 
37103 
37104 
37105 
37106 
37107 
37108 
37109 
37110 
37111 
37112 
37113 
37114 
37115 
37116 
37117 
37118 
37119 
37120 
37121 
37122 
37123 
37124 
37125 
37126 
37127 
37128 
37129 
37130 
37131 
37132 
37133 
37134 
37135 
37136 
37137 
37138 
37139 
37140 
37141 
37142 
37143 
37144 
37145 
37146 
37147 
37148 
37149 
37150 
37151 
37152 
37153 
37154 
37156 
37157 
37158 
37159 
37160 
37161 
37162 
37163 
37164 
37165 
37166 
37167 
37168 
37169 
37170 
37171 
37172 
37173 
37174 
37175 
37176 
37177 
37178 
37179 
37199 
37203 
37206 
37214 
37215 
37220 
37225 
37226 
37227 
37228 
37229 
37230 
37231 
37232 
37233 
37234 
37235 
37236 
37237 
37238 
37239 
37240 
37241 
37242 
37243 
37244 
37245 
37246 
37247 
37250 
37251 
37252 
37253 
37278 
37279 
37280 
37282 
37283 
37284 
37285 
37286 
37287 
37288 
37289 
37290 
37291 
37292 
37293 
37294 
37295 
37296 
37297 
37298 
37299 
37300 
37301 
37302 
37303 
37304 
37305 
37306 
37307 
37308 
37309 
37311 
37324 
37325 
37326 
37327 
37328 
37329 
37330 
37331 
37332 
37333 
37334 
37335 
37336 
37337 
37342 
37343 
37344 
37345 
37346 
37347 
37348 
37349 
37350 
37351 
37352 
37353 
37354 
37355 
37356 
37357 
37358 
37359 
37360 
37361 
37363 
37364 
37365 
37366 
37367 
37368 
37369 
37370 
37372 
37373 
37374 
37375 
37376 
37377 
37378 
37379 
37380 
37381 
37382 
37383 
37384 
37385 
37386 
37387 
37388 
37389 
37390 
37391 
37392 
37394 
37395 
37396 
37397 
37398 
37399 
37400 
37401 
37402 
37403 
37404 
37405 
37406 
37407 
37408 
37409 
37410 
37411 
37412 
37413 
37414 
37415 
37416 
37417 
37418 
37419 
37420 
37421 
37422 
37423 
37424 
37425 
37426 
37427 
37428 
37429 
37430 
37431 
37432 
37433 
37434 
37435 
37436 
37437 
37438 
37439 
37440 
37441 
37442 
37443 
37444 
37445 
37446 
37447 
37448 
37449 
37450 
37451 
37452 
37453 
37454 
37455 
37456 
37457 
37458 
37459 
37460 
37461 
37462 
37463 
37464 
37465 
37466 
37467 
37468 
37469 
37470 
37471 
37472 
37473 
37474 
37475 
37476 
37477 
37478 
37479 
37480 
37481 
37482 
37483 
37484 
37485 
37486 
37487 
37488 
37489 
37490 
37491 
37492 
37493 
37494 
37495 
37496 
37497 
37498 
37499 
37500 
37501 
37502 
37503 
37504 
37505 
37506 
37507 
37508 
37509 
37510 
37511 
37512 
37513 
37514 
37515 
37516 
37517 
37518 
37519 
37520 
37521 
37522 
37523 
37524 
37525 
37526 
37527 
37528 
37529 
37530 
37540 
37541 
37542 
37543 
37544 
37546 
37547 
37548 
37549 
37550 
37551 
37552 
37553 
37554 
37555 
37556 
37560 
37561 
37562 
37563 
37564 
37566 
37567 
37572 
37573 
37574 
37575 
37576 
37585 
37592 
37593 
37595 
37597 1 2 8 29 1 50 10 169 2 179
37598 
37599 
37600 
37601 
37602 
37603 
37604 
37611 
37613 
37614 
37615 
37616 
37617 
37618 
37619 
37620 
37621 
37622 
37623 
37624 
37625 
37626 
37627 
37628 
37629 
37630 
37631 
37632 
37633 
37634 
37636 
37637 
37638 
37640 
37641 
37642 
37643 
37644 
37645 
37646 
37647 
37648 
37649 
37650 
37651 
37652 
37653 
37654 
37655 
37656 
37657 
37658 
37659 
37660 
37677 
37678 
37679 
37680 
37681 
37682 
37683 
37684 
37685 
37686 
37687 
37688 
37689 
37690 
37691 
37692 
37696 
37697 
37698 
37699 
37700 
37701 
37702 
37703 
37704 
37705 
37706 
37707 
37708 
37709 
37710 
37711 
37712 
37713 
37714 
37715 
37716 
37717 
37718 
37719 
37720 
37721 
37722 
37723 
37724 
37725 
37726 
37727 
37728 
37729 
37730 
37731 
37732 
37733 
37734 
37735 
37736 
37739 
37740 
37741 
37742 
37743 
37744 
37745 
37750 
37751 
37752 
37753 
37754 
37755 
37756 
37757 
37758 
37759 
37760 
37761 
37762 
37763 
37764 
37765 
37766 
37767 
37768 
37769 
37770 
37771 
37772 
37773 
37775 
37776 
37777 
37780 
37781 
37782 
37783 
37784 
37785 
37786 
37788 
37806 
37811 
37812 
37813 
37814 
37815 
37816 
37817 
37818 
37819 
37820 
37821 
37822 
37823 
37824 
37825 
37826 
37827 
37828 
37829 
37831 
37832 
37833 
37834 
37835 
37836 
37838 
37839 
37840 
37841 
37842 
37843 
37844 
37845 
37846 
37847 
37848 
37849 
37850 
37851 
37852 
37853 
37854 
37855 
37856 
37857 
37866 
37867 
37868 
37869 
37870 
37873 
37874 
37875 
37876 
37877 
37878 
37879 
37880 
37882 
37883 
37884 
37885 
37886 
37887 
37888 
37889 
37890 
37891 
37892 
37893 
37894 
37895 
37896 
37897 
37898 
37899 
37900 
37901 
37902 
37903 
37904 
37905 
37906 
37907 
37908 
37909 
37910 
37911 
37912 
37913 
37914 
37915 
37916 
37917 
37918 
37921 
37922 
37923 
37924 
37925 
37926 
37927 
37928 
37929 
37930 
37931 
37932 
37933 
37934 
37935 
37936 
37937 
37938 
37939 
37940 
37941 
37942 
37947 
37948 
37949 
37950 
37951 
37956 
37957 
37958 
37960 
37964 
37968 
37970 
37971 
37974 
37976 
37977 
37978 
37979 
37982 
37983 
37986 
37991 
37993 
37996 
37997 
37998 
38004 
38005 
38007 
38008 
38009 
38010 
38011 
38012 
38013 
38016 
38017 
38018 
38019 
38021 
38025 
38026 
38028 
38029 
38030 
38031 
38032 
38033 
38034 
38035 
38036 
38037 
38038 
38042 
38047 
38048 8 15 2 17 2 18 4 168 2 169 1 171 2 176 1 179 2 180
38049 8 15 2 17 2 18 4 168 2 169 1 171 2 176 1 179 2 180
38055 
38058 
38059 
38060 
38061 
38062 
38063 
38064 
38065 
38068 
38069 
38076 
38077 
38078 
38080 
38081 
38082 
38085 
38090 
38091 
38092 
38093 
38096 
38097 
38100 
38101 
38102 
38103 
38104 
38105 
38106 
38107 
38108 
38109 
38110 
38111 
38112 
38113 
38115 
38116 
38119 
38120 
38121 
38123 
38124 
38125 
38126 
38127 
38128 
38129 
38130 
38131 
38132 
38133 
38137 
38138 
38140 
38141 
38142 
38143 
38144 
38145 
38149 
38150 
38151 
38152 
38153 
38154 
38155 
38156 
38157 
38158 
38159 
38160 
38161 
38162 
38163 
38164 
38165 
38169 
38170 
38171 
38172 
38173 
38177 
38178 
38179 
38180 
38186 
38187 
38188 
38189 
38190 
38191 
38192 
38194 
38195 
38196 
38198 
38199 
38204 
38205 
38206 
38209 
38210 
38211 
38212 
38213 
38215 
38217 
38218 
38219 
38220 
38221 
38222 
38226 
38227 
38230 
38231 
38232 
38233 
38234 
38235 
38236 
38237 
38238 
38239 
38243 
38244 
38245 
38246 
38247 
38248 
38249 
38250 
38253 
38256 
38257 
38258 
38259 
38261 
38262 
38263 
38264 
38265 
38266 
38267 
38268 
38269 
38270 
38272 
38277 
38278 
38279 
38280 
38281 
38282 
38283 
38284 
38285 
38286 
38287 
38288 
38290 
38291 
38293 
38294 
38295 
38296 
38297 
38298 
38300 
38301 
38302 
38303 
38304 
38305 
38306 
38307 
38310 
38311 
38313 
38314 
38344 
38345 
38346 
38347 
38348 
38349 
38351 
38353 
38354 
38355 
38356 
38357 
38359 
38360 
38361 
38363 
38364 
38365 
38366 
38367 
38368 
38369 
38371 
38372 
38373 
38374 
38375 
38376 
38377 
38378 
38379 
38380 
38382 
38384 
38385 
38386 
38387 
38388 
38390 
38391 
38392 
38393 
38394 
38395 
38396 
38397 
38398 
38399 
38400 
38403 
38404 
38405 
38406 
38407 
38408 
38409 
38410 
38411 
38412 
38413 
38414 
38416 
38417 
38418 
38419 
38420 
38421 
38422 
38423 
38424 
38426 
38427 
38435 
38436 
38442 
38443 
38444 
38445 
38446 
38447 
38448 
38449 
38450 
38451 
38452 
38453 
38454 
38455 
38456 
38457 
38458 
38459 
38460 
38461 
38462 
38463 
38464 
38465 
38466 
38467 
38468 
38470 5 1 2 48 1 168 5 169 2 170 5 179
38471 5 1 1 2 2 48 1 168 5 169 2 170 5 179
38472 5 1 1 41 1 48 1 168 5 169 2 170 5 179
38473 4 1 1 29 1 168 5 169 2 170 5 179
38474 
38475 
38481 
38482 
38483 
38486 
38487 
38488 
38489 
38490 
38491 
38492 
38493 
38495 
38496 
38497 
38498 
38499 
38500 
38501 
38502 
38503 
38504 
38505 
38506 
38507 
38508 
38509 
38510 
38511 
38512 
38513 
38514 
38515 
38516 
38517 
38521 
38522 
38523 
38524 
38525 
38526 
38527 
38528 
38529 
38530 
38531 
38532 2 1 4 29 5 168 6 169 4 170 1 174 1 179 1 180
38534 
38535 
38536 
38546 
38547 
38548 
38550 
38551 
38552 
38553 
38554 
38565 
38566 
38567 
38568 
38569 
38570 
38571 
38572 
38573 
38574 
38575 
38576 
38577 
38578 
38579 
38580 
38581 
38582 
38583 
38584 
38585 
38586 
38587 
38588 
38600 
38601 
38602 
38603 
38604 
38605 
38606 
38607 
38612 
38613 
38615 
38616 
38617 
38618 
38619 
38620 
38621 
38622 
38623 
38624 
38625 
38626 
38627 
38628 
38629 
38639 
38642 
38643 
38644 
38645 
38646 
38647 
38648 
38650 
38651 
38652 
38653 
38655 
38656 
38658 
38659 
38660 
38661 
38662 
38663 
38666 
38667 
38668 
38669 
38671 
38672 
38673 
38674 
38675 
38676 
38677 
38678 
38679 
38680 
38681 
38682 
38683 
38684 
38685 
38686 
38687 
38688 
38689 
38690 
38691 
38692 
38693 
38694 
38695 
38696 
38697 
38698 
38699 
38700 
38701 
38702 
38703 
38704 
38705 
38706 
38707 
38708 
38709 
38710 
38711 
38712 
38713 
38714 
38715 
38718 
38719 
38720 
38721 
38722 
38723 
38724 
38725 
38726 
38727 
38728 
38729 
38730 
38731 
38732 
38733 
38734 
38735 
38736 
38737 
38738 
38740 
38744 
38745 
38746 
38747 
38748 
38749 
38750 
38751 
38752 
38753 
38754 
38755 
38762 
38770 
38771 
38772 
38773 
38774 
38775 
38776 
38779 
38780 
38782 
38785 
38786 
38787 
38788 
38789 
38790 
38791 
38796 
38802 
38803 
38807 
38808 
38809 
38810 
38814 
38815 
38816 
38817 
38818 
38820 
38822 
38827 
38828 
38829 
38830 
38831 
38832 
38836 
38837 
38838 
38839 
38841 
38842 
38843 
38844 
38845 
38846 
38847 
38848 
38849 
38850 
38851 
38852 
38853 
38854 
38855 
38856 
38861 
38862 
38863 
38864 
38865 
38866 
38867 
38868 
38869 
38870 
38871 
38872 
38873 
38875 
38876 
38877 
38878 
38879 
38882 
38884 
38886 
38887 
38889 
38890 
38891 
38892 
38893 
38894 
38895 
38897 
38898 
38899 
38900 
38901 
38902 
38903 
38904 
38908 
38909 
38910 
38911 
38912 
38913 
38914 
38915 
38916 
38917 
38918 
38919 
38920 
38921 
38922 
38923 
38924 
38925 
38926 
38927 
38928 
38929 
38930 
38931 
38932 
38933 
38934 
38935 
38936 
38939 
38940 
38941 
38942 
38943 
38944 
38945 
38946 
38947 
38948 
38949 
38950 
38951 
38952 
38953 
38954 
38955 
38974 
38975 
38986 
38987 
38988 
38994 
39001 
39008 
39010 
39015 
39016 
39019 3 1 1 48 1 167 8 168 3 169 3 170 1 172 1 179 2 180
39020 
39024 
39030 
39031 
39035 
39038 
39039 
39040 
39042 
39043 
39044 
39045 
39046 
39047 
39048 
39049 
39051 
39052 
39053 
39054 
39055 
39056 
39057 
39058 
39059 
39060 
39061 
39062 
39063 
39064 
39068 
39069 
39070 
39071 
39072 
39073 
39077 
39078 
39079 
39080 
39081 
39082 
39083 
39084 
39085 
39086 
39087 
39088 
39089 
39090 
39091 
39092 
39093 
39094 
39095 
39096 
39097 
39098 
39099 
39100 
39101 
39102 
39103 
39104 
39105 
39106 
39107 
39108 
39109 
39110 
39111 
39112 
39113 
39114 
39115 
39116 
39117 
39118 
39119 
39121 
39122 
39123 
39124 
39125 
39126 
39127 
39128 
39129 
39130 
39131 
39132 
39133 
39134 
39135 
39136 
39137 
39138 
39139 
39140 
39141 
39142 
39143 
39144 
39145 
39146 
39147 
39148 
39149 
39150 
39151 
39152 
39153 
39154 
39155 
39156 
39157 
39158 
39159 
39160 
39161 
39162 
39163 
39164 
39165 
39166 
39167 
39168 
39169 
39170 
39171 
39172 
39173 
39174 
39175 
39176 
39177 
39178 
39179 
39181 
39182 
39183 
39184 
39185 
39186 
39187 
39188 
39189 
39190 
39191 
39192 
39193 
39194 
39195 
39196 
39197 
39199 
39200 
39201 
39202 
39203 
39204 
39205 
39206 
39209 
39210 
39211 
39220 
39221 
39222 
39226 
39227 
39231 
39232 
39236 
39238 
39240 
39241 
39242 
39243 
39244 
39245 
39246 
39247 
39248 
39249 
39250 
39251 
39252 
39253 
39254 
39255 
39256 
39257 
39258 
39259 
39260 
39261 
39262 
39270 
39271 
39272 
39275 
39276 
39277 
39278 
39279 
39280 
39281 
39282 
39283 
39285 
39286 
39287 
39288 
39289 
39290 
39291 
39292 
39294 
39295 
39296 
39297 
39298 
39299 
39300 
39301 
39302 
39303 
39304 
39305 
39306 
39307 
39308 
39309 
39310 
39311 
39312 
39313 
39314 
39315 
39317 
39318 
39319 
39320 
39321 
39322 
39323 
39324 
39325 
39326 
39327 
39328 
39329 
39330 
39331 
39332 
39333 
39334 
39335 
39336 
39337 
39338 
39339 
39340 
39341 
39342 
39345 
39346 
39347 
39348 
39349 
39350 
39351 
39352 
39353 
39354 
39355 
39356 
39357 
39358 
39359 
39360 
39361 
39362 
39363 
39364 
39365 
39366 
39367 
39368 
39369 
39370 
39371 
39372 
39373 
39374 
39375 
39376 
39377 
39378 
39379 
39380 
39381 
39382 
39383 
39384 
39385 
39386 
39387 
39388 
39389 
39390 
39391 
39392 
39393 
39394 
39395 
39396 
39397 
39398 
39399 
39400 
39401 
39402 
39403 
39404 
39406 
39407 
39408 
39409 
39410 
39411 
39412 
39413 
39414 
39415 
39416 
39417 
39418 
39419 
39420 
39421 
39422 
39423 
39424 
39425 
39426 
39427 
39428 
39429 
39430 
39431 
39432 
39433 
39434 
39435 
39436 
39437 
39438 
39439 
39440 
39441 
39442 
39443 
39444 
39445 
39446 
39447 
39448 
39449 
39450 
39451 
39452 
39453 
39454 
39455 
39456 
39457 
39458 
39459 
39461 
39462 
39463 
39464 
39465 
39466 
39467 
39470 
39471 
39473 
39474 
39475 
39476 
39477 
39478 
39482 
39483 
39484 
39485 
39486 
39487 
39488 
39489 
39490 
39491 
39492 
39493 
39494 
39495 
39496 
39497 
39498 
39499 
39500 
39501 
39502 
39503 
39504 
39505 
39506 
39509 
39510 
39511 
39512 
39513 
39514 
39515 
39516 
39517 
39518 
39519 
39520 
39521 
39522 
39523 
39524 
39525 
39527 
39529 
39530 
39531 
39532 
39533 
39534 
39535 
39536 
39537 
39538 
39539 
39543 
39544 
39545 
39546 
39547 
39548 
39549 
39550 
39551 
39552 
39554 
39555 
39556 
39557 
39558 
39565 
39566 
39567 
39568 
39569 
39575 
39576 
39577 
39578 
39579 
39580 
39581 
39582 
39583 
39584 
39585 
39586 
39587 
39588 
39589 
39590 
39591 
39592 
39593 
39594 
39595 
39596 
39597 
39598 
39599 
39600 
39601 
39602 
39603 
39604 
39605 
39608 
39609 
39610 
39613 
39614 
39615 
39616 
39620 
39621 
39622 
39624 
39625 
39626 
39627 
39628 
39629 
39630 
39631 
39632 
39633 
39634 
39635 
39636 
39637 
39638 
39639 
39641 
39642 
39643 
39645 
39647 
39654 
39655 
39656 
39657 
39659 
39660 
39661 
39662 
39663 
39664 
39665 
39666 
39667 
39668 
39669 
39670 
39671 
39672 
39673 
39674 
39675 
39676 
39677 
39678 
39682 
39684 
39685 
39686 
39687 
39688 
39689 
39690 
39691 
39692 
39694 
39695 
39696 
39697 
39698 
39699 
39700 
39701 
39702 
39703 
39704 
39705 
39706 
39707 
39708 
39710 
39711 
39712 
39713 
39714 
39715 
39716 
39717 
39718 
39719 
39720 
39721 
39722 
39723 
39724 
39725 
39726 
39727 
39728 
39729 
39730 
39731 
39732 
39733 
39734 
39735 
39736 
39737 
39738 
39739 
39740 
39741 
39742 
39743 
39744 
39745 
39746 
39747 
39748 
39749 
39750 
39751 
39752 
39753 
39754 
39755 
39756 
39757 
39759 
39760 
39761 
39762 
39763 
39764 
39765 
39766 
39767 
39768 
39769 
39770 
39771 
39772 
39773 
39774 
39775 
39776 
39777 
39778 
39779 
39780 
39783 
39784 
39785 
39786 
39787 
39788 
39790 
39791 
39795 
39796 
39797 
39798 
39799 
39800 
39801 
39802 
39803 
39804 
39805 
39806 
39807 
39808 
39809 
39810 
39811 
39812 
39813 
39814 
39815 
39816 
39817 
39818 
39819 
39820 
39824 
39826 
39830 
39831 
39832 
39833 
39834 
39835 
39836 
39837 
39838 
39839 
39840 
39841 
39842 
39843 
39850 
39851 
39855 
39856 
39857 
39858 
39859 
39860 
39861 
39862 
39866 
39867 
39868 
39869 
39870 
39871 
39872 
39873 
39874 
39875 1 81 3 83 6 169 1 170 3 179
39876 
39877 
39878 
39879 
39880 
39881 
39882 
39883 
39884 
39885 
39886 
39887 
39888 
39889 
39890 
39891 
39892 
39893 
39894 
39895 
39896 
39897 
39898 
39899 
39900 
39901 
39902 
39903 
39904 
39905 
39906 
39907 
39908 
39909 
39910 
39911 
39912 
39913 
39925 
39927 
39928 
39929 
39934 
39935 
39938 
39939 
39940 
39941 
39942 
39943 
39944 
39945 
39946 
39947 
39948 
39949 
39950 
39951 
39952 
39953 
39954 
39955 
39956 
39957 
39958 
39959 
39960 
39961 
39962 
39972 
39975 
39976 
39980 
39981 
39982 
39983 
39984 
39985 
39986 
39987 
39988 
39989 
39990 
39991 
39992 
39993 
39994 
39995 
39997 
39998 
39999 
40000 
40001 
40002 
40003 
40004 
40005 
40006 
40007 
40008 
40009 
40010 
40011 
40012 
40013 
40014 
40015 
40016 
40017 
40018 
40019 
40020 
40021 
40022 
40023 
40024 
40025 
40026 
40027 
40028 
40029 
40030 
40031 
40032 
40033 
40035 
40036 2 1 2 2 1 50 1 168 2 169 2 179
40037 
40038 
40039 
40040 
40041 
40042 
40043 
40052 
40053 
40056 
40057 
40058 
40059 
40061 
40062 
40067 
40069 
40070 
40071 
40072 
40073 
40074 
40075 
40076 
40077 
40078 
40079 
40081 
40082 
40083 
40084 
40085 
40087 
40088 
40090 
40091 
40092 
40097 
40098 
40099 
40100 
40101 
40102 
40103 
40104 
40105 
40106 
40107 
40108 
40109 
40110 
40111 
40112 
40113 
40114 
40115 
40116 
40117 
40118 
40119 
40120 
40121 
40122 
40123 
40124 
40125 
40126 
40127 
40128 
40129 
40130 
40131 
40132 
40133 
40134 
40135 
40136 
40137 
40138 
40149 
40150 
40160 
40162 
40166 
40167 
40168 
40171 
40172 
40173 
40174 
40175 
40176 
40180 
40181 
40182 
40183 
40184 
40186 
40187 
40188 
40189 
40190 
40191 
40192 
40193 
40194 
40195 
40196 
40197 
40198 
40199 
40203 
40204 
40205 
40208 
40210 
40211 
40212 
40222 
40223 
40232 
40233 
40234 
40237 
40238 
40243 
40244 
40245 
40246 
40247 
40255 
40256 
40257 
40258 
40259 
40260 
40262 
40264 
40265 
40267 
40268 
40269 
40270 
40271 
40275 
40276 
40277 
40278 
40279 
40280 
40283 
40284 
40285 
40286 4 1 3 2 1 15 2 17 1 21 1 30 1 32 2 168 2 169 1 170 1 172 1 179
40289 3 1 4 2 2 15 2 17 1 21 1 29 1 30 2 168 2 169 1 170 1 172 1 179
40290 3 1 3 2 2 15 2 17 1 21 1 30 1 31 2 168 2 169 1 170 1 172 1 179
40291 4 1 3 2 2 15 2 17 1 21 1 30 2 168 2 169 1 170 1 172 1 179
40292 4 1 3 2 2 15 2 17 1 21 1 30 2 168 2 169 1 170 1 172 1 179
40293 4 1 3 2 2 15 2 17 1 21 1 30 2 168 2 169 1 170 1 172 1 179
40298 4 1 1 2 2 15 2 17 1 21 1 30 2 168 2 169 1 170 1 172 1 179
40303 
40304 
40305 
40312 
40313 
40314 
40316 
40317 
40318 
40319 
40320 
40326 
40327 3 1 3 2 1 29 1 42 4 168 6 169 1 171 1 172 1 179 1 180
40329 
40330 
40333 
40334 
40339 
40340 
40341 
40342 
40343 
40344 
40345 
40346 
40347 
40348 
40349 
40350 
40351 
40352 
40353 
40354 
40355 
40356 
40357 
40359 
40360 
40361 
40362 
40363 
40364 
40365 
40378 
40379 
40380 
40381 
40382 
40383 
40384 
40385 
40386 
40387 
40388 
40389 
40390 
40391 
40392 
40393 
40394 
40395 
40396 
40397 
40399 
40400 
40401 
40402 
40403 
40404 
40405 
40421 
40422 
40423 
40425 
40426 
40427 
40428 
40429 
40430 
40431 
40432 
40433 
40435 
40436 
40437 
40438 
40439 
40440 
40441 
40442 
40443 
40444 
40445 
40446 
40447 
40448 
40449 
40450 
40451 
40452 
40453 
40454 
40455 
40456 
40457 
40458 
40459 
40460 
40461 
40462 
40463 
40464 
40465 
40466 
40467 
40468 
40469 
40470 
40471 
40472 
40473 
40474 
40475 4 1 1 50 1 65 1 149 1 168 3 169 3 170 5 179
40476 
40477 
40478 
40479 
40480 
40481 
40482 
40483 
40484 
40485 
40486 
40487 
40488 
40490 
40492 
40493 
40496 
40497 
40498 
40499 
40500 
40501 
40502 
40503 
40511 
40512 
40513 
40514 
40515 
40516 
40517 
40518 
40519 
40520 
40521 
40522 
40523 
40524 
40525 
40526 
40527 
40531 
40532 
40533 
40534 
40535 
40536 
40537 
40538 
40540 
40541 
40543 
40544 
40547 
40548 
40549 
40550 
40551 
40552 
40553 
40554 
40555 
40556 
40557 
40558 
40559 
40560 
40561 
40562 
40564 
40565 
40566 
40567 
40568 
40569 
40570 
40571 
40573 
40574 
40576 
40577 
40578 
40579 
40580 
40581 
40582 
40583 
40584 
40585 
40586 
40587 
40588 
40589 
40595 
40596 
40597 
40599 
40600 
40601 
40602 
40603 
40604 
40605 
40606 
40607 
40608 
40609 
40610 
40611 
40612 
40613 
40614 
40615 
40616 
40617 
40618 
40619 
40620 
40621 
40622 
40623 
40624 
40625 
40626 
40627 
40628 
40629 
40630 
40631 
40642 
40643 
40644 
40645 
40646 
40648 
40649 
40650 
40651 
40652 
40653 
40654 
40655 
40656 
40657 
40658 
40659 
40660 
40661 
40662 
40663 
40664 
40665 
40666 
40667 
40668 
40669 
40675 
40676 
40677 
40678 
40679 
40680 
40681 
40682 
40683 
40684 
40685 
40686 
40687 
40688 
40689 
40690 
40691 
40692 
40693 
40694 
40695 
40696 
40697 
40698 
40699 
40700 
40701 
40702 
40703 
40704 
40706 
40707 
40708 
40709 
40710 
40711 
40712 
40713 
40714 
40715 
40716 
40717 
40718 
40719 
40720 
40721 
40722 
40723 
40724 
40725 
40726 
40727 
40730 
40731 
40733 
40734 
40735 
40740 
40741 
40742 
40743 
40744 
40745 
40756 
40759 
40760 
40761 
40770 
40773 
40774 
40775 
40776 
40777 
40778 
40779 
40780 
40781 
40782 
40783 
40784 
40785 
40786 
40787 
40788 
40789 
40790 
40791 
40792 
40793 
40794 
40795 
40796 
40797 
40798 
40799 
40800 
40801 
40802 
40803 
40804 
40805 
40806 
40807 
40808 
40809 
40810 
40811 
40812 
40813 
40814 
40815 
40816 
40817 
40818 
40819 
40822 
40823 
40824 
40825 
40826 
40827 
40828 
40829 
40830 
40831 
40832 
40833 
40834 
40835 
40836 
40837 
40838 
40839 
40840 
40841 
40842 
40843 
40844 
40845 
40846 
40847 
40848 
40849 
40850 
40851 
40857 
40858 
40859 
40860 
40865 
40866 
40867 
40868 
40869 
40870 
40871 
40872 
40873 
40874 
40875 
40876 
40877 
40878 
40879 
40880 
40881 
40882 
40883 
40884 
40885 
40886 
40887 
40888 
40889 
40890 
40891 
40892 
40893 
40896 
40897 
40899 
40900 
40901 
40902 
40903 
40904 
40905 
40906 
40907 
40908 
40909 
40910 
40911 
40912 
40913 
40914 
40915 
40916 
40917 
40918 
40919 
40920 
40921 
40922 
40923 
40924 
40925 
40926 
40927 
40928 
40929 
40930 
40931 
40932 
40933 
40934 
40935 
40936 
40937 
40938 
40939 
40940 
40941 
40942 
40943 
40944 
40945 
40946 
40947 
40948 
40951 
40952 
40953 
40954 
40955 
40961 
40963 
40964 
40965 
40966 
40967 
40968 
40969 
40970 
40971 
40972 
40973 
40974 
40975 
40976 
40977 
40978 
40979 
40981 
40983 
40985 
40986 
40987 
40988 
40989 
40990 
40991 
40992 
40993 
40994 
40995 
40996 
40997 
40998 
40999 
41000 
41001 
41002 
41003 
41004 
41005 
41006 
41007 
41008 
41009 
41010 
41011 
41012 
41013 
41014 
41015 
41016 
41017 
41018 
41019 
41020 
41021 
41022 
41023 
41024 
41025 
41026 
41027 
41028 
41029 
41030 
41031 
41032 
41033 
41034 
41035 
41036 
41037 
41038 
41039 
41040 
41041 
41042 
41043 
41044 
41045 
41046 
41047 
41048 
41049 
41050 
41051 
41052 
41053 
41054 
41055 
41056 
41057 
41058 
41065 
41066 
41067 
41068 
41069 
41070 
41071 
41072 
41073 
41074 
41075 
41076 
41077 
41078 
41079 
41080 
41081 
41082 
41083 
41084 
41085 
41086 
41087 
41088 
41089 
41090 
41091 
41092 
41093 
41094 
41095 
41096 
41097 
41098 
41099 
41100 
41101 
41102 
41103 
41104 
41105 
41106 
41107 
41108 
41109 
41110 
41111 
41112 
41113 
41114 
41115 
41116 
41117 
41118 
41119 
41120 
41121 
41122 
41123 
41124 
41125 
41126 
41127 
41129 
41130 
41132 
41133 
41134 
41135 
41136 
41137 
41139 
41140 
41142 
41143 
41144 
41145 
41146 
41147 
41148 
41149 
41150 
41151 
41152 
41153 
41154 
41155 
41156 
41157 
41158 
41159 
41160 
41161 
41162 
41163 
41164 
41167 
41168 
41169 
41170 
41171 
41172 
41173 
41174 
41175 
41176 
41177 
41178 
41179 
41180 
41181 
41182 
41183 
41184 
41185 
41186 
41187 
41188 
41189 
41190 
41191 
41194 
41195 
41196 
41197 
41198 
41199 
41200 
41201 
41202 
41204 
41205 
41206 
41210 
41211 
41212 
41213 
41214 
41215 
41216 
41217 
41218 
41219 
41222 
41223 
41224 
41225 
41226 
41227 
41228 
41229 
41234 
41235 
41236 
41237 
41238 
41239 
41240 
41243 
41250 
41251 
41252 
41253 
41258 
41259 
41261 
41262 
41263 
41264 
41265 
41266 
41267 
41268 
41269 
41270 
41271 
41272 
41273 
41274 
41275 
41276 
41278 
41279 
41280 
41281 
41282 
41283 
41284 
41285 
41286 
41287 
41288 
41289 
41290 
41291 
41292 
41293 
41294 
41295 
41296 
41297 
41298 
41299 
41300 
41301 
41302 
41304 
41305 
41308 
41309 
41315 
41316 
41317 
41320 
41321 
41322 
41323 
41324 
41326 
41327 
41328 
41329 
41331 
41332 
41333 
41334 
41335 
41336 
41337 
41338 
41339 
41340 
41341 
41342 
41343 
41344 
41345 
41346 
41347 
41348 
41355 
41358 
41359 
41361 
41362 
41363 
41364 
41365 
41366 
41367 
41368 
41369 
41370 
41371 
41372 
41373 
41374 
41375 
41376 
41377 
41378 
41379 
41380 
41381 
41382 
41383 
41384 
41385 
41386 
41387 
41388 
41389 
41390 
41391 
41392 
41393 
41394 
41395 
41396 
41397 
41398 
41399 
41400 
41401 
41402 
41403 
41404 
41405 
41406 
41407 
41408 
41409 
41410 
41411 
41412 
41413 
41414 
41415 
41416 
41420 
41421 
41422 
41423 
41424 
41425 
41426 
41427 
41428 
41429 
41430 
41431 
41433 
41434 
41435 
41436 
41437 
41438 
41439 
41440 
41441 
41442 
41443 
41444 
41445 
41446 
41447 
41448 
41449 
41450 
41451 
41452 
41453 
41454 
41455 
41456 
41458 
41459 
41460 
41462 
41463 
41464 
41465 
41466 
41467 
41468 
41469 
41470 
41471 
41472 
41473 
41474 
41475 
41476 
41477 
41478 
41479 
41480 
41481 
41482 
41483 
41484 
41485 
41486 
41487 
41488 
41489 
41490 
41491 
41492 
41493 
41494 
41495 
41496 
41497 
41498 
41499 
41500 
41501 
41502 
41503 
41504 
41505 
41506 
41507 
41508 
41509 
41510 
41511 
41512 
41513 
41514 
41515 
41516 
41517 
41518 
41519 
41520 
41521 
41522 
41523 
41524 
41525 
41526 
41527 
41528 
41535 2 49 2 169 1 171 1 179
41536 
41545 
41546 
41547 
41548 
41549 
41550 
41551 
41552 
41554 