1 2 1 14 2 1 100
2 2 1 18 2 1 100
3 2 1 4 2 1 3 1 128
4 2 1 4 2 1 3 1 128
5 
6 1 1 2 15 3 20 1 37
7 4 1 2 2 1 3 1 42
8 3 1 4 2 1 3 1 41
9 
10 9 15 2 18 1 126
11 2 1 1 2 1 3 1 7 1 29
12 2 1 7 2 1 7 1 48
13 
14 1 1 1 7 3 15 1 98 2 123
15 1 168 1 174 1 179 2 180
16 2 1 4 168 2 169
17 2 1 4 168 2 169
18 1 1 4 168 1 169 1 175 1 180
19 2 1 4 2 5 15 1 64
20 
21 1 1 8 2 1 68
22 3 1 5 2 1 42
23 2 1 10 2 5 15 1 22
24 2 1 17 2 5 15 1 22
25 2 1 17 2 5 15 1 22
26 2 1 1 168 2 169
27 3 15 2 20 1 53 1 87
28 4 2 2 165
29 1 1 3 2 1 50 1 165
30 1 1 1 2 4 15 1 21 1 32
31 2 1 16 2 2 41
32 1 1 4 15 1 19 1 45
33 1 1 4 15 1 19 1 45
34 3 2 1 108 1 113
35 1 1 9 2 1 108
36 6 168 1 174
37 8 15 1 18 1 21 2 76
38 5 15 1 49 1 98
39 
40 5 15 1 25 1 108
41 2 1 13 2 1 144
42 1 13 1 129
43 3 1 1 2 1 4 1 108
44 1 1 3 15 2 20 1 21
45 1 1 8 2 5 168 1 169
46 1 1 2 2 1 3 10 168 2 169
47 4 1 3 15 2 22 1 30
48 6 1 2 15 3 22 1 30
49 9 168 1 172 1 176
50 2 1 1 2 1 61 1 68
51 1 68 5 168 1 176
52 1 2 1 33 1 127
53 
54 1 1 12 2 1 5 1 48
55 1 1 1 168 1 172
56 1 1 22 2 1 29
57 4 1 8 2 2 15 4 45
58 1 54 5 168 1 169
59 2 1 3 15 1 20 1 22 1 30
60 2 1 3 15 1 20 1 22 1 30
61 2 1 3 15 1 20 1 22 1 30
62 2 1 3 15 1 20 1 22 1 30
63 6 15 4 16 2 19 2 20
64 3 15 2 30 1 80
65 10 168 1 169 1 176
66 1 1 1 2 5 15 1 37 1 60
67 5 1 1 15 5 45
68 6 1 2 2 4 15 2 23
69 1 1 17 2 1 5
70 1 1 6 2 1 13
71 1 1 4 15 1 21 1 24
72 
73 5 15 1 37 2 168 1 169
74 1 1 3 15 2 20 1 37
75 4 1 1 29 2 168 2 170 1 176 1 180
76 1 1 1 2 1 41 1 49
77 3 15 1 62 2 124
78 5 15 1 22 1 31 5 168 1 169
79 2 1 9 2 1 3 1 29
80 2 1 3 2 1 3 1 5 1 48
81 8 15 1 18 1 37 2 126
82 1 1 1 2 1 50 1 165
83 2 1 2 2 1 3 1 5
84 
85 1 1 3 2 1 5 2 50
86 1 72 4 168 1 169
87 2 1 8 2 1 3 1 29
88 1 1 1 169 3 171
89 2 1 2 2 1 4 1 13 1 29
90 3 1 1 3 5 15 1 23 1 29
91 3 15 2 17 1 71 1 168 2 179
92 4 1 2 3 2 168 1 170 2 179
93 1 72 3 168 1 169
94 8 15 2 18 2 20
95 1 1 17 2 5 168 1 169
96 1 1 16 2 5 15 1 21
97 8 15 2 18 1 19 1 20
98 2 1 7 2 5 15 1 22
99 2 1 7 2 5 15 1 22
100 2 1 1 3 1 29 4 168 2 169
101 3 1 1 2 1 3 2 50
102 1 1 1 2 1 3 2 49
103 1 1 5 2 1 49
104 1 1 2 2 1 4 2 29 1 31
105 1 1 14 2 1 108
106 1 1 13 2 1 108
107 1 1 1 48 2 168 1 169 1 170
108 1 1 1 137 5 168 1 170
109 3 1 3 2 2 3 1 5
110 1 1 4 19 1 20
111 2 1 6 2 1 60
112 1 1 1 2 7 15 2 16 1 53
113 2 2 1 68 1 128
114 2 1 2 2 1 61 1 68
115 3 2 1 13 1 29
116 2 1 4 15 1 22 1 126
117 2 1 10 2 1 41
118 2 1 3 168 2 169 1 180
119 
120 9 168 4 169
121 2 1 1 2 1 3 2 168 1 169
122 1 1 5 15 1 99 5 168 1 169
123 3 1 6 2 1 3
124 2 2 1 13 1 31
125 2 1 3 2 1 7
126 2 1 2 2 1 3 1 33
127 3 1 2 2 1 3 1 34
128 1 1 4 19 1 62
129 1 1 3 2 1 87
130 2 1 2 2 1 4 1 13 1 29
131 
132 4 15 2 17 1 29 2 168 1 169
133 2 1 4 2 1 29 1 42
134 2 1 2 60
135 2 1 8 2 1 41
136 5 15 2 16 1 19 1 20 1 62
137 4 1 3 15 1 20 1 21 1 23
138 4 1 4 2 2 15 4 45
139 1 1 14 2 5 15 1 37
140 1 1 1 3 1 5 1 40
141 2 1 8 2 1 3 1 29
142 1 1 3 2 4 15 1 19 1 45
143 4 15 1 18 1 20 1 29 5 168 1 170
144 2 1 1 2 1 3 5 168 1 169
145 1 1 1 2 3 15 2 19
146 1 1 1 2 1 6 5 168 1 176
147 5 1 1 2 2 4 1 29
148 1 1 4 2 1 50 1 165
149 2 1 1 3 1 33 1 34
150 9 168 1 169 1 176
151 3 1 1 2 1 3 1 34
152 
153 
154 2 1 4 2 1 6
155 2 1 2 2 1 6
156 2 1 3 2 1 6
157 3 130 1 156
158 
159 4 15 1 80 1 123
160 4 15 1 62 1 80
161 4 15 1 30 1 80
162 4 1 2 2 1 4 1 50
163 1 1 4 15 1 37 1 53 1 130
164 3 1 1 7 1 8
165 
166 1 1 4 15 1 32 1 53
167 2 1 4 15 1 39 1 64
168 4 15 1 21 1 80 1 128
169 1 1 4 15 1 53 1 80
170 4 1 4 15 2 22
171 2 1 4 2 1 109
172 1 1 4 15 1 37 1 80
173 1 1 7 2 1 134
174 4 15 2 37 2 130
175 4 15 2 32
176 1 1 4 2 1 83
177 2 1 4 15 1 64 1 80
178 1 1 4 2 1 14 1 29
179 3 1 8 2 1 3
180 
181 4 15 2 80
182 6 2 1 31 1 54
183 
184 3 15 1 19 2 32
185 1 1 8 2 1 108
186 1 1 13 2 1 31
187 1 65 4 168 1 169
188 3 168 1 180 1 181
189 
190 3 168 1 180 1 181
191 1 1 2 2 1 165
192 2 1 3 168 1 170 1 179
193 
194 
195 
196 
197 
198 
199 
200 
201 2 1 3 2 1 29 1 61
202 2 1 2 168 2 169 1 182
203 5 15 1 21 1 128
204 1 5 3 168 1 169 1 171
205 1 1 5 15 1 21
206 5 15 1 24
207 2 1 7 2 1 3 1 29
208 4 15 1 19 1 24
209 
210 5 15 1 21 1 130
211 1 72 3 168 1 169 1 171
212 1 1 3 15 2 20 1 53
213 5 15 1 21 1 65
214 5 15 1 71
215 4 15 1 19 1 71
216 1 2 1 29 5 168 1 169
217 1 38 3 168 1 169 1 171
218 
219 5 15 1 21 1 29
220 5 15 1 39
221 4 15 1 19 1 71
222 1 57 5 168 1 169
223 1 6 1 108 1 130
224 1 6 1 108 1 130
225 1 1 5 15 1 63
226 5 15 1 63 1 65
227 
228 5 15 1 29 1 63
229 1 1 5 15 1 53
230 
231 
232 1 1 5 15 1 147
233 
234 4 15 1 19 1 24
235 4 15 1 19 1 71
236 1 1 4 15 1 19 1 21
237 1 2 1 29 4 168 1 169 1 179
238 3 1 1 4 5 15 1 21
239 1 1 1 2 4 168 1 176 1 179
240 
241 
242 4 1 6 15 2 16 2 64
243 1 1 1 2 7 168 3 169
244 
245 
246 9 15 2 18 1 19
247 
248 9 15 2 18 1 19
249 1 1 3 2 5 15 1 37
250 6 168 4 176
251 4 1 3 2 1 4 1 50
252 15 15 3 53 1 156
253 
254 4 15 1 18 3 19 1 63 3 123
255 1 1 2 2 1 58 5 168 1 169
256 9 168 1 173 1 180
257 1 1 4 15 1 25 1 31 1 53
258 2 1 4 15 1 51 1 98 1 123
259 
260 
261 6 1 4 15 2 23
262 6 1 4 15 2 23
263 1 14 4 15 1 50 1 98 1 108 1 123
264 6 15 2 16 2 17 4 168
265 2 1 5 2 1 3 5 15 1 63
266 1 1 1 2 1 48 2 168 3 169 1 171
267 1 1 5 15 1 21 1 48
268 2 1 5 15 1 18 1 103
269 4 1 9 2 2 3 1 50
270 1 1 1 7 1 48 5 168 1 169
271 6 1 4 15 2 23
272 1 1 2 2 1 130 1 149
273 2 1 1 3 1 130 1 149
274 4 15 1 32 1 53 1 119
275 1 2 1 5 1 143
276 9 15 1 18 1 53 1 126
277 
278 8 15 1 18 1 21 2 62
279 4 72 2 168 2 169 2 170 1 171
280 8 15 1 18 1 53 2 62
281 10 15 1 18 1 21
282 
283 
284 10 15 1 18 1 53
285 1 1 1 2 5 15 1 21 1 48
286 1 1 5 15 1 50 1 98
287 2 1 9 2 1 3 1 29
288 2 1 9 2 1 3 1 29
289 2 1 9 2 1 3 1 29
290 2 1 9 2 1 3 1 29
291 10 15 1 18 1 21 1 34
292 10 15 1 18 1 106
293 10 15 1 47 1 53
294 1 1 2 15 1 63 3 80
295 
296 3 1 3 15 3 21
297 1 33 1 77
298 3 1 9 2 1 3 1 41
299 4 1 1 4 1 41
300 4 1 3 2 2 61
301 2 1 3 15 2 53 1 62
302 2 1 1 2 4 15 1 45 1 53
303 
304 3 1 5 2 1 61
305 2 2 3 5 1 61
306 5 2 3 29 1 61
307 
308 1 1 6 2 2 29 1 61
309 2 1 7 2 1 29 1 61
310 3 1 8 2 1 61
311 2 1 7 2 1 54 1 61
312 3 1 9 2 1 157
313 3 1 14 2 1 61
314 
315 2 1 1 2 2 3 2 128
316 1 1 1 2 9 15 2 18 1 21
317 2 1 10 2 1 3 1 29
318 5 15 1 25 1 81
319 3 1 6 2 1 4 1 29
320 1 1 1 3 1 29 1 58 5 168 1 169
321 2 1 1 2 1 4 5 15 1 21 1 29
322 3 1 6 2 2 3 1 29
323 2 1 5 2 1 3 1 40
324 2 1 5 2 1 3 1 5 1 48
325 1 2 1 38 1 49
326 2 1 1 2 1 150
327 2 1 1 2 1 3 5 168 1 176
328 2 1 1 2 1 3 4 168 1 176 1 179
329 8 15 1 21 2 123 1 147
330 4 1 7 2 3 3 1 29
331 4 1 15 2 2 3 2 41
332 10 15 2 21
333 10 15 1 18 1 25
334 10 15 1 21 1 63
335 1 1 1 2 5 15 1 25 1 48
336 10 15 1 21 1 25 1 48
337 1 2 5 15 1 21 1 40
338 10 15 1 18 1 21 1 58
339 10 15 1 18 1 21 1 50
340 2 1 2 2 1 6 1 48
341 1 1 1 70 2 72
342 1 2 5 15 1 21 1 128
343 1 1 1 2 5 15 1 21
344 1 1 1 2 5 15 1 63
345 5 15 1 95
346 1 1 1 2 5 15 1 53
347 1 1 1 50 2 168 1 169 1 171 1 179
348 2 2 1 29 4 168 1 175 1 176
349 1 2 1 33 5 168 1 169
350 5 15 1 21 1 33
351 5 15 1 18 1 34 1 130
352 5 15 1 21 1 86
353 5 15 1 21 1 31
354 1 1 5 15 1 21 1 60
355 1 1 5 15 1 98
356 1 1 4 15 1 20 1 98
357 1 1 4 15 1 30 1 98
358 1 1 4 15 1 21 1 31 1 53
359 4 15 1 20 1 29 1 154
360 2 1 2 2 1 60 4 168 2 176
361 1 1 1 2 1 13 1 14
362 2 1 2 2 1 3 1 128
363 1 1 1 2 2 168 1 178 1 179
364 
365 1 1 7 2 4 15 1 21 1 30
366 1 1 2 2 5 15 1 21
367 1 2 5 15 1 21 1 108
368 1 2 5 15 1 21 1 38
369 4 1 1 8 1 31 2 169 1 170
370 5 15 1 21 1 44
371 3 1 1 3 3 168 2 169 1 180
372 1 1 4 2 2 168 1 169 1 179 1 180
373 2 2 10 15 2 18 2 66
374 
375 1 1 8 2 5 15 1 21
376 2 1 4 2 1 3 1 54
377 2 1 5 2 1 3 1 29
378 4 15 1 20 1 21 1 128
379 2 1 15 2 1 41
380 4 15 1 20 1 71
381 1 1 11 2 1 38
382 4 15 1 20 1 39
383 
384 5 15 1 18 1 29 4 168 1 170
385 4 15 1 39 1 123
386 2 1 1 2 3 168 2 169 1 175
387 
388 1 1 4 15 1 53 1 62
389 
390 2 1 4 15 2 21
391 4 15 2 24
392 1 1 4 15 1 21 1 29 1 53
393 3 1 3 2 1 7 1 48 1 61
394 2 1 9 2 1 3 1 29
395 2 1 3 2 1 3 1 29
396 1 1 1 41 1 72
397 1 1 1 2 1 41 1 128
398 2 1 1 2 1 41
399 1 1 1 5 1 41
400 2 1 3 15 1 25 1 31 2 53
401 1 1 1 2 1 41 1 130
402 1 1 1 50 1 87
403 1 1 1 33 1 41
404 
405 2 1 1 2 1 3 1 40
406 2 1 1 3 1 41 1 130
407 18 15 8 16 2 18
408 2 1 2 2 1 41 1 48
409 2 1 2 2 1 41
410 
411 1 1 1 2 1 41 1 72
412 
413 2 1 2 2 1 164
414 5 168 1 175 1 180
415 1 5 1 10
416 2 1 3 2 1 41
417 3 15 2 20 1 30
418 3 1 2 2 1 3 1 41
419 1 2 1 33 1 40 1 136
420 2 1 4 2 2 41
421 2 1 1 2 1 3 5 15 1 53
422 4 1 1 2 1 9
423 2 1 6 2 1 6 2 48
424 2 1 6 2 1 6 2 48
425 3 1 3 2 2 8 1 40
426 3 1 3 2 1 3 1 41
427 2 1 8 2 2 41
428 2 1 12 2 1 41
429 2 1 6 2 2 41
430 3 1 5 2 2 3 1 29
431 3 1 3 2 2 8 1 29
432 3 1 3 2 2 8 1 29
433 3 1 3 2 1 3 1 41
434 2 1 5 2 1 41
435 2 1 2 2 1 34 1 41
436 2 1 6 2 1 41
437 2 1 10 2 1 41
438 2 1 3 2 1 34
439 2 1 2 2 1 41
440 4 15 2 126
441 4 15 1 20 1 126
442 4 15 1 123 1 126
443 4 15 1 62 1 126
444 4 15 1 30 1 126
445 4 15 2 20
446 4 15 1 20 1 123
447 4 15 1 20 1 30
448 4 15 2 123
449 4 15 1 62 1 123
450 4 15 1 30 1 123
451 4 15 1 20 1 62
452 4 15 2 62
453 2 171 2 180
454 1 1 1 29 4 168 1 169 1 176
455 2 1 4 168 2 176
456 2 1 1 2 1 3 1 29 1 135
457 2 1 1 2 1 3 1 5 1 48
458 2 1 4 2 2 60
459 3 1 3 2 2 3 1 29
460 2 1 4 2 1 34
461 5 2 1 3 3 29
462 2 1 3 2 1 41
463 4 1 3 2 1 4
464 4 1 4 2 1 4
465 2 1 4 2 1 41
466 1 1 2 2 1 5 1 48 1 50
467 2 1 6 2 2 41
468 4 1 4 2 1 4
469 5 1 1 2 3 3
470 1 108 1 165
471 1 1 1 2 1 7 1 48 1 165
472 2 2 2 128
473 1 1 2 2 1 128
474 5 1 1 2 3 3
475 1 2 1 5 1 128
476 1 2 1 13 1 128
477 2 1 2 2
478 1 1 1 2 1 5
479 2 5
480 
481 1 1 1 2 1 13
482 1 5 1 38
483 1 1 1 2 1 138
484 1 2 1 108 1 128
485 1 5 1 108
486 2 108
487 1 1 3 2 1 7 1 38
488 1 2 1 29 1 108
489 1 14
490 1 2 1 108 1 113
491 3 1 1 2 1 4 1 31
492 1 1 2 2 1 127
493 6 1 1 2 2 4
494 1 1 1 2 1 54
495 1 5 1 54
496 1 1 1 68
497 4 1 4 2 1 4
498 1 5 1 72
499 6 1 4 2 2 4
500 1 72 1 108
501 2 54
502 6 1 2 2 2 4
503 1 2 1 13 1 29
504 1 14 2 72
505 1 38 1 108
506 4 1 3 2 2 3
507 4 1 4 2 2 3
508 2 38
509 1 1 1 168 1 169 1 181
510 1 1 2 168 1 169 2 179
511 1 49 3 168 1 172
512 
513 
514 1 1 1 168 1 169 1 175 1 179 1 180
515 4 168 1 180 1 181
516 
517 4 15 1 124 1 126
518 1 1 1 15 2 19 2 20
519 1 49 1 108
520 4 15 1 124 1 126
521 1 1 1 44
522 
523 1 2 1 29 1 54 1 149
524 4 15 1 24 1 123
525 4 1 1 2 1 4 1 7
526 5 1 1 4 1 8
527 1 1 1 2 4 15 1 20 1 21
528 
529 1 1 1 2 4 15 1 20 1 21
530 1 1 1 2 4 15 1 20 1 21
531 3 1 4 15 1 20 1 23
532 
533 4 15 2 17 5 168
534 3 1 4 15 1 20 1 23
535 3 1 1 2 1 3 1 4 1 13 1 29
536 1 2 5 15 1 63 1 68
537 4 168 1 179 1 182
538 6 18
539 2 15 3 20 1 32
540 1 1 4 2 5 15 1 21
541 1 1 2 2 1 3 2 128
542 2 1 2 15 2 17 2 20 2 168 1 170
543 2 1 2 2 1 3 1 128
544 2 1 2 2 1 3 1 128
545 1 1 5 15 2 16 1 19 1 20 1 53
546 3 1 2 2 1 3
547 2 1 1 2 1 3 1 108
548 2 1 1 2 1 3 1 54
549 1 1 5 2 5 15 1 21
550 1 1 2 2 1 33
551 1 1 1 2 1 3 1 29 1 38
552 1 68 1 86
553 1 1 2 2 1 31
554 
555 1 1 1 6 1 31
556 1 2 1 31 1 108
557 1 2 1 31 1 54
558 1 2 1 31 1 138
559 1 2 1 31 1 57
560 2 15 4 17 8 168
561 1 1 2 2 1 29 1 60
562 1 1 1 2 1 77
563 1 5 1 40
564 4 1 1 2 2 3
565 3 1 1 2 1 3 1 55
566 2 1 1 2 1 3 1 33
567 3 1 1 2 2 3 1 29
568 1 2 2 86
569 1 2 10 15 2 21
570 1 1 7 2 5 15 1 21
571 4 1 1 3 1 59
572 1 86 1 101
573 4 1 1 3 1 51
574 2 1 1 3 1 40
575 1 1 1 7 1 40
576 1 33 1 40
577 1 1 2 168 1 169 1 179 1 180
578 2 168 1 179 2 180
579 1 1 1 168 1 169 2 179 1 180
580 2 2 10 15 2 21
581 4 15 2 126
582 4 15 1 123 1 126
583 4 15 2 20
584 4 15 1 20 1 30
585 4 15 1 20 1 123
586 4 15 1 30 1 123
587 4 15 1 20 1 62
588 4 15 2 62
589 4 15 2 30
590 3 15 1 19 2 20
591 3 15 1 19 2 20
592 2 1 2 168 2 169 2 175
593 3 168 1 179 2 180
594 2 1 1 41 1 48
595 2 1 1 3 1 51 2 108
596 3 1 1 2 1 3 1 41
597 1 1 1 2 1 3 1 40 1 49
598 3 15 3 20
599 3 15 2 20 1 30
600 3 15 2 20 1 62
601 4 15 2 18 10 168 2 169
602 4 2 10 15 2 21
603 2 15 1 19 3 20
604 3 19 3 123
605 8 15 2 17 1 18 1 123 1 168 1 175 1 178 1 180
606 4 1 2 2 3 3 1 29
607 4 1 1 2 2 3 1 34
608 1 128 5 168 1 169
609 5 15 1 126
610 5 15 1 20
611 4 15 1 19 1 20
612 5 15 1 123
613 1 65 5 168 1 169
614 1 29 5 168 1 169
615 5 168 1 180
616 5 15 1 30
617 
618 5 15 1 141
619 4 15 1 19 1 20
620 4 15 1 19 1 30
621 1 1 4 168 1 175 1 176
622 10 15 2 16 4 17 2 180
623 1 1 4 168 1 176 1 179
624 4 15 1 19 1 20
625 1 1 3 168 1 169 2 175
626 3 15 2 19 1 20
627 4 15 1 19 1 123
628 3 1 7 2 1 42
629 3 1 3 2 1 3 1 41
630 2 1 4 2 1 41
631 15 168 1 179 1 180
632 2 1 12 2 2 41
633 
634 2 2 1 5 1 33
635 1 1 3 2 1 31
636 2 1 1 3 1 5 1 50
637 1 1 2 2 1 54 1 60
638 
639 1 1 2 2 1 40
640 1 1 2 2 1 48 1 130
641 3 2 2 128
642 1 1 3 2 1 128
643 2 1 3 2
644 1 1 2 2 1 5
645 1 1 2 2 1 108
646 2 2 1 108 1 128
647 1 1 2 2 1 54
648 1 1 1 2 1 68
649 1 5 1 68
650 1 2 2 54
651 1 2 1 29 1 68
652 1 1 2 2 1 138
653 1 2 2 138
654 1 2 1 54 1 57
655 2 2 1 29 1 57
656 1 2 1 29 1 58 1 65
657 1 2 1 49 1 54
658 1 1 1 134
659 1 2 2 49
660 2 1 1 2 1 58
661 1 1 1 5 1 50
662 1 1 1 2 1 44
663 2 168 1 171 1 175
664 
665 4 168 1 179
666 
667 4 168 1 181
668 
669 4 1 2 2 2 4 2 29
670 6 1 2 52
671 6 1 2 146
672 2 1 2 2 1 3 1 33
673 2 2 2 33
674 2 2 2 86
675 2 2 2 31
676 1 6 2 31
677 1 6 2 31
678 2 1 2 2 2 60
679 2 1 1 2 1 3 1 40
680 2 101
681 3 1 11 2 1 3 1 41
682 2 1 12 2 2 41
683 3 1 14 2 1 3 1 41
684 2 1 14 2 1 41
685 2 1 8 2 1 41
686 2 1 8 2 1 41
687 2 1 8 2 2 41
688 2 1 7 2 1 41
689 1 1 4 2 1 33
690 1 1 2 6 1 31
691 2 1 2 2 1 3 1 44
692 2 1 2 2 1 3 1 82
693 2 2 1 40 1 49
694 4 2 2 128
695 1 1 4 2 1 128
696 2 1 4 2
697 2 2 2 108
698 1 6 2 108
699 1 1 3 2 1 54
700 1 1 2 2 1 68
701 2 2 2 54
702 2 68
703 1 1 3 2 1 38
704 4 2 2 29
705 1 2 1 49 1 68
706 1 1 3 2 1 57
707 2 2 2 49
708 1 1 2 2 1 29 1 58
709 1 1 2 2 1 44
710 1 5 1 50 1 108
711 1 1 1 2 1 50 1 54
712 1 1 2 2 1 29 1 144
713 1 1 1 2 1 134
714 2 1 2 144
715 6 168
716 4 168 1 171
717 4 168 2 175
718 5 15 1 19
719 3 168 3 179
720 4 168 1 175 1 179
721 2 1 2 2 1 8 1 33
722 3 2 2 31
723 2 1 3 2 2 60
724 4 1 1 2 2 3 1 58
725 2 1 1 2 2 3 2 29 1 58
726 2 1 1 2 1 3 1 29 1 136
727 1 2 2 31 1 50
728 8 1 16 2 6 3
729 2 1 16 2 1 41
730 2 1 5 2 1 41
731 1 1 5 2 1 33
732 1 1 5 2 1 31
733 1 1 2 2 1 40 1 50
734 5 2 2 31
735 2 1 6 2 2 60
736 8 2 2 31
737 4 2 2 40 2 50
738 4 2 2 50 2 83
739 5 2 2 128
740 1 1 5 2 1 128
741 1 1 4 2 1 54
742 1 1 5 2 1 29
743 5 2 2 29
744 1 1 4 2 1 138
745 4 2 1 29 1 49
746 1 1 2 2 1 5 1 50
747 1 1 3 2 1 29 1 50
748 1 1 2 2 1 73
749 1 2 2 54 1 58
750 2 2 1 29 1 54 1 58
751 3 2 2 29 1 58
752 2 1 3 2 1 50
753 2 1 3 2 1 144
754 3 2 2 29 1 144
755 6 168 1 175
756 1 1 1 3 2 5
757 2 1 4 2 2 60
758 2 1 2 2 1 14 2 60
759 2 2 2 40
760 2 1 16 2 1 41
761 3 1 2 2 1 91
762 2 1 14 2 1 6 1 41
763 6 1 2 2 3 3 1 61
764 1 1 5 2 1 34 1 130
765 2 1 6 2
766 1 1 5 2 1 5
767 3 1 20 2 1 61
768 1 1 5 2 1 54
769 2 2 2 68
770 1 1 6 2 1 29
771 1 1 5 2 1 38
772 2 1 4 2 1 41 1 48
773 1 1 2 2 1 3 2 40
774 2 1 10 2 1 41
775 2 1 7 2 1 41
776 1 1 3 2 1 134
777 2 2 1 49 1 134
778 2 1 5 2 1 109
779 1 1 6 2 1 3 2 29
780 2 1 5 2 1 6 1 48
781 3 1 1 2 1 4 1 49
782 3 1 1 4 1 101
783 1 1 7 2 1 5 1 41
784 2 1 9 2 1 41
785 1 1 7 2 1 128
786 2 1 7 2
787 1 1 6 2 1 108
788 1 1 6 2 1 54
789 1 1 1 2 1 31 1 60
790 2 1 1 33 1 59
791 6 1 1 4 1 34 1 36
792 1 1 7 2 1 29
793 1 2 1 5 1 33 1 41
794 1 1 6 2 1 138
795 1 1 6 2 1 89
796 5 2 2 49
797 1 2 2 50 2 108
798 2 1 2 2 1 3 1 38
799 2 1 5 2 1 58
800 2 1 1 2 2 41
801 1 2 1 58 2 68
802 3 2 1 31 1 108
803 2 1 2 2 1 88
804 3 2 1 5 1 128
805 2 2 2 31 2 144
806 2 1 3 2 1 14
807 1 2 2 68 1 144
808 1 1 8 2 1 3 2 29
809 2 1 7 2 1 3 1 29
810 1 1 7 2 1 86
811 1 1 10 2 1 86
812 2 1 9 2
813 2 1 9 2 1 60
814 2 1 11 2 1 6 1 41
815 2 1 17 2 1 41
816 2 1 6 2 2 14
817 2 1 17 2 1 6 1 41
818 1 1 11 2 1 5
819 2 1 13 2 1 58
820 2 1 17 2 1 58
821 1 1 7 2 1 31
822 2 171
823 3 168 1 174
824 1 130 3 168 1 169
825 1 1 6 2 1 40
826 1 1 2 168 1 169 1 171
827 1 1 2 168 1 178 1 179
828 1 1 3 168 1 169 1 180
829 1 1 2 168 1 172 1 180
830 4 15 1 19 1 126
831 5 15 1 18
832 1 1 3 168 1 169 2 179
833 3 1 15 2 1 3 1 41
834 1 81 2 168 1 178 1 179
835 3 15 1 19 1 20 1 30
836 1 1 8 2 1 33
837 1 1 7 2 1 34 1 130
838 
839 1 1 7 2 1 40
840 4 15 1 19 1 24
841 4 15 1 19 1 39
842 1 1 9 2 1 34 1 130
843 1 1 9 2 1 40
844 3 15 1 19 1 20 1 30
845 2 1 11 2 1 60
846 3 168 1 175 2 180
847 7 168 1 175
848 1 1 7 2 1 54
849 1 1 6 2 1 44
850 3 15 2 20 1 125
851 2 2 2 54 2 58
852 1 1 5 2 1 134
853 1 1 4 15 1 19 1 37
854 2 1 4 15 1 19 1 64
855 1 81 5 168 1 169
856 1 1 4 15 1 19 1 37
857 2 2 2 50 2 108
858 1 1 3 15 1 19 1 20 1 21
859 2 2 2 134
860 1 1 1 2 4 15 1 19 1 21
861 4 15 1 39 1 126
862 1 1 9 2 1 128
863 1 1 9 2 1 29
864 2 1 2 168 1 169 1 172 1 180
865 1 1 8 2 1 38
866 1 1 7 2 1 44
867 1 1 1 31 5 168 1 170
868 3 2 1 49 1 50 1 134
869 1 1 9 2 1 31
870 3 15 1 24 2 123
871 1 1 1 34 5 168 1 169
872 8 2 1 5 1 31
873 2 1 13 2 1 41
874 2 1 10 2
875 2 19 4 20
876 1 1 9 2 1 5
877 1 1 10 2 1 29
878 
879 1 1 9 2 1 38
880 3 2 1 29 5 168 1 169
881 10 2 2 29
882 1 1 3 2 2 50 1 134
883 1 1 10 2 1 108
884 1 1 11 2 1 29
885 1 1 10 2 1 38
886 1 1 10 2 1 138
887 3 2 2 54 3 58
888 3 15 2 17 1 30 4 168
889 6 15 2 16 1 19 1 20
890 2 1 9 2 1 50
891 5 15 1 22 2 49
892 8 15 1 18 2 19
893 2 1 15 2 1 41
894 2 1 13 2 1 6 1 41
895 2 1 11 2 2 6 1 41
896 1 1 11 2 1 34 1 130
897 1 1 11 2 1 40
898 1 1 13 2 1 34 1 130
899 1 1 3 2 5 15 1 63
900 1 1 3 2 5 15 1 53
901 1 1 3 2 5 15 1 147
902 2 1 15 2 1 60
903 1 1 12 2 1 29
904 1 1 13 2 1 29
905 2 1 13 2 1 60
906 1 1 15 2 1 34 1 130
907 1 1 7 15 2 16 1 21
908 1 1 14 2 1 6 1 31
909 1 1 14 2 1 6 1 31
910 1 1 15 2 1 128
911 1 1 20 2 1 31
912 1 1 18 2 1 6 1 31
913 1 1 15 2 1 5
914 1 1 17 2 1 128
915 1 1 17 2 1 29
916 2 1 18 2
917 1 1 3 2 5 15 1 28
918 1 1 4 2 4 15 1 19 1 21
919 10 168 2 170
920 
921 5 15 1 18 1 168 1 169 1 179 2 180
922 4 15 1 18 1 30 5 168 1 169
923 2 1 3 15 1 32 2 53
924 1 3 5 15 1 21 2 33
925 9 15 1 18 1 37 1 62
926 6 1 3 15 2 23 1 30
927 
928 1 1 5 2 4 15 1 32 1 53
929 2 1 1 3 4 15 2 53 1 87
930 1 2 5 15 1 31 1 88 1 97
931 11 15 4 18 3 19
932 1 1 1 5
933 1 1 1 49
934 2 1 1 4 1 5 1 29
935 2 1 1 4 1 29 1 33
936 4 1 2 2 1 4 2 149
937 8 129 4 170
938 8 15 1 18 1 23 1 29 1 113 2 123
939 3 1 1 2 1 170 1 176 1 179 2 180
940 1 1 2 2 2 29 1 56
941 1 1 3 2 2 29 1 56
942 2 1 4 2 1 4 2 29
943 4 2 1 4 4 29
944 2 1 6 2 1 4 2 29
945 15 15 2 18 1 162
946 1 1 10 15 1 18 1 162
947 
948 3 1 2 2 1 4 1 5 1 8 1 40
949 14 15 2 18 2 37
950 2 1 1 4 1 48 1 57 1 66 1 143
951 1 1 1 7 1 49
952 1 9 1 119 3 129
953 1 2 1 13 4 168 1 169
954 6 15 1 18 4 123 1 154
955 2 1 1 2 1 3 1 31
956 1 1 1 48 1 111
957 1 1 11 2 2 15 3 30 1 45
958 6 15 4 17 2 30 2 180
959 6 15 4 17 2 30 2 180
960 1 1 1 2 8 15 1 18 1 22 1 78 2 123
961 1 1 8 15 1 18 1 22 1 78 2 123
962 10 15 1 18 1 22 1 31
963 
964 7 15 4 17 1 62 2 180
965 4 15 2 17 2 130 1 173 2 180
966 2 1 14 2 4 15 2 45
967 3 1 2 15 1 32 3 53
968 1 1 1 7 1 129
969 3 1 2 2 1 4 1 29
970 9 15 1 21 1 30 1 45
971 
972 1 1 1 2 4 15 1 30 1 45
973 2 1 3 2 1 4 1 5 1 29
974 3 1 1 42 2 48
975 3 15 1 20 2 123
976 4 1 4 2 1 104
977 6 123
978 1 1 1 2 1 87
979 1 9 1 52 6 129
980 2 15 1 30 3 126
981 4 15 1 20 1 32
982 4 15 1 32 1 123
983 4 15 1 32 1 62
984 1 1 4 15 1 30 1 37
985 2 15 1 20 3 80
986 1 1 1 2 1 108 1 109
987 2 1 6 2 1 41 1 48
988 
989 2 2 2 138
990 2 1 1 2 1 8 1 40
991 3 168 1 180
992 1 1 1 2 2 168 1 169
993 2 168 1 171 1 179
994 5 168 1 174
995 3 15 1 63 1 65 2 80
996 1 1 3 15 1 53 2 80
997 2 1 4 168 1 170 1 175
998 2 15 2 19 2 123
999 3 15 1 20 1 62 1 80
1000 1 1 3 168 1 169 2 180
1001 1 1 4 15 1 30 1 45
1002 4 15 1 18 1 30 5 168 1 169
1003 3 15 1 71 2 123
1004 1 1 3 15 1 20 1 30 1 53
1005 2 1 8 15 1 22 1 29 1 37 2 53
1006 1 1 4 15 1 20 1 26
1007 10 15 1 22 1 29 1 37
1008 2 1 1 59 5 168 1 169
1009 10 15 1 18 1 37
1010 4 15 2 17 4 168
1011 7 15 2 16 1 19
1012 
1013 2 1 2 2 5 15 1 22
1014 2 1 3 15 2 21 1 30
1015 
1016 9 15 1 18 1 63 1 80
1017 4 15 1 21 1 31 1 62
1018 5 15 2 16 1 19 2 20
1019 2 30 4 123
1020 12 15 4 16 2 18 2 19
1021 4 2 5 15 2 29 1 64
1022 10 15 4 16
1023 3 1 4 15 1 45 1 64
1024 
1025 1 1 1 3 3 15 1 31 1 53 2 123
1026 1 1 3 15 1 21 2 80
1027 2 1 5 15 1 22 1 41
1028 1 2 10 15 2 37
1029 1 1 1 2 4 15 1 30 1 45
1030 2 1 1 2 1 3 5 15 1 45
1031 10 15 1 21 1 45
1032 9 15 1 18 1 20 1 63
1033 2 1 4 15 2 45
1034 1 1 4 15 1 20 1 98
1035 2 2 3 15 1 29 1 53 2 123
1036 
1037 
1038 4 15 2 30
1039 3 15 1 30 2 123
1040 8 15 1 18 1 21 2 62
1041 4 168 1 180
1042 2 168 2 175 1 180
1043 1 1 4 168 1 176
1044 6 1 2 2 3 15 2 23 1 30
1045 3 15 1 20 2 80
1046 1 1 1 2 3 15 1 30 1 39 1 53
1047 1 1 3 15 1 30 1 32 1 53
1048 
1049 3 1 2 2 1 61
1050 3 1 1 157
1051 4 15 1 29 1 62 1 154
1052 4 15 1 65 1 80 1 154
1053 4 15 1 29 1 62 1 154
1054 2 1 5 15 1 64
1055 1 1 4 15 1 30 1 37
1056 2 1 4 15 1 20 1 64
1057 4 15 1 80 1 123
1058 
1059 3 81 3 168 3 176
1060 3 15 1 62 1 80 1 123
1061 4 15 1 32 1 80
1062 2 1 4 15 1 45 1 53
1063 1 1 4 15 1 20 1 37
1064 4 15 1 37 1 123 1 130
1065 2 1 4 15 1 22 1 39
1066 4 15 1 37 1 80 1 130
1067 2 1 5 15 2 19 2 53 1 62 1 63 1 154
1068 3 1 2 2 3 3 3 29 1 61
1069 1 1 4 15 1 80 1 98
1070 2 1 2 2 3 19 2 63 1 123
1071 10 15 1 18 1 63
1072 1 1 4 15 1 20 1 47
1073 3 1 1 3 3 50
1074 
1075 5 15 1 25 1 33
1076 1 2 5 15 1 53 1 165
1077 4 1 16 2 2 3 2 41
1078 1 1 5 15 1 21 1 41
1079 10 15 2 63
1080 2 2 5 15 1 21 1 40
1081 5 15 1 21 1 38
1082 1 1 5 15 1 47
1083 1 2 4 15 1 31 1 53 1 123
1084 4 2 2 29 4 168 2 176
1085 2 2 5 15 1 21 1 29
1086 2 2 5 15 1 29 1 63
1087 2 2 5 15 1 29 1 53
1088 2 2 1 54 4 168 1 176 1 179
1089 1 1 10 2 5 15 1 21
1090 1 1 11 2 5 15 1 21
1091 2 1 4 2 1 3 1 108
1092 2 1 4 2 1 3 1 38
1093 1 1 4 15 1 21 1 30
1094 1 1 4 15 1 39 1 53
1095 2 1 2 2 1 3 1 38
1096 5 1 3 2 4 3 1 29
1097 5 1 2 2 3 3 1 34
1098 2 1 3 2 1 34
1099 1 1 1 2 1 5 1 41
1100 4 1 10 2 3 3 1 29
1101 2 1 2 2 2 41
1102 2 1 7 2 1 41
1103 4 15 1 30 1 62
1104 4 15 2 30
1105 2 15 2 19 2 20
1106 2 15 2 19 2 30
1107 2 1 2 2 1 5 1 7 1 8
1108 1 1 1 2 1 38
1109 1 38 1 57
1110 1 2 2 33
1111 2 168 1 175 2 180
1112 2 1 1 34 1 41
1113 3 1 3 169 3 179
1114 2 1 4 2 1 41
1115 1 1 2 2 1 38
1116 1 1 1 6 1 38
1117 2 2 1 31 1 33
1118 2 1 16 2 2 41
1119 2 1 2 2 2 41
1120 2 1 4 2 1 55
1121 1 1 3 2 1 40
1122 4 168 2 179
1123 2 1 2 2 1 3 1 40
1124 2 1 18 2 1 41
1125 2 1 5 2 1 3 1 29
1126 7 2 2 31
1127 1 2 2 5 1 58
1128 4 2 2 31
1129 2 1 12 2 1 41
1130 1 1 6 2 1 31
1131 4 2 2 54
1132 2 1 11 2 1 41
1133 1 1 6 2 1 5
1134 1 1 5 2 1 68
1135 1 1 6 2 1 38
1136 2 1 8 2
1137 1 1 7 2 1 38
1138 1 1 10 2 1 54
1139 1 1 12 2 1 38
1140 1 1 16 2 1 86
1141 2 1 17 2 1 60
1142 1 1 16 2 1 54
1143 
1144 1 1 1 57
1145 1 109 2 128
1146 1 1 1 130 1 149
1147 2 1 1 2 1 29 1 56
1148 2 118 2 128
1149 3 2 3 29 1 79
1150 4 168 1 182
1151 
1152 2 1 1 2 2 168 1 170 2 179
1153 6 168 1 170 4 179
1154 
1155 6 1 3 2 3 3 1 161
1156 3 1 9 2 1 161
1157 2 1 3 168 1 170 2 180
1158 4 1 1 4 2 50
1159 1 1 1 7 1 72
1160 1 5 1 7 1 130
1161 1 1 1 3 1 29 1 108
1162 2 1 1 132
1163 1 29 1 101
1164 1 31 1 33
1165 1 9 4 130
1166 1 1 1 89
1167 1 36 1 122 2 129 1 130
1168 3 1 1 6 1 33 2 168 1 169 1 170 1 172
1169 10 15 1 18 1 154
1170 1 1 1 13 5 15 1 23 1 29
1171 1 1 7 15 1 18 2 19 1 23 1 29 1 53 2 168 1 169
1172 6 15 2 19 1 20 1 62 1 63 1 154
1173 2 1 3 168 2 169 1 170 1 174
1174 6 1 3 15 2 23 1 30
1175 
1176 6 15 4 17 2 62 2 180
1177 
1178 
1179 3 1 5 2 1 3 2 50
1180 4 15 2 17 1 171 2 180
1181 5 15 2 16 1 19 1 30 1 123
1182 3 1 2 2 1 3 1 34
1183 
1184 8 15 2 18 2 123
1185 8 15 2 18 2 126
1186 
1187 1 72 3 168 1 169 1 171
1188 7 15 4 17 1 123 2 180
1189 2 1 4 15 2 45
1190 2 108 1 112
1191 1 1 1 111 1 112
1192 2 1 4 2 4 15 2 45
1193 2 2 2 5 4 15 2 45
1194 2 1 8 2 4 15 2 45
1195 5 18 1 53
1196 4 1 6 2 2 3
1197 2 1 3 2 1 3 1 5
1198 2 1 3 2 1 3 1 5
1199 9 15 1 18 1 20 1 37
1200 1 10 1 49
1201 
1202 4 2 2 49
1203 6 2 2 49
1204 
1205 8 15 2 20 1 37 1 45
1206 
1207 2 1 4 2 1 3 1 29
1208 
1209 4 1 3 2 1 3 1 4 1 29
1210 
1211 
1212 7 15 2 16 1 21 1 72
1213 3 1 10 2 1 3
1214 
1215 
1216 4 15 2 17 3 130 1 146 1 176 2 180
1217 3 1 5 2 1 42 1 48
1218 3 1 3 2 1 42 1 48
1219 3 2 1 29 1 54
1220 
1221 2 1 4 2 2 50
1222 4 15 1 20 1 130 1 154
1223 1 1 3 15 1 18 1 49 1 103 1 123 1 126
1224 1 1 12 2 1 5
1225 2 1 3 2 1 58
1226 5 15 2 16 1 19 2 20
1227 1 1 18 2 1 138
1228 2 1 4 2 1 6
1229 2 15 1 32 1 62 2 123
1230 1 1 2 2 1 6 1 31
1231 1 1 4 15 1 45 1 62
1232 1 1 3 168 1 169 1 179
1233 4 1 1 2 3 3 1 29
1234 7 15 2 16 1 62
1235 1 1 1 2 1 29 4 168 1 169 1 176
1236 
1237 
1238 3 1 2 168 2 169 1 170 1 172
1239 3 1 22 2 1 3
1240 6 1 2 2 2 4
1241 7 1 2 2 1 3 2 4
1242 2 15 2 19 2 71
1243 10 15 2 37
1244 9 15 1 18 1 20 1 37
1245 2 1 4 15 2 21
1246 1 1 4 15 1 39 1 53
1247 3 15 1 20 1 32 1 80
1248 
1249 1 2 1 5 4 168 1 172
1250 2 1 1 4 1 31 1 108
1251 7 15 2 16 1 30
1252 
1253 
1254 8 15 1 18 2 20 1 21
1255 2 1 2 3 2 31
1256 14 15 8 16
1257 1 1 1 2 4 15 2 17 3 168 1 169
1258 8 15 4 17 1 175 1 179
1259 18 15 6 18
1260 
1261 3 1 3 15 3 53
1262 12 15 2 16 1 18 1 63
1263 
1264 2 1 1 2 5 15 1 22
1265 
1266 
1267 2 1 3 15 1 20 2 21
1268 
1269 2 1 1 3 1 10
1270 2 1 2 2 2 6
1271 3 15 2 20 1 21 1 29
1272 1 1 3 2 5 15 1 45
1273 2 15 2 30 2 123
1274 1 1 4 2 3 15 1 21 2 30
1275 1 1 3 2 4 15 1 21 1 30
1276 7 2 2 5
1277 1 1 1 7 1 48 1 72
1278 2 1 2 172 2 180
1279 1 1 1 2 1 5 1 14
1280 
1281 3 15 2 20 1 71
1282 2 1 2 2 1 3 1 29
1283 1 128 4 168 1 169
1284 2 1 2 2 3 15 2 20 1 61 1 98
1285 
1286 4 1 10 2 2 3 4 15 2 45
1287 2 1 3 2 1 29 1 42
1288 1 52 1 117 1 121 2 129
1289 
1290 1 128 1 130
1291 3 1 1 2 1 5 2 8
1292 1 29 1 54 1 149
1293 2 1 1 7 3 168 1 169 1 172
1294 
1295 2 2 3 31 1 61
1296 4 1 2 3 3 19 2 63 1 123
1297 3 1 2 2 1 3 3 41
1298 2 1 20 2 1 41
1299 2 1 1 2 1 55
1300 10 15 1 18 1 147
1301 3 15 2 30 1 39
1302 1 1 4 2 2 29 1 61
1303 1 1 1 2 1 6 1 31
1304 4 15 2 16 2 19 1 20 1 30
1305 2 1 15 2 1 41
1306 5 15 1 25 1 31
1307 5 15 1 21 1 40
1308 6 2 10 15 2 21 2 41
1309 5 15 1 21 1 72
1310 1 2 1 54 4 168 1 175 1 176
1311 1 29 1 129
1312 1 1 1 2 1 168 1 169 1 179 2 180
1313 3 1 2 2 1 42 1 48
1314 1 1 4 15 1 20 1 47
1315 5 1 1 2 1 4 4 15 1 23 1 30
1316 1 1 1 5 4 15 1 21 1 53
1317 2 1 3 168 1 170 1 171
1318 3 1 1 4 3 168 1 169 1 171
1319 3 15 1 19 1 20 1 24
1320 
1321 1 1 1 2 1 5 1 48
1322 1 1 3 2 1 33 1 34
1323 4 1 1 4 1 149
1324 2 2 2 29 1 100
1325 4 15 2 17 8 168 5 179
1326 2 1 6 2 2 41
1327 4 1 4 2 2 3 2 41
1328 2 1 2 2 1 6 2 48
1329 2 1 4 2 1 41
1330 3 1 2 2 1 6 2 8 1 33
1331 2 1 4 2 2 41
1332 1 1 17 2 1 54
1333 1 1 3 2 1 5 1 48
1334 1 2 1 29 1 54
1335 2 1 1 2 2 7
1336 1 1 7 2 1 29 1 41
1337 
1338 6 1 2 2 2 4 1 7
1339 4 1 4 2 1 4 2 50
1340 1 2 2 40 3 61 3 81
1341 4 15 2 17 6 168 4 179
1342 
1343 1 1 1 2 1 34 1 130
1344 1 1 1 2 1 40
1345 2 1 1 8 1 33
1346 1 2 2 31
1347 3 15 1 19 2 62
1348 8 15 4 17 8 168 6 179
1349 2 1 2 168 2 169 1 175 1 179
1350 2 1 4 15 2 21
1351 1 1 1 2 1 33 1 41
1352 4 15 1 19 1 30
1353 5 15 1 18 4 19 1 20
1354 1 1 10 2 1 29 1 34 1 136
1355 1 2 2 108
1356 3 168 1 171
1357 1 1 2 2 1 61 1 81 1 129
1358 
1359 
1360 1 14 2 31
1361 2 1 7 2 1 41
1362 1 1 4 2 1 31
1363 2 2 1 13 1 108
1364 2 1 5 2 1 3 1 31
1365 1 2 2 31 1 58
1366 2 1 16 2 1 6 1 41
1367 2 1 5 2
1368 2 1 3 2 1 58
1369 3 1 2 3 1 31
1370 4 1 1 4 1 144
1371 3 1 13 2 1 3 1 41
1372 1 1 5 2 1 40
1373 2 1 5 2 1 50
1374 2 168 2 174
1375 1 1 10 2 1 31
1376 1 1 8 2 1 29
1377 2 1 1 168 1 173
1378 1 1 7 2 4 15 1 45 1 62
1379 1 1 8 2 1 138
1380 9 15 1 20 2 21
1381 1 1 8 2 1 40
1382 1 1 11 2 1 128
1383 2 1 9 2 1 58
1384 1 1 5 2 2 50 1 134
1385 5 2 2 49 3 50
1386 1 1 14 2 1 54
1387 1 1 1 41 5 168 1 169
1388 3 15 1 123 2 124
1389 3 15 1 123 2 124
1390 3 15 2 123 1 124
1391 
1392 6 15 2 16 1 19 1 71
1393 5 15 1 25 1 38
1394 2 130 3 168 2 169
1395 2 1 1 3 1 165
1396 4 1 1 2 2 3 1 4 2 29
1397 1 1 8 2 1 89
1398 1 2 1 5 5 168 1 176
1399 3 1 2 15 2 20 1 23 1 30
1400 1 1 1 4 3 49
1401 1 1 4 168 1 176 1 180
1402 2 31
1403 1 1 1 2 1 4 3 128
1404 2 1 7 2 1 34
1405 8 15 1 19 1 62 1 63 1 154
1406 3 15 2 19 1 123
1407 3 15 2 19 1 141
1408 4 15 1 19 1 94
1409 1 1 1 2 4 168 1 172
1410 1 1 5 168 1 172
1411 
1412 4 15 1 19 1 94
1413 9 15 1 18 1 19 1 37
1414 1 1 18 2 1 29
1415 1 1 16 2 1 29
1416 1 49
1417 
1418 1 1 7 2 1 138
1419 4 1 2 2 3 15 2 22 1 30
1420 1 1 14 2 5 15 1 21
1421 1 1 12 2 5 15 1 21
1422 9 1 3 15 3 23
1423 2 1 4 15 2 45
1424 9 1 3 15 3 23
1425 6 1 1 3 2 4 1 29
1426 3 1 1 4 1 57
1427 
1428 1 1 1 29 4 168 1 170
1429 2 1 1 3 3 168 1 172
1430 8 15 2 17 1 18 1 80 1 168 1 175 1 178 1 180
1431 2 15 1 19 3 20
1432 2 2 1 3 2 29 1 134
1433 2 1 3 3 3 29
1434 2 1 3 15 1 32 2 53
1435 1 1 1 60 1 72
1436 1 1 2 15 3 20 1 26
1437 2 1 3 2 1 6
1438 
1439 1 1 4 2 1 6 1 31
1440 3 15 2 17 1 30 3 168
1441 3 1 1 4 1 5 1 50
1442 5 1 3 2 1 3 1 4
1443 1 1 15 2 5 15 1 21
1445 16 2 2 5
1446 6 15 2 16 1 19 1 30
1447 2 2 20 15 2 18 2 22
1448 2 1 1 3 8 15 4 16 1 19
1449 1 1 8 15 4 16 1 19
1450 2 2 1 29 4 168 1 169 1 175
1451 1 1 3 15 1 30 1 39 1 53
1452 12 18
1453 
1454 
1455 3 15 3 124
1456 1 1 2 168 1 172
1457 1 1 1 3 5 15 1 21 1 29
1458 
1459 2 1 4 2 1 6
1460 
1461 1 1 1 2 1 48 3 168 1 169
1462 1 38 1 129
1463 
1464 2 1 2 2 2 3 2 29
1465 1 119 1 142
1466 4 15 1 80 1 124
1467 
1468 1 1 3 2 4 15 1 21 1 30
1469 
1470 1 1 4 15 2 17 1 29 3 168 1 170
1471 2 1 4 2 1 3 1 31
1472 1 3 3 49
1473 3 1 3 2 2 3 1 29
1474 1 1 2 2 9 15 4 16 1 21
1475 1 1 3 2 4 15 1 32 1 53
1476 18 15 4 16 4 18
1477 2 15 3 30 1 32
1478 4 15 1 32 1 62
1479 2 1 2 168 1 173
1480 1 1 4 15 1 30 1 53
1481 1 29 9 168 1 169
1482 9 168 1 180
1483 1 1 7 168 1 169
1484 3 65 1 176 6 178
1485 4 1 2 168 2 170 1 179
1486 1 2 5 15 1 28 1 29
1487 
1488 2 1 4 15 1 18 1 103 1 123
1489 1 1 1 2 4 15 1 53 1 105
1490 1 1 4 15 1 30 1 53
1491 2 1 4 15 2 53
1492 1 1 1 168 1 172 1 174
1493 1 1 1 2 9 15 1 18 1 19 1 22 1 29 1 91
1494 2 1 4 15 2 53
1495 1 117 1 128
1496 4 1 4 2 1 3 1 4 1 29
1497 
1498 2 1 2 43 1 118 4 129
1499 2 1 3 15 1 20 1 22 1 123
1500 
1501 1 109 1 119 1 128
1502 
1503 3 15 1 20 1 30 1 39
1504 9 15 1 18 1 20 1 22 1 29
1505 6 1 3 15 1 20 2 23
1506 4 1 2 3 2 144
1507 2 1 3 6
1508 2 1 3 15 1 32 2 53
1509 1 128 3 168 1 169 1 171
1510 
1511 1 34 1 36 1 119 3 129
1512 3 1 1 2 1 3 1 33 1 42
1513 4 2 1 4 4 127
1514 1 1 7 15 2 16 1 47
1515 1 1 4 2 4 168 1 172
1516 5 15 1 18 3 168 1 169 1 171
1517 3 1 2 2 1 3 1 50
1518 
1519 3 1 3 2 1 3 1 34
1520 4 168 1 174
1521 2 2 2 3 4 128
1522 1 1 1 2 10 15 1 18 1 22
1523 1 1 4 2 10 15 1 18 1 22
1524 1 1 5 2 10 15 1 18 1 22
1525 2 1 9 2 1 34
1526 2 1 8 2 1 34
1527 2 1 1 3 5 15 1 37 1 60
1528 4 15 1 53 1 62 1 119
1529 4 15 1 53 1 62 1 119
1530 3 1 1 4 4 15 1 20 1 53
1531 4 1 1 4 4 15 2 53
1532 1 1 1 2 1 33 1 60
1533 
1534 1 1 2 2 5 15 1 50 1 98
1535 6 1 1 36 1 43
1536 1 1 1 2 1 3 2 33
1537 1 1 2 2 1 3 2 33
1538 1 1 3 2 1 3 2 33
1539 2 1 2 3 2 33
1540 10 168 4 170
1541 6 168 2 169 2 171
1542 1 1 1 2 1 3 2 5
1543 
1544 3 1 1 2 1 4 1 127
1545 2 168 2 180
1546 5 15 1 21 3 168 1 172
1547 2 1 1 3 1 143
1548 
1549 1 1 2 2 1 41 5 168 1 169
1550 1 1 1 2 1 41 5 168 1 169
1551 
1552 2 15 2 19 2 20
1553 2 1 2 2 2 48 2 168 1 170
1554 2 1 5 2 1 3 1 134
1555 1 1 4 15 2 17 3 168 1 169
1556 3 1 16 2 1 3
1557 3 1 15 2 1 3
1558 3 1 14 2 1 3
1559 3 1 12 2 1 3
1560 3 1 11 2 1 3
1561 3 1 10 2 1 3
1562 3 1 9 2 1 3
1563 1 1 14 2 1 29 1 136
1564 1 1 12 2 1 29 1 136
1565 
1566 4 15 1 21 1 30 1 31
1567 1 1 5 15 1 33 1 99
1568 3 1 4 2 1 91
1569 1 1 1 2 4 15 1 53 1 62
1570 9 15 4 16 1 126
1571 1 6 2 130
1572 1 1 4 15 1 53 1 105
1573 1 1 3 15 1 30 1 53 1 80
1574 3 1 1 3 4 15 1 21 1 22 1 31
1575 2 2 1 29 1 54
1576 2 1 2 2 1 136
1577 2 1 1 2 1 136
1578 2 1 1 3 1 6 1 29
1579 3 1 2 2 1 3 1 8 1 29
1580 1 142 5 168 1 169
1581 1 1 1 2 4 15 1 19 1 45
1582 
1583 3 1 4 2 1 42
1584 
1585 2 1 4 2 4 15 2 21
1586 1 1 1 7 4 15 1 32 1 47
1587 3 1 2 2 1 3 1 34
1588 7 15 2 16 1 27
1589 4 1 3 2 1 3 1 4 1 29
1590 2 168 2 169
1591 4 168 1 170
1592 2 1 1 8 1 13
1593 1 72 2 168 1 169 1 174
1594 8 15 4 16 2 20
1595 3 2 1 5 1 31
1596 2 1 1 2 1 6 1 48
1597 3 15 1 32 2 124
1598 1 9 1 118 3 119 1 129
1599 4 1 8 168 2 170
1600 1 1 4 15 1 21 1 126
1601 1 15 5 32
1602 7 15 2 18 3 123
1603 3 1 5 2 1 3
1604 3 1 6 2 1 3
1605 3 1 6 2 1 3
1606 4 1 4 2 2 3
1607 4 1 4 2 2 3
1608 4 1 5 2 1 4
1609 2 1 4 2 1 7
1610 1 1 4 2 4 15 1 32 1 53
1611 1 1 6 2 4 15 1 32 1 53
1612 1 1 8 2 4 15 1 32 1 53
1613 1 1 10 2 4 15 1 32 1 53
1614 1 1 15 2 4 15 1 32 1 53
1615 4 1 20 2 2 3
1616 5 1 18 2 3 3
1617 5 1 18 2 3 3
1618 2 1 2 2 1 3 1 38
1619 1 1 4 15 2 17 2 168 1 169 1 180
1620 3 1 1 65 3 168 2 169 1 170
1621 1 1 2 2 4 15 1 20 1 21
1622 2 15 1 30 3 123
1623 2 1 2 2 1 3 1 50 1 165
1624 1 1 2 2 1 31 1 60 1 107
1625 2 1 1 2 3 15 2 21 1 49 1 99 1 108
1626 4 168 1 179 1 181
1627 
1628 3 15 1 19 1 20 1 62
1629 3 15 1 19 1 20 1 62
1630 1 1 10 2 10 15 1 18 1 22
1631 
1632 1 1 2 2 1 29 4 168 1 170
1633 4 1 6 2 2 3 1 6 1 8 1 33
1634 4 1 6 2 2 3 1 4 1 13 1 29
1635 
1636 3 168 1 175 1 177
1637 
1638 3 1 3 60 1 156
1639 2 1 2 142 2 169 2 176 2 178
1640 2 1 10 2 2 41
1641 
1642 3 1 1 75
1643 5 1 2 3 3 19 1 53 2 63
1644 2 15 4 17 10 168 2 169
1645 6 2 10 168 2 169
1646 1 3 15 168 3 169
1647 3 1 1 2 2 3 1 5
1648 3 15 1 19 2 123
1649 3 15 1 20 2 126
1650 
1651 3 1 1 2 1 3 1 144
1652 2 1 4 2 1 144
1653 5 168 1 181
1654 8 168 1 172 1 176
1655 1 1 1 121
1656 2 1 19 2 1 58
1657 1 1 1 2 7 168 3 169
1658 1 1 1 2 1 7 4 15 1 20 1 154
1659 4 1 2 2 1 43 1 48
1660 2 1 2 2 1 33 1 61
1661 1 2 1 5 5 15 1 154
1662 10 15 2 18 2 172 2 181
1663 3 15 2 20 1 21 1 72
1664 1 1 1 2 1 5 1 149
1665 6 1 3 15 2 23 1 32
1666 7 15 2 17 1 18 1 80 1 123 1 168 1 175 1 178 1 180
1667 1 9 1 52 1 118 1 119 5 129
1668 3 1 1 7 1 8
1669 1 1 1 5 1 34
1670 1 1 1 2 1 5 1 34
1671 1 1 3 168 1 172 1 179
1672 1 6 2 129
1673 2 1 2 168 1 170
1674 2 1 4 2 1 7
1675 4 1 2 2 1 3 1 4 1 29
1676 
1677 
1678 2 1 3 2 1 139
1679 3 1 2 2 1 140
1680 3 1 1 4 1 49
1681 2 1 2 2 2 7
1682 3 15 1 62 1 80 1 123
1683 8 168 2 169
1684 1 1 3 2 1 29 1 58
1685 1 1 2 2 4 15 1 21 1 30
1686 2 1 2 2 2 14
1687 4 1 1 3 1 140
1688 1 1 5 2 1 138
1689 1 7 1 108 1 128
1690 1 1 1 2 4 168 1 169
1691 
1692 2 14 2 72
1693 4 15 1 53 1 80 1 117 1 118
1694 5 168 2 169 1 171
1695 3 1 2 2 1 4 1 5
1696 6 2 2 5
1697 3 1 2 2 1 4 1 128
1698 2 2 1 128 5 168 1 169
1699 4 1 7 2 1 41 1 52
1700 4 1 7 2 1 4 1 41
1701 6 1 1 4 1 43
1702 1 108 1 122
1703 2 1 2 168 1 169 1 172
1704 2 1 10 2 1 3 1 29
1705 2 1 11 2 1 3 1 29
1706 2 1 11 2 1 3 1 29
1707 2 1 12 2 1 3 1 29
1708 2 1 5 2 1 3 1 29
1709 1 2 1 5 1 48 1 79 1 81 1 129
1710 1 29 2 168 1 169
1711 2 1 16 2 1 41
1712 1 2 1 50 2 68
1713 1 33 6 168 3 169 1 170
1714 7 15 2 18 3 123
1715 1 1 1 2 1 60 5 168 1 169
1716 4 15 4 16 2 19 4 20
1717 
1718 
1719 5 15 1 21 2 168 1 169
1720 2 15 3 20 1 123
1721 
1722 1 1 1 15 4 19
1723 1 108 1 111 1 112
1724 22 15 8 18
1725 1 1 5 2 5 15 1 37
1726 1 1 3 2 4 15 1 20 1 37
1727 4 1 8 168 2 170
1728 4 1 2 2 2 8
1729 1 1 2 2 1 108 1 109
1730 1 1 6 2 5 15 1 37
1731 1 1 10 2 5 15 1 37
1732 3 1 1 2 2 3 1 5
1733 3 1 2 2 1 3 1 7
1734 3 1 2 2 1 3 1 7
1735 5 1 2 2 1 3 1 4
1736 5 1 2 2 1 3 1 4
1737 5 1 2 2 1 3 1 4
1738 5 1 2 2 1 3 1 4
1739 5 1 2 2 1 3 1 4
1740 5 1 2 2 1 3 1 4
1741 6 1 2 3 1 4
1742 6 1 1 2 2 3 1 4
1743 5 2 2 68
1744 1 1 3 15 1 30 1 53 1 123
1745 1 1 10 2 1 29 1 34 1 135
1746 3 1 3 168 3 169
1747 3 1 1 3 4 168 2 169
1748 1 1 1 2 5 168 1 169
1749 1 1 2 2 5 168 1 169
1750 1 1 3 2 5 168 1 169
1751 4 1 3 2 2 3
1752 3 1 3 2 1 8
1753 3 1 3 168 3 169
1754 2 1 1 2 1 3 5 168 1 169
1755 2 1 2 2 4 168 2 169
1756 1 142 4 168 1 169
1757 3 1 1 4 1 138
1758 3 1 1 2 1 140
1759 2 1 1 2 7 15 2 16 1 22
1760 2 1 14 2 1 3 1 29
1761 2 1 16 2 1 3 1 29
1762 2 15 2 17 2 20 3 168
1763 3 15 1 19 2 30
1764 4 1 6 168 4 170
1765 1 1 3 15 1 20 1 21 1 30
1766 3 15 1 19 1 30 1 123
1767 
1768 
1769 2 15 1 30 1 71 2 125
1770 2 15 1 30 1 71 2 126
1771 1 51 1 117 2 129
1772 
1773 2 33 1 109
1774 3 1 1 4 1 33 1 41
1775 1 72 2 168 1 169 1 170
1776 1 33 4 168 1 176 1 179
1777 
1778 3 1 4 2 1 8
1779 1 2 1 29 1 79 1 81 1 129
1780 3 1 1 2 1 3 1 34
1781 1 1 2 2 1 60 1 134
1782 
1783 11 15 6 16 1 20
1784 1 1 1 2 4 15 2 17 1 168 1 172
1785 1 1 3 15 2 20 1 53
1786 14 168 4 169
1787 4 1 2 170 1 181
1788 
1789 2 168 1 171 1 179
1790 1 1 5 2 2 168 1 169 2 179
1791 3 1 7 15 2 16 1 23
1792 4 15 1 37 1 125 1 130
1793 4 15 1 37 1 124 1 130
1794 4 15 1 37 1 126 1 130
1795 
1796 2 1 1 3 1 83
1797 1 1 4 15 1 26 1 123
1798 9 15 4 16 1 123
1799 
1800 3 2 10 15 2 21
1801 18 18
1802 4 16 10 18
1803 
1804 6 15 2 16 1 19 1 20
1805 1 1 2 15 2 19 1 53 1 123
1806 3 15 2 19 1 123
1807 1 29 11 168 1 169
1808 10 168 1 179 1 180
1809 12 168 1 179 1 180
1810 
1811 1 1 3 2 10 15 1 18 1 22
1812 1 1 1 2 1 3 1 29 5 168 1 169
1813 2 1 4 19 1 63
1814 3 1 6 2 1 3
1815 4 1 5 2 1 4
1816 3 1 7 2 1 3
1817 
1818 4 1 6 2 2 3
1819 3 1 9 2 1 3
1820 4 1 8 2 1 4
1821 1 1 10 2 1 40
1822 2 1 6 2 1 41
1823 2 1 8 2 1 41
1824 2 1 10 2 1 41
1825 2 1 14 2 1 41
1826 2 1 16 2 1 41
1827 2 1 4 2 2 41
1828 2 1 5 2 2 41
1829 
1830 2 1 1 168 1 170 1 179 2 180
1831 5 1 1 4 1 51
1832 
1833 4 15 1 21 1 29 1 53 1 119
1834 2 1 8 2 1 60
1835 1 1 2 15 2 19 1 20
1836 4 15 2 94
1837 2 1 7 2 4 15 1 22 1 30
1838 2 1 3 15 1 20 1 22 1 30
1839 1 1 1 57 1 60
1840 4 1 2 3 2 50
1841 1 1 4 2 1 143
1842 
1843 1 5 4 15 1 21 1 30
1844 4 15 4 17 4 123 2 179
1845 2 1 6 2 1 6 1 48
1846 1 1 4 15 1 18 1 49 1 103 1 123
1847 2 2 1 5 4 15 1 20 1 154
1848 
1849 6 1 2 4 1 14
1850 6 168 1 169 1 172
1851 4 15 2 17 1 108 1 176 2 180
1852 1 1 3 168 1 169 1 180
1853 2 1 1 166
1854 3 1 1 34 1 36 2 118 1 119
1855 1 1 3 15 2 20 1 21
1856 8 168 1 170
1857 1 31 2 168 1 169
1858 2 40 4 168 2 169
1859 1 1 2 168 1 169 1 171
1860 2 1 1 2 4 15 2 53
1861 6 168 1 170 2 179
1862 
1863 2 1 1 42 1 130
1864 
1865 9 168 1 170
1866 1 1 3 2 1 5 1 14
1867 5 15 1 18 1 29 2 168 2 169 1 170
1868 1 130 4 168 1 169 1 179
1869 1 4 1 29 15 168 3 169
1870 7 168 1 170 2 179
1871 1 2 1 13 5 168 1 169
1872 15 15 3 18 1 168 3 172
1873 5 168 3 179
1874 1 1 2 2 1 87
1875 1 1 2 2 1 33 1 41
1876 2 19 4 123
1877 2 29 4 168 2 169
1878 1 1 3 168 1 169 1 181
1879 1 1 7 2 5 168 1 169
1880 1 1 9 2 5 168 1 169
1881 1 1 11 2 5 168 1 169
1882 1 1 13 2 5 168 1 169
1883 2 1 4 2 1 50
1884 1 1 9 2 4 168 1 169
1885 3 1 3 168 3 169
1886 1 1 4 15 1 21 1 31 1 53
1887 2 1 12 2 1 100
1888 
1889 10 15 3 18 4 19
1890 10 168 1 170
1891 3 1 1 3 1 6 1 48
1892 1 1 6 2 4 15 1 21 1 30
1893 8 15 2 18 2 30
1894 2 1 10 2 4 6 1 41
1895 2 1 2 2 1 3 1 127
1896 2 1 2 2 1 3 1 128
1897 2 1 10 2 1 7
1898 11 168 1 170
1899 1 1 9 15 2 18 1 21
1900 4 15 1 20 1 47 1 119
1901 1 2 1 58 2 79 2 81 2 129
1902 1 1 1 118 1 119
1903 1 1 1 2 10 15 2 18 1 103
1904 1 1 7 2 5 15 1 53
1905 1 15 2 19 2 30 1 123
1906 2 2 5 15 1 21 1 31
1907 
1908 5 15 1 63 5 168 1 169
1909 2 1 3 2 1 3 1 33
1910 1 5 1 143
1911 3 15 1 19 1 20 1 62
1912 6 15 2 16 2 123
1913 1 1 10 2 1 3 10 168 2 169
1914 5 15 2 18 5 123
1915 2 1 14 2 1 34
1916 
1917 2 1 14 2 1 34
1918 2 1 17 2 1 41
1919 2 1 18 2 1 41
1920 2 1 21 2 1 41
1921 1 1 12 2 1 68
1922 2 1 1 2 1 7 1 58
1923 1 1 1 108 2 109
1924 4 1 1 3 1 34 1 35
1925 3 1 2 2 1 3 1 41
1926 7 15 1 18 1 53 1 80 2 123
1927 
1928 3 1 3 2 2 3 1 29
1929 1 79 2 81 1 129
1930 1 2 1 61 2 79 3 81 2 129
1931 1 1 16 2 1 5
1932 1 1 27 2 1 5
1933 1 1 4 15 1 19 1 147
1934 4 15 2 16 1 19 3 20
1935 1 1 1 48 4 168 1 172
1936 1 1 5 2 1 14 1 31
1937 4 1 4 2 1 3 1 4 1 29
1938 4 1 2 2 3 15 2 22 1 30
1939 
1940 1 108 1 109 1 111
1941 1 4 4 49
1942 2 1 8 2 1 7
1943 9 2 2 31
1944 3 168 2 175 1 180
1945 1 72 4 168 1 172
1946 7 168 1 170
1947 
1948 3 168 2 169
1949 3 1 2 2 1 3 1 50
1950 2 1 2 45 4 123
1951 2 1 4 2 2 15 1 23 1 64 2 80 3 129
1952 3 15 1 19 1 20 1 30
1953 1 1 2 2 3 15 1 41 1 53 2 123
1954 
1955 1 1 1 60 4 168 1 169
1956 4 1 1 2 1 3 1 35
1957 2 1 5 2 1 50
1958 5 15 1 46
1959 
1960 
1961 2 168 3 171
1962 1 7 2 108
1963 6 2 2 68
1964 3 1 3 2 2 3 1 29
1965 3 1 3 2 2 3 1 29
1966 3 1 3 2 2 3 1 29
1967 3 168 4 169
1968 1 1 1 29 3 168 2 169
1969 1 1 1 14 5 168 1 169
1970 1 2 4 15 1 21 1 29 1 123
1971 
1972 
1973 1 1 4 15 1 32 1 45
1974 4 15 1 21 1 31 1 80
1975 4 15 1 21 1 31 1 123
1976 4 15 1 21 1 31 1 123
1977 1 1 13 2 1 33
1978 3 1 2 15 2 20 1 23 1 30
1979 
1980 3 1 9 15 4 16 1 23
1981 1 2 10 15 1 18 1 22 1 29
1982 2 1 4 2 2 50
1983 2 1 9 15 1 18 1 22 1 37
1984 4 1 2 3 1 34
1985 1 9 1 113 3 130
1986 1 1 1 2 1 7 1 48 1 108
1987 1 1 6 168 1 176 1 180
1988 2 1 5 2 1 3 1 128
1989 1 2 1 10 1 29
1990 2 1 1 2 1 69
1991 2 1 2 2 1 14 1 48
1992 
1993 4 1 8 15 2 18 2 22
1994 1 1 3 2 1 6 1 31
1995 
1996 2 1 3 2 1 4 1 5 1 29
1997 4 1 2 2 1 4 1 34
1998 
1999 4 168 1 180 1 181
2000 
2001 
2002 2 1 1 2 1 151
2003 
2004 
2005 
2006 
2007 2 1 6 2 1 6
2008 
2009 16 15 10 16
2010 1 1 2 15 1 32 1 53 2 123
2011 
2012 6 1 9 2 4 3
2013 1 1 13 2 1 127
2014 2 70 8 168 4 169
2015 3 20 3 123
2016 2 1 2 2 1 3 5 15 1 21
2017 2 1 1 2 1 58 2 79 2 81
2018 
2019 2 1 3 2 1 3 1 38
2020 1 1 2 15 1 41 1 53 3 123
2021 1 1 3 15 1 41 1 53 2 123
2022 3 15 1 19 1 23 1 123 3 130
2023 
2024 3 1 3 2 1 61 1 69
2025 3 1 1 2 2 3 1 38
2026 1 9 6 18
2027 2 1 13 2 1 6 1 41
2028 2 1 13 2 1 6 1 41
2029 2 1 1 2 2 3 2 128
2030 4 1 4 2 2 3
2031 2 1 6 2 1 6
2032 1 1 1 2 1 29 5 168 1 170
2033 4 1 2 168 2 170 2 176
2034 2 1 4 2 1 14
2035 2 1 6 2 1 14
2036 1 79 2 81 1 130
2037 
2038 2 1 5 2 1 14
2039 2 1 9 15 2 18 1 22
2040 12 15 6 16
2041 
2042 4 1 3 2 1 3 1 4 1 29
2043 4 1 3 2 1 3 1 4 1 29
2044 4 1 2 2 3 3 1 29
2045 4 1 3 2 1 3 1 4 1 29
2046 3 1 2 2 2 3 1 33
2047 4 1 1 2 2 3 1 34
2048 4 1 2 2 1 3 1 35
2049 4 1 2 2 1 3 1 4 1 29
2050 4 1 1 2 3 3 1 29
2051 4 1 2 2 1 3 1 4 1 29
2052 3 1 1 2 2 3 1 33
2053 4 1 1 2 1 4 1 34
2054 3 1 1 2 2 3 1 29
2055 2 1 1 29 3 168 1 169 1 170
2056 4 1 4 2 2 3 1 14
2057 4 1 1 2 1 4 1 6
2058 
2059 4 2 1 5 1 165
2060 2 1 4 2 4 15 2 45
2061 2 1 6 2 4 15 2 45
2062 1 1 6 15 2 16 1 19 1 21
2063 1 1 1 168 1 169 2 171
2064 1 49 2 168 1 169 2 179
2065 1 1 1 3 1 31 1 54 1 88 1 107
2066 3 15 1 20 1 32 1 80
2067 2 1 8 2 1 34
2068 3 1 7 2 2 3 1 29
2069 3 1 4 2 2 3 1 29
2070 3 1 4 2 2 3 1 29
2071 3 1 5 2 1 4 1 29
2072 3 1 4 2 2 3 1 29
2073 3 1 3 2 2 3 1 29
2074 3 1 2 2 1 4 1 33
2075 3 1 2 2 1 3 1 7
2076 1 1 2 2 1 3 1 13 1 29
2077 2 1 2 2 2 3 2 29
2078 4 1 4 2 1 3 1 4 1 29
2079 4 1 4 2 1 3 1 4 1 29
2080 4 1 4 2 1 9
2081 2 1 17 2 1 34
2082 2 1 13 2 1 3 1 29
2083 14 2 2 29
2084 1 1 11 2 1 29 1 41
2085 
2086 1 1 2 168 1 176 1 179 1 180
2087 4 1 4 2 1 3 1 4 1 29
2088 3 15 2 19 1 71
2089 
2090 2 1 4 15 2 17 3 168 1 170
2091 1 1 5 2 4 15 1 21 1 30
2092 5 1 1 4 1 42
2093 3 1 3 15 1 18 1 53 1 103 1 123
2094 1 1 1 2 1 5 5 15 1 22
2095 
2096 3 1 1 3 1 58
2097 4 15 2 16 4 123
2098 1 14 1 72 1 130
2099 1 14 1 72 1 127
2100 1 1 1 14 1 128
2101 1 1 1 5 1 6
2102 2 1 5 2 1 6
2103 2 1 1 2 1 3 1 6 1 33
2104 1 1 12 2 1 54
2105 1 1 8 2 1 54
2106 2 1 5 2 1 14
2107 2 1 5 2 1 14
2108 2 1 2 2 1 58
2109 2 1 4 2 1 58
2110 3 1 1 2 1 3 1 14
2111 1 1 1 2 5 15 1 21 1 41
2112 2 1 4 15 1 22 1 124
2113 1 1 3 2 1 60 1 65
2114 
2115 
2116 2 1 7 15 2 16 1 22
2117 1 1 1 2 9 15 2 18 1 21
2118 1 1 1 3 1 13 1 29
2119 1 1 16 2 1 3 2 29
2120 
2121 
2122 1 1 2 15 2 20 1 53 1 87 1 147
2123 
2124 1 2 5 15 1 21 1 54
2125 
2126 4 2 1 40 1 108
2127 4 15 1 24 1 126
2128 3 15 1 24 2 123
2129 3 15 2 20 1 24
2130 1 1 1 2 5 15 1 26
2131 18 15
2132 1 1 3 2 4 168 1 169
2133 1 1 2 2 4 168 1 169
2134 1 38 5 168 1 169
2135 2 1 15 2 1 58
2136 3 1 23 2 1 61
2137 4 1 4 2 2 4 1 14 2 29
2138 1 2 1 33 1 89
2139 1 1 3 15 1 63 2 80
2140 2 1 5 168 2 170
2141 2 168 2 174
2142 2 1 1 2 1 3 5 15 1 21
2143 3 1 1 2 5 15 1 23
2144 1 1 4 2 4 15 1 30 1 45
2145 2 1 6 2 2 41
2146 2 1 3 15 1 20 2 21
2147 1 1 3 15 2 20 1 98
2148 2 1 6 2 2 48
2149 6 15 2 16 2 123
2150 5 15 2 16 1 30 2 123
2151 1 1 9 2 1 127
2152 
2153 2 1 7 2 1 58
2154 2 18 10 123
2155 4 1 4 2 2 3
2156 2 1 7 2 1 3 1 29
2157 4 1 3 2 3 3 1 29
2158 2 1 6 2 1 34 1 41
2159 2 1 5 2 1 3 1 40
2160 9 15 2 18 1 123
2161 9 15 2 18 1 123
2162 9 15 2 18 1 123
2163 10 15 1 18 1 23 2 130
2164 9 15 1 19 1 21
2165 
2166 18 15 8 16 2 18
2167 2 1 4 15 1 22 1 24
2168 
2169 3 1 4 2 1 61
2170 5 15 1 18 4 168 1 169 1 179
2171 1 1 2 2 4 15 1 21 1 32
2172 5 15 1 45 1 164 5 168 1 169
2173 5 15 2 16 1 19 2 20
2174 3 1 1 2 1 4 1 33
2175 1 1 3 2 1 40 1 50
2176 
2177 4 1 6 15 2 16 2 64
2178 1 1 5 2 1 14 1 29
2179 1 1 5 15 2 18 4 19
2180 2 1 4 15 1 22 1 123
2181 4 1 3 15 2 22 1 30
2182 3 1 3 2 1 3 1 58
2183 1 1 3 15 1 19 1 20 1 21
2184 2 1 4 2 1 34 1 41
2185 3 1 1 3 1 139
2186 2 1 2 2 1 139
2187 1 1 1 2 1 29 4 168 1 169 1 176
2188 1 1 5 15 1 18 1 166
2189 2 130 2 168 1 170
2190 
2191 
2192 1 1 5 2 1 3 10 168 2 169
2193 2 2 1 77 1 79 2 81
2194 2 1 2 79 2 81
2195 2 2 1 78 2 79 4 81
2196 
2197 3 1 1 2 1 4 1 38
2198 3 168 1 179 1 181
2199 3 1 4 15 1 18 1 26 1 75
2200 2 2 1 5 1 38
2201 3 1 1 3 1 14
2202 3 1 1 3 1 4 2 31
2203 3 1 3 2 1 3 1 4 2 31
2204 3 1 2 15 1 39 3 53
2205 
2206 1 31 2 110 2 118 1 122 2 129
2207 2 1 1 2 3 15 1 21 1 31 2 53
2208 3 1 6 2 1 4 1 29
2209 2 1 13 2 1 3 1 29
2210 2 130 5 168 1 170
2211 3 1 1 29 1 43
2212 1 1 12 2 1 3 2 29
2213 9 15 2 18 1 125
2214 9 15 2 18 1 80
2215 1 2 1 5 5 168 1 169
2216 2 1 12 2 2 88
2217 1 13
2218 1 1 1 2 7 15 2 16 1 21 1 48
2219 4 1 9 2 1 41 1 52
2220 1 1 13 2 5 15 1 21
2221 5 15 2 16 3 20
2222 5 15 2 16 3 20
2223 5 15 2 16 3 20
2224 2 1 4 2 5 15 1 22
2225 2 1 4 2 5 15 1 22
2226 2 1 4 2 5 15 1 22
2227 14 15 8 16
2228 1 1 15 2 1 134
2229 1 1 17 2 1 134
2230 4 15 1 23 1 123 3 130
2231 2 15 2 18 8 123
2232 3 15 2 30 1 123
2233 2 1 3 15 1 22 2 30
2234 6 15 2 16 2 17 4 168
2235 1 1 4 15 1 37 1 126
2236 1 1 3 15 2 20 1 37
2237 1 1 3 15 2 20 1 37
2238 
2239 
2240 1 1 1 2 3 168 1 172
2241 14 15 8 16
2242 1 1 1 2 1 5 1 60
2243 
2244 1 1 9 2 1 5 1 48
2245 3 1 3 2 2 3 1 29
2246 
2247 
2248 1 49 2 168 1 171 1 172
2249 1 1 3 2 1 108 1 109
2250 8 2 2 108
2251 6 2 2 108
2252 4 2 2 108
2253 3 1 4 2 1 42 1 48
2254 2 1 4 15 1 18 1 23 1 103 3 129
2255 
2256 2 1 6 2 1 148
2257 3 1 1 2 3 19 2 63 1 70 1 123
2258 1 2 1 15 4 19 1 31
2259 2 1 6 2 1 41
2260 3 15 1 32 1 123 1 126
2261 
2262 12 15 6 16
2263 1 19 5 123
2264 
2265 2 5 1 48
2266 1 1 1 2 1 108 2 168 1 170 1 179
2267 1 1 4 15 2 17 1 168 1 172
2268 3 1 2 2 1 42
2269 3 1 1 2 1 3 1 41
2270 3 15 2 20 1 71
2271 4 15 2 27
2272 2 5 2 144
2273 1 5 1 143 1 144
2274 12 15 6 16
2275 
2276 4 1 4 15 1 18 2 48 1 80 1 169 2 173 1 175
2277 3 1 1 4 1 29 4 168 2 169
2278 1 1 6 2 5 15 1 21
2279 2 1 1 5 1 110
2280 10 2 2 5
2281 3 1 1 2 1 3 1 58
2282 3 1 6 2 1 4 1 29
2283 
2284 
2285 
2286 
2287 
2288 
2289 
2290 4 1 2 2 1 3 1 4 1 29
2291 2 1 9 2 1 34
2292 
2293 2 1 2 2 1 3 1 13
2294 
2295 1 1 3 15 2 19 1 37
2296 
2297 
2298 1 1 9 15 1 18 1 22 1 31 1 37
2299 4 1 6 2 2 4 2 29
2300 4 1 7 2 2 4 2 29
2301 2 1 2 2 1 7 1 48
2302 
2303 1 34 1 128 1 130
2304 6 1 2 4 1 148
2305 4 1 3 2 2 3
2306 3 1 1 2 1 3 1 7
2307 4 15 2 16 2 19 2 123
2308 1 1 5 15 1 18 2 168 1 170
2309 4 1 3 2 2 3
2310 3 1 5 2 1 3
2311 3 1 5 2 1 3
2312 3 1 5 2 1 3
2313 2 1 6 2 1 3 1 128
2314 1 1 7 15 2 16 1 53
2315 
2316 2 1 6 2 1 41
2317 2 1 7 2 1 34
2318 3 15 2 17 1 62 4 168
2319 3 1 3 15 1 20 1 23 1 30
2320 2 1 1 2 8 15 1 37 1 42 1 64 2 123
2321 
2322 4 1 2 170 2 171
2323 
2324 
2325 
2326 3 1 4 2 1 3 1 34
2327 
2328 1 5 1 113
2329 2 16 8 123
2330 3 15 2 20 1 24
2331 3 1 3 168 3 169
2332 1 1 18 2 5 168 1 169
2333 8 15 4 16 2 20
2334 10 15 1 18 1 23 2 49
2335 8 15 2 18 2 125
2336 4 15 1 62 1 71
2337 6 1 3 15 2 23 1 126
2338 2 1 15 2 1 41
2339 2 2 1 29 1 119
2340 1 1 6 2 1 68
2341 9 15 1 18 1 32 1 53
2342 6 15 2 16 2 62
2343 4 15 2 16 1 19 3 20
2344 1 1 8 2 1 13
2345 14 15 8 16
2346 3 15 2 20 1 125
2347 3 15 2 20 1 71
2349 5 15 2 16 3 20
2350 2 2 1 33 1 41 1 49
2351 11 15 6 16 1 19
2352 4 15 1 53 1 119 1 126
2353 3 15 1 32 1 123 1 124
2354 1 117 1 118 1 119
2355 1 1 3 2 2 168 1 169 1 171
2356 11 15 6 16 1 19
2357 3 1 9 15 1 18 1 23 1 37
2358 1 113 1 118 1 122
2359 14 15 8 16
2360 2 1 4 15 1 21 1 37
2361 3 2 5 15 1 21 1 31
2362 2 1 2 2 1 8 1 128
2363 8 15 2 63 2 80
2364 3 1 1 34 1 36 1 119
2365 4 1 2 168 2 170 1 180 1 181
2366 3 15 2 20 1 71
2367 4 1 2 3 4 168 2 169
2368 2 1 7 2 1 14
2369 1 1 3 2 4 15 1 19 1 21
2370 
2371 20 15 2 18 1 21 1 23
2372 9 15 4 16 1 19
2373 2 1 1 2 1 108 1 110
2374 4 1 16 168 2 170
2375 8 1 14 168 4 170
2376 8 15 4 16 2 19
2377 9 15 4 16 1 19
2378 
2379 2 1 12 2 1 41
2380 1 1 1 2 1 33 1 144
2381 1 1 1 2 1 7 1 128
2382 2 1 2 2 1 3 3 15 1 20 1 98 1 123
2383 10 15 2 21 2 169 2 175 2 180
2384 
2385 1 1 1 4 3 128
2386 3 1 3 2 1 3 1 41
2387 3 1 7 2 1 3 1 41
2388 1 1 11 2 4 15 1 32 1 53
2389 3 1 2 2 2 3 1 29
2390 3 1 2 2 2 3 1 29
2391 
2392 
2393 1 1 1 2 2 168 1 176 2 180
2394 1 119 1 127
2395 1 1 2 2 5 15 1 45
2396 2 1 3 15 1 25 1 31 2 53
2397 5 15 1 18 1 61 2 129
2398 5 1 1 2 2 4 1 29
2399 1 7 1 129 1 130
2400 12 168 2 169
2401 1 1 8 2 1 86
2402 1 1 1 3 10 168 2 169
2403 8 15 4 17 4 168
2404 2 1 3 168 2 169 1 180
2405 
2406 1 1 1 12 5 15 1 18
2407 
2408 3 1 3 2 1 3 1 41
2409 4 15 1 21 1 23 1 72 3 129
2410 3 1 5 2 1 4 1 29
2411 3 1 6 2 1 4 1 29
2412 1 1 11 2 1 33
2413 1 1 12 2 1 33
2414 2 1 3 2 1 109
2415 1 1 14 2 1 29 1 34 1 135
2416 
2417 3 1 6 2 1 42
2418 1 1 5 2 4 15 1 19 1 45
2419 1 1 19 2 1 31
2420 1 1 2 2 1 114
2421 2 15 4 124
2422 3 15 1 123 2 124
2423 3 1 6 2 1 4 1 29
2424 2 1 8 2 1 3 1 29
2425 2 1 3 2 1 3 1 33
2426 4 2 1 49 2 50 1 134
2427 4 15 2 16 2 19 2 20
2428 
2429 1 1 2 2 1 5 1 14
2430 2 1 6 2 1 14
2431 2 1 6 2 1 14
2432 12 130 10 170
2433 
2434 
2435 
2436 2 1 3 2 2 19 1 20 1 21 1 30 1 63
2437 2 1 1 4 1 13 3 15 1 97 2 123
2438 3 2 2 13
2439 5 2 2 13
2440 2 1 4 2 1 6 1 48
2441 2 1 17 2 5 15 1 22
2442 2 1 17 2 5 15 1 22
2443 2 1 17 2 5 15 1 22
2444 1 1 18 2 5 15 1 21
2445 
2446 2 1 9 2 5 15 1 22
2447 3 15 1 19 2 123
2448 3 15 1 19 2 123
2449 1 15 1 19 4 123
2450 1 128 6 168 1 169
2451 1 1 7 2 1 165
2452 1 1 1 2 1 5 1 41
2453 1 15 4 20 1 32
2454 3 1 3 15 1 20 1 23 1 30
2455 3 1 17 2 1 61
2456 1 1 2 2 2 168 1 169
2457 4 1 6 15 2 16 2 22
2458 2 15 3 20 1 30
2459 2 168 1 169
2460 11 15 6 16 1 20
2461 1 1 3 2 3 168 1 172
2462 
2463 
2464 
2465 4 72 1 168 2 170
2466 2 1 3 2 1 3 1 137
2467 1 1 12 2 1 108
2468 2 1 13 2 1 3 1 29
2469 4 168 1 173 1 179 2 180
2470 
2471 2 1 7 2 1 3 1 31
2472 
2473 
2474 
2475 
2476 1 70 3 72
2477 1 1 21 2 1 31
2478 2 1 20 2 1 41
2479 
2480 10 168 6 169
2481 2 1 7 15 2 16 1 64
2482 1 1 9 2 1 68
2483 1 1 10 2 1 5
2484 2 15 3 20 1 32
2485 2 1 3 15 1 20 1 22 1 126
2486 1 1 7 2 1 57
2487 1 1 17 2 1 57
2488 1 1 5 168 1 169 1 170
2489 2 1 21 2 1 41
2490 
2491 1 168 3 171 2 172
2492 2 1 2 2 1 4 2 128
2493 4 15 1 21 1 31 1 123
2494 3 1 4 2 1 42
2495 1 1 4 2 4 15 1 21 1 30
2496 1 13 1 54
2497 4 1 3 15 2 22 1 62
2498 1 1 3 15 1 20 1 21 1 62
2499 3 15 1 19 2 123
2500 3 15 1 20 1 32 1 62
2501 1 1 2 5 1 8
2502 1 1 7 15 2 16 1 45
2503 1 1 7 15 2 16 1 45
2504 1 1 2 15 1 30 1 53 2 123
2505 2 1 22 2 1 41
2506 1 1 5 15 1 98 3 168 1 173 1 179
2507 2 1 21 2 1 144
2508 1 1 7 2 1 108
2509 2 1 2 2 2 3 2 128
2510 1 1 2 2 1 3 1 29 1 128
2511 1 1 1 48 1 77
2512 3 15 1 20 1 32 1 62
2513 4 1 1 2 2 4 2 29
2514 1 5 7 15 2 16 1 21
2515 3 1 14 2 1 3 1 41
2516 
2517 1 5 5 15 1 21 1 48
2518 1 1 3 2 1 6 1 40
2519 9 15 2 18 1 71
2520 
2521 1 1 5 2 1 5 1 48
2522 2 1 1 3 4 15 2 17 1 175 1 176 1 180 1 182
2523 1 1 11 2 1 3 1 29 1 31
2524 4 2 1 29 1 54
2525 3 1 11 2 1 3
2526 3 1 11 2 1 3
2527 1 1 4 2 2 168 1 169
2528 1 65 3 168 1 169
2529 1 54 2 168 1 169
2530 1 1 2 2 1 3 1 29 1 49
2531 1 2 1 50 1 79 1 81 1 129 1 165
2532 
2533 3 15 1 20 2 123
2534 
2535 1 1 2 2 1 4 2 5 1 29
2536 
2537 
2538 1 1 1 2 4 15 1 19 1 45
2539 
2540 1 1 4 2 1 73
2541 3 1 12 2 1 3 1 41
2542 1 1 4 2 1 34 1 130
2543 2 15 3 20 1 32
2544 1 15 4 20 1 32
2545 9 15 4 16 1 20
2546 2 1 3 168 2 169
2547 3 1 2 2 1 4 1 128
2548 3 1 1 2 1 3 1 109
2549 6 15 2 16 2 19
2550 2 1 12 2 1 3 1 31
2551 6 15 2 16 2 19
2552 1 1 1 30 1 53 4 123
2553 1 1 2 2 4 168 1 172
2554 1 2 10 15 1 18 1 33 1 99
2555 3 1 4 2 1 3 1 41
2556 3 1 2 2 1 3 1 6 1 48
2557 11 15 6 16 1 20
2558 1 1 4 2 1 57
2559 4 1 1 2 1 4 1 148
2560 6 15 2 16 2 19
2561 6 15 2 16 2 19
2562 2 1 2 2 1 3 1 33
2563 1 2 5 15 1 21 1 33
2564 1 2 1 128 5 168 1 169
2565 1 1 9 15 1 18 1 37 1 53
2566 1 1 5 168 1 176 1 180
2567 8 15 2 18 2 123
2568 6 15 2 18 4 20
2569 1 1 1 2 1 3 1 5 1 29 1 48
2570 1 81 4 168 1 169
2571 1 1 1 48 3 168 1 172
2572 2 1 9 2 4 6 1 41
2573 2 1 11 2 2 6 1 41
2574 6 168 2 169 1 180
2575 2 1 2 2 1 4 2 29
2576 2 2 2 13 1 60
2577 2 1 5 2 2 50
2578 4 1 1 2 2 3 2 50
2579 1 1 13 2 1 54
2580 2 15 3 20 1 71
2581 3 1 2 15 3 53 1 71
2582 
2583 2 2 1 29 2 168 2 175 1 176 1 180
2584 3 15 1 20 1 30 1 80
2585 2 1 3 2 1 14
2586 
2587 
2588 
2589 9 15 4 16 1 19
2590 1 1 24 2 1 29
2591 1 15 4 20 1 32
2592 1 1 4 168 1 169 1 179
2593 9 15 4 16 1 19
2594 2 1 2 168 2 172
2595 3 1 2 168 3 169
2596 1 1 14 2 1 13
2597 1 1 10 2 1 13
2598 1 2 8 168 2 169
2599 3 15 2 17 1 80 1 168 2 179
2600 1 1 1 86 1 88
2601 8 15 4 17 2 179
2602 2 1 4 15 1 22 1 123
2603 2 1 9 2 1 34
2604 2 1 10 2 1 3 1 29
2605 2 1 5 15 1 50 1 99
2606 8 15 4 17 1 179 1 181
2607 3 1 1 2 2 3 1 38
2608 4 15 1 24 1 30
2609 2 19 2 20 2 30
2610 1 1 3 2 4 15 1 21 1 32
2611 2 1 3 15 1 20 1 22 1 53 1 87
2612 2 1 4 15 1 22 1 53 1 87
2613 3 80 3 123
2614 
2615 2 1 6 2 1 41
2616 1 1 3 2 2 15 1 23 1 64 2 80 3 129 2 168 1 169
2617 1 1 8 2 1 29 1 41
2618 1 2 1 29 1 33 1 136
2620 4 15 1 19 1 63 1 81
2621 2 1 10 2 1 34
2622 3 2 5 15 1 53 1 108
2623 3 1 5 2 2 3 1 29
2624 3 1 5 2 2 3 1 29
2625 3 1 4 2 2 3 1 29
2626 2 1 16 2 1 3 1 29
2627 
2628 1 1 4 2 5 15 1 63
2629 1 72 2 168 1 169 1 171
2630 1 1 8 2 1 5 1 48
2631 2 1 1 168 1 170 1 175 1 179 1 180
2632 
2634 3 1 1 2 1 42 1 48
2635 
2636 3 1 3 15 3 45
2637 2 1 2 15 2 53 2 123
2638 3 1 1 2 1 3 1 50
2639 
2640 
2641 2 15 3 20 1 53 1 87
2642 1 1 1 2 3 168 1 176 1 180
2643 6 168 2 169 1 171
2644 2 4 12 168 6 169
2645 4 2 1 5 1 128
2646 1 1 1 2 4 15 1 21 1 62
2647 1 31 3 118 1 119
2648 
2649 
2650 4 15 2 16 4 20
2651 
2652 
2653 2 1 2 2 5 15 1 22
2654 2 1 9 2 5 15 1 22
2655 2 1 9 2 5 15 1 22
2656 2 1 9 2 5 15 1 22
2657 2 1 9 2 5 15 1 22
2658 4 1 1 168 2 170 2 176
2659 3 168 2 169 2 176
2660 1 1 2 2 5 15 1 22 1 29
2661 2 1 8 2 1 3 1 31
2662 2 1 10 2 1 3 1 31
2663 1 1 4 15 1 21 1 126
2664 
2665 
2666 2 1 19 2 1 6 1 41
2667 2 1 7 2 5 6 1 41
2668 
2669 2 1 1 35 1 128
2670 2 1 2 2 1 35 1 130
2671 3 1 2 2 1 8
2672 4 15 2 17 1 168 2 179
2673 
2674 1 1 1 2 1 29 2 168 1 170
2675 2 1 4 2 1 3 1 29
2676 
2677 1 1 10 2 1 87
2678 4 168 1 173
2679 1 1 2 168 1 172 1 180
2680 3 15 1 98 2 123 2 168 1 169
2681 1 1 1 2 7 15 2 16 1 21
2682 
2683 9 2 1 13 1 29
2684 2 1 3 168 2 170 3 179
2685 8 2 1 13 1 31
2686 1 168 1 171
2687 
2688 6 168 2 169
2689 10 2 2 54
2690 
2691 4 168 2 169 1 179
2692 6 168 2 169
2693 1 13 1 114
2694 3 1 5 2 1 3 1 60
2695 6 168 2 176
2696 1 1 1 2 1 6 1 13
2697 7 168 2 169
2698 1 1 2 2 1 134
2699 4 168 4 169 2 171
2700 1 1 1 2 3 168 1 169 1 171
2701 2 1 3 168 1 169 1 172
2702 3 15 2 17 1 20 4 168
2703 2 1 4 2 1 14
2704 2 1 2 14
2705 1 1 9 15 1 18 2 21
2706 3 168 4 169 3 179
2707 1 1 2 2 1 3 2 128
2708 3 15 1 30 2 124
2709 4 168 2 174
2710 
2711 2 1 11 2 1 41
2712 2 1 4 2 1 55
2713 7 168 2 169
2714 6 168 2 169 1 175
2715 4 1 2 2 2 61 1 149
2716 6 168 2 169 1 179
2717 1 1 1 2 1 31 1 55
2718 3 15 1 20 1 30 1 62
2719 12 168 4 169
2720 2 1 2 2 1 168 1 170 1 179 2 180
2721 1 1 4 15 1 25 1 53 1 72
2722 2 1 1 2 1 61 2 79 3 81
2723 3 1 7 2 1 3
2724 2 1 4 2 1 7 1 48
2725 1 1 9 2 1 165
2726 1 1 16 2 1 68
2727 1 166 5 168
2728 1 166 6 168
2729 2 1 2 2 1 7 1 48 1 60
2730 1 1 1 48 2 168 1 169
2731 1 1 11 2 1 54
2732 2 168 4 169
2733 4 168
2734 3 168 1 181
2735 3 1 7 15 2 16 1 23
2736 1 1 7 15 2 16 1 21 1 48
2737 5 168
2738 
2739 
2740 2 2 2 61 2 79 4 81 2 129
2741 3 1 1 6 1 8
2742 3 1 12 2 1 3
2743 
2744 2 2 1 3 2 5 1 29
2745 
2746 
2747 
2748 1 1 16 2 1 138
2749 1 49 2 168 1 171 1 172
2750 
2751 
2752 4 15 2 19
2753 9 15 1 18 1 21 1 30
2754 4 15 2 19
2755 1 1 1 2 1 29 1 78
2756 4 15 2 19
2757 3 15 3 19
2758 
2759 3 15 3 19
2760 4 15 1 76 1 123
2761 2 15 4 19
2762 5 1 4 15 1 23 1 64
2763 3 168 3 181
2764 1 1 17 2 5 15 1 21
2765 2 1 2 168 1 170 2 179
2766 7 168
2767 1 29 3 168 1 169
2768 
2769 1 1 14 2 1 33
2770 8 168
2771 9 15 2 18 1 21 1 29
2772 2 1 1 170 2 171 1 174
2773 
2774 9 168
2775 10 168
2776 1 2 1 50 2 61 2 79 4 81 2 129
2777 9 168 2 169
2778 3 15 1 20 1 32 1 62
2779 11 168
2780 6 15 4 17 2 123 2 179
2781 12 168
2782 5 15 2 49 1 163
2783 4 15 1 20 1 21 1 72
2784 8 168 4 179
2785 13 168
2786 14 168
2787 2 1 2 2 4 15 1 22 1 30
2788 
2789 15 168
2790 2 1 1 110 1 111
2791 16 168
2792 17 168
2793 1 1 3 2 4 15 1 19 1 21
2794 
2795 18 168
2796 1 1 3 2 1 41 1 128
2797 5 168 2 169 1 174
2798 30 168
2799 8 130 4 169 3 170 1 173 1 179
2800 
2801 
2802 2 1 6 2 1 7
2803 4 1 10 2 2 3 1 160
2804 3 1 3 2 1 42
2805 3 1 5 2 2 3 1 29
2806 1 1 5 2 1 165
2807 8 15 4 17 1 86 1 171 1 176
2808 3 1 1 2 1 4 1 38
2809 10 15 2 18 1 168 2 169
2810 2 128 5 168 2 169
2811 2 128 6 168 2 169
2812 1 1 4 2 1 5 1 48
2813 
2814 
2815 8 15 2 18 2 125
2816 1 1 1 2 1 33 1 34
2817 1 108 3 168 1 169 1 179
2818 2 1 5 2 1 3 1 31
2819 1 5 5 15 1 21
2820 2 1 21 2 1 58
2821 1 1 1 2 7 15 2 16 1 45
2822 1 1 1 2 7 15 2 16 1 45
2823 1 1 1 2 1 3 1 29 1 31
2824 
2825 2 1 1 2 1 166
2826 2 1 9 2 3 6 1 41
2827 1 1 14 2 1 6 1 86
2828 4 15 2 94
2829 
2830 1 1 1 81 4 168 1 170
2831 14 15 2 18 2 37
2832 3 1 1 4 5 15 1 147
2833 1 33 3 168 1 169
2834 2 65
2835 4 1 2 2 2 4 2 137
2836 1 1 1 31 1 55
2837 1 2 1 50 2 79 2 81 2 129
2838 
2839 12 15 4 16 4 17 2 180
2840 3 15 2 30 1 32
2841 3 1 1 2 2 3 1 128
2842 1 1 1 137
2843 1 1 1 2 1 137
2844 3 15 2 30 1 32
2845 12 1 9 2 4 3 3 4
2846 2 2 1 29 5 168 1 176
2847 
2848 
2849 1 72 3 168 1 172
2850 3 168 2 169 2 171
2851 10 15 1 29 1 37 1 64
2852 
2853 5 1 2 3 1 4 1 29
2854 4 1 3 15 1 20 2 22
2855 
2856 
2857 1 1 4 15 1 18 1 49 1 103 1 126
2858 1 5 1 48 5 168 1 169
2859 2 1 10 2 1 41
2860 2 1 9 2 1 41
2861 3 2 1 3 3 29
2862 1 111 1 119
2863 2 1 9 2 1 34
2864 18 129 10 170
2865 3 2 2 5
2866 6 118 2 119
2867 3 1 4 168 1 169 1 170
2868 2 1 4 2 1 50
2869 1 1 2 2 3 168 1 172
2870 4 15 4 17 4 123 2 179
2871 4 1 3 2 2 3
2872 4 1 3 2 2 3
2873 3 1 3 2 1 3 1 7
2874 
2875 6 15 2 18 4 20
2876 
2877 
2878 
2879 1 52 5 118 2 119 2 129
2880 
2881 1 2 2 50 2 79 3 81 1 129
2882 1 49 2 168 1 171 1 172
2883 2 1 1 34 1 35 1 119
2884 4 20 2 62
2885 1 1 1 50 1 118 1 121
2886 1 1 5 15 1 154
2887 1 2 1 5 4 15 1 20 1 154
2888 10 15 1 21 1 154
2889 1 1 5 15 1 21 1 149
2890 3 15 1 20 1 32 1 80
2891 3 15 1 20 1 32 1 80
2892 1 14 1 72 1 128
2893 4 1 4 2 4 15 2 22
2894 
2895 2 1 6 2 4 15 2 45
2896 1 1 2 2 1 50 1 165
2897 2 1 4 2 1 3 1 127
2898 5 1 7 2 3 3
2899 1 2 1 128 1 165
2900 4 15 1 39 1 126
2901 1 72 3 168 1 169 1 170
2902 1 72 4 168 1 169 1 170
2903 3 1 3 2 2 3 1 29
2904 2 16 8 124
2905 10 15 6 16 2 20
2906 4 15 2 16 2 19 2 21 2 128
2907 
2908 
2909 1 1 5 15 1 18 1 168 2 169
2910 4 168 2 169 1 174
2911 1 1 3 15 2 19 1 53
2912 5 15 2 18 5 123
2913 2 1 2 15 2 20 1 53 1 64 1 87
2914 1 1 1 2 1 41 1 108
2915 10 15 2 47
2916 1 1 6 2 1 73
2917 3 15 2 20 1 125
2918 3 15 2 20 1 125
2919 2 13 1 14
2920 1 1 3 15 2 17 1 37 1 168 2 179
2921 7 15 2 16 1 21 1 128
2922 10 15 6 16 2 20
2923 
2924 
2925 1 1 1 108 1 112
2926 3 1 1 4 5 168 1 169
2927 1 2 10 168 2 169
2928 3 1 6 2 1 3
2929 2 1 9 2 1 7 1 48
2930 
2931 
2932 6 130 6 169
2933 3 123 3 124
2934 1 14 1 72 1 129
2935 
2936 3 15 1 80 2 123
2937 7 15 2 16 1 124
2938 9 15 2 18 1 124
2939 3 1 5 2 1 3
2940 5 15 1 18 1 37 5 80
2941 1 168 1 171 1 180
2942 1 4 4 108
2943 4 2 1 4 4 128
2944 7 15 2 16 1 124
2945 
2946 1 1 11 2 1 165
2947 1 1 3 2 1 3 2 128
2948 
2949 3 1 5 15 1 28 1 36
2950 4 1 11 2 1 4 1 41
2951 9 15 2 18 1 124
2952 
2953 2 1 24 2 1 41
2954 1 1 3 15 1 30 1 53 1 80
2955 6 15 2 18 4 123
2956 6 15 2 18 4 123
2957 5 15 2 18 5 123
2958 5 15 1 34 1 37 1 119
2959 
2960 2 1 1 166
2961 4 1 2 3 1 41
2962 7 168 2 169
2963 4 17 8 123 2 179
2964 
2965 2 15 4 124
2966 4 15 2 18 6 123
2967 2 15 1 20 3 126
2968 3 1 1 2 4 15 1 23 1 30
2969 3 15 1 19 1 20 1 30
2970 10 15 2 18 2 168 1 170
2971 1 1 3 2 4 168 1 172
2972 9 168 1 169 1 172
2973 1 1 1 2 1 61 2 79 3 81 1 129
2974 2 1 1 2 1 3 1 31 1 55
2975 1 2 2 31 1 34
2976 3 15 1 23 2 123 3 129
2977 2 1 3 19 2 63 1 70 1 123 2 168 1 169
2978 1 1 1 2 1 48 5 168 1 169
2979 1 1 1 7 5 15 1 21
2980 1 1 7 2 1 5 1 50
2981 7 168 2 169
2982 3 15 1 30 2 80
2983 4 15 1 32 1 53 1 119
2984 1 1 3 2 3 168 1 169 1 179 1 180
2985 5 1 1 3 1 4 1 50
2986 2 1 3 15 1 18 1 103 2 123
2987 1 1 3 15 1 18 1 49 1 103 2 123
2988 2 1 7 2 1 34
2989 2 1 4 15 1 21 1 98
2990 8 15 2 18 2 123
2991 6 1 1 2 1 4 1 9
2992 2 1 4 15 1 22 1 29 1 53
2993 
2994 2 2 10 168 2 169
2995 1 1 3 2 2 15 1 23 1 64 2 80 1 108 3 129
2996 8 15 2 18 2 123
2997 6 15 2 18 4 123
2998 6 15 2 18 4 123
2999 4 1 2 70
3000 1 2 1 50 2 119
3001 
3002 4 15 1 49 1 62 1 107 1 154
3003 3 1 1 50 1 52 1 165
3004 1 1 8 2 1 31
3005 1 1 8 2 1 114
3006 1 1 3 2 1 6 1 44
3007 1 1 10 2 1 114
3008 5 168 2 170
3009 
3010 
3011 8 168 1 180
3012 1 118 1 119 11 129 6 170
3013 3 1 10 2 1 91
3014 1 110 1 112 2 119 1 129
3015 5 118 2 119
3016 1 31 6 118 1 119
3017 6 1 7 15 1 18 3 22 1 37
3018 
3019 1 1 1 2 1 143 1 148
3020 1 1 1 14 5 15 1 21
3021 1 2 1 29 1 117 5 118
3022 3 2 5 15 1 21 1 29
3023 
3024 2 1 5 15 1 22 1 29 1 79
3025 1 1 7 2 5 15 1 50 1 98
3026 1 31 1 55 1 138
3027 4 2 10 15 2 37
3028 1 1 1 5 1 12
3029 
3030 1 1 8 2 1 29 1 34 1 135
3031 1 2 5 15 1 29 1 37 1 136
3032 2 1 3 2 1 3 1 128
3033 2 1 3 2 1 3 1 128
3034 1 4 4 114
3035 10 169
3036 1 1 16 2 1 108
3037 1 1 1 31 1 55
3038 2 1 1 3 3 168 1 169 1 170 1 174
3039 1 108 1 109 1 119
3040 
3041 3 1 6 2 1 4 1 29
3042 1 1 1 2 1 3 1 29 1 33
3043 4 15 2 18 6 123
3044 1 31 4 168 1 169
3045 4 1 1 2 1 4 1 149
3046 2 2 2 48 2 79 2 81 2 129
3047 2 1 2 2 1 3 1 5
3048 1 1 1 2 1 5 1 7
3049 3 1 2 2 1 3 1 7
3050 3 1 1 2 1 3 1 7
3051 3 1 1 2 1 4 1 5
3052 3 1 2 2 1 4 1 5
3053 4 1 1 2 1 3 1 8
3054 2 1 6 2 1 60
3055 4 1 4 15 1 18 1 22 1 103
3056 3 1 1 4 4 168 1 172
3057 3 1 3 168 1 170 1 172
3058 
3059 1 1 2 168 2 169 1 172 1 179 2 180
3060 2 15 2 30 2 123
3061 1 2 1 29 4 168 1 169 1 175
3062 4 15 1 24 1 71
3063 
3064 9 15 1 20 2 21
3065 1 123 5 124
3066 4 1 4 15 1 22 1 23 1 29
3067 4 168 2 169 2 172
3068 4 1 3 2 1 3 1 4 1 29
3069 4 15 1 21 1 124 1 130
3070 2 1 1 2 1 4 2 49
3071 3 2 2 83
3072 4 2 2 83
3073 5 2 2 83
3074 3 1 3 2 1 70
3075 2 1 1 2 1 3 1 49 1 135
3076 8 15 1 18 1 37 2 124
3077 2 1 3 2 2 50
3078 1 1 3 2 2 168 1 176 2 180
3079 
3080 1 1 2 2 1 5 1 148
3081 
3082 6 15 2 16 1 19 1 71
3083 4 15 1 123 1 124
3084 4 15 1 62 1 124
3085 1 2 1 58 2 79 4 81
3086 
3087 
3088 8 15 2 18 2 123
3089 8 15 2 18 2 123
3090 2 1 2 2 1 112
3091 1 1 7 2 1 29 1 41
3092 4 15 1 21 1 23 1 29 3 129
3093 1 1 4 15 1 19 1 37
3094 3 1 1 169 1 170 1 179 2 180
3095 4 1 2 170 1 179 2 180
3096 4 1 4 2 2 170 1 179 2 180
3097 5 15 1 21 1 129
3098 4 15 2 18 6 123
3099 4 15 2 18 6 123
3100 3 15 2 18 7 123
3101 3 15 2 18 7 123
3102 2 128 4 168 2 169
3103 1 1 16 2 1 128
3104 2 1 3 2 8 15 1 18 1 25 2 53
3105 2 1 11 2 8 15 1 18 1 25 2 53
3106 1 1 5 2 1 57
3107 2 1 10 2 1 14
3108 5 1 2 2 1 3 1 4
3109 4 15 1 123 1 124
3110 2 1 2 2 1 3 1 5
3111 1 2 1 5 4 168 1 169
3112 4 15 1 53 1 119 1 124
3113 2 1 1 2 1 144
3114 1 1 1 114
3115 
3116 
3117 1 116 3 128
3118 1 122 1 128
3119 3 1 1 116
3120 2 1 14 2 1 14
3121 1 2 1 119 1 127
3122 1 72 1 119
3123 1 111 1 120
3124 1 120 1 121
3125 1 111 1 122
3126 1 121 1 122
3127 1 117 1 122
3128 1 36 3 129 1 130
3129 1 117 1 119
3130 1 36 4 129
3131 1 86 1 119
3132 4 15 1 21 1 62 1 72
3133 1 4 1 119 3 128
3134 1 113 1 120
3135 1 113 1 119
3136 2 118 2 127
3137 1 116 2 118 3 119
3138 1 33 2 118 1 119
3139 2 118 2 119
3140 1 117 4 118 1 119
3141 4 118 2 119
3142 5 118 1 119 1 127
3143 1 1 1 29 4 168 1 169 1 176
3144 
3145 1 9 4 118 1 119 3 129
3146 12 129 6 170
3147 2 2 2 29 4 118
3148 10 129 4 170 1 173
3149 1 2 1 29 1 117 3 118
3150 1 2 5 15 1 21 1 49
3151 1 1 1 43 1 118 1 119 2 129
3152 9 1 1 3 3 4
3153 7 15 2 18 3 123
3154 6 15 2 18 4 123
3155 4 15 2 18 6 123
3156 1 9 1 118 1 119 3 129
3157 3 1 4 2 1 3 1 34
3158 
3159 
3160 1 1 1 2 1 7 1 31
3161 2 1 1 2 1 4 1 29 1 49
3162 2 6 2 31
3163 1 5 1 7 1 49
3164 1 2 1 115 2 128
3165 1 2 1 117 1 128
3166 
3167 1 8 2 129 1 130
3168 1 2 1 29 1 117
3169 1 111 1 121
3170 1 9 1 129 3 130
3171 2 117
3172 
3173 4 1 3 15 2 22 1 30
3174 4 1 1 2 1 3 1 110
3175 5 15 2 16 1 19 1 62 1 80
3176 9 15 2 18 1 21 1 29
3177 5 1 3 15 2 17 1 23 2 168 1 170
3178 1 9 2 119 2 129
3179 1 1 1 2 4 168 1 176 1 180
3180 5 15 1 21 4 168 1 176 1 180
3181 7 168 1 174
3182 
3183 1 1 8 15 2 17 1 19 1 29 1 98 1 173 1 176 1 182
3184 1 49 1 129
3185 2 1 17 2 1 41
3186 1 15 5 124
3187 1 15 1 62 4 124
3188 1 2 1 29 4 168 1 169
3189 1 2 1 29 7 168 1 169
3190 2 15 1 62 3 124
3191 1 5 1 81
3192 3 15 1 62 2 126
3193 3 1 2 168 2 169 1 172
3194 
3195 2 1 12 2 4 15 2 45
3196 3 1 1 2 1 3 1 14
3197 16 168 1 180
3198 8 15 2 18 2 19
3199 4 1 8 15 2 18 2 64
3200 2 1 4 15 1 21 1 98
3201 1 1 15 2 1 29
3202 4 15 2 124
3203 4 15 1 30 1 124
3204 3 15 3 124
3205 3 15 1 62 2 124
3206 3 15 1 62 2 124
3207 2 15 1 62 3 124
3208 8 15 4 16 2 20
3209 1 1 5 15 1 18 2 168 1 170 2 179
3210 1 1 2 2 1 4 3 128
3211 1 33 1 34 1 119
3212 1 1 3 2 1 48 1 119
3213 4 1 8 2 1 35 1 42
3214 1 1 3 2 1 6 1 40
3215 2 1 11 2 1 41
3216 11 15 6 16 1 20
3217 10 15 6 16 2 20
3218 4 1 3 2 1 42 1 61
3219 3 1 3 2 1 3 1 14
3220 1 1 7 15 2 16 1 26
3221 1 1 5 2 1 3 2 29
3222 
3223 2 1 1 2 1 29 1 61
3224 
3225 1 1 2 2 1 41 1 119
3226 4 15 1 62 1 124
3227 4 15 1 30 1 124
3228 1 2 1 29 1 114
3229 1 1 9 15 4 16 1 98
3230 4 15 2 124
3231 4 15 1 62 1 124
3232 1 31 3 168 1 169
3233 4 15 1 30 1 124
3234 3 15 3 124
3235 3 15 1 62 2 124
3236 1 129 5 168 1 169
3237 2 168 3 171
3238 1 1 1 168 1 171 1 172
3239 2 1 1 2 4 168 2 169
3240 4 1 2 2 1 3 1 4 1 29
3241 1 1 4 2 1 114
3242 12 168 6 169 2 170
3243 6 2 2 54
3244 6 130 1 168 2 169 3 170 1 171 1 173
3245 1 114 1 128
3246 
3247 1 1 1 7 1 119
3248 4 15 1 21 1 31 1 80
3249 1 119 1 120
3250 1 1 4 2 4 168 1 169
3251 1 1 1 108 1 110 1 119
3252 1 5 4 168 1 169
3253 1 1 1 2 3 168 1 169 1 171
3254 
3255 1 2 1 29 2 118 1 119
3256 1 38 2 118 1 119
3257 1 36 1 118 1 119 2 129 1 130
3258 1 31 2 118 1 119
3259 1 1 5 2 4 15 1 21 1 62
3260 2 110 2 118 2 128 2 129
3261 1 31 5 118 1 119
3262 
3263 1 1 3 2 1 78 1 81
3264 1 2 1 29 1 117 7 118
3265 1 1 1 29 6 168 1 170
3266 1 1 1 43 5 118 1 119 2 129
3267 1 15 2 19 3 123
3268 10 129 5 170
3269 7 15 2 18 3 123
3270 5 15 2 18 5 123
3271 2 1 2 2 1 3 3 168 1 172
3272 2 1 2 2 1 3 2 168 1 169 1 171
3273 2 1 2 2 1 3 1 5
3274 14 15 2 18 2 37
3275 
3276 
3277 2 1 2 2 2 48 3 168 1 170
3278 3 1 10 2 1 3 1 41
3279 3 1 1 4 1 5 1 144
3280 1 1 1 43 1 119 2 129
3281 3 1 4 2 2 8 1 33
3282 4 168 2 171
3283 
3284 2 1 1 29 3 168 3 169
3285 1 2 2 65 2 107
3286 1 36 1 128 2 129 1 130
3287 1 1 5 2 4 15 1 21 1 32
3288 3 1 1 4 5 15 1 22 1 29
3289 4 15 2 18 6 123
3290 4 15 2 18 6 123
3291 4 15 2 18 6 123
3292 4 15 1 23 1 80 3 129
3293 7 15 2 18 3 123
3294 4 1 1 4 1 55
3295 3 1 1 168 1 172 1 173
3296 2 1 3 15 2 21 1 32
3297 3 1 1 2 1 49 1 52 1 136
3298 4 1 1 2 1 50 1 52 1 136
3299 5 1 2 2 1 3 1 29 1 50 1 51 1 52
3300 3 1 1 2 1 29 1 52 1 136
3301 4 1 4 2 1 50 1 52 1 136
3302 3 168 2 180
3303 2 15 1 62 3 124
3304 1 72 10 168 1 170 1 176
3305 5 15 1 21 1 79 2 81
3306 3 1 1 2 3 15 2 21 1 41 1 99 1 108
3307 1 1 2 2 1 143
3308 1 1 4 15 2 17 3 168 1 169
3309 1 1 1 2 1 31 1 41
3310 
3311 5 1 1 2 1 4 4 15 1 23 1 30
3312 1 1 3 2 4 15 2 17 3 168 1 169
3313 1 34 1 49 1 130
3314 8 15 2 18 2 124
3315 
3316 6 1 6 15 2 16 2 23
3317 1 1 6 2 1 6 1 31
3318 2 5 1 50
3319 3 1 2 2 1 3 1 58
3320 
3321 5 15 4 17 3 123 2 179
3322 3 1 3 2 1 42
3323 6 124
3324 2 15 3 20 1 124
3325 4 15 1 23 1 126 3 129
3326 2 15 2 19 2 123
3327 9 2 2 29
3328 4 1 1 2 1 43
3329 4 1 9 15 1 18 1 22 1 48 1 53 1 72 1 169 2 170
3330 1 86 4 168 1 169 1 175
3331 4 1 1 2 4 15 1 18 2 48 1 80 1 169 2 173 1 175
3332 2 1 7 2 1 3 1 128
3333 3 15 1 32 1 80 1 123
3334 3 15 2 18 7 123
3335 4 1 2 79
3336 1 1 5 2 4 168 1 172
3337 2 1 1 2 1 3 5 15 1 21
3338 4 1 1 2 1 3 1 4 1 29
3339 3 1 1 52
3340 3 1 4 15 1 23 1 123
3341 3 1 4 15 1 23 1 126
3342 2 1 1 3 1 48 1 113
3343 4 1 1 2 1 4 1 6
3344 8 15 2 18 2 20
3345 3 1 4 15 1 19 1 23
3346 8 15 2 18 2 124
3347 
3348 1 1 2 2 3 168 1 169 1 171
3349 2 1 2 2 1 8 1 33
3350 2 1 2 2 1 3 5 15 1 21
3351 1 1 2 34 1 119
3352 5 15 2 16 1 19 1 30 1 80
3353 2 1 1 3 1 50 1 165
3354 4 15 1 23 1 126 3 129
3355 4 15 1 20 1 23 3 129
3356 4 15 1 23 1 124 3 129
3357 2 15 2 18 8 123
3358 1 15 2 18 9 123
3359 5 2 5 15 1 21 1 31
3360 4 15 1 23 1 126 3 129
3361 4 15 1 23 1 80 3 129
3362 4 15 1 80 1 124
3363 2 15 3 20 1 125
3364 1 1 2 15 3 20 1 53
3365 1 1 7 15 2 16 1 22 1 29
3366 1 1 4 15 1 18 1 53 2 168 1 169
3367 
3368 4 1 4 2 1 4
3369 5 1 2 2 3 3
3370 1 1 4 15 1 37 1 124
3371 
3372 3 1 4 2 1 3 1 6 3 15 1 21 1 30 1 53 1 107
3373 2 79 2 81 2 88 2 129
3374 3 168 2 171
3375 4 15 1 21 1 31 1 124
3376 1 1 2 2 1 79 2 83
3377 3 1 4 2 2 3 1 29
3378 4 15 1 24 1 124
3379 2 1 1 2 1 3 1 119
3380 16 15 2 18 4 20 2 22
3381 1 36 1 48 1 119 3 129
3382 9 1 2 15 3 23 1 80
3383 
3384 1 1 3 2 8 15 2 18 1 21 1 71
3385 1 1 1 33 1 109
3386 1 1 10 2 1 29 1 41
3387 
3388 5 15 1 18 5 168 1 176
3389 3 168 1 171 1 180
3390 1 1 1 168 1 169 1 179 2 180
3391 1 1 5 15 2 16 1 19 1 20 1 53
3392 2 1 2 2 1 3 1 57
3393 2 1 1 2 1 3 3 168 1 169 1 171
3394 
3395 4 1 5 2 1 4
3396 2 1 2 2 1 144
3397 2 1 13 2 1 41
3398 1 1 4 2 8 15 2 18 1 21 1 71
3399 1 1 5 2 8 15 2 18 1 21 1 71
3400 1 1 1 50 1 65 1 107
3401 
3402 2 1 1 6 2 7
3403 1 1 6 168 1 169
3404 4 1 1 168 2 170
3405 3 1 4 15 1 22 1 53
3406 2 1 3 15 2 20 1 22
3407 1 1 4 19 1 20
3408 1 1 5 2 8 15 2 18 1 53 1 71
3409 2 2 2 65 2 107
3410 6 15 2 18 4 123
3411 6 15 2 18 4 123
3412 5 1 1 2 2 3 3 19 2 63 1 147
3413 4 1 1 144 1 146
3414 
3415 2 1 2 3 2 49
3416 5 18 1 62
3417 2 1 1 3 4 15 1 21 1 30
3418 2 1 2 2 2 48 4 168 1 170
3419 3 1 3 2 5 15 1 23
3420 2 15 3 20 1 21 1 29
3421 2 1 4 15 2 17 2 168 2 169
3422 
3423 
3424 3 1 1 2 1 168 1 169 1 170
3425 3 1 2 2 1 168 1 169 1 170
3426 1 1 1 2 1 3 10 168 2 169
3427 9 1 4 4 1 29
3428 7 15 4 16 2 19 1 80
3429 1 65 1 72
3430 1 29 1 72
3431 1 1 15 2 1 54
3432 2 168 1 181
3433 1 1 10 2 1 73
3434 2 1 1 115
3435 2 1 1 118
3436 1 1 1 119
3437 1 1 4 2 1 69 1 72
3438 1 1 1 108 1 110 1 129
3439 4 1 2 2 1 3 1 4 1 29
3440 4 1 2 2 1 3 1 4 1 29
3441 3 1 1 4 1 69 1 72
3442 1 49 1 119
3443 3 15 2 20 1 125
3444 1 33 1 119
3445 1 119 2 130 1 156
3446 1 2 1 29 1 118 1 119
3447 
3448 
3449 1 1 18 2 1 108
3450 1 111 1 118 1 119
3451 1 36 1 119 2 129 1 130
3452 1 31 1 118 1 119
3453 3 118 1 119 1 127
3454 10 168 2 169
3455 7 118 1 119 1 128
3456 8 15 2 19 1 21
3457 3 1 1 2 1 4 1 50 1 165
3458 2 1 2 2 1 3 1 5 1 48
3459 1 1 3 2 1 3 2 128
3460 1 1 5 2 1 3 2 128
3461 1 1 2 2 5 15 1 28
3462 1 2 5 15 1 21 3 168 1 176
3463 10 15 2 23 4 129
3464 4 1 2 145
3465 2 1 4 2 1 148
3466 4 15 2 17 1 29 2 168 1 169
3467 1 1 6 15 1 18 1 45 1 53 1 80 2 123
3468 1 49 1 118 1 121
3469 3 1 3 168 1 169 1 170
3470 2 1 11 2 1 41
3471 
3472 3 1 12 2 1 61
3473 2 1 1 3 2 168 1 169 1 171
3474 1 1 19 2 1 128
3475 1 1 3 15 2 17 1 21 4 168
3476 2 1 1 2 1 112
3477 
3478 1 1 6 2 1 127
3479 1 1 8 2 1 127
3480 1 1 1 2 6 15 1 18 1 23 2 53 1 80 1 123 3 129
3481 4 1 1 2 1 4 1 50 1 136
3482 4 1 4 2 1 4 1 50 1 136
3483 2 1 2 2 4 168 2 169
3484 1 1 4 2 3 168 1 172
3485 1 1 5 2 3 168 1 172
3486 1 1 6 2 3 168 1 172
3487 1 1 11 2 1 127
3488 1 1 5 2 5 168 1 169
3489 1 1 4 2 5 168 1 169
3490 4 1 2 2 1 4 1 50 1 136
3491 1 33 1 114
3492 1 108 1 121
3493 1 114 1 117
3494 1 1 1 34 1 129
3495 2 33
3496 1 1 5 2 1 137
3497 1 1 2 168 1 171 1 172
3498 1 1 1 48 1 119
3499 1 9 1 119 3 130
3500 1 115 1 117 1 119
3501 1 1 5 15 1 23 2 49
3502 1 1 5 168 1 175 1 176
3503 1 109 2 119
3505 3 1 2 2 1 110
3506 4 15 1 23 1 32 3 129
3507 5 15 1 37 1 119
3508 1 1 2 2 5 15 1 47
3509 1 23 5 124 3 129
3510 2 18 10 124
3511 1 44 5 168 1 169
3512 1 1 2 2 1 3 1 29 5 168 1 169
3513 
3514 2 1 3 15 1 20 1 22 1 30
3515 6 168 2 169 1 175
3516 1 1 1 7 1 127
3517 1 1 4 15 1 32 1 45
3518 2 1 5 2 1 60
3519 3 15 1 20 1 32 1 62
3520 3 15 1 20 1 32 1 62
3521 5 15 1 18 3 168 1 169
3522 7 15 1 18 1 19 1 23 1 32 1 63 3 129
3523 1 38 4 168 1 176 1 179
3524 
3525 3 1 3 2 1 110
3526 1 128 3 168 1 169
3527 3 1 2 2 1 3 1 29 1 61
3528 
3529 1 2 1 29 3 168 1 169
3530 1 1 1 2 4 168 1 169 1 180
3531 1 1 1 2 1 54 1 55
3532 1 164 10 168 2 169
3533 2 1 1 2 4 50
3534 4 1 1 4 1 58
3535 4 15 2 18 6 80
3536 1 1 18 2 1 128
3537 6 1 1 2 2 4 1 34
3538 3 15 1 20 2 124
3539 2 1 1 2 1 3 1 134
3540 2 2 1 29 5 168 1 169
3541 2 1 17 2 1 3 5 168 1 169
3542 2 1 17 2 1 3 5 168 1 169
3543 3 1 4 2 1 61
3544 1 1 1 2 1 13 1 14
3545 1 2 1 29 6 168 1 169
3546 1 1 4 15 1 37 1 124
3547 4 15 1 32 1 124
3548 2 1 14 2 1 60
3549 1 1 5 2 4 168 1 169
3550 1 1 4 2 1 3 2 29
3551 1 1 4 2 1 3 2 128
3552 3 1 3 2 1 61
3553 3 1 2 15 1 39 3 53
3554 3 15 1 32 1 123 1 124
3555 4 15 1 39 1 124
3556 
3557 2 1 3 2 5 15 1 22
3558 1 15 2 19 2 20 1 123
3559 4 15 2 17 2 168 1 171
3560 4 15 1 23 1 39 3 129
3561 2 168 2 179 2 180
3562 3 1 1 3 5 15 1 22
3563 2 1 5 2 1 34
3564 3 1 5 2 1 8
3565 
3566 2 1 1 8 5 15 1 21
3567 9 15 2 17 1 18 1 168 1 172
3568 10 15 1 21 1 37
3569 3 15 1 62 2 124
3570 2 2 4 15 1 20 1 21 1 31
3571 1 1 2 2 4 15 1 21 1 31 1 53
3572 2 15 1 30 2 123 1 126
3573 3 15 1 20 2 124
3574 3 15 1 20 2 124
3575 3 15 1 20 2 30
3576 2 1 10 2 5 15 1 22
3577 2 1 10 2 5 15 1 22
3578 2 1 10 2 5 15 1 22
3579 2 1 10 2 5 15 1 22
3580 2 1 10 2 5 15 1 22
3581 2 1 11 2 5 15 1 22
3582 2 1 11 2 5 15 1 22
3583 1 1 1 2 1 29 4 168 2 169
3584 2 1 3 2 1 3 1 31
3585 2 1 8 2 5 15 1 22
3586 2 1 8 2 5 15 1 22
3587 2 1 8 2 5 15 1 22
3588 2 1 7 2 5 15 1 22
3589 2 1 8 2 5 15 1 22
3590 2 1 8 2 5 15 1 22
3591 2 1 3 168 1 170 1 180
3592 2 1 21 2 1 50
3593 8 2 2 68
3594 3 15 1 19 1 80 1 123
3595 4 15 1 23 1 39 3 129
3596 4 15 1 23 1 32 3 129
3597 7 2 2 128
3598 8 2 2 128
3599 9 2 2 128
3600 4 15 1 23 1 39 3 129
3601 5 15 1 37 1 129
3602 1 1 4 15 1 37 1 124
3603 4 15 1 32 1 124
3604 1 1 2 2 1 3 1 5 1 128
3605 4 15 1 32 1 124
3606 4 15 1 21 1 124 1 130
3607 4 15 1 39 1 124
3608 5 15 1 53 1 119
3609 
3610 2 1 5 2 1 7
3611 4 15 1 39 1 124
3612 1 1 4 15 1 19 1 63
3613 4 15 1 124 1 126
3614 2 13
3615 1 1 1 2 1 114
3616 1 2 1 108 1 119
3617 1 2 1 29 4 168 1 169 1 175
3618 1 2 1 111 1 119
3619 1 1 8 2 1 77
3620 
3621 4 15 1 53 1 62 1 119
3622 5 15 1 124
3623 3 1 1 2 1 4 1 29 1 58
3624 4 15 1 19 1 62
3625 2 1 9 2 1 34
3626 1 2 2 114
3627 1 1 4 168 1 169 1 170
3628 4 15 2 18
3629 3 2 2 54
3630 2 1 1 2 2 50
3631 1 1 4 2 1 82
3632 1 1 6 2 1 114
3633 1 1 7 2 1 114
3634 
3635 
3636 
3637 1 1 1 3 2 49 1 60
3638 4 1 1 4
3639 5 1 1 3 1 4
3640 4 1 1 3 1 4 1 29
3641 1 79 3 128
3642 3 1 4 168 1 169 2 170
3643 
3644 3 1 1 130 3 168 2 169 2 170
3645 20 15 2 18 2 23 2 29
3646 3 1 1 3 1 7 1 48
3647 3 15 1 37 2 123 1 130
3648 3 15 2 17 1 21 1 33 1 168 2 179
3649 2 1 11 2 1 3 1 29
3650 2 1 3 15 2 20 1 22
3651 1 1 2 2 1 50
3652 1 13 1 31
3653 1 111 1 117
3654 2 86
3655 6 1 4 15 2 23 4 50
3656 4 1 1 168 1 170 2 172
3657 3 1 4 2 2 15 1 64 2 80 1 154
3658 
3659 3 1 3 2 2 3 1 29
3660 3 1 3 2 2 3 1 128
3661 3 1 21 2 1 156
3662 2 1 1 3 1 57
3663 1 1 1 7 1 81
3664 2 1 3 15 2 17 1 20 3 168 1 170
3665 6 168 1 181
3666 2 15 2 17 2 30 1 171 2 180
3667 
3668 2 15 2 19 2 123
3669 1 1 1 7 1 68
3670 
3671 6 15 2 16 2 62
3672 
3673 4 15 2 16 4 80
3674 1 1 2 15 1 64 3 80 1 81
3675 1 54 3 168 1 169 1 179
3676 1 1 2 2 1 3 1 5 1 29
3677 2 1 2 2 1 3 1 6 1 29
3678 2 2 5 15 1 21 1 29 1 50
3679 
3680 6 15 2 17 1 18 3 30 1 168 1 169 1 179 1 180
3681 2 15 3 20 1 32
3682 1 1 1 2 3 168 1 169
3683 1 1 2 2 3 168 1 169
3684 
3685 2 1 2 2 1 19 2 20 2 45 1 65
3686 2 1 2 2 4 15 2 21
3687 1 2 1 49 1 50 4 168 1 169 1 179
3688 7 168 2 169 1 180
3689 2 1 8 15 4 16 1 20 1 22
3690 2 1 5 15 2 16 2 20 1 22
3691 4 15 2 16 1 29 1 30 2 80 1 154
3692 2 1 2 2 1 4 2 31
3693 
3694 3 1 1 3 1 149
3695 
3696 
3697 
3698 
3699 3 15 1 20 2 30
3700 2 15 4 20
3701 7 168 1 169 1 172
3702 2 1 10 2 1 41
3703 
3704 1 1 5 15 1 28 1 48
3705 1 1 4 168 2 169 1 172
3706 1 1 1 6 1 108
3707 
3708 2 15 1 62 3 80
3709 5 2 2 5
3710 2 1 2 15 1 20 1 22 2 30
3711 1 15 1 30 4 123
3712 3 1 2 15 1 32 3 53
3713 2 1 6 15 2 16 1 20 1 22
3714 3 15 2 30 1 32
3715 1 1 1 13 1 14
3716 4 1 1 2 1 4 1 14
3717 2 1 4 15 2 17 2 168 1 170
3718 
3719 6 15 2 16 1 19 1 20
3720 
3721 4 1 1 3 1 8
3722 1 1 1 2 4 15 1 21 1 31 1 53
3723 1 1 3 15 1 32 1 53 1 80
3724 6 15 2 18 4 20
3725 
3726 2 1 1 2 4 168 2 169
3727 2 1 1 2 5 168 1 170
3728 
3729 8 168 2 169
3730 8 168 2 169
3731 8 168 1 173
3732 4 15 2 17 3 168 1 179
3733 4 15 2 17 3 168 1 179
3734 4 15 2 17 2 168 2 179
3735 6 15 2 16 2 17 3 168
3736 1 1 3 2 5 168 1 176
3737 2 1 3 15 1 20 2 53
3738 1 1 2 2 5 15 1 37
3739 1 2 5 15 1 31 1 97
3740 2 1 4 168 2 170 2 176
3741 4 15 2 17 3 168
3742 4 15 2 17 2 168 1 179
3743 4 15 2 17 2 168 1 175
3744 2 169 4 175 2 180
3745 6 15 2 16 1 19 1 126
3746 2 15 3 20 1 30
3747 3 1 1 4 1 6 2 48 1 49
3748 3 1 1 4 2 41 1 49
3749 2 2 2 29 1 109
3750 1 1 1 2 3 168 1 169 1 180
3751 2 171 1 174
3752 2 168 1 175 1 179 1 180
3753 
3754 1 1 3 15 1 21 1 29 1 30 1 53
3755 1 1 1 2 1 3 2 31
3756 1 1 1 8 2 31
3757 5 168 1 182
3758 3 15 2 20 1 32
3759 
3760 2 1 3 15 1 20 1 22 1 30
3761 3 15 1 19 2 32
3762 
3763 2 1 3 15 1 30 2 53
3764 1 1 13 2 4 15 1 21 1 30
3765 
3766 1 2 5 15 1 21 1 31
3767 10 15 1 18 1 28
3768 2 1 1 42 1 48 1 49
3769 1 2 4 15 1 21 1 29 1 30
3770 1 1 1 3 1 29 1 31
3771 1 1 1 2 4 15 2 17 1 176 2 180
3772 1 29 6 168 1 169
3773 6 168 1 180
3774 5 168 1 179 1 180
3775 7 168 1 180
3776 2 1 5 2 1 34
3777 2 1 3 2 1 3 1 5
3778 14 168 1 180
3779 
3780 8 15 1 18 1 22 1 113 2 123
3781 2 168 2 179 2 180
3782 3 15 1 32 2 123
3783 2 15 1 32 3 123
3784 2 1 1 14
3785 
3786 3 168 1 175
3787 3 168 1 179
3788 1 1 3 2 10 15 2 18 1 169 2 176 2 180
3789 1 2 2 29 2 149
3790 2 1 1 2 1 4 2 128
3791 2 1 1 8 1 108
3792 2 1 1 2 1 3 1 31
3793 2 15 2 17 2 20 3 168 1 180
3794 4 168 2 180
3795 2 1 3 168 2 169 1 175
3796 4 15 1 19 1 62
3797 4 15 1 19 1 62
3798 
3799 6 1 10 2 4 3
3800 
3801 2 1 15 2 1 34
3802 3 2 2 29
3803 3 15 2 19 1 62
3804 4 168 2 179
3805 4 168 2 181
3806 4 168 2 181
3807 6 2 2 31
3808 11 2 2 31
3809 1 2 2 108 1 144
3810 5 168 2 179
3811 2 58 2 81
3812 1 1 15 2 1 31
3813 1 1 14 2 1 6 1 31
3814 2 1 7 2 1 78
3815 1 1 18 2 1 31
3816 1 1 4 2 1 165
3817 1 1 15 2 1 6 1 29
3818 1 1 24 2 1 31
3819 1 1 26 2 1 31
3820 
3821 1 1 23 2 1 29
3822 1 1 25 2 1 29
3823 1 72 1 128
3824 1 72 1 130
3825 1 72 1 127
3826 1 33 1 128
3827 1 33 1 127
3828 
3829 2 175 4 180
3830 3 1 1 4 1 128
3831 3 1 1 110
3832 1 4 4 127
3833 3 1 1 2 1 4 1 128
3834 1 118 1 121 1 122
3835 2 1 2 168 1 169 1 176 1 180
3836 3 1 1 167
3837 2 1 2 168 2 176 2 180
3838 1 1 4 15 1 32 1 47
3839 4 1 3 2 1 9
3840 3 15 1 32 2 123
3841 1 1 3 15 1 32 1 53 1 80
3842 3 15 1 20 1 30 1 32
3843 6 168 3 170
3844 4 1 3 168 2 169 1 170
3845 4 1 3 168 2 170
3846 4 15 2 16 1 18 3 19 5 80
3847 1 79 3 81
3848 4 15 1 27 1 30
3849 1 2 9 15 1 19 1 21 1 58 1 97 1 107
3850 3 18 3 19 6 168 3 176
3851 
3852 
3853 3 1 1 161
3854 5 1 1 3 1 43
3855 3 1 7 2 1 3 1 41
3856 3 1 11 2 1 3 1 41
3857 3 1 13 2 1 3 1 41
3858 3 1 6 2 1 161
3859 
3860 2 1 3 2 1 136
3861 1 2 1 7 2 128
3862 3 1 1 8
3863 2 1 1 3 1 108
3864 2 1 1 2 1 3 1 127
3865 2 1 1 3 1 138
3866 2 1 1 2 1 3 1 127
3867 2 1 1 2 1 139
3868 3 15 1 32 2 123
3869 2 1 2 7
3870 1 1 1 3 1 29 1 33
3871 1 33 1 111
3872 
3873 3 15 1 32 2 123
3874 5 15 1 18 4 19 1 30
3875 3 1 1 3 1 144
3876 2 1 3 15 1 30 2 53
3877 5 20 1 123
3878 2 1 5 15 1 23 1 108
3879 1 1 5 15 1 50 1 154
3880 1 1 1 2 5 15 1 22 1 29 1 48 4 168 3 169 1 176
3881 5 15 2 19 2 20 1 62 1 63 1 154
3882 1 1 1 2 1 48 1 113
3883 1 1 1 3 2 31
3884 2 1 1 3 1 31 1 55
3885 2 2 1 5 1 128
3886 5 1 2 3 1 4 1 29
3887 2 1 1 3 13 15 1 18 2 22 1 48 1 53 1 72 1 123
3888 2 1 4 15 1 53 1 98
3889 2 1 1 7 1 109
3890 6 1 2 2 2 4
3891 1 78 2 81
3892 
3893 6 32
3894 1 1 1 50 1 86
3895 2 1 1 2 2 60
3896 5 15 1 57 1 154
3897 
3898 2 15 2 30 2 80
3899 15 15 2 18 1 22
3900 1 1 10 15 1 18 1 99
3901 9 15 2 17 1 18 1 176 2 180
3902 7 1 4 15 1 18 1 22 2 52
3903 1 1 1 33 1 169 1 172 1 179 2 180
3904 2 1 7 2 1 3 1 29
3905 
3906 2 1 1 2 5 15 1 18 1 103
3907 4 15 2 16 1 19 1 30 2 126
3908 10 15 2 18 2 132
3909 1 1 9 15 4 16 1 21
3910 
3911 8 15 4 16 2 126
3912 14 15 2 21 2 45
3913 1 1 5 15 1 98 2 168 1 173 1 179 1 181
3914 1 1 6 2 8 15 2 18 1 53 1 71
3915 1 1 7 2 8 15 2 18 1 53 1 71
3916 2 1 1 5 1 15 2 17 1 21 2 53 1 168 2 179
3917 2 2 2 5 1 170 2 175 3 180
3918 4 15 2 17 1 29 1 176 2 180
3919 
3920 5 15 1 31 1 50 1 97
3921 1 31 1 65 4 168 1 170
3922 
3923 1 1 5 15 1 98 2 168 1 173 1 179 1 182
3924 1 1 6 15 2 16 1 19 1 53
3925 3 15 2 18 7 123
3926 3 15 2 18 7 123
3927 4 15 2 18 6 123
3928 1 15 2 18 9 123
3929 2 15 2 18 8 123
3930 3 15 3 20
3931 3 15 2 20 1 30
3932 2 1 1 3 1 29 1 113 1 159
3933 1 1 2 2 8 15 2 18 1 21 1 71
3934 1 1 6 2 8 15 2 18 1 21 1 71
3935 1 1 15 15 2 18 1 23
3936 4 1 2 173 2 180
3937 1 62 5 123
3938 2 15 4 20
3939 2 15 3 20 1 30
3940 2 15 3 20 1 30
3941 
3942 5 15 1 18 2 168 1 169 1 180
3943 2 1 4 15 1 20 1 22
3944 4 15 2 80
3945 3 15 3 32
3946 5 15 1 72 1 147
3947 3 15 1 39 2 80
3948 2 15 3 20 1 32
3949 4 15 1 20 1 71
3950 4 15 1 20 1 39
3951 1 2 1 31 5 168 1 169
3952 2 1 2 2 1 8 5 15 1 18 2 48
3953 4 15 2 17 1 29 3 168 1 169
3954 4 15 2 17 3 168 1 180
3955 3 15 2 17 1 30 4 168
3956 1 1 1 2 1 5 1 144
3957 2 1 13 2 1 41
3958 1 1 8 15 1 18 2 20 1 22
3959 2 1 2 15 1 30 1 32 2 53
3960 18 2 2 5
3961 4 15 2 17 1 29 3 168 1 169
3962 
3963 8 15 1 18 1 22 1 111 2 123
3964 2 14 2 127
3965 5 15 1 22 1 29 1 72
3966 1 1 2 2 4 15 2 17 1 176 2 180
3967 3 1 2 79 1 81
3968 2 15 4 17 8 168
3969 1 29 1 65 1 149
3970 3 2 1 13 1 31
3971 2 1 3 2 1 55
3972 2 1 1 2 1 88
3973 2 2 1 49 1 54
3974 1 1 2 2 4 15 1 19 1 21
3975 4 15 1 30 1 125
3976 1 29 4 168 1 169 1 180
3977 2 1 2 2 1 42 1 128
3978 1 81 2 168 1 176 2 180
3979 3 15 3 30
3980 
3981 2 1 1 29 3 168 3 169
3982 1 1 2 2 1 3 2 128
3983 3 1 5 2 1 4 1 29
3984 5 1 2 2 2 4 1 29
3985 4 1 3 2 1 4 1 34
3986 4 1 1 2 1 4 1 41
3987 
3988 
3989 
3990 2 15 1 20 1 30 2 80
3991 1 1 3 2 1 3 2 31
3992 2 1 1 2 1 42 1 128
3993 2 1 1 2 1 42 1 130
3994 1 1 1 2 1 48 1 111
3995 4 15 2 16 4 123
3996 3 1 1 2 1 3 1 14
3997 2 1 4 15 1 20 1 22
3998 4 15 1 32 1 123
3999 2 1 4 15 1 22 1 32
4000 5 15 1 27
4001 1 1 4 15 1 19 1 21
4002 1 1 4 15 1 19 1 21
4003 1 1 3 15 1 19 1 20 1 21
4004 1 1 4 15 1 53 1 62
4005 14 15 8 16
4006 
4007 6 15 1 18 4 19
4008 3 15 2 20 1 24
4009 1 3 10 15 2 21 1 29
4010 
4011 
4012 1 1 3 2 5 15 1 21
4013 10 15 1 18 1 21 1 144
4014 5 15 1 21 1 49
4015 2 1 1 3 5 15 1 21
4016 4 1 2 168 2 169 1 170
4017 1 1 5 15 1 21 1 50
4018 1 1 2 2 4 15 1 19 1 21
4019 2 1 2 2 2 144
4020 1 1 2 2 1 41 1 130
4021 4 1 4 15 1 23 1 53
4022 3 1 1 3 1 4 2 29
4023 3 1 1 169 1 170 1 181
4024 1 1 2 2 1 41 1 128
4025 3 171 1 174
4026 
4027 2 1 3 2 1 41
4028 2 1 1 2 2 3 2 128
4029 3 1 2 2 1 3 1 41
4030 3 1 4 2 2 3 1 29
4031 2 1 7 2 1 41
4032 3 1 1 4 1 65 4 168 2 169
4033 2 1 19 2 1 34
4034 
4035 2 1 5 2 1 41
4036 4 15 2 124
4037 4 15 1 30 1 125
4038 3 1 1 2 1 3 1 41
4039 2 2 1 29 1 128
4040 2 1 1 2 1 3 1 29 1 41
4041 1 1 1 2 1 108
4042 4 1 1 2 1 4 1 34
4043 1 65 1 68
4044 2 138
4045 3 1 5 15 1 18 2 168 2 170 2 179
4046 1 1 1 2 1 49
4047 2 57
4048 2 1 1 2 1 41 1 50
4049 5 1 1 2 1 3 1 4
4050 3 1 1 4 1 40
4051 
4052 1 1 10 2 5 168 1 169
4053 6 1 2 4 1 41 1 48
4054 2 1 2 2 1 3 1 127
4055 2 1 1 2 1 3 1 138
4056 1 1 2 2 1 111
4057 1 1 2 2 1 86
4058 1 1 1 2 1 48 1 130
4059 3 2 1 50 2 128
4060 3 2 1 68 1 128
4061 2 1 1 3 1 82
4062 2 1 1 2 1 3 1 86
4063 2 1 1 8 1 31
4064 
4065 4 1 2 170 2 176
4066 4 15 2 123
4067 
4068 1 15 2 19 1 23 2 30 3 129
4069 1 1 1 3 2 40
4070 1 130 5 168 1 169
4071 1 1 4 19 1 62
4072 
4073 1 1 14 2 1 29 1 34 1 136
4074 2 1 6 2 1 164
4075 2 1 1 2 1 3 1 68
4076 2 1 1 2 1 3 1 44
4077 1 2 1 40 1 108
4078 1 33 1 134
4079 1 1 3 2 1 127
4080 1 68 1 108
4081 1 2 1 108 1 143
4082 
4083 2 1 1 2 2 3 2 49
4084 1 8 4 15 2 18 6 20 1 29
4085 1 50 1 108 1 130
4086 1 1 1 72 1 144
4087 1 168 2 171
4088 2 34 2 130
4089 1 1 1 31 1 88
4090 2 1 4 2 1 3 1 58 5 168 1 169
4091 2 1 1 2 1 3 1 83
4092 2 1 4 2 1 3 1 29
4093 4 1 2 2 1 3 1 4 1 38
4094 1 1 3 2 1 108
4095 1 1 2 2 1 82
4096 3 15 1 20 1 32 1 80
4097 1 1 2 2 4 15 1 32 1 53
4098 3 1 3 2 1 3 1 55
4099 2 1 2 2 1 3 1 83
4100 4 1 3 2 2 3 1 58
4101 4 1 3 2 2 3 1 50
4102 4 1 3 2 2 3 1 144
4103 1 1 4 2 1 108
4104 1 2 2 68
4105 1 1 3 2 1 82
4106 1 168 3 171
4107 2 1 12 2 2 6 1 41
4108 2 1 5 2 1 144
4109 1 1 2 2 1 29 5 168 1 170
4110 1 1 3 2 1 29 5 168 1 170
4111 1 1 12 2 1 31
4112 2 1 14 2
4113 1 1 15 2 1 127
4114 
4115 
4116 1 72 1 113
4117 3 1 1 2 2 3 5 15 1 21
4118 1 65 7 168 1 169
4119 1 1 2 2 9 15 2 18 1 21
4120 2 1 3 15 1 19 2 45
4121 2 1 9 2 1 41
4122 2 1 7 2 1 41
4123 1 1 2 2 1 7 2 168 1 169
4124 4 1 5 2 1 4 1 41
4125 2 1 2 2 1 3 2 168 1 169
4126 2 1 1 3 3 15 2 17 1 21 4 168
4127 3 1 5 2 1 3 1 41
4128 
4129 1 1 1 2 4 15 1 24 1 53
4130 1 1 1 58 5 168 1 169
4131 3 2 4 15 2 17 1 128 1 176 2 180
4132 3 1 3 2 2 3 1 29
4133 3 15 2 17 1 80 1 179 2 180
4134 5 15 1 18 4 19 1 62
4135 1 1 2 2 5 168 1 176
4136 3 1 1 42
4137 5 15 1 18 4 19 1 32
4138 5 2 10 168 2 169
4139 1 1 3 2 1 3 10 168 2 169
4140 
4141 4 15 1 19 1 65 1 97
4142 3 1 11 2 1 3 1 41
4143 4 1 2 2 3 15 2 22 1 30
4144 1 1 4 2 1 3 10 168 2 169
4145 6 1 1 2 1 3 2 4 1 29
4146 3 15 1 62 2 124
4147 
4148 4 1 2 2 3 15 2 22 1 30
4149 1 86 6 168 3 169 1 170
4150 2 1 2 2 1 4 1 5 1 29
4151 2 15 4 124
4152 
4153 1 1 9 2 4 15 1 32 1 53
4154 1 1 4 15 1 37 1 62
4155 5 15 1 94
4156 2 15 2 19 1 20 1 32
4157 4 15 1 32 1 80
4158 4 15 1 19 1 32
4159 
4161 3 1 22 2 1 3
4162 1 1 10 15 1 18 1 64
4163 
4164 4 15 1 39 1 80
4165 
4166 8 15 2 18 2 19
4167 1 1 1 2 5 15 1 50 1 98
4168 1 2 1 15 1 19 1 31 1 53 3 123
4169 2 1 1 3 4 15 1 19 1 45
4170 2 1 2 48
4171 3 15 2 20 1 126
4172 1 1 1 171 1 172 2 180
4173 3 15 1 62 2 123
4174 
4175 2 1 1 41
4176 
4177 3 1 3 168 3 169 1 170
4178 3 1 3 2 1 156
4179 4 15 1 30 1 80
4180 3 15 3 32
4181 1 1 4 15 1 53 1 80
4182 2 1 1 3 2 168 1 169 1 171 1 174
4183 
4184 4 15 1 39 1 80
4185 2 1 3 2 3 15 1 18 1 103 2 123
4186 
4187 3 1 1 3 1 41
4188 2 2 1 3 3 83
4189 1 31 1 54 2 88
4190 
4191 1 31 1 54 1 88
4192 1 2 1 29 1 165
4193 1 2 1 5 1 127
4194 2 1 24 2 1 41
4195 
4196 
4197 3 15 2 20 1 126
4198 3 15 2 20 1 123
4199 4 15 2 16 4 123
4200 1 1 2 2 1 29 1 34 1 136
4201 1 1 1 2 1 5 1 50
4202 2 1 5 2 1 3 1 128
4203 2 1 5 2 1 3 1 127
4204 1 2 2 5 1 50
4205 1 1 22 2 1 31
4206 1 2 1 127 1 128
4207 1 1 1 3 2 128
4208 1 1 1 7 1 128
4209 1 1 1 7 1 130
4210 1 33 1 129
4211 1 15 1 62 4 124
4212 1 4 4 128
4213 4 2 5 15 1 21 1 31
4214 3 1 1 4 1 127
4215 3 1 4 2 1 4 1 29
4216 3 1 1 4 1 5
4217 2 1 1 2 1 4 2 29
4218 
4219 
4220 2 1 2 2 1 15 1 19 3 123 1 162
4221 5 1 1 2 1 3 1 4
4222 1 79 2 81 1 128
4223 2 2 1 31 1 54
4224 1 57 1 68
4225 1 1 6 2 5 168 1 169
4226 3 2 2 54 1 58
4227 2 1 9 2 1 6 1 41
4228 1 113 1 130
4229 4 1 2 2 1 4
4230 2 1 2 169 2 175 2 180
4231 3 1 3 2 2 3 1 29
4232 4 1 3 2 1 4
4233 2 1 1 3 1 5
4234 2 1 1 2 1 7
4235 1 1 1 5 1 109
4236 1 1 1 8 2 130
4237 3 1 1 3 1 7
4238 4 1 1 9
4239 2 1 1 3 1 33
4240 
4241 2 1 1 3 1 86
4242 1 1 4 2 2 29 1 79
4243 5 1 1 2 1 3 1 4
4244 4 1 1 4 1 34
4245 1 31 1 54
4246 1 1 1 31 1 55
4248 2 169 2 171
4249 2 1 2 2 1 9 8 15 2 18 2 30
4250 12 15 6 16
4251 5 15 2 18 5 123
4252 4 1 1 2 2 3
4253 3 1 1 2 2 3 1 29
4254 2 1 1 2 1 3 1 33
4255 1 31 1 108 1 109
4256 3 1 1 2 2 3 1 29
4257 3 1 1 3 1 34
4258 5 1 3 3
4259 4 1 2 3 1 7
4260 5 1 1 3 1 9
4261 4 1 1 3 1 35
4262 
4263 1 1 4 2 1 14 1 31
4264 1 10 5 168 1 169
4265 
4266 1 1 3 2 1 5 1 6
4267 12 2 2 29
4268 3 1 1 4 5 15 1 26
4269 2 2 1 3 3 29
4270 11 15 2 16 2 17 1 21 3 168 1 169
4271 1 2 2 31 1 55
4272 1 2 4 168 2 169
4273 2 1 3 2 1 4 2 31
4274 6 15 2 16 2 20
4275 3 15 3 32
4276 1 15 2 30 3 123
4277 
4278 1 1 9 15 2 18 1 21
4279 2 1 1 2 2 3 2 49
4280 1 1 14 2 1 31
4281 1 1 16 2 1 31
4282 1 65 1 86
4283 1 1 1 60 1 65
4284 2 1 1 29 3 168 3 169
4285 2 1 1 4 1 29 1 113
4286 6 15 2 16 2 20
4287 6 15 2 16 2 30
4288 6 15 2 16 2 20
4289 3 15 2 20 1 71
4290 1 1 1 40 4 168 2 169
4291 2 1 1 2 5 50
4292 3 15 1 30 2 80
4293 4 15 2 17 2 169 1 171 1 179
4294 6 15 2 16 2 20
4295 6 15 2 16 2 30
4296 1 1 6 15 2 16 1 30 1 37
4297 10 168 4 169
4298 2 1 2 2 1 170 2 175 3 180
4299 
4300 2 2 4 15 2 17 1 128 1 176 2 180
4301 6 15 2 16 2 20
4302 6 15 2 16 2 20
4303 6 15 2 16 2 20
4304 1 1 1 2 1 3 2 29
4305 3 1 3 2 1 3 1 50
4306 2 1 5 2 1 50
4307 1 65 1 101
4308 2 168 1 179 1 180
4309 3 15 2 20 1 126
4310 3 15 1 30 2 123
4311 3 15 2 20 1 30
4312 
4313 2 15 3 20 1 126
4314 1 1 4 15 1 20 1 37
4315 4 15 1 80 1 126
4316 8 130 1 168 4 169 3 170 1 173
4317 3 15 1 30 2 80
4318 
4319 3 15 2 20 1 39
4320 6 15 2 16 1 19 1 62
4321 6 15 2 16 1 19 1 30
4322 10 15 2 22 2 128
4323 2 1 3 15 2 21 1 62
4324 2 1 4 15 1 37 1 53
4325 1 1 4 15 1 32 1 53
4326 7 15 2 16 1 126
4327 6 15 2 16 1 19 1 62
4328 6 15 2 16 1 19 1 62
4329 6 15 2 16 1 19 1 30
4330 6 15 2 16 1 19 1 62
4331 2 1 23 2 1 41
4332 
4333 3 1 1 4 1 54
4334 1 2 3 15 1 18 1 113 2 123 1 166
4335 
4336 6 15 2 16 2 20
4337 6 15 2 16 2 20
4338 8 15 2 18 2 19
4339 
4340 5 15 1 22 2 40
4341 2 1 5 2 1 3 1 29
4342 7 15 2 16 1 80
4343 7 15 2 16 1 21 1 31
4344 6 15 2 16 2 20
4345 6 15 2 16 2 30
4346 2 1 1 2 1 3 5 15 1 37
4347 1 1 4 15 2 17 1 172 2 180
4348 1 1 4 2 1 89
4349 1 2 1 5 5 15 1 45
4350 4 1 2 2 2 3
4351 4 15 2 126
4352 4 15 1 125 1 126
4353 3 15 1 19 2 20
4354 1 1 4 168 1 169 1 180
4355 3 15 1 19 2 20
4356 2 171 2 180
4357 3 15 2 20 1 126
4358 3 15 2 20 1 126
4359 3 15 1 30 2 123
4360 2 1 2 2 1 3 1 29
4361 
4362 
4363 4 2 2 3 4 128
4364 3 15 2 80 1 126
4365 3 15 1 20 2 76
4366 4 1 2 2 2 3
4367 
4368 
4369 2 1 5 15 1 23 1 65
4370 3 1 4 15 1 23 1 30
4371 6 1 3 15 1 19 2 23
4372 
4373 
4374 1 1 5 15 1 22 1 128
4375 5 1 1 4 1 35
4376 1 1 4 15 1 20 1 37
4377 6 1 2 4 1 7
4378 4 15 1 80 1 126
4379 3 15 1 30 2 80
4380 3 15 1 20 1 30 1 32
4381 1 1 4 15 1 32 1 53
4383 4 15 1 24 1 80
4384 2 1 4 15 1 22 1 126
4385 
4386 4 15 1 37 1 126 1 130
4387 4 15 1 32 1 126
4388 4 15 1 80 1 126
4389 
4390 4 15 1 39 1 123
4391 3 1 2 2 1 3 1 41
4392 2 1 7 2 1 41
4393 1 8 15 15 3 18
4394 1 1 8 15 2 18 1 21 1 71
4395 8 2 2 5
4396 1 2 1 33 1 49
4397 
4398 3 1 6 2 1 3
4399 4 15 1 25 1 30 1 31
4400 10 15 2 18 2 66
4401 1 15 1 30 4 123
4402 1 2 5 15 1 21 1 57
4403 1 2 1 5 5 15 1 63
4404 2 2 1 33 1 108
4405 4 15 1 21 1 126 1 130
4406 4 15 1 63 1 65 1 126
4407 6 1 3 2 2 15 3 22 1 30
4408 3 1 3 2 1 3
4409 2 1 3 2 1 3 1 29
4410 2 1 2 2 1 34
4411 2 1 1 2 1 3 1 44
4412 4 1 2 2 2 3
4413 3 1 4 2 1 3
4414 2 1 4 2 1 3 1 29
4415 2 1 2 50 1 130 1 156
4416 4 1 1 2 2 3 1 41
4417 2 1 5 2 1 3 1 29
4418 2 1 4 2 1 34
4419 3 1 1 2 1 3 1 6 1 48
4420 1 1 12 2 1 29 1 34 1 136
4421 2 1 4 2 1 3 1 29
4422 4 15 1 125 1 126
4423 1 1 4 168 1 169 1 180
4424 3 15 1 19 2 20
4425 2 1 5 2 1 3 1 29
4426 2 1 3 2 1 41
4427 1 1 3 2 1 41 1 130
4428 2 1 1 6
4429 1 1 1 10
4430 4 1 2 2 1 4
4431 3 1 2 2 1 4 1 29
4432 
4433 3 1 1 2 1 4 1 33
4434 2 1 5 168 1 170
4435 1 1 1 29 5 168 1 170
4436 4 1 3 2 1 4
4437 7 15 2 18 3 126
4438 6 15 2 18 4 126
4439 2 1 1 2 1 3 1 38
4440 2 1 20 2 1 41
4441 1 1 3 15 1 63 2 80
4442 1 33 1 101
4443 2 15 2 19 2 20
4444 1 108 2 168 1 169
4445 4 15 1 20 1 126
4446 4 15 1 125 1 126
4447 4 15 1 62 1 126
4448 3 15 1 19 2 20
4449 1 1 1 29 7 168 1 170
4450 1 1 4 168 1 169 1 180
4451 4 15 1 30 1 62
4452 1 1 4 15 1 39 1 53
4453 3 1 1 2 1 3 1 41
4454 3 15 1 30 2 123
4455 1 1 3 168 1 169 1 171
4456 1 1 3 168 1 169 1 171
4457 1 1 4 168 1 172
4458 5 15 1 125
4459 4 1 1 2 1 4 3 19 2 63 1 123
4460 1 1 3 2 1 33 1 41
4461 2 1 2 2 1 50 1 88
4462 2 1 5 2 1 41
4463 3 1 3 2 1 3
4464 1 1 3 2 1 33
4465 2 2 1 5 1 31
4466 2 1 1 3 1 72 1 144
4467 1 2 1 5 1 40
4468 
4469 1 2 2 5
4470 1 1 1 2 1 10
4471 4 1 2 2 2 3
4472 1 1 6 2 1 14 1 29
4473 2 1 1 2 1 3 1 101
4474 3 1 4 2 1 3
4475 2 15 1 20 2 62 1 80
4476 1 1 3 2 1 101
4477 1 1 3 2 1 5
4478 2 2 2 5
4479 1 1 2 2 1 10
4480 1 1 3 2 1 114
4481 1 1 2 2 1 50 1 128
4482 2 168 2 171
4483 4 15 2 18 6 126
4484 4 1 1 2 2 3 1 144
4485 1 1 4 2 1 5
4486 
4487 1 1 3 2 1 44
4488 1 2 2 5 1 144
4489 6 168 1 179
4490 2 1 13 2 1 3 1 29
4491 1 1 10 2 1 33
4492 
4493 2 1 6 2 1 3 1 29
4494 1 1 12 2 1 114
4495 1 1 14 2 1 6 1 31
4496 2 1 16 2
4497 2 1 25 2
4498 1 1 1 129
4499 10 15 2 18 8 168 2 170
4500 10 15 2 18 10 168 2 170
4501 1 5 1 128
4502 1 13 1 128
4503 1 13 1 130
4504 1 5 1 127
4505 
4506 1 108 1 129
4507 
4508 
4509 1 7 2 128
4510 1 1 1 109 1 128
4511 1 121 1 128
4512 
4513 3 1 1 156
4514 
4515 1 1 2 168 1 169
4516 1 110 3 128
4517 2 1 1 4 2 128
4518 2 1 1 112
4519 
4520 4 1 2 2 2 145
4521 2 1 1 2 1 4 2 128
4522 3 1 1 2 1 110
4523 2 1 1 108 1 110
4524 3 1 1 2 1 56
4525 2 1 1 2 1 149
4526 3 1 4 15 1 19 1 23
4527 1 1 1 2 1 130 1 149
4528 3 1 1 3 1 4 2 128
4529 4 1 1 4 1 7
4530 4 1 1 3 1 110
4531 2 1 1 4 1 29 1 31
4532 3 1 1 79
4533 2 1 1 79 1 130
4534 4 1 2 4 2 128
4535 6 1 2 4
4536 5 1 2 4 1 29
4537 
4538 3 15 1 20 1 30 1 123
4539 3 1 1 2 1 4 1 31
4540 4 1 1 2 1 3 1 4 1 29
4541 2 1 1 4 2 31
4542 2 1 1 79 1 81
4543 3 1 1 2 1 3 1 4 2 29
4544 1 1 1 79 2 81
4545 
4546 
4547 15 15 2 18 1 23 1 31
4548 15 15 2 18 1 23 1 49
4549 1 1 5 2 9 15 2 18 1 21
4550 2 1 2 2 1 3 1 29 2 60
4551 4 15 1 19 1 32
4552 4 1 2 2 1 3 1 4 1 29
4553 1 1 3 2 2 29 1 79
4554 3 1 4 2 2 3 1 29
4555 2 1 2 2 1 149
4556 2 1 1 2 1 4 2 31
4557 3 1 3 2 1 4 1 29
4558 
4559 3 1 4 2 1 4 1 29
4560 3 1 9 2 1 4 1 29
4561 3 1 3 2 1 4 1 29
4562 
4563 3 1 4 2 1 4 1 29
4564 2 1 4 2 1 149
4565 2 1 6 2 1 149
4566 2 1 4 2 1 152
4567 1 1 1 34 1 128
4568 2 1 1 3 1 13
4569 2 1 1 11
4570 1 1 1 3 1 5 1 29
4571 1 2 1 29 1 111
4572 1 2 1 29 1 86
4573 1 1 1 101
4574 
4575 2 1 1 3 1 49
4576 1 49 1 86
4577 2 1 1 2 1 60
4578 1 1 1 83
4579 1 1 3 168 1 169
4580 
4581 2 1 2 3 2 128
4582 3 1 1 3 1 55
4583 3 1 2 3 1 29
4584 2 1 1 3 1 111
4585 1 1 1 109 1 111
4586 2 1 1 102
4587 4 1 1 43
4588 1 1 1 48 1 113
4589 2 1 9 15 1 18 1 23 1 30
4590 8 15 1 18 2 20 1 154
4591 1 1 10 15 1 18 1 23 1 29
4592 4 2 4 31 2 61
4593 2 1 1 3 1 108 1 109
4594 1 1 1 33 1 34
4595 1 1 1 33 1 48
4596 2 1 1 2 1 78
4597 4 1 3 3 1 29
4598 1 1 1 78 1 81
4599 1 1 12 2 5 168 1 169
4600 
4601 1 1 14 2 5 168 1 169
4602 
4603 
4604 1 2 5 15 1 21 1 29
4605 4 15 2 18 6 123
4606 2 1 13 2 1 41
4607 1 1 1 2 1 3 2 31
4608 1 1 1 2 1 78 1 81
4609 4 15 1 21 1 30 1 31 1 55
4610 3 15 1 80 2 123
4611 3 15 1 20 2 80
4612 2 1 7 2 1 14
4613 2 15 1 20 3 80
4614 6 15 2 16 2 80
4615 1 2 1 29 1 138
4616 14 15 4 16 2 18
4617 9 15 4 16 1 80
4618 1 1 1 65 1 168 1 176 1 178 1 180
4619 1 32 5 124
4620 3 20 3 80
4621 2 1 1 2 1 50
4622 7 1 1 2 1 3 2 4
4623 3 15 2 32 1 80
4624 4 2 1 31 1 54
4625 2 1 2 2 1 3 1 29
4626 1 1 12 2 2 6 1 31
4627 
4628 15 15 2 18 1 64
4629 15 15 2 18 1 163
4630 
4631 1 57 1 65
4632 1 1 10 15 1 18 1 50 1 99
4633 10 15 2 18 1 102
4634 1 1 1 86
4635 2 15 3 20 1 80
4636 1 1 6 15 2 16 1 19
4637 3 15 2 20 1 32
4638 18 129 10 170
4639 14 15 4 16 2 18
4640 6 1 6 21
4641 5 1 1 15 5 21
4642 12 15 2 16 2 18
4643 11 168 4 169
4644 
4645 8 15 2 18 2 20
4646 4 1 2 3 4 15 2 45
4647 8 15 4 16 2 123
4648 
4649 
4650 1 2 1 61 2 79 4 81 1 129
4651 5 15 2 16 1 30 2 80
4652 6 130 1 166 1 168 4 169 3 170 1 173
4653 6 15 2 16 2 80
4654 3 15 1 20 2 80
4655 3 15 1 62 2 80
4656 4 15 2 17 1 168 2 180
4657 1 1 2 15 1 53 3 80
4658 2 1 8 2 1 34
4659 2 1 18 2 1 41
4660 3 1 6 2 1 42 1 48
4661 15 15 1 18 1 21 1 64
4662 1 1 2 2 1 137
4663 3 1 1 3 4 168 2 169
4664 6 15 2 16 1 19 1 80
4665 6 15 2 16 1 19 1 80
4666 12 15 2 16 1 37 1 53
4667 5 15 2 16 1 19 1 20 1 30
4668 2 1 2 2 1 33 1 42
4669 
4670 3 15 2 20 1 125
4671 
4672 5 1 2 2 2 3 1 4 1 29
4673 1 15 3 20 2 80
4674 1 13 1 14 1 128
4675 1 13 1 14 1 127
4676 1 15 5 123
4677 1 13 1 14 1 130
4678 1 15 2 30 3 123
4679 3 1 1 42 1 48
4680 3 1 2 2 1 42 1 48
4681 2 1 1 2 1 33 1 42
4682 1 1 1 2 1 33 1 42 1 130
4683 2 15 1 30 3 123
4684 4 1 2 2 2 3
4685 3 1 2 2 2 3 1 29
4686 
4687 
4688 
4689 3 15 1 20 2 126
4690 4 15 1 37 1 123 1 130
4691 2 1 4 15 1 20 1 64
4692 2 15 1 32 1 62 2 126
4693 2 1 4 15 1 64 1 80
4694 2 15 1 20 3 80
4695 3 15 2 32 1 80
4696 3 15 3 80
4697 9 15 4 16 1 20
4698 9 15 4 16 1 62
4699 9 15 4 16 1 30
4700 1 1 1 2 3 15 1 53 2 80
4701 3 15 1 32 2 126
4702 3 15 2 20 1 32
4703 3 15 1 30 1 80 1 123
4704 1 1 4 15 1 45 1 125
4705 3 15 2 20 1 32
4706 3 15 1 80 2 123
4707 
4708 3 15 2 17 1 80 1 175 2 180
4709 1 1 4 15 1 20 1 21
4710 
4711 4 15 1 30 1 71
4712 1 1 4 15 1 20 1 63
4713 
4714 6 15 2 16 1 19 1 20
4715 6 15 2 16 1 19 1 62
4716 6 15 2 16 1 19 1 123
4717 6 15 2 16 1 19 1 30
4718 12 15 2 16 1 18 1 21
4719 8 15 2 18 2 20
4720 8 15 4 16 1 19 1 20
4721 5 15 1 31 1 37
4722 1 1 5 15 1 37 1 60
4723 3 1 9 2 1 3
4724 2 1 10 15 2 18 1 104
4725 8 15 1 18 2 20 1 37
4726 8 15 1 18 2 30 1 37
4727 1 1 10 15 1 18 1 22
4728 4 15 2 21 2 130
4729 4 15 1 21 1 71 1 130
4730 4 15 2 21 2 29
4731 1 1 4 15 1 24 1 53
4732 1 1 4 15 1 21 1 29 1 53
4733 1 1 4 15 1 21 1 32
4734 4 15 1 21 1 80 1 130
4735 4 15 1 71 1 80
4736 9 15 1 18 1 21 1 32
4737 2 2 10 15 2 18 1 29 1 103
4738 1 2 2 77
4739 7 15 2 16 1 125
4740 6 15 2 16 1 19 1 123
4741 6 15 2 16 1 19 1 20
4742 6 15 2 16 1 19 1 20
4743 6 15 2 16 1 19 1 123
4744 18 15 6 18
4745 8 15 2 18 2 20
4746 14 15 4 16 2 18
4747 12 15 2 16 2 18
4748 11 15 2 16 2 18 1 19
4749 
4750 3 1 1 2 1 4 1 111
4751 9 15 4 16 1 20
4752 9 15 4 16 1 62
4753 2 1 6 2 5 15 1 64
4754 8 15 4 17 2 168
4755 8 15 2 18 2 20
4756 10 15 2 18 4 168 2 176
4757 14 15 3 18 1 21
4758 7 15 2 16 1 71
4759 6 15 2 16 1 19 1 80
4760 2 1 3 2 1 3 1 33
4761 2 1 8 2 1 34
4762 3 15 1 20 1 30 1 39
4763 1 1 5 15 1 97
4764 2 1 1 2 5 15 1 64
4765 
4766 5 15 1 37 1 68
4767 1 1 1 2 4 15 1 19 1 45
4768 2 168 1 174
4769 1 1 10 15 1 21 1 64
4770 2 2 1 3 15 15 3 45
4771 4 1 8 15 2 18 2 22
4772 3 1 5 15 1 45 1 52
4773 1 1 1 2 4 15 1 20 1 53
4774 4 15 1 21 1 30 1 31
4775 4 15 1 20 1 105
4776 1 1 4 15 1 30 1 98
4777 
4778 
4779 4 15 2 17 2 168 1 180
4780 
4781 3 1 2 2 2 3 1 29
4782 4 15 1 62 1 126
4783 4 15 1 20 1 125
4784 4 15 2 125
4785 4 15 1 62 1 125
4786 
4787 3 15 1 62 2 126
4788 3 15 1 30 2 126
4789 3 15 1 20 2 126
4790 3 15 2 20 1 123
4791 1 4 4 143
4792 3 15 2 30 1 123
4793 3 15 1 20 1 30 1 123
4794 
4795 2 1 7 15 2 16 1 22
4796 
4797 2 1 4 2 2 48
4798 1 1 1 172 1 179 2 180
4799 1 1 1 169 2 175 2 180
4800 1 1 3 2 1 3 1 31 1 128
4801 2 1 2 2 1 29 1 42
4802 3 1 1 2 1 8
4803 2 1 1 2 1 3 1 108
4804 1 1 1 3 2 108
4805 2 1 2 2 1 109
4806 1 1 1 2 1 108 1 109
4807 1 2 1 29 1 108 1 109
4808 2 1 2 2 1 55
4809 1 1 1 2 1 3 1 5 1 29
4810 2 1 2 2 1 60
4811 
4812 
4813 3 168 1 175 1 180
4814 1 1 3 15 2 19
4815 1 1 2 2 1 3 2 31
4816 2 15 2 20 2 80
4817 2 15 2 30 2 80
4818 1 1 1 2 1 29 1 55
4819 3 1 2 2 2 3 1 29
4820 1 1 1 2 1 33 1 48
4821 1 2 2 31 1 55
4822 4 1 1 3 1 42
4823 1 1 9 2 1 33
4824 
4825 3 1 3 2 1 3
4826 2 1 1 2 1 61 1 72
4827 2 1 1 84
4828 
4829 
4830 1 1 1 2 4 15 1 19
4831 
4832 2 1 6 2 2 14
4833 5 15 1 37 1 128
4834 5 15 1 37 1 127
4835 1 1 5 15 1 64 1 65
4836 1 33 5 168 1 176
4837 2 1 4 15 1 22 1 30
4838 4 15 1 37 1 123 1 130
4839 4 15 1 32 1 125
4840 3 15 1 80 2 123
4841 6 1 3 2 2 4
4842 6 1 3 2 2 4
4843 3 15 1 20 2 80
4844 1 1 4 15 1 45 1 125
4845 3 15 2 20 1 32
4846 2 1 1 2 1 3 1 31 1 55
4847 3 15 1 30 1 80 1 123
4848 4 15 1 32 1 39
4849 2 2 5 15 1 40 1 53
4850 4 15 1 71 1 80
4851 2 1 4 15 1 64 1 80
4852 1 1 4 15 1 45 1 125
4853 1 1 4 15 1 45 1 62
4854 4 15 1 32 1 125
4855 1 1 4 15 1 21 1 32
4856 3 1 2 2 1 4 1 5
4857 1 1 1 130 4 168 1 170
4858 4 15 1 71 1 80
4859 2 1 13 2 1 6 1 41
4860 1 1 1 2 4 15 1 32 1 53
4861 3 1 4 2 1 3
4862 
4863 5 15 1 21 1 127
4864 1 1 4 15 1 19 1 53
4865 2 1 2 2 1 3 1 40
4866 1 1 4 15 1 20 1 21
4867 1 1 4 15 1 21 1 30
4868 4 15 1 20 1 71
4869 4 15 1 20 1 39
4870 1 1 1 2 5 15 1 21 1 29 1 79
4871 10 15 2 21 1 149
4872 15 15 1 18 2 21 1 61
4873 12 15 3 20 3 53 1 156
4874 9 15 1 18 1 20 1 21
4875 1 1 9 15 1 18 2 21
4876 8 15 1 18 2 20 1 63
4877 2 1 5 2 1 4 1 5 1 29
4878 10 15 2 21 1 148
4879 3 1 3 15 3 53
4880 1 1 1 2 4 15 1 21 1 30
4881 2 1 1 3 1 4 3 128
4882 1 1 1 2 4 15 1 53 1 62
4883 1 1 1 2 4 15 1 30 1 53
4884 
4885 2 1 2 2 1 3 2 29 1 79
4886 1 1 3 15 1 30 1 39 1 53
4887 1 1 16 2 1 29 1 34 1 135
4888 2 1 1 3 2 50 1 108
4889 1 1 2 2 1 3 2 128
4890 3 1 11 2 1 3 3 41
4891 
4892 3 1 11 2 1 61
4893 6 1 4 2 2 4
4894 7 1 2 2 1 3 2 4
4895 
4896 6 168 2 169
4897 
4898 1 1 1 41 5 168 1 169
4899 5 15 1 21 1 108
4900 1 1 5 15 1 18 1 66
4901 1 1 1 2 5 15 1 147
4902 1 1 1 2 4 15 1 19 1 21
4903 2 2 1 29 4 168 1 176 1 179
4904 5 15 1 21 1 81
4905 1 40 5 168 1 169
4906 4 15 1 20 1 105
4907 1 1 1 2 4 15 1 53 1 123
4908 1 1 1 2 4 15 1 30 1 53
4909 1 1 1 2 5 15 1 28
4910 1 1 2 2 5 15 1 53
4911 1 2 5 15 1 53 1 108
4912 1 1 4 15 1 20 1 21
4913 4 15 1 20 1 24
4914 4 15 1 71 1 123
4915 4 15 1 21 1 29 1 30
4916 1 1 4 15 1 20 1 63
4917 
4918 
4919 
4920 4 15 2 21 2 130
4921 4 15 2 71
4922 
4923 2 1 3 2 1 3 1 29
4924 2 1 1 2 1 41
4925 2 1 1 6 1 48
4926 1 1 1 50 1 108 1 109
4927 1 1 1 2 1 13 1 48
4928 1 1 1 2 1 41 1 127
4929 1 1 1 2 1 29 1 41
4930 3 1 2 2 2 3 1 29
4931 3 1 1 2 1 3 1 34
4932 1 1 1 33 1 100
4933 6 1 6 45
4934 2 1 2 2 1 100
4935 2 1 1 50 1 88
4936 1 1 1 2 1 3 2 40
4937 2 1 2 2 1 6 2 48
4938 2 1 6 2 1 3 1 29
4939 2 1 14 2 1 3 1 29
4940 2 1 7 2 1 41
4941 2 1 6 2 1 34
4942 2 1 7 2 2 41
4943 1 1 4 2 1 3 2 128
4944 2 1 2 2 1 41
4945 3 15 1 19 2 126
4946 4 15 1 20 1 125
4947 4 15 2 125
4948 2 1 2 2 1 3 1 40
4949 3 1 2 2 1 3 1 34
4950 2 1 1 6 2 48
4951 2 1 1 6 2 48
4952 2 1 6 2 1 3 1 29
4953 2 1 4 2 1 41
4954 2 1 1 6
4955 1 1 1 14 1 127
4956 1 13 1 38
4957 1 2 1 108 1 127
4958 2 114
4959 2 2 2 127
4960 1 14 2 127
4961 1 1 1 2 1 57
4962 
4963 1 1 1 2 1 143
4964 
4965 1 1 1 82
4966 2 143
4967 3 1 2 2 1 4 1 29
4968 2 1 1 2 1 108 1 110
4969 2 1 1 2 1 151
4970 4 1 1 2 1 3 1 4 1 29
4971 
4972 3 1 1 2 1 4 1 40
4973 2 1 6 2 1 152
4974 3 1 3 2 1 4 1 29
4975 3 1 4 2 1 4 1 29
4976 3 1 1 2 1 8
4977 2 1 1 3 1 68
4978 2 1 2 2 1 109
4979 2 1 2 2 1 55
4980 5 15 1 62
4981 1 2 1 5 1 31
4982 2 1 1 2 1 3 1 57
4983 2 1 1 2 1 3 1 49
4984 1 2 1 31 1 49
4985 1 2 1 29 1 77
4986 2 1 1 88
4987 1 1 1 2 1 101
4988 
4989 3 1 1 3 1 50
4990 
4991 2 1 1 3 1 44
4992 1 1 1 2 1 83
4993 1 1 1 33 1 144
4994 4 1 1 3 1 8
4995 
4996 2 1 1 2 1 3 1 111
4997 2 1 1 2 2 109
4998 2 1 1 2 2 3 2 29
4999 4 1 3 2 2 4 2 29
5000 1 77 1 81
5001 2 1 1 31 1 56
5002 2 1 1 92
5003 4 1 1 3 1 145
5004 
5005 
5006 
5007 4 15 1 20 1 125
5008 4 15 1 123 1 124
5009 4 15 2 125
5010 4 15 1 30 1 125
5011 3 15 1 19 2 126
5012 1 1 2 2 1 14 1 29
5013 4 15 2 21 2 128
5014 4 15 2 21 2 130
5015 3 1 1 3 1 4 2 49
5016 4 15 2 71
5017 4 15 2 39
5018 4 1 2 2 1 3 1 59
5019 5 130 1 169 2 170
5020 4 1 2 2 1 3 1 145
5021 2 1 8 2 1 34 1 41
5022 3 1 2 2 1 3 1 34
5023 1 1 1 2 1 48 1 77
5024 1 2 2 50 2 79 4 81
5025 2 1 2 2 1 3 1 40
5026 3 15 3 126
5027 
5028 4 15 1 19 1 126
5029 1 1 4 168 1 169 1 175
5030 1 1 4 168 1 169 1 175
5031 4 15 1 19 1 123
5032 4 15 1 19 1 123
5033 1 127 5 168 1 169
5034 4 15 1 19 1 30
5035 1 1 5 168 1 176
5036 1 1 3 168 1 169 2 179
5037 2 1 5 2 1 41
5038 2 1 6 2 1 41
5039 1 1 4 2 1 31 1 41
5040 1 1 3 2 1 3 2 128
5041 2 1 2 2 1 3 1 49
5042 2 1 3 2 1 3 1 29
5043 1 1 2 2 1 3 1 5 1 29
5044 1 1 3 2 1 3 2 29
5045 1 1 3 2 1 86
5046 1 1 6 2 1 3 2 128
5047 2 1 1 3 1 29 1 78
5048 3 1 1 2 1 3 1 50
5049 1 1 1 2 1 31 1 50
5050 1 1 2 2 1 77
5051 3 1 1 2 1 3 1 50
5052 1 2 1 13 1 40
5053 1 1 1 2 1 50 1 86
5054 1 1 2 2 1 83
5055 3 2 1 29 1 128
5056 1 1 2 2 1 13
5057 2 1 1 2 1 6
5058 2 1 1 2 1 14
5059 2 2 1 5 1 29
5060 2 2 1 29 1 108
5061 3 2 2 127
5062 
5063 1 2 1 5 1 49
5064 1 1 1 85
5065 2 1 2 2 2 7
5066 
5067 3 1 2 2 2 3 1 29
5068 2 1 9 2 1 41
5069 2 1 2 2 2 41
5070 6 15 2 18 4 123
5071 3 1 3 2 1 8
5072 2 1 4 2 1 3 1 29
5073 
5074 1 1 3 2 1 77
5075 2 2 1 68 1 108
5076 2 2 2 13
5077 1 1 4 2 1 127
5078 1 2 1 68 1 108
5079 4 2 2 127
5080 1 1 3 2 1 49
5081 1 1 3 2 1 143
5082 2 1 2 2 1 50
5083 3 15 1 62 1 80 1 123
5084 1 1 1 2 1 50 1 108
5085 2 1 2 50
5086 2 168 2 171
5087 3 1 5 2 1 4 1 29
5088 1 2 2 40
5089 
5090 4 1 1 2 2 3 1 50
5091 2 1 5 2 1 109
5092 1 1 5 2 1 86
5093 1 1 4 2 1 40
5094 3 29 3 168 3 169
5095 4 2 2 40
5096 3 2 2 40 1 50
5097 1 1 4 2 1 13
5098 2 1 1 2 2 6
5099 3 2 2 108
5100 5 2 2 127
5101 1 1 4 2 1 49
5102 2 1 3 2 1 50
5103 1 2 1 108 1 134
5104 5 168 1 171
5105 4 2 2 86
5106 2 1 14 2 1 41
5107 2 1 6 2 1 3 1 29
5108 1 1 6 2 1 86
5109 6 2 2 128
5110 1 1 6 2 1 128
5111 1 1 5 2 1 13
5112 1 1 5 2 1 108
5113 1 1 4 2 1 68
5114 6 2 2 127
5115 2 1 2 2 2 144
5116 4 171
5117 2 1 10 2 1 34
5118 1 1 7 2 1 127
5119 1 1 5 2 1 44
5120 1 1 6 2 1 77
5121 4 2 2 68
5122 8 2 2 29
5123 1 1 1 128 4 168 2 169
5124 2 1 4 2 2 144
5125 2 1 8 2 1 14
5126 2 1 11 2
5127 1 1 14 2 1 86
5128 1 1 1 50 1 68
5129 1 1 14 2 1 40
5130 2 1 12 2
5131 1 1 10 2 1 68
5132 2 1 13 2
5133 1 1 11 2 1 68
5134 2 1 11 2 1 50
5135 2 1 11 2 1 144
5136 1 1 16 2 1 33
5137 1 1 15 2 1 40
5138 1 1 14 2 1 128
5139 1 1 13 2 1 5
5140 1 1 13 2 1 13
5141 1 1 14 2 1 29
5142 2 1 15 2
5143 1 1 13 2 1 68
5144 1 1 14 2 1 38
5145 2 1 13 2 1 50
5146 
5147 1 1 15 2 1 13
5148 2 1 17 2
5149 1 1 17 2 1 127
5150 2 1 19 2
5151 2 1 20 2
5152 1 1 19 2 1 6 1 29
5153 2 1 23 2
5154 2 1 24 2
5155 2 1 26 2
5156 2 1 27 2
5157 
5158 
5159 
5160 
5161 3 1 1 2 1 4 1 128
5162 3 1 1 70
5163 3 1 1 4 1 38
5164 
5165 1 1 4 15 1 32 1 47
5166 4 1 2 4 2 31
5167 1 72 1 79 2 81
5168 3 1 4 15 1 23 1 62
5169 1 1 2 2 1 4 3 128
5170 2 15 1 20 3 126
5171 1 1 1 2 2 3 3 128
5172 3 1 1 103
5173 
5174 
5175 4 1 1 104
5176 1 2 1 33 1 108
5177 3 15 2 20 1 32
5178 1 9 20 15 4 18
5179 7 15 2 16 1 53 1 87
5180 20 15 2 18 2 64
5181 2 1 2 2 1 38 2 48 1 59
5182 1 15 2 20 3 80
5183 2 1 1 2 1 60 1 149
5184 5 15 2 16 2 19 1 20
5185 1 1 1 2 1 33 1 42 1 72
5186 2 15 4 123
5187 2 15 1 62 3 123
5188 3 130 1 172 1 173 2 180
5189 2 15 4 123
5190 2 15 1 62 3 123
5191 2 15 1 62 3 123
5192 2 1 2 2 1 102
5193 
5194 4 1 2 15 4 45
5195 8 1 2 15 4 22
5196 3 15 1 62 1 80 1 123
5197 6 15 2 16 1 19 1 123
5198 4 15 2 17 3 168 1 175
5199 1 2 5 15 1 22 2 31
5200 9 15 1 18 1 19
5201 2 15 4 126
5202 2 15 1 62 3 123
5203 1 1 2 2 1 3 2 31
5204 2 1 2 2 4 15 2 45
5205 1 1 3 15 1 30 1 53 1 80
5206 4 15 1 80 1 125
5207 1 1 1 2 5 15 1 47
5208 4 15 1 62 1 65 1 154
5209 5 15 1 28 1 31
5210 
5211 1 1 4 15 1 24 1 53
5212 3 1 1 3 1 41
5213 1 31 1 54 3 88
5214 2 1 8 2 1 41
5215 4 15 1 123 1 125
5216 4 168 2 180
5217 4 1 1 4 1 50
5218 2 1 2 2 1 3 1 127
5219 
5220 3 1 1 2 1 3 1 41
5221 2 1 9 2 1 41
5222 2 1 3 2 1 109
5223 1 1 2 2 1 34 1 130
5224 6 1 10 2 4 3
5225 1 1 5 2 1 127
5226 2 1 3 2 1 144
5227 1 1 4 2 1 44
5228 1 1 11 2 1 31
5229 1 1 12 2 1 86
5230 1 1 13 2 1 40
5231 1 1 15 2 1 68
5232 1 1 16 2 1 38
5233 2 1 21 2
5234 2 1 28 2
5236 4 15 1 20 1 105
5237 4 1 2 2 2 4 2 13
5238 
5239 5 15 1 21 1 54
5240 2 1 1 3 1 31 1 55
5241 2 1 1 33 1 93
5242 5 15 1 105
5243 
5244 3 15 2 17 1 80 1 179 2 180
5245 1 1 1 2 1 29
5246 1 29 1 38
5247 1 1 1 31
5248 2 1 4 15 1 22 1 62
5249 9 15 2 18 1 20
5250 1 1 1 2 4 15 1 21 1 30
5251 2 1 3 2 1 6
5252 3 1 2 2 1 42
5253 5 15 2 130 1 163
5254 2 1 4 15 1 19 1 22
5255 
5256 3 1 4 15 1 22 1 37
5257 6 1 5 2 3 3 1 61
5258 10 15 1 18 1 25
5259 2 1 3 2 1 8 1 38
5260 2 1 8 2 2 41
5261 2 1 1 2 1 6
5262 1 1 1 5 1 14
5263 3 168 2 179
5264 2 1 2 2 1 3 1 31
5265 3 1 16 2 1 3 1 41
5266 1 1 4 2 1 77
5267 5 2 2 54
5268 3 2 2 68
5269 7 2 2 54
5270 8 2 2 54
5271 1 1 17 2 1 31
5272 2 1 22 2
5273 1 1 3 2 4 15 1 20 1 100 1 154
5274 2 2 1 49 1 128
5275 1 1 1 42 2 128
5276 
5277 1 15 1 19 1 30 3 123
5278 
5279 
5280 
5281 2 1 4 15 1 22 1 80
5282 2 15 1 63 1 65 3 80
5283 4 15 1 30 1 94
5284 3 15 1 30 1 32 1 62
5285 
5286 
5287 7 168 2 170
5288 4 15 1 18 1 80 5 168 1 176
5289 3 15 2 20 1 71
5290 1 49 4 168 1 169 1 179
5291 5 15 1 32
5292 4 15 1 47 1 80 1 119
5293 
5294 4 1 2 2 2 3 1 41
5295 2 1 2 15 1 45 1 53 2 123
5296 4 169 1 171
5297 
5298 4 1 2 2 1 3 4 15 1 18 2 48 1 49 1 80 1 169 2 173 1 175
5299 3 2 1 31 1 54
5300 1 1 5 2 1 114
5301 1 1 21 2 1 29
5302 1 4 1 29 1 49 2 119
5303 3 1 1 8 1 48
5304 
5305 1 1 4 2 1 38
5306 
5307 2 1 1 151
5308 4 15 1 39 1 126
5309 1 1 9 168 3 169
5310 1 1 2 2 3 15 2 17 1 21 4 168
5311 2 15 1 20 3 123
5312 
5313 4 15 1 37 1 123 2 168 1 169
5314 
5315 3 15 1 30 2 80
5316 3 2 1 3 3 83
5317 
5318 3 1 1 4 5 15 1 53
5319 5 168 2 169 1 171
5320 8 15 4 16 2 19
5321 7 15 2 16 1 39
5322 2 1 1 15 2 17 3 20 2 168 1 170
5323 2 15 2 17 2 20 3 168
5324 1 1 1 2 1 7 5 15 1 21
5325 
5326 2 2 2 5 4 19 1 63
5327 
5328 7 15 2 16 1 39
5329 5 15 4 17 3 123 2 179
5330 1 1 20 2 4 168 1 169
5331 2 1 18 2 1 3 5 168 1 169
5332 1 9 4 72
5333 2 1 4 168 1 169 1 176
5334 
5335 1 1 5 15 1 22 1 130
5336 1 1 2 2 1 6 1 38
5337 1 1 3 2 1 6 1 38
5338 1 2 5 15 1 21 1 50 1 86
5339 1 1 5 15 1 28
5340 1 1 3 15 2 20 1 53
5341 1 1 9 2 5 15 1 21
5342 6 2 5 31 3 61
5343 3 2 1 50 2 119
5344 3 1 1 3 1 6
5345 1 168 1 174 1 179 1 180
5346 
5347 
5348 4 168 1 175 1 180
5349 
5350 1 1 1 29
5351 1 49 1 65
5352 2 1 1 3 1 29
5353 1 1 1 33
5354 1 1 14 2 1 5
5355 1 111 1 130
5356 2 1 1 148
5357 2 1 1 149
5358 
5359 1 4 2 29 2 119
5360 2 15 1 62 3 124
5361 3 15 2 20 1 123
5362 3 118 2 119
5363 1 1 16 2 5 15 1 37
5364 1 1 5 2 5 15 1 45
5365 2 1 8 2 1 14
5366 2 1 1 2 1 3 1 49
5367 2 1 4 2 1 4 2 128
5368 1 114 1 117 1 118
5369 
5370 1 31 1 138
5371 1 1 1 38 1 60
5372 2 1 2 2 1 4 2 31
5373 5 15 1 21 1 87
5374 3 1 2 2 1 159
5375 7 15 2 19 1 62 1 63 1 154
5376 2 1 11 2 1 3 1 29
5377 2 109 2 128
5378 8 168 1 169 1 176 1 180
5379 1 9
5380 1 36 1 119 3 129
5381 3 15 2 20 1 21 1 72
5382 3 1 7 2 1 42
5383 2 1 1 2 2 3 2 29
5384 2 9 6 129
5385 2 1 2 2 1 42 1 48 1 128
5386 3 1 1 91
5387 4 1 2 2 1 3 1 51
5389 1 1 3 2 1 50 1 134
5390 
5391 
5392 2 1 1 3 1 5 1 48
5393 
5394 3 1 3 2 1 3 1 66
5395 1 14 2 129
5396 2 49
5397 4 1 1 4 1 6
5398 1 2 2 119
5399 4 1 1 2 1 4 1 6
5400 2 1 1 2 1 3 1 5
5401 1 1 1 31 2 168 1 170
5402 2 1 1 3 1 101
5403 1 1 4 2 1 3 2 29
5404 1 1 14 2 1 3 2 29
5405 2 2 3 13 1 61
5406 2 1 2 168 1 170 1 179
5407 3 1 1 8 1 87 1 161
5408 1 5 1 44
5409 6 1 2 4 1 6
5410 1 14 2 119
5411 1 1 3 2 1 13
5412 
5413 2 1 5 2 1 55
5414 10 2 2 31
5415 1 1 7 2 1 33
5416 1 1 8 2 1 128
5417 2 1 7 2 1 50
5418 1 1 10 2 1 128
5419 2 1 17 2 1 144
5420 1 1 21 2 1 128
5421 1 5 2 168 1 169
5422 1 1 3 168 1 172
5423 
5424 
5425 3 168 1 171 1 175
5426 2 2 1 108 1 127
5427 3 2 1 108 1 128
5428 2 2 2 41 2 130
5429 1 1 1 2 2 168 1 169 1 171
5430 1 1 2 15 2 19 1 20
5431 
5432 4 15 1 123 1 126
5433 
5434 1 1 1 2 2 168 1 169 1 179 1 180
5435 1 5 5 168 1 169
5436 2 1 4 168 1 169 1 176
5437 2 1 3 168 1 170 1 171
5438 2 1 3 168 1 170 2 179
5439 3 15 1 19 1 20 1 62
5440 2 1 4 168 1 169 1 176
5441 1 130 1 171 1 172 2 180
5442 3 15 1 123 2 124
5443 1 15 2 19 2 30 1 125
5444 4 15 1 65 1 123 1 154
5445 3 2 1 40 1 108
5446 2 1 4 15 1 19 1 22
5447 
5448 2 49 2 168 2 169 1 179
5449 1 1 4 15 1 53 1 125
5450 1 29 7 168 1 169
5451 6 129 2 170 1 173
5452 4 15 1 30 1 32
5453 11 15 2 16 1 18 1 32 1 63
5454 3 1 2 2 1 3 1 7
5455 3 1 7 2 1 3
5456 2 1 8 2 1 14
5457 3 1 2 3 2 168 1 169
5458 6 2 1 4 5 29 1 61
5459 2 1 9 2 1 41
5460 2 15 3 20 1 30
5461 4 15 2 18 6 123
5462 2 130 2 172 2 180
5463 3 15 1 20 1 30 1 39
5464 
5465 1 1 3 15 1 20 1 21 1 30
5466 1 1 2 2 3 168 1 169 1 179 1 180
5467 
5468 1 2 4 15 1 20 1 21 1 29
5469 
5470 2 29 4 168 2 169
5471 1 15 5 20
5472 1 15 3 20 2 30
5473 1 19 5 124
5474 1 15 1 62 4 124
5475 1 1 1 65 4 168 2 169
5476 3 15 1 20 1 30 1 80
5477 5 168 4 169 1 180
5478 5 15 1 18 4 168 1 169
5479 3 1 4 15 1 23 1 124
5480 2 2 1 31 5 168 1 169
5481 1 1 2 2 3 15 1 19 1 20 1 21
5482 2 1 2 2 1 148
5483 1 1 1 29 5 168 4 169 1 170
5484 2 15 1 18 1 21 2 30 6 123
5485 8 168 4 169
5486 6 15 2 18 4 123
5487 
5488 3 1 8 2 1 3
5489 1 2 1 31 1 55 1 86
5490 4 15 1 20 1 65 1 154
5491 1 1 1 8 5 15 1 18 1 81
5492 1 1 4 2 3 168 1 169 1 179 1 180
5493 1 1 5 2 2 168 1 169 1 179 1 180
5494 
5495 6 129 2 130 3 170 1 173
5496 5 15 1 23 3 49
5497 2 1 4 15 1 22 1 126
5498 5 1 3 168 1 169 2 170
5499 1 31 1 54 4 88
5500 3 1 4 168 1 169 1 170
5501 3 1 4 168 1 169 1 170
5502 1 1 4 15 1 23 1 37 3 129
5503 
5504 
5505 
5506 1 1 1 2 3 15 1 98 2 123
5508 1 1 1 48 6 168 3 169 1 170
5509 3 1 2 2 1 4 1 5
5510 2 1 9 15 2 18 1 22
5511 1 1 6 15 2 16 1 30 1 37
5512 2 1 1 2 1 61 1 81
5513 1 81 5 168 1 176
5514 1 1 2 2 1 29
5515 5 168 2 169 1 171
5516 2 15 4 71
5517 2 1 12 2 1 41
5518 1 143 4 168 1 169
5519 9 15 1 18 1 20 1 21
5520 1 1 3 2 1 29
5521 1 1 4 2 1 29
5522 4 1 9 2 1 4 1 41
5523 6 15
5524 1 2 9 15 2 18 1 53 1 165
5525 4 1 2 2 1 9
5526 3 15 2 17 1 20 1 168 2 179
5527 4 1 4 2 2 3
5528 4 15 1 37 1 126 1 130
5529 2 1 1 2 1 3 1 13
5530 6 1 1 2 2 4
5531 5 1 3 2 1 3 1 4
5532 1 1 1 113
5533 2 1 12 2 1 41
5534 8 15 1 18 2 19
5535 9 15 4 16 1 123
5536 
5537 6 1 3 15 3 22
5538 1 78 1 81 1 129
5539 3 1 1 4 4 15 1 18 1 66 1 80
5540 
5541 
5542 
5543 
5544 
5545 1 1 2 2 10 15 1 18 1 22
5546 2 1 5 2 1 132
5547 4 15 2 17 3 168 2 179
5548 2 1 1 3 1 31 1 55
5549 1 1 1 3 1 29 1 31 1 55
5550 1 1 1 2 1 13 1 60
5551 2 13 2 168 1 170
5552 
5553 2 1 8 15 1 18 1 22 2 53 1 113
5554 6 15 4 17 2 30 2 180
5555 4 1 1 2 3 15 1 18 2 48 2 123 1 169 2 173 1 175
5556 1 9 8 15 2 18 2 123 2 130
5557 2 1 8 15 1 18 2 21 1 22 1 111
5558 2 1 2 2 1 5 1 8
5559 
5560 1 1 2 15 1 45 1 62 2 123
5561 5 1 2 3 3 19 2 63 1 147
5562 3 1 2 2 1 4 4 15 1 98 1 123
5563 1 1 9 2 1 49
5564 1 1 4 15 1 19 1 53
5565 4 1 6 2 2 3 4 15 2 45
5566 2 1 3 2 1 6 1 48
5567 
5568 
5569 
5570 1 1 5 15 1 18 3 168 1 170
5571 1 1 9 2 1 54
5572 1 1 13 2 1 29 1 41
5573 1 1 1 2 1 5 1 6
5574 1 1 13 2 1 165
5575 
5576 9 1 2 15 3 23 1 30
5577 
5578 5 1 1 4 1 34 1 35
5579 1 1 1 2 4 168 1 176
5580 2 1 1 2 4 15 1 45 1 53
5581 
5582 2 1 3 15 1 25 1 31 2 53
5583 2 15 1 20 3 126
5584 3 1 1 2 1 3 1 7
5585 4 1 4 15 1 21 1 23
5586 1 1 15 2 1 33
5587 2 1 7 2 1 60
5588 3 1 2 3 1 5
5589 3 1 3 15 1 18 2 19 1 21 3 53 2 62
5590 1 1 15 2 1 165
5591 1 1 3 2 1 29 1 41
5592 1 1 4 15 1 20 1 26
5593 2 1 2 2 1 61 1 86
5594 4 15 1 32 1 123
5595 
5596 2 1 1 2 1 11
5597 2 1 1 2 2 34
5598 6 1 5 2 2 4
5599 6 1 5 2 2 4
5600 6 1 7 2 2 4
5601 6 1 7 2 2 4
5602 2 1 6 2 1 6
5603 
5604 5 15 2 18 5 123
5605 3 1 2 2 1 42
5606 9 15 2 17 1 18 2 168 1 172
5607 10 15 3 18 4 19
5609 
5610 1 1 1 128
5611 2 1
5612 
5613 
5614 1 1 1 130
5615 1 1 1 127
5616 1 1 1 65
5617 
5618 3 1 3 2 1 3 1 34
5619 1 1 1 142
5620 1 2 2 128
5621 1 1 1 2 1 128
5622 1 108 1 128
5623 3 1 4 15 1 23 1 32
5624 2 1 1 2
5625 
5626 1 2 1 5 4 19 1 62
5627 
5628 1 1 1 108
5629 1 5 1 130
5630 1 5 1 129
5631 1 1 1 2 1 127
5632 1 1 1 54
5633 1 1 1 38
5634 1 1 1 138
5635 1 108 1 130
5636 1 114 1 129
5637 1 2 2 127
5638 1 38 1 65
5639 
5640 1 1 1 143
5641 3 168
5642 2 168 1 179
5643 1 3 3 128
5644 1 1 4 15 1 21 1 24
5645 2 1 1 3 1 128
5646 1 111 1 128
5647 3 1 1 3
5648 2 1 1 109
5649 2 1 1 3 1 127
5650 2 1 1 55
5651 2 1 1 139
5652 1 1 1 111
5653 1 33 1 130
5654 
5655 1 1 1 117
5656 1 7 2 129
5657 3 1 1 4 1 108
5658 1 111 1 129
5659 
5660 1 121 1 129
5661 1 117 1 129
5662 1 3 3 127
5663 2 1 1 60
5664 1 70 3 128
5665 10 15 1 18 1 99 5 168 1 176
5666 2 127
5667 1 1 1 165
5668 2 1 3 2 1 149
5669 1 118 2 128
5670 1 113 1 128
5671 1 119 1 128
5672 3 1 1 56
5673 3 1 1 4 1 29
5674 3 1 1 140
5675 3 1 1 159
5676 1 1 1 122
5677 1 113 1 129
5678 2 77
5679 1 120 1 129
5680 1 14 2 130
5681 1 122 1 129
5682 1 119 1 129
5683 1 1 1 29 1 149
5684 1 2 1 112 2 128
5685 
5686 2 1 2 109
5687 1 2 1 118 2 128
5688 4 1 1 2 1 4
5689 3 1 1 2 1 4 1 29
5690 3 1 1 2 1 4 1 29
5691 2 1 1 29 1 70
5692 1 38 1 113
5693 1 108 1 119
5694 1 1 1 2 1 89
5695 1 2 1 29 1 119
5696 3 1 1 4 1 33
5697 3 1 1 4 1 31
5698 3 1 2 2 1 91 1 144
5699 1 1 1 15 1 30 1 32 1 53 2 123
5700 1 1 1 3 1 29 1 113
5701 
5702 2 1 1 2 1 3 1 5
5703 2 1 2 2 1 7
5704 1 5 1 108 1 109
5705 1 36 4 130
5706 1 31 1 113
5707 1 31 1 119
5708 1 81 1 113
5709 2 1 4 2 1 35 1 130
5710 4 1 2 4 2 29
5711 1 113 1 122
5712 2 120
5713 1 120 1 122
5714 
5715 2 1 4 2 1 3 1 137
5716 2 122
5717 1 119 1 122
5718 2 119
5719 2 1 4 2 1 84
5721 2 1 4 2 1 3 1 137
5722 1 118 2 119
5723 
5724 
5725 
5726 
5727 
5728 
5729 
5730 
5731 
5732 
5733 
5734 
5735 
5736 
5737 2 1 1 14 2 48
5738 2 1 4 2 1 3 1 137
5739 1 2 1 114 1 128
5740 1 108 1 114
5741 3 1 1 2 1 4 1 5
5742 3 1 1 4 1 44
5743 4 1 1 4 1 107
5744 2 1 1 4 2 77
5745 3 1 2 168 1 169 2 170 1 179 2 180
5746 2 1 2 2 1 7
5747 1 1 1 2 1 5 1 7
5748 1 1 2 2 1 7 1 29
5749 3 1 1 2 1 3 1 4 2 29
5750 1 1 1 38 1 109 1 112
5751 2 1 2 2 1 41 1 50
5752 1 2 1 29 1 117 1 118
5753 1 49 1 111 1 118
5754 2 1 1 2 1 5 1 8
5755 2 1 1 2 1 29 1 79
5756 1 1 1 2 1 14 1 29
5757 4 15 2 16 1 19 1 30 1 123 1 126
5758 4 1 2 8
5759 6 1 2 170 2 173
5760 2 1 4 2 1 6
5761 2 1 2 2 1 14
5762 1 1 2 2 1 6 1 29
5763 1 6 2 72
5764 1 1 1 2 1 5 1 50
5765 1 1 3 2 1 14 1 29
5766 
5767 1 1 6 2 1 137
5768 1 2 2 5 3 50
5769 1 1 9 2 1 13
5770 11 2 2 29
5771 1 1 8 2 1 5 1 50
5772 1 1 12 2 1 128
5773 1 1 11 2 1 13
5774 1 1 12 2 1 13
5775 1 65 2 168 1 169
5776 1 1 1 3 1 29 2 168 1 169
5777 1 33 2 168 1 169
5778 2 1 3 168 1 173
5779 
5780 1 1 1 48 3 168 1 169
5781 1 72 5 168 1 169
5782 1 137 5 168 1 169
5783 1 1 1 2 5 168 1 176
5784 2 1 3 168 1 170 2 179
5785 
5786 
5787 
5788 2 29 1 149
5789 
5790 5 15 1 21 1 143
5791 1 5 5 15 1 53
5792 4 15 1 20 1 27
5793 2 1 1 29 4 168 1 169 1 170
5794 3 1 3 2 1 3 1 170 2 175 3 180
5795 
5796 1 1 4 15 2 17 1 169 1 171
5797 1 1 2 2 4 15 1 19 1 45
5798 15 15 2 18 1 23 1 130
5799 15 15 2 18 1 23 1 29
5800 2 1 1 8 5 15 1 18
5801 1 2 1 5 5 15 1 21
5802 4 1 3 168 2 170 1 175
5803 2 1 2 2 1 6
5804 1 1 6 168 3 169 1 170
5805 1 65 6 168 3 169 1 170
5806 2 15 3 20 1 24
5807 2 15 3 20 1 27
5808 1 29 1 81
5809 1 1 1 2 1 3 5 15 1 29 1 53
5810 
5811 1 20 5 124
5812 1 62 5 124
5813 1 30 5 124
5814 5 15 1 18 4 168 1 172
5815 5 15 1 18 3 168 1 169 2 179
5816 2 29
5817 2 1 1 2 5 15 1 21 1 61
5818 2 128
5819 
5820 1 1 1 29 4 168 2 169
5821 1 1 1 29 4 168 2 169
5822 
5823 16 2 2 29
5824 4 15 2 16 1 19 1 30 2 123
5825 1 71 5 124
5826 1 2 7 15 2 16 1 21 1 29
5827 3 1 1 4 5 15 1 45
5828 1 1 1 14 1 130
5829 1 1 2 2 2 29 1 79
5830 6 15 2 16 1 62 1 80
5831 
5832 2 1 5 15 1 18 2 168 1 169 1 170 2 179
5833 2 1 1 170 2 175 2 180
5834 1 1 9 2 1 6 1 38
5835 2 1 1 2 1 4 1 13 1 29
5836 2 1 1 4 2 49
5837 2 5 1 149
5838 2 1 1 152
5839 1 1 1 2 4 15 1 30 1 45
5840 2 1 10 15 1 18 1 23
5841 
5842 
5843 2 130
5844 
5845 3 129 1 156
5846 2 1 3 2 1 4 2 29
5847 1 1 3 2 1 4 3 29
5848 1 1 1 8 10 15 2 18
5850 
5851 1 29 1 129 1 149
5852 
5854 1 127 1 128
5855 1 1 1 2 1 113
5856 2 1 3 2 1 3 1 40
5857 9 15 4 16 1 20
5858 1 129 1 130
5860 1 127 1 130
5861 
5862 2 2 1 4 1 29 3 31
5863 3 1 3 2 1 29 2 41 1 43
5864 1 1 4 2 1 4 3 29
5865 1 29 1 65
5866 4 1 1 4 4 50
5867 4 2 1 4 4 83
5868 
5869 8 15 4 16 2 20
5870 2 1 4 2 1 4 2 29
5871 3 1 1 2 1 3 1 4 2 49
5872 1 13 1 29 5 168 1 170
5873 3 1 2 2 1 52 1 86
5874 12 15 2 18 3 20 1 162
5875 12 15 2 18 3 20 1 162
5876 4 1 1 4 3 50
5877 3 1 3 2 1 161
5878 6 1 15 2 3 3 1 161
5879 3 1 9 2 1 159
5880 
5881 9 15 2 18 1 66 1 80
5882 4 1 4 2 1 3 1 4 1 29
5883 3 1 2 2 1 4 1 5 1 8 1 29
5884 1 2 1 3 3 128
5885 1 1 1 2 1 3 2 128
5886 2 1 1 2 1 3 1 128
5887 2 1 1 2 1 3 1 128
5888 3 1 1 2 1 3
5889 1 1 1 5 1 7
5890 2 1 1 3 1 54
5891 2 1 1 69
5892 2 1 1 2 1 3 1 29
5893 2 1 1 3 1 38
5894 1 1 1 7 1 38
5895 2 1 1 2 1 109
5896 1 7 1 108 1 130
5897 1 1 1 54 1 55
5898 2 1 1 2 1 3 1 29
5899 
5900 1 1 1 2 1 33
5901 1 33 1 108
5902 1 1 1 3 1 29 1 54
5903 1 1 1 29 1 69
5904 1 33 1 38
5905 1 1 1 2 1 111
5906 1 8 3 130
5907 1 1 1 34 1 130
5908 1 34 2 130
5909 1 1 1 2 1 86
5910 1 5 1 86
5911 1 1 1 2 1 31
5912 1 5 1 31
5913 1 31 1 108
5914 1 2 1 29 1 31
5915 1 1 1 87
5916 
5917 1 1 1 40
5918 1 1 1 77
5919 2 3 4 128
5920 4 1 2 3
5921 2 1 1 35 1 130
5922 2 1 1 3 1 31
5923 2 111
5924 1 9 2 129 2 130
5925 1 35 3 130
5926 
5927 1 9 3 129 1 130
5928 1 1 1 7 1 86
5929 
5930 1 1 1 7 1 31
5931 1 1 1 31 1 139
5932 1 31 1 111
5933 1 89 1 130
5934 2 1 1 78
5935 1 36 1 122 3 129
5936 4 1 1 4 1 7 1 48
5937 3 1 1 6 1 33 3 168 1 170 1 173
5938 2 1 3 168 2 169 1 170 1 174
5939 2 1 4 15 1 18 1 23 2 30 4 123
5940 2 1 8 15 1 18 1 23 2 30
5941 8 15 1 18 2 123 1 154
5942 8 15 1 18 2 62 1 154
5943 2 1 5 15 1 23 1 137
5944 1 2 1 50 1 61 2 79 3 81 2 129
5945 
5946 1 2 2 61 2 79 4 81 2 129
5947 1 1 4 15 1 20 1 50 1 154
5948 4 15 1 20 1 49 1 154
5949 3 1 2 168 2 169 1 170 1 172
5950 2 1 1 8 1 31
5951 2 1 1 7 1 48
5952 
5953 3 1 2 20 1 23 3 80
5954 2 1 1 130 1 156
5955 2 1 1 54 1 56
5956 1 114 1 119
5957 1 1 1 109 1 113
5958 3 15 2 20 1 80
5959 
5960 2 1 1 7 2 60
5961 6 15 4 17 2 30 2 180
5962 3 1 2 2 1 8
5963 2 1 5 2 1 3 1 29
5964 2 1 1 6 1 41
5965 1 1 7 2 1 31 1 41
5966 1 5 1 114
5967 
5968 3 1 2 2 1 3 1 41
5969 2 1 6 2 1 34
5970 2 2 1 6 2 128
5971 3 2 1 5 1 29
5972 4 168 8 169
5973 12 2 2 31
5974 4 2 1 5 1 29
5975 1 1 6 2 1 33
5976 
5977 5 2 2 108
5978 1 1 8 2 1 5
5979 7 2 2 108
5980 4 2 2 73
5981 9 2 2 54
5982 1 1 17 2 1 40
5983 2 168 1 171
5984 2 1 3 168 2 169
5985 1 29 3 168 1 169 1 171
5986 2 29 4 168 2 169
5987 1 1 3 168 1 169 1 179 1 180
5988 3 15 1 20 2 62
5989 1 33 5 168 1 169
5990 1 1 7 15 4 17 1 63 2 180
5991 7 15 4 17 1 123 2 180
5992 
5993 3 15 2 20 1 21 1 130
5994 7 15 4 17 1 62 2 180
5995 3 15 2 20 1 21 1 130
5996 
5997 7 168 1 173 1 180
5998 4 15 2 17 1 171 1 182
5999 1 29 7 168 3 169
6000 5 15 1 18 3 168 1 172
6001 1 1 2 2 5 15 1 25
6002 1 15 1 30 1 80 3 123
6003 4 1 2 168 2 170 1 175 1 180
6004 7 15 2 16 1 24
6005 5 15 2 16 1 19 2 20
6006 5 15 2 16 1 19 1 20 1 30
6007 1 80 5 123
6008 1 15 2 30 3 80
6009 5 124 1 125
6010 5 15 1 18 5 168 1 169
6011 7 15 2 16 1 24
6012 6 15 2 16 1 29 1 62 1 154
6013 4 15 1 30 1 53 1 119
6014 
6015 5 15 2 16 3 20
6016 11 168 1 180
6017 8 15 1 18 1 22 1 31 2 123
6018 3 1 2 15 1 39 3 53
6019 1 1 7 15 2 16 1 47
6020 2 1 2 2 5 15 1 22 2 48
6021 10 15 1 21 1 147
6022 12 168 1 180
6023 7 15 1 18 1 19 2 20
6024 3 1 4 15 2 17 1 36 1 169 2 180
6025 9 15 4 16 1 20
6026 9 15 4 16 1 20
6027 
6028 4 15 2 17 2 168 1 180
6029 
6030 3 15 1 39 2 123
6031 3 15 1 20 1 30 1 32
6032 3 15 2 20 1 80
6033 4 1 1 2 1 3 3 19 2 63 1 147
6034 1 1 9 15 1 18 1 21 1 53
6035 8 15 1 18 2 30 1 37
6036 6 15 2 16 2 126
6037 4 1 1 15 1 20 1 23 1 53 2 80
6038 
6039 11 129 5 170 1 176
6040 3 1 1 7 4 15 6 17 2 53 2 168 3 169 3 179 1 180
6041 10 15 2 18 1 160
6042 
6043 7 15 4 17 1 20 2 180
6044 4 15 2 45 10 168 2 169
6045 7 15 2 17 1 18 1 29 2 123 1 169 1 175 1 178 1 180
6046 8 15 4 17 2 180
6047 2 1 2 2 4 15 2 45
6048 4 1 2 2 2 3 4 15 2 45
6049 2 1 10 2 4 15 2 45
6050 2 1 16 2 4 15 2 45
6051 2 2 2 41 10 168 2 169
6052 10 15 4 16
6053 9 15 4 16 1 19
6054 3 110 3 118 2 128 3 129
6055 2 15 1 21 1 31 3 123
6056 4 15 2 17 1 179 2 180
6057 9 15 1 18 1 32 1 37
6058 8 15 1 18 1 20 1 32 1 37
6059 1 1 3 2 9 15 1 21 2 45
6060 4 1 2 2 1 4 1 70 1 72
6061 5 1 1 3 1 4 1 70 1 72
6062 3 1 8 2 1 3 4 15 2 45
6063 2 1 2 2 10 15 2 18 1 104
6064 1 1 9 15 2 18 1 53
6065 1 1 1 2 8 15 4 16 1 19
6066 4 1 1 2 2 103
6067 
6068 7 15 2 16 1 21 1 130
6069 
6070 2 1 7 15 2 16 1 64
6071 5 1 2 4 1 33
6072 3 1 3 2 1 3 1 6
6073 
6074 4 1 4 2 1 9
6075 3 1 1 2 1 42
6076 7 15 2 16 1 21 1 86
6077 7 15 2 16 1 21 1 31
6078 6 1 2 4 1 34
6079 1 3 1 5 2 40
6080 5 15 2 16 1 19 2 30
6081 5 15 2 16 1 19 2 123
6082 1 5 1 138
6083 6 15 1 30 1 37 1 63 3 126
6084 3 1 4 2 1 3 2 50
6085 
6086 3 1 8 15 1 23 1 30 1 37 1 53
6087 3 1 6 2 1 3
6088 4 2 2 13
6089 1 1 7 2 1 5
6090 2 1 2 2 1 3 4 15 1 30 1 45
6091 2 1 7 2 1 144
6092 
6093 1 1 1 2 4 15 1 20 1 45
6094 1 1 3 168 1 176 1 180
6095 1 1 1 2 4 15 1 45 1 62
6096 1 38 4 168 1 169
6097 
6098 2 1 1 3 3 168 1 169
6099 4 15 1 19 1 39
6100 1 1 3 168 1 169 1 182
6101 2 1 3 168 1 170 2 179
6102 4 15 1 71 1 123
6103 5 15 1 18 2 168 1 169
6104 4 15 1 27 1 123
6105 4 15 1 62 1 71
6106 
6107 3 1 3 168 1 169 1 170 1 180
6108 4 15 2 17 1 168 1 179 1 180
6109 3 15 2 17 1 20 3 168
6110 1 1 3 15 2 20 1 21
6111 3 15 1 39 2 123
6112 4 15 1 20 1 37 1 130
6113 1 1 2 2 5 15 1 147
6114 1 1 4 15 1 53 1 71
6115 1 1 5 15 2 16 1 19 1 20
6116 3 15 2 20 1 62
6117 1 1 3 15 1 20 1 30 1 37
6118 3 15 3 123
6119 3 15 2 20 1 62
6120 3 15 1 20 1 62 1 123
6121 3 15 1 30 2 123
6122 3 15 3 30
6123 2 20 4 123
6124 5 15 2 16 1 19 2 20
6125 3 1 3 15 3 21
6126 3 1 3 19 3 53
6127 10 168 1 180
6128 6 126
6129 6 20
6130 1 30 5 123
6131 2 30 4 123
6132 3 1 2 15 2 20 1 23 1 30
6133 
6134 2 15 3 20 1 62
6135 1 1 1 107 6 168 3 169 1 170
6136 2 15 1 30 3 123
6137 1 80 5 124
6138 2 1 2 2 1 3 1 31
6139 5 15 2 16 1 19 1 20 1 80
6140 2 1 1 91 1 130
6141 1 5 3 168 1 176 1 180
6142 
6143 
6144 4 15 1 23 1 123 3 129
6145 4 15 1 23 1 62 3 129
6146 3 1 4 15 1 23 1 30
6147 4 15 1 20 1 65 1 154
6148 4 15 1 29 1 62 1 154
6149 3 15 1 23 1 30 1 80 3 129
6150 4 1 3 15 1 23 1 30 1 53
6151 3 1 3 15 1 20 1 23 1 30
6152 
6153 5 1 1 2 1 4 3 19 2 63 1 147
6154 4 15 1 32 1 126
6155 10 15 2 28
6156 4 15 1 32 1 125
6157 2 1 4 15 1 22 1 30
6158 4 15 1 20 1 80
6159 4 15 1 80 1 123
6160 4 15 1 30 1 80
6161 2 15 1 32 3 125
6162 2 1 1 2 2 15 1 22 1 30 2 80
6163 2 15 3 80 1 123
6164 2 15 1 30 3 80
6165 4 15 2 37 2 130
6166 4 15 2 32
6167 3 15 1 19 2 32
6168 2 15 4 32
6169 7 15 2 16 1 34 1 37 1 119
6170 1 1 3 15 1 32 1 53 1 80
6171 3 15 1 20 1 30 1 32
6172 8 15 2 20 2 45
6173 3 15 1 20 1 80 1 123
6174 3 15 1 20 1 80 1 123
6175 3 15 1 80 2 123
6176 3 15 1 30 1 80 1 123
6177 2 15 1 80 3 123
6178 1 1 4 15 1 20 1 45
6179 1 1 3 15 2 20 1 37
6181 3 1 1 3 2 168 1 169 1 172 1 180
6182 2 1 3 15 1 20 1 22 1 30
6183 3 15 2 30 1 32
6184 3 15 2 20 1 80
6185 1 1 1 42 2 49
6186 1 1 1 9 4 15 2 18 6 20 1 29
6187 4 15 1 39 1 123
6188 1 1 4 15 1 21 1 30
6189 4 15 1 30 1 39
6190 1 1 4 15 1 53 1 62
6191 1 1 4 15 1 30 1 53
6192 7 15 2 16 1 126
6193 7 15 2 16 1 123
6194 7 15 2 16 1 125
6195 7 15 2 16 1 30
6196 12 15 2 16 1 18 1 63
6197 9 15 2 18 1 62
6198 9 168 2 169 1 180
6199 9 15 2 18 1 30
6200 8 15 4 17 1 168 1 180
6201 8 15 4 16 1 19 1 62
6202 
6203 5 15 1 22 1 29 1 31
6204 3 1 1 2 1 3 5 15 1 37 1 61
6205 3 1 1 91 4 168 2 176
6206 4 1 8 15 1 18 1 37 2 64
6207 8 15 1 18 1 37 2 123
6208 10 15 1 18 1 22 1 130
6209 9 15 1 18 1 19 1 37
6210 4 15 2 21 2 128
6211 4 15 2 71
6212 2 1 4 15 2 53
6213 8 168 2 169
6214 6 15 2 16 2 19
6215 8 15 2 16
6216 7 15 2 16 1 19
6217 1 1 4 15 1 53 1 80
6218 
6219 2 1 3 2 5 15 1 99
6220 2 1 3 15 1 32 2 53
6221 
6222 4 15 2 17 1 175 2 180
6223 7 15 2 16 1 20
6224 7 15 2 16 1 123
6225 7 15 2 16 1 62
6226 6 15 2 16 1 19 1 20
6227 6 15 2 16 1 19 1 20
6228 2 1 1 2 1 61 5 168 1 169
6229 2 1 2 2 5 15 1 64
6230 2 1 2 2 4 15 1 20 1 64
6231 3 1 1 4 1 13
6232 4 1 1 4 1 60
6233 2 1 1 60 1 149
6234 2 79 4 81
6235 1 2 1 29 1 79 2 81
6236 3 1 1 2 1 4 1 13
6237 3 1 2 2 1 110
6238 2 1 1 2 1 4 1 5 1 29
6239 4 1 1 2 1 4 1 50
6240 14 15 4 18
6241 3 1 1 2 1 3 1 60
6242 5 1 1 2 3 3
6243 4 1 3 2 2 3
6244 12 15 6 16
6245 2 1 1 2 1 3 1 13
6246 1 1 1 13 1 48
6247 1 2 1 3 2 5 1 29
6248 2 1 1 2 1 3 1 82
6249 6 15 2 16 2 30
6250 4 1 2 3 2 41
6251 10 168 2 169
6252 2 1 4 2 2 41
6253 5 15 1 18 4 168 1 175 1 176
6254 1 1 2 2 1 5 1 48
6255 2 1 5 2 1 34
6256 1 1 1 2 10 15 1 21 1 64
6257 1 1 1 50
6258 2 1 1 6 1 7
6259 2 1 1 5 1 8
6260 9 15 2 18 1 126
6261 2 1 2 2 1 60
6262 1 1 1 60 1 68
6263 2 1 1 5 1 51
6264 9 15 2 18 1 62
6265 2 1 1 33 1 145
6266 4 1 3 2 2 3
6267 9 15 2 18 1 30
6268 6 15 2 16 1 30 1 32
6269 
6270 2 1 10 2 1 3 1 29
6271 2 1 7 2 1 34
6272 2 1 3 2 1 60
6273 2 2 1 40 1 128
6274 1 2 1 5 1 108
6275 2 2 1 13 1 29
6276 
6277 8 15 4 16 2 19
6278 8 15 4 17 1 168 1 179
6279 1 1 4 2 1 3 2 29
6280 8 15 4 17 1 175 1 181
6281 2 1 2 2 1 14
6282 3 2 1 29 1 108
6283 8 15 2 18 2 126
6284 2 1 3 2 1 3 1 33
6285 2 1 6 2 1 34
6286 4 2 1 13 1 29
6287 1 1 3 2 1 6 1 29
6288 1 1 3 2 1 6 1 29
6289 1 1 3 2 1 6 1 29
6290 3 2 2 138
6291 1 2 1 54 1 134
6292 5 2 1 31 1 54
6293 9 15 2 18 1 32
6294 9 15 2 18 1 80
6295 14 15 4 18
6296 2 1 19 2 1 41
6297 2 1 1 168 2 169
6298 1 5 1 165
6299 
6300 1 130 4 168 1 169
6301 2 168 1 171 1 180
6302 
6303 1 1 3 15 2 19
6304 1 1 7 15 2 16 1 53
6305 1 13 4 168 1 169
6306 1 130 4 168 1 172
6307 3 168 1 171 1 180
6308 2 1 3 15 1 32 2 53
6309 1 1 2 15 1 19 2 20
6310 2 1 1 2 3 168 2 169
6311 7 15 2 16 1 32
6312 
6313 1 1 4 168 1 176 1 180
6314 1 13 5 168 1 169
6315 
6316 1 49 5 168 1 169
6317 1 49 4 168 1 172
6318 1 1 1 130 4 168 2 169
6319 2 29 4 168 2 169
6320 1 1 1 130 5 168 1 170
6321 1 1 1 2 7 15 2 16 1 53
6322 6 168 1 171
6323 6 129 3 170
6324 2 49 4 168 1 170
6325 2 1 3 168 2 169 1 180
6326 
6327 1 1 4 15 1 21 1 31 1 53
6328 1 33 4 168 1 172
6329 
6330 1 40 4 168 1 169
6331 1 1 6 168 1 172
6332 3 1 2 168 1 169 1 170 1 171
6333 2 49 5 168 1 170
6334 4 1 2 170 2 180
6335 
6336 2 15 1 30 3 123
6337 5 15 2 16 1 19 2 20
6338 2 15 1 30 3 123
6339 1 1 3 15 2 20 1 21
6340 1 1 3 15 2 30 1 53
6341 
6342 
6343 12 15 2 16 1 37 1 53
6344 1 1 3 15 2 20 1 21
6345 1 1 3 15 2 20 1 21
6346 5 15 1 33 1 147
6347 1 1 3 15 1 20 1 30 1 53
6348 1 1 5 15 1 22 1 38
6349 1 1 1 2 5 15 1 22 1 29
6350 1 1 1 2 5 15 1 37
6351 5 15 1 18 1 29 3 168 1 170
6352 1 1 5 15 1 45
6353 3 1 1 172 1 173 2 180
6354 1 15 1 30 4 123
6355 1 1 4 15 1 19 1 45
6356 
6357 3 2 1 29 2 31 1 61
6358 5 15 1 18 2 168 1 169 2 179
6359 1 1 1 3 3 15 1 20 1 31 1 53 1 123
6360 3 1 1 4 1 29 4 168 2 169
6361 1 1 1 3 2 15 1 31 1 53 3 123
6362 1 2 2 15 1 31 1 53 3 123
6363 3 2 2 15 1 31 1 53 3 123
6364 3 1 1 4 5 15 1 37
6365 1 1 6 15 2 16 1 19 1 53
6366 1 1 1 2 5 15 1 45
6367 1 2 5 15 1 33 1 37
6368 9 15 2 18 1 19
6369 1 1 7 15 2 16 1 21
6370 2 1 1 3 5 15 1 45
6371 1 2 5 15 1 45 1 108
6372 2 1 10 15 1 18 1 22 1 51
6373 10 15 1 37 1 45
6374 10 15 1 37 1 63
6375 10 15 1 37 1 53
6376 1 1 1 2 5 15 1 37 1 41
6377 1 1 1 2 4 15 1 20 1 45
6378 1 1 1 2 4 15 1 45 1 62
6379 1 1 2 2 4 15 1 45 1 62
6380 1 1 2 2 4 15 1 30 1 45
6381 2 1 2 15 2 17 2 20 2 168 1 170
6382 5 15 1 18 1 171 1 176 2 180
6383 1 1 3 2 4 15 1 45 1 62
6384 2 1 1 2 4 15 1 45 1 53
6385 2 1 3 15 1 20 1 22 1 80
6386 10 15 2 45
6387 1 1 4 15 1 25 1 31 1 53
6388 2 1 2 2 1 3 5 15 1 45
6389 1 1 7 2 5 15 1 45
6390 3 15 2 17 1 32 1 168 2 179
6391 10 15 1 18 1 153
6392 1 1 2 2 4 168 1 169 1 180
6393 4 15 1 30 1 133
6394 10 15 1 21 1 53
6395 1 1 1 2 4 15 1 20 1 63
6396 1 1 1 2 4 15 1 53 1 62
6397 11 168 1 175 1 180
6398 1 2 3 15 1 20 1 31 1 53 1 123
6399 1 2 3 15 1 31 1 53 2 123
6400 9 15 2 18 1 32
6401 3 2 3 15 1 20 1 31 1 53 1 123
6402 6 1 3 15 3 22
6403 2 1 2 2 3 15 2 53 1 62
6404 
6405 2 1 4 2 2 3 2 29
6406 3 15 1 21 2 123 1 130
6407 4 15 2 17 1 168 1 171
6408 
6409 
6410 
6411 3 1 2 15 1 21 1 31 3 53
6412 
6413 
6414 4 15 2 20
6415 4 15 1 20 1 30
6416 4 15 1 20 1 123
6417 4 15 2 123
6418 4 15 1 20 1 62
6419 4 15 2 62
6420 4 15 1 30 1 62
6421 4 15 1 30 1 123
6422 3 15 3 20
6423 3 15 2 20 1 62
6424 3 15 2 20 1 30
6425 3 15 2 20 1 123
6426 3 15 2 20 1 62
6427 3 15 2 20 1 123
6428 3 15 1 20 2 123
6429 3 15 1 20 1 62 1 123
6430 3 15 1 20 2 123
6431 10 15 1 18 1 22 1 89
6432 3 15 1 62 2 123
6433 3 15 1 30 2 123
6434 3 15 2 20 1 62
6435 3 15 1 20 2 62
6436 3 15 2 20 1 30
6437 10 15 2 16 4 17 2 168
6438 2 1 2 2 2 48
6439 1 6 10 15 2 37
6440 2 15 4 20
6441 2 15 1 30 3 123
6442 1 1 1 2 1 5 1 7 1 48
6443 5 15 1 18 1 165
6444 2 2 1 3 3 128
6445 1 2 1 3 1 108 2 128
6446 9 1 2 15 3 23 1 62
6447 3 1 2 2 1 3
6448 2 1 1 2 1 3 1 38
6449 2 108 1 109
6450 1 1 2 2 1 29 1 55
6451 2 1 1 2 1 34
6452 1 2 1 3 2 29 1 108
6453 1 2 2 29 1 34
6454 2 1 1 2 1 132
6455 2 1 1 100
6456 1 1 1 41 1 128
6457 1 1 1 5 1 48
6458 1 1 1 41 1 130
6459 1 1 1 29 1 41
6460 1 1 4 168 1 169
6461 1 1 1 168 1 171 1 172
6462 1 29 4 168 1 169
6463 
6464 1 1 3 168 1 169 1 179
6465 1 1 4 15 1 19
6466 4 1 1 2 2 3 1 29 1 61
6467 3 15 1 20 1 32 1 80
6468 3 15 2 80 1 123
6469 3 15 1 62 2 80
6470 3 15 1 29 1 30 1 32 1 154
6471 1 101 1 169 2 175 2 180
6472 2 1 2 2 1 3 1 31
6473 2 1 1 2 1 7 1 48
6474 1 2 1 7 2 31
6475 
6476 3 1 2 2 1 3 2 60
6477 4 1 1 2 1 3 1 42
6478 3 1 1 2 1 3 1 7 1 48
6479 3 1 3 2 1 42
6480 2 1 3 2 1 7 1 48
6481 19 15 3 18 1 23 1 30
6482 
6483 2 1 3 2 1 3 1 29
6484 2 1 2 2 1 3 1 38
6485 1 2 1 29 3 168 1 169 1 179
6486 
6487 
6488 
6489 
6490 3 1 5 15 1 23
6491 5 15 1 23 3 130
6492 5 15 1 23 3 129
6493 5 15 1 130 1 154
6494 5 15 1 65 1 154
6495 4 15 1 23 1 123 3 129
6496 4 15 1 23 1 62 3 129
6497 4 15 1 62 1 65 1 154
6498 3 1 3 15 2 20 1 23
6499 3 1 3 15 1 20 1 23 1 30
6500 3 1 3 15 1 23 2 30
6501 4 15 1 23 1 80 3 129
6502 3 1 4 15 1 20 1 23
6503 3 1 1 4 4 168 1 169 1 180
6504 3 1 4 15 1 23 1 30
6505 4 15 1 125 1 130 1 154
6506 1 1 1 49 2 168 2 172
6507 1 1 4 15 1 21 1 29 1 154
6508 3 1 4 15 1 23 1 32
6509 
6510 2 1 5 15 1 22
6511 1 1 5 15 1 26
6512 1 1 5 15 1 22 1 29
6513 1 1 5 15 1 37
6514 5 15 1 22 2 130
6515 5 15 1 37 1 130
6516 1 31 5 168 1 169
6517 4 15 1 19 1 94
6518 1 1 1 60 5 168 1 169
6519 5 15 1 80
6520 3 15 2 19 1 94
6521 3 15 2 19 1 32
6522 4 15 1 19 1 32
6523 4 15 1 20 1 32
6524 4 15 1 32 1 62
6525 4 15 1 30 1 32
6526 4 15 1 20 1 80
6527 4 15 1 62 1 80
6528 3 15 2 30 1 32
6529 1 1 2 15 3 30 1 45
6530 2 15 1 62 1 80 2 123
6531 3 15 1 32 2 80
6532 1 1 4 15 1 20 1 45
6533 3 1 1 2 1 4 1 49
6534 3 15 2 30 1 32
6535 3 15 2 20 1 80
6536 3 15 1 80 2 123
6537 3 15 1 30 1 62 1 80
6538 4 15 1 39 1 80
6539 4 1 4 15 2 22
6540 3 1 1 3 1 60
6541 4 15 2 80
6542 2 1 4 2 1 3 1 31
6543 2 65 2 107
6544 2 1 1 2 1 61
6545 2 1 1 2 4 15 1 22 1 30
6546 1 1 4 15 1 20 1 45
6547 1 1 4 15 1 30 1 45
6548 
6549 3 1 1 3 4 168 2 169
6550 3 1 1 3 1 168 1 169 1 171 1 172
6551 3 1 1 3 2 168 2 172
6552 3 1 1 3 2 168 2 172
6553 2 1 4 15 1 20 1 22
6554 2 1 4 15 1 22 1 62
6555 2 1 4 2 1 3 1 128
6556 2 1 1 2 1 3 1 5 1 6
6557 2 1 4 15 1 22 1 30
6558 2 1 5 2 1 109
6559 1 1 4 15 1 37 1 123
6560 3 1 11 2 1 3 1 60
6561 1 1 4 15 1 37 1 62
6562 1 1 4 15 1 30 1 37
6563 4 15 1 20 1 32
6564 1 1 4 15 2 17 1 137 3 168 1 170
6565 4 15 1 30 1 32
6566 2 1 4 15 1 20 1 64
6567 2 1 4 15 1 62 1 64
6568 1 2 1 40 1 79 2 81
6569 4 15 1 20 1 80
6570 3 1 1 33 1 146
6571 1 51 1 114 2 119
6572 1 50 1 117 1 118 1 119
6573 1 50 1 117 1 118 1 119
6574 1 31 1 110 1 118 1 122 1 129
6575 2 3 2 29 2 31
6576 1 1 4 15 1 124 1 147
6577 1 86 5 168 1 176
6578 1 1 7 2 1 101
6579 1 1 9 2 1 29 1 41
6580 2 1 15 2 1 6 1 41
6581 
6582 4 1 2 3 1 152
6583 1 3 5 15 1 21 1 31 1 54 1 107
6584 
6585 4 1 2 29 2 168 1 169 2 170 1 176
6586 2 2 8 15 2 32 2 53
6587 4 2 1 29 1 38
6588 2 1 12 2 1 3 1 31
6589 5 15 2 16 1 19 2 30
6590 6 168 2 169 1 180
6591 2 1 2 2 2 3 2 128
6592 1 130
6593 2 1 3 15 2 21 1 30
6594 3 15 1 32 1 124 1 126
6595 3 1 2 2 2 3 1 29
6596 
6597 3 15 1 32 1 123 1 124
6598 2 1 14 2 1 3 1 29
6599 2 1 5 2 1 6
6600 2 130 4 168 2 169
6601 2 1 2 3 1 31 1 54 1 107
6603 1 2 1 5 1 48 1 68
6604 1 1 4 15 1 64 1 68 1 80
6605 1 1 12 2 1 40
6607 2 1 6 2 1 160
6608 4 1 10 2 2 3 4 15 2 53
6609 2 1 14 2 1 3 1 29
6610 3 15 1 32 1 124 1 126
6611 
6612 3 1 1 2 3 15 2 17 1 41 1 47 6 168 4 169 1 170
6613 1 1 1 57 1 149
6614 1 31 1 54 4 168 2 169
6615 2 1 9 168 4 169 2 170 2 180
6616 2 2 2 31 1 149
6617 
6618 
6619 1 1 4 2 4 15 1 45 1 62
6620 1 1 1 2 4 15 1 53 1 105
6621 2 1 5 168 2 169
6622 
6623 2 2 1 3 4 31 1 59
6624 1 3 1 49 2 119
6625 
6626 3 1 1 2 1 3 1 58
6627 
6628 2 1 7 2 1 3 1 5 1 48
6629 3 1 2 168 1 170 1 172 1 180
6630 1 1 5 2 4 15 1 45 1 62
6631 1 128
6632 2 1 6 15 2 16 2 45
6633 4 15 2 16 4 20
6634 
6635 2 115 1 118 2 119
6636 1 2 4 29 1 129 5 169 1 179
6637 1 127
6638 1 1 6 2 4 15 1 45 1 62
6639 2 1 9 2 6 50
6640 1 129
6641 1 1 5 15 1 22 1 29
6642 
6643 2 2 1 5 1 13
6644 1 1 1 2 1 7 1 128
6645 3 15 1 32 1 124 1 126
6646 1 1 1 2 1 31 1 55
6647 1 29 1 119 1 149
6648 3 1 1 52 1 134
6649 4 1 10 2 2 3 4 15 2 45
6650 2 2 5 15 1 22 2 29
6651 1 31 5 168 5 169
6652 3 1 3 2 1 3 1 4 1 13 1 29
6653 1 1 9 15 2 18 1 154 1 168 1 173 1 179 1 180
6654 1 1 1 50 3 118 1 119
6655 1 49 3 118 1 119
6656 2 15 1 62 3 124
6657 
6658 1 1 2 2 4 15 1 30 1 53
6659 1 1 1 168 1 169 2 179 1 180
6660 1 50 2 117 2 118
6661 5 1 3 2 2 3 8 168 5 169 2 170 1 171
6662 1 1 4 15 1 32 1 45
6663 2 1 2 48 4 168 2 169
6664 2 1 3 15 1 25 1 31 2 53
6665 2 1 3 15 1 25 1 31 2 53
6667 5 15 2 16 3 20
6668 
6669 
6670 4 15 1 20 1 53 1 117 1 118
6671 4 15 1 20 1 53 1 117 1 118
6672 1 1 10 15 1 18 1 22 1 58
6673 
6674 3 1 21 2 1 4 1 29
6675 
6676 8 15 2 16 4 17 2 30 2 180
6677 1 1 2 3 5 15 1 21 1 31 1 54 2 107
6678 1 1 9 15 1 18 1 21 1 37
6679 3 1 3 168 3 169
6680 1 114 1 120
6681 
6682 2 1 1 4 2 49 1 60
6683 1 1 5 2 1 50 1 134
6684 1 2 1 5 5 15 1 153
6685 1 1 8 2 1 50 1 134
6686 1 3 4 15 1 20 2 127 1 154
6687 1 50 2 119
6688 
6689 
6690 1 1 4 2 4 15 1 21 1 32
6691 1 1 2 168 1 169 1 179
6692 3 1 2 2 1 70
6693 
6694 1 49 1 118 1 119
6695 3 15 1 32 1 123 1 124
6696 4 2 1 68 1 108
6697 2 1 14 2 1 3 1 31
6698 1 2 1 5 4 15 2 17 1 168 1 172
6699 3 1 2 2 1 3 1 60
6700 2 2 2 3 4 29
6701 1 1 9 2 1 134
6702 1 1 1 6 1 50 1 128
6703 1 51 2 119 1 129
6704 
6705 2 1 8 2 1 4 2 29
6706 1 2 1 3 1 29 1 31 1 57
6707 2 1 7 2 1 88
6708 1 2 1 31 1 119
6709 2 1 3 2 1 88
6710 10 15 2 26
6711 2 1 6 15 2 16 2 45
6712 1 2 1 3 1 5 2 31
6713 2 1 1 2 2 168 2 169 2 179
6714 2 1 1 2 2 168 2 169 2 179
6715 4 1 2 3 2 168 2 169 2 179
6716 4 1 2 3 2 168 2 169 2 179
6717 1 1 7 2 2 50 1 134
6718 1 1 6 2 2 50 1 134
6719 2 15 2 16 2 19 4 123
6720 
6721 1 1 5 2 1 3 2 29
6722 1 1 4 2 1 3 2 29
6723 1 1 5 15 1 22 1 65
6724 2 1 14 2 2 6 1 41
6726 1 1 1 15 1 30 1 53 3 123
6727 2 1 13 2 7 15 2 16 1 22
6728 3 1 2 2 1 3 1 42 1 65
6729 1 2 2 29 4 168 2 169
6730 1 1 4 2 4 15 1 19 1 21
6731 1 1 9 2 3 50 1 134
6732 1 1 14 2 1 6 1 31
6733 6 168 2 169
6734 8 168 2 169
6735 3 15 1 20 1 76 1 123
6736 2 1 1 2 1 3 1 33 1 59 1 86
6737 5 1 3 2 2 3 1 49 8 168 6 169 3 170
6738 2 1 24 2 1 41
6739 3 15 1 20 2 124
6740 3 1 5 2 1 4 1 31
6741 1 1 1 50 2 116 2 118 3 119
6742 3 1 3 2 1 3 1 50 1 136
6743 1 1 12 2 1 89
6744 3 1 1 9 1 128
6745 
6746 3 1 1 4 1 35 2 128
6747 1 1 1 3 5 15 1 21 1 31 1 55 1 107
6748 
6749 6 15 1 18 4 30 1 37
6750 3 1 3 2 1 4 1 29
6751 8 15 2 18 1 19 1 71
6752 1 108 1 168 1 169 1 181
6753 
6754 3 1 4 15 1 23 1 80
6755 1 1 8 15 1 18 2 20 1 22
6756 10 15 1 21 1 22 1 31
6757 4 118 2 128
6758 1 1 1 2 1 14 1 128
6759 2 1 2 168 2 169 2 179
6760 2 1 3 2 1 7
6761 3 1 1 2 1 4 1 137
6762 4 1 4 2 1 43
6763 3 1 1 4 1 77
6764 1 50 2 117 1 118
6765 5 15 1 53 1 117 1 118
6766 2 1 1 2 2 168 2 169 2 179
6767 2 1 1 2 2 168 2 169 2 179
6768 1 1 1 2 1 29 1 55
6769 1 36 2 129 2 130
6770 1 52 1 118 2 119 2 129
6771 1 34 1 129 1 130
6772 
6773 10 15 1 18 1 23 2 129
6774 1 1 6 2 1 57
6775 3 1 1 168 3 169 2 179
6776 
6777 2 1 7 2 1 144
6778 1 1 12 2 1 6 1 31
6779 1 33 1 118 1 119
6780 1 117 2 118 1 119
6781 7 118 2 119
6782 2 1 10 2 1 60
6783 1 1 1 34 1 118 1 119
6784 2 1 1 3 1 33 1 59 1 86
6785 1 35 2 129 1 130
6786 
6787 1 3 1 49 1 118 2 119
6788 1 51 1 119 2 129
6789 1 1 5 15 1 22 1 65
6790 2 1 3 2 2 168 2 169 2 179
6791 2 1 3 2 2 168 2 169 2 179
6792 1 1 8 2 1 57
6793 4 1 3 3 1 31 1 55 1 107
6794 3 15 1 32 1 124 1 126
6795 3 15 1 32 1 123 1 124
6796 1 1 3 2 1 73
6797 2 1 1 51
6798 
6799 1 1 5 2 4 15 1 19 1 21
6800 4 1 6 15 2 16 2 22
6801 1 2 5 15 1 37 1 49
6802 
6803 4 1 2 3 1 55
6804 
6805 3 1 8 2 1 61
6806 1 1 1 128 1 149
6807 1 86 4 168 1 169 1 175
6808 2 1 12 2 1 34
6809 2 1 1 110 1 129
6810 
6811 1 109 1 118 2 128
6812 3 1 1 3 1 168 1 169 1 171 1 172
6813 
6814 
6815 6 129 3 170 1 179
6816 1 49 1 117 1 118
6817 8 15 2 18 1 19 1 80
6818 2 1 1 3 4 168 1 172
6819 2 1 5 2 1 3 1 5 1 48
6820 1 109 1 119 1 122
6821 1 1 14 2 1 5 1 41
6822 
6823 9 15 2 18 1 65 1 154
6824 
6825 4 2 2 29 2 58
6826 
6827 
6828 2 1 11 2 5 15 1 22
6829 5 15 1 22 2 129
6830 4 15 1 19 1 141
6831 1 1 3 15 1 21 1 62 1 126
6832 5 15 1 53 1 117
6833 1 2 1 114 1 119
6834 1 2 1 117 1 119
6835 4 15 1 53 1 119 1 123
6836 1 72 1 142
6837 7 15 4 17 1 19 2 180
6838 1 1 6 2 4 15 1 21 1 24
6839 1 1 1 2 1 50
6840 1 31 1 86
6841 1 1 1 2 2 15 1 53 3 80
6842 5 15 1 21 4 168 1 176 1 180
6843 6 1 2 4 4 168 2 169
6844 6 1 2 4 4 168 2 169
6845 
6846 3 1 1 2 1 3 1 149
6847 6 29 6 169
6848 5 15 2 17 1 18 1 29 4 30 1 168 2 169 1 179
6849 1 166 6 168
6852 4 15 1 18 1 19 4 168 1 169 1 175
6853 1 1 4 2 4 15 1 19 1 45
6854 
6855 3 15 1 20 1 30 1 32
6856 
6857 1 1 8 15 2 17 1 29 1 37 1 53 6 168 4 169 1 170
6858 2 29 3 168 2 169
6859 2 2 4 3 6 29
6860 3 1 1 52 1 130
6861 
6862 1 50 1 117 2 118 1 119
6864 3 1 1 3 2 168 2 169 1 171
6865 1 1 1 50 1 117 1 118
6866 1 1 1 168 1 169 2 179 1 180
6867 1 108 1 165
6868 2 1 3 15 1 21 1 98 1 126
6869 1 1 14 2 5 50 1 134
6870 3 15 1 20 1 32 1 62
6871 2 1 1 8 9 15 1 18 1 22 1 48 1 53 1 72 2 130 2 169 1 170
6872 2 1 2 2 1 3 1 57
6873 1 2 4 3 5 29 1 31
6874 1 1 1 2 4 168 1 175 1 176
6875 4 15 2 16 4 123
6876 1 2 2 38
6877 1 1 13 2 1 44
6878 1 1 8 2 1 44
6879 10 15 2 18 2 169 1 179 2 180
6880 
6881 3 1 9 2 1 3 1 41
6882 1 1 8 2 2 50 1 134
6883 
6884 6 168 2 169
6885 
6886 1 1 3 2 4 168 1 175 1 176
6887 4 1 1 4 1 136
6888 1 1 1 15 1 30 1 53 3 123
6889 
6890 5 15 2 18 5 123
6891 2 1 2 2 1 29 1 168 1 169 1 170 2 179
6892 1 2 4 3 5 29 1 31
6893 8 15 4 16 1 19 1 62
6894 2 1 1 33 8 168 4 169 2 170 1 172 1 180
6895 6 1 3 3 1 6 1 29 7 168 4 169 2 170 2 172
6896 1 1 1 6 1 48 1 49
6897 1 1 15 2 1 29 1 41
6898 8 15 4 16 1 19 1 62
6899 1 2 1 8 3 31
6900 2 1 21 2 1 3 1 29
6902 1 1 14 2 1 6 1 31
6903 3 1 1 2 1 79
6904 1 1 4 2 9 15 2 18 1 21
6905 2 1 10 15 2 18 2 168 2 170
6906 3 15 1 21 2 30 1 31 1 55
6907 18 129 10 170
6908 
6909 1 2 1 49 1 117 1 118
6910 2 2 4 3 6 29
6911 2 31 4 168 2 169
6912 1 1 15 2 1 6 1 128
6914 9 15 4 16 1 30
6915 3 15 1 32 1 62 1 80
6916 1 1 4 2 1 134
6917 2 1 4 168 2 169
6918 2 1 17 2 1 50
6919 2 1 16 2 1 3 1 31
6920 2 169 2 171
6921 1 2 4 15 2 17 1 108 1 176 2 180
6922 1 1 2 2 1 57
6923 2 1 3 2 1 3 1 31
6924 1 1 5 15 1 21 1 41 8 168 5 169 1 170 1 172 1 180
6925 3 1 2 2 2 3 1 29
6926 1 1 4 2 4 15 1 19 1 21
6927 
6928 2 1 19 2 1 41
6929 1 2 1 29 4 168 1 169 1 175
6930 3 1 15 2 1 3 1 41
6931 
6932 3 15 1 53 2 80 1 119
6933 5 15 2 18 5 123
6934 
6935 1 118 2 122
6936 1 1 10 2 4 15 1 21 1 24
6937 4 1 4 15 2 17 2 168 2 170
6938 5 1 2 2 1 3 1 4 1 41
6939 1 114 1 118 1 119
6940 1 33 3 118 1 119
6941 1 108 1 165
6942 1 33 1 117 1 118
6943 1 1 1 13 1 29 8 168 4 169 2 170 1 172 1 180
6944 2 1 1 2 1 3 1 101
6945 2 2 2 31 1 55
6946 1 1 14 2 1 6 1 31
6947 1 50 1 115 1 117 1 118 1 119
6948 
6949 1 1 3 2 1 3 2 29
6950 4 15 1 20 1 53 1 119
6951 3 1 1 4 1 34 1 130
6952 
6953 2 1 2 2 1 168 2 169
6954 4 15 1 53 1 62 1 117 1 118
6955 
6956 3 1 1 2 1 3 1 60
6957 2 1 1 2 1 29 1 42
6958 1 1 11 2 1 57
6959 1 1 6 2 1 134
6960 1 1 1 29 1 102
6961 3 15 2 18 7 123
6962 1 2 1 5 4 19 1 62
6963 2 1 12 2 1 6 1 41
6964 1 113 1 142
6965 
6966 1 1 1 2 5 15 1 22 1 72
6967 
6968 8 129 4 170 1 179
6969 4 15 1 21 1 23 1 54 3 129
6970 2 129
6971 1 127 5 129
6972 2 1 1 2 1 3 1 134
6973 1 1 1 3 1 29 1 31
6974 3 1 5 2 1 168 1 169 1 170 2 179
6975 2 1 1 3 4 15 1 21 1 126
6976 2 50 1 59 2 79 5 81
6977 2 1 1 2 1 29 1 42
6978 1 77 1 119
6979 1 1 5 15 1 22 1 60 1 72
6980 4 15 1 53 1 62 1 117 1 118
6981 
6982 2 1 9 168 4 169 2 170 2 180
6983 2 1 1 2 2 3 1 31 1 54 1 107
6984 1 2 1 5 1 13
6985 1 1 1 15 2 16 4 19 1 20 1 62
6986 
6987 2 1 10 2 1 6 1 41
6988 8 15 2 18 1 30 1 126
6989 1 7 1 9 4 130
6990 3 2 1 3 3 31
6991 3 1 1 4 1 31 4 168 2 169
6992 5 15 1 22 1 29 5 168 1 169
6993 1 1 8 2 9 168 3 169
6994 
6995 
6996 1 1 6 2 9 168 3 169
6997 2 1 20 2 2 41
6998 1 1 4 168 1 169 1 175
6999 
7000 5 1 9 2 3 3 2 15 2 17 1 20 1 30 2 168 1 170 1 179
7001 1 1 1 2 4 168 1 169 1 175
7002 
7003 
7004 1 1 1 3 1 5 1 128
7005 2 1 6 2 8 15 1 18 1 25 2 53
7006 2 1 7 2 8 15 1 18 1 25 2 53
7007 1 1 5 15 1 22 1 40
7008 
7009 1 1 1 29 4 168 2 169
7010 2 1 2 168 2 169 2 179
7011 2 1 1 3 1 31 1 55 1 107
7012 10 15 2 25
7013 1 1 2 15 1 21 3 80
7014 
7015 
7016 2 20 4 123
7017 
7018 2 1 2 2 8 15 2 28 2 47
7019 
7020 2 130 1 148
7021 4 2 20 15 2 18 2 163
7022 3 1 1 4 1 50 1 165
7023 2 1 1 8 1 128
7024 4 1 3 15 2 17 1 50 1 53 1 149 1 169 1 170 1 179
7025 5 1 9 2 3 3 1 4 1 13 1 29
7026 3 62 3 80
7027 14 15 4 37
7028 3 1 2 2 1 3 2 50
7029 2 2 2 5 2 50
7030 5 1 7 2 3 3
7031 
7032 
7033 
7034 
7035 2 1 2 15 1 42 1 53 3 123
7036 3 1 9 2 1 3 1 41
7037 
7038 
7039 3 1 1 36 1 108
7040 4 2 2 5
7041 1 2 1 119 1 122
7042 1 2 1 29 4 168 3 169
7043 3 1 2 168 3 169 2 170
7044 3 168 2 169 1 171
7045 3 1 4 2 1 4 1 29
7046 4 15 1 30 1 39
7047 3 1 6 2 2 3 1 33
7048 6 17 12 168
7049 1 1 4 15 1 21 1 126
7050 
7051 14 15 8 16
7052 1 1 4 15 2 17 1 168 1 172
7053 1 1 8 15 2 17 1 18 1 123 2 168 1 176 1 178
7054 
7055 1 110 1 118 2 128 1 129
7056 3 1 2 168 2 169 1 170 1 172
7057 3 1 5 2 1 3 3 41
7058 4 15 2 17 2 168 1 171
7059 
7060 6 2 2 29
7061 7 2 2 29
7062 1 1 1 168 1 169 1 175
7063 7 168 1 175 1 180
7064 
7065 1 1 4 2 8 15 2 18 1 53 1 71
7066 8 15 2 18 2 62
7068 1 1 2 2 4 15 1 21 1 30
7069 4 15 1 32 1 80
7070 1 15 1 20 1 30 3 80
7071 4 1 1 4 1 14
7072 
7073 3 15 3 123
7074 
7075 1 1 1 2 1 60 1 68
7076 
7077 2 1 1 7 2 168 1 169 1 172 1 180
7078 5 124 1 126
7079 3 15 2 17 1 32 1 179 2 180
7080 4 15 1 20 1 21 1 130
7081 1 1 3 15 1 18 1 20 1 60 1 66 1 123
7082 
7083 1 1 3 2 5 15 3 19 1 22 2 123
7084 
7085 4 15 1 62 1 80
7086 
7087 1 1 4 15 1 21 1 123
7088 2 15 4 123
7089 4 15 1 32 1 39
7090 4 15 1 32 1 39
7091 
7092 1 1 2 2 1 61 2 79 3 81 1 129
7093 2 1 5 2 8 15 1 18 1 25 2 53
7094 2 81 4 168 2 176
7095 2 81 3 168 2 176
7096 3 15 1 20 1 62 1 80
7097 
7098 6 168 8 169 2 170
7099 2 1 4 15 1 21 1 22 1 29
7100 
7101 2 2 1 31 1 55 1 143
7102 
7103 
7104 
7105 5 15 1 21 1 31 1 55
7106 2 1 1 2 1 3 1 31 1 55
7107 2 1 2 2 1 6
7108 1 1 5 15 1 25
7109 4 1 2 2 1 3 1 4 1 29
7110 2 1 4 2 8 15 2 28 2 47
7111 8 15 2 20 2 21
7112 1 1 1 108 1 109
7113 
7114 2 2 3 3 5 29
7115 2 2 3 3 5 29
7116 2 2 2 5 4 50
7117 2 1 1 29 1 33 9 168 6 169 2 170
7118 
7119 6 1 1 2 1 4 1 43
7120 3 1 3 168 3 169
7121 6 2 2 73
7122 
7123 1 1 1 3 1 29 1 50 1 113
7124 2 1 1 13 3 15 2 17 1 29 1 53 6 168 3 169 2 170
7125 1 5 5 15 1 22 1 29
7126 1 1 1 13 1 40 8 168 4 169 2 170 1 172 1 180
7127 1 1 1 2 1 7 1 48 1 68
7128 
7129 5 1 3 19 1 63 2 64
7130 4 15 1 16 4 19
7131 3 1 1 33 1 40 7 168 4 169 3 170 1 172 1 180
7132 1 51 1 117 2 119
7133 2 1 1 2 1 3 1 108
7134 1 118 1 120 1 122
7135 1 51 1 117 1 119 1 129
7136 
7137 1 1 1 3 1 29 1 86
7138 1 168 6 169
7139 6 168 4 169
7140 5 168 4 169 1 181
7141 
7142 2 1 2 48 6 169 2 170
7143 4 168 4 169
7144 4 1 2 168 4 170 4 181
7145 1 1 5 168 5 169
7146 1 29 5 168 5 169
7147 2 1 6 168 2 169 2 170
7148 3 1 6 168 1 169 3 170
7149 1 130 5 168 5 169
7151 1 128 6 168 3 169 1 170
7152 1 127 6 168 3 169 1 170
7153 2 1 11 2 2 41
7154 1 1 15 2 8 168 1 169 1 170
7155 
7156 13 15 4 18 1 30
7157 
7158 1 49 2 168 1 169 1 171 1 179
7159 2 1 3 15 1 20 2 53
7160 2 1 4 15 1 37 1 53
7161 1 1 4 15 1 21 1 80
7162 1 1 1 2 4 15 1 53 1 80
7163 4 15 1 19 1 21 1 29
7164 4 169 3 171
7165 4 15 1 20 1 24
7166 4 15 1 30 1 39
7167 1 1 4 15 1 20 1 53
7168 3 1 2 2 3 19 2 63 1 147
7169 1 1 7 2 2 15 3 30 1 45
7170 1 1 4 15 1 53 1 126
7171 2 1 2 2 1 3 1 31
7172 3 1 3 2 1 3 1 8 1 38
7173 2 1 2 41
7174 3 1 5 2 1 3 1 4 2 29
7175 1 1 5 168 1 169
7176 4 15 1 19 1 126
7177 2 1 1 3 1 134
7178 1 1 1 73
7179 1 1 3 2 1 138
7180 1 1 1 2 1 73
7181 2 2 1 29 1 134
7182 1 6 2 68
7183 1 1 3 2 1 40 2 50
7184 2 1 3 2 3 50
7185 2 1 6 2 2 50
7186 3 2 1 50 2 134
7187 1 1 13 2 1 128
7188 6 15 2 16 2 32
7189 1 4 1 38 3 128
7190 2 1 1 4 1 13 1 29
7191 
7192 9 15 1 18 1 30 1 37
7193 4 130 2 173 2 180
7194 
7195 1 168 4 169 2 171 2 180
7196 3 15 2 17 1 39 1 168 2 179
7197 1 1 3 15 1 30 1 39 1 53
7198 1 1 2 2 2 15 3 30 1 45
7199 
7200 1 1 1 2 5 15 1 21 1 41
7201 2 1 1 2 1 4 1 29 1 33
7202 1 1 16 2 1 29 1 34 1 136
7203 2 1 2 2 1 4 2 29
7204 
7205 2 15 1 18 1 30 2 80 5 168 1 169
7206 2 1 13 2 1 29 1 42
7207 
7208 
7209 
7210 1 1 15 2 1 6 1 29
7211 1 1 3 2 1 165
7212 
7213 4 1 1 4 2 41
7214 2 15 1 62 3 126
7215 
7216 
7217 10 15 2 18 2 144
7218 4 168 2 171
7219 2 1 4 2 2 15 1 23 1 64 2 80 3 129
7220 5 15 1 18 1 29 5 168 1 170
7221 1 1 2 2 4 15 1 20 1 21
7222 3 1 9 15 2 18 1 23
7223 
7224 
7225 
7226 5 15 1 23 2 81 1 129
7227 2 2 1 60 1 81 1 83
7228 1 49 1 68
7229 5 168 6 169
7230 8 168 2 170 4 179
7231 
7232 2 1 1 2 1 3 1 138
7233 6 1 2 4 1 149
7234 2 1 4 2 2 15 1 64 1 65 2 80 1 154
7235 
7236 1 1 7 2 1 68
7237 2 1 8 15 2 18 1 53 1 103 1 123
7238 1 1 4 2 5 15 1 45
7239 2 1 5 2 2 41
7240 
7241 2 168 1 180 2 181
7242 
7243 
7244 4 1 2 3 1 148
7245 6 168 8 169
7246 1 48 1 57 1 67 1 89 1 143
7247 
7248 2 1 5 2 1 41
7249 2 1 11 2 1 58
7250 1 1 1 7 5 15 1 21 1 48
7251 10 15 2 16 4 17 2 180
7252 2 2 4 15 1 20 1 31 1 53
7253 
7254 8 15 4 17 1 168 1 181
7255 
7256 1 1 4 15 1 53 1 123
7257 3 168 4 169
7258 
7259 2 1 2 2 2 34
7260 
7261 
7262 1 5 2 168 3 169 1 171
7263 1 1 1 168 1 169 1 179 1 180
7264 22 15 8 18
7265 4 1 3 2 2 3
7266 1 2 1 29 1 31 1 55
7267 1 1 4 15 1 53 1 124
7268 
7269 3 1 1 36 1 130
7270 3 15 1 25 2 30 1 31
7271 4 15 1 76 1 123
7272 1 1 3 2 4 15 1 21 1 62
7273 5 1 1 2 1 3 2 15 1 23 1 63 2 80
7274 
7275 4 15 1 24 1 124
7276 2 1 2 2 4 15 1 19 1 22
7277 4 15 1 20 1 124
7278 4 15 1 20 1 124
7279 1 118 1 119 1 127
7280 
7281 2 1 3 2 2 6
7282 13 15 2 17 2 18 1 35 1 123 1 169 2 180
7283 1 119 3 129 1 146
7284 1 1 1 2 1 34 1 48 1 119
7285 2 117 2 118
7286 3 15 1 32 2 124
7287 4 1 2 2 1 50 1 52 1 136
7288 
7289 1 54 1 114
7290 1 1 1 60 1 81
7291 1 113 1 118 1 119
7292 1 1 8 15 2 17 1 18 1 123 1 168 1 176 1 178 1 180
7293 
7294 10 169
7295 1 1 4 15 1 21 1 124
7296 1 1 4 15 1 53 1 124
7297 1 1 1 48 5 168 1 169
7298 3 1 3 168 3 169 1 170
7299 1 31 3 168 1 169 1 171
7300 4 2 2 50 2 134
7301 8 15 2 19 2 37
7302 
7303 4 168 2 169 1 180
7304 4 15 1 19 1 39
7305 1 1 1 2 5 15 1 18 1 170 2 175 3 180
7306 
7307 1 2 4 15 1 21 1 30 1 31
7308 1 1 1 2 4 15 1 21 1 29 1 53
7309 
7310 11 2 1 29 1 31
7311 3 1 1 109 1 110
7312 1 1 1 2 8 15 1 18 1 23 1 29 1 48 2 123
7313 
7314 
7315 1 1 2 2 1 49 1 50
7316 4 1 1 2 1 4 2 50
7317 2 2 5 15 1 23 1 29 7 168 3 169 1 171 1 176
7318 8 168 4 176
7319 
7320 1 1 7 2 8 15 2 18 1 21 1 71
7321 1 15 4 20 1 30
7322 
7323 1 1 1 3 2 49
7324 
7325 
7326 1 1 14 2 1 68
7327 2 1 13 2 1 34
7328 4 15 1 62 1 125
7329 2 1 1 2 1 3 1 82
7330 3 1 1 4 1 34 1 128
7331 
7332 
7333 2 1 1 2 1 8 1 29
7334 3 1 2 2 1 3 1 41
7335 1 1 2 2 1 49
7336 
7337 8 129 3 170 1 173
7338 2 1 4 168 1 170 1 172 1 175 1 176 3 180
7339 1 5 1 111
7340 
7341 
7342 3 1 3 2 1 3 1 170 2 175 3 180
7343 2 1 2 2 1 4 2 50 2 86
7344 5 15 2 19 2 20 1 62 1 63 1 154
7345 7 1 4 15 1 18 1 23 1 29 2 52
7346 1 1 4 15 1 53 1 126
7347 1 1 4 15 1 20 1 53
7348 
7349 4 15 1 19 1 21 1 29
7350 1 1 4 15 1 21 1 62
7351 1 1 1 2 4 15 1 21 1 126
7352 1 1 4 15 1 21 1 62
7353 2 1 8 2 1 41
7354 
7355 1 1 8 2 8 15 2 18 1 21 1 71
7356 4 1 11 2 1 41 1 52
7357 6 168 4 169
7358 2 1 12 15 2 18 1 19 1 22 2 47
7359 3 15 1 62 2 123
7360 3 15 1 62 2 123
7361 4 15 1 20 1 24
7362 1 1 4 15 1 21 1 80
7363 5 15 1 37 1 72
7364 4 1 1 2 1 3 1 4 1 29
7365 1 1 4 15 1 21 1 123
7366 1 1 1 2 4 15 1 20 1 53
7367 1 1 2 2 5 15 1 63
7368 1 1 4 15 1 21 1 123
7369 1 1 4 15 1 53 1 123
7370 2 1 1 2 4 15 1 53 1 98
7371 2 1 1 3 1 77
7372 1 1 5 2 4 15 1 30 1 45
7373 4 15 1 62 1 125
7374 3 15 1 62 2 123
7375 1 1 2 2 1 101
7376 
7377 
7378 2 1 1 2 2 7 1 50
7379 20 15 3 18 1 23
7380 20 15 2 18 2 22
7381 2 1 2 2 4 15 2 45
7382 2 1 4 168 2 169
7383 9 15 1 18 1 20 1 154
7384 1 13 1 49
7385 8 15 1 18 1 21 2 62
7386 3 1 1 2 1 4 1 49 1 50
7387 
7388 1 5 1 119
7389 2 1 12 15 2 37 2 53 2 63
7390 2 1 3 2 1 3 2 168 1 169
7391 1 2 5 15 1 37 1 128
7392 5 1 2 3 1 61
7393 2 1 12 15 2 37 2 53 2 63
7394 2 2 1 61 2 79 5 81
7395 1 1 9 15 2 18 1 45
7396 
7397 1 7 2 130
7398 2 118 1 119 1 127
7399 3 1 1 4 1 137
7400 7 130 3 169 3 170 1 171 1 173
7401 10 15 1 18 1 23 1 29 1 31
7402 1 1 1 2 5 15 1 18 2 168 1 170 1 175 2 180
7403 2 1 4 2 1 170 2 175 3 180
7404 3 1 2 2 1 4 1 29
7405 3 1 12 2 3 50 1 161
7406 2 108 2 168 1 170 1 179
7407 1 1 1 7 1 13
7408 8 15 1 18 1 22 1 113 2 123
7409 9 15 1 53 1 123 1 154
7410 3 1 1 2 4 15 1 23 1 30
7411 4 15 2 17 1 175 1 180 1 182
7412 
7413 2 1 3 2 2 41
7414 
7415 1 31 6 168 3 169 1 170
7416 4 15 2 16 1 19 1 30 2 125
7417 1 1 7 15 4 17 1 21 2 180
7418 
7419 
7420 7 15 2 16 1 71
7421 7 15 2 16 1 32
7422 1 1 2 2 1 7 1 29 1 48
7423 9 15 1 30 1 37 1 63
7424 6 15 1 18 2 19 1 20 1 53 1 89
7425 2 1 1 2 4 15 1 22 1 30
7426 7 15 2 16 1 20
7427 3 15 1 20 2 76
7428 2 1 8 15 2 28 2 47
7429 
7430 8 15 2 18 2 30
7431 1 5 3 15 2 17 1 21 1 168 2 179
7432 4 15 1 20 1 126
7433 4 15 1 62 1 123
7434 4 15 1 20 1 124
7435 3 15 1 62 2 123
7436 2 1 1 2 1 3 1 54
7437 3 168 1 179 1 180
7438 6 1 3 15 2 23 1 30
7439 3 1 1 2 1 42
7440 1 1 4 15 1 37 1 62
7441 2 1 1 7 2 168 1 169 1 172 1 180
7442 
7443 
7444 
7445 
7446 
7447 
7448 
7449 
7450 
7451 
7452 
7453 
7454 
7455 
7456 
7457 
7458 
7459 
7460 
7461 
7462 
7463 
7464 
7465 
7466 
7467 
7468 
7469 
7470 
7471 
7472 
7473 
7474 
7475 
7476 
7477 
7478 
7479 
7480 
7481 
7482 
7483 
7484 
7485 
7486 
7487 
7488 
7489 
7490 
7491 
7492 
7493 
7494 
7495 
7496 
7497 
7498 
7499 
7500 
7501 
7502 
7503 
7504 
7505 
7506 
7507 
7508 
7509 
7510 
7511 
7512 
7513 
7514 
7515 
7516 
7517 
7518 
7519 
7520 
7521 
7522 
7523 
7524 
7525 
7526 
7527 
7528 
7529 
7530 
7531 
7532 
7533 
7534 
7535 
7536 
7537 
7538 
7539 
7540 
7541 
7542 
7543 
7544 
7545 
7546 
7547 
7548 
7549 
7550 
7551 
7552 
7553 
7554 
7555 
7556 
7557 
7558 
7559 
7560 
7561 
7562 
7563 
7564 
7565 
7566 
7567 
7568 
7569 
7570 
7571 
7572 
7573 
7574 
7575 
7576 
7577 
7578 
7579 
7580 
7581 
7582 
7583 
7584 
7585 
7586 
7587 
7588 
7589 
7590 
7591 
7592 
7593 
7594 
7595 
7596 
7597 5 15 1 21 1 142
7598 3 1 8 15 1 18 2 21 1 22
7599 2 168 1 171 1 181
7600 14 168 1 179 1 180
7601 1 2 1 50 2 108
7602 5 15 1 76
7603 1 1 3 15 1 19 1 20 1 21
7604 3 1 2 2 1 3 2 50
7605 1 1 1 2 1 82
7606 
7607 4 2 2 49 2 50
7608 3 2 2 38
7609 2 2 2 29
7610 1 119 11 129 6 170
7611 1 2 1 5 1 29
7612 1 1 10 2 1 3 2 29
7613 2 1 2 168 2 169 1 180
7614 1 13 1 72
7615 
7616 1 1 1 2 1 3 1 13 1 29
7617 2 1 2 2 2 168 1 170
7618 
7619 10 15 1 18 1 22 1 29
7620 4 1 1 41 8 168 6 169 2 170 1 180
7621 2 1 1 29 8 168 4 169 2 170 1 172 1 180
7622 2 1 2 169 1 181
7623 2 1 4 15 1 25 1 53
7624 2 2 4 3 6 29
7625 
7626 1 29 1 57
7627 5 15 2 16 1 29 1 30 1 62 1 154
7628 1 1 1 2 1 5 1 14 1 60
7629 2 1 1 33 6 168 4 169 2 170 1 171 1 172 1 180
7630 
7631 
7632 1 114 2 118 1 119
7633 
7634 3 1 1 29 1 50 1 52
7635 2 1 14 2 1 3 1 31
7636 1 1 2 2 9 15 2 18 1 21
7637 1 1 1 87 1 88
7638 2 1 12 2 1 3 1 31
7639 
7640 4 15 1 53 1 87 1 123
7641 2 13 2 14
7642 2 1 6 2 1 3 1 31
7643 1 1 3 15 2 17 1 30 6 168 3 169 1 170 1 180
7644 2 1 8 2 8 15 1 21 1 37 2 53
7645 6 171 1 173
7646 2 15 2 30 2 123
7647 9 15 2 16 2 17 1 18 1 19 1 30 1 169 2 180
7648 3 1 6 2 1 3 2 50
7649 2 3 2 29 2 31
7650 4 20 2 80
7651 1 1 10 2 3 50 1 134
7652 2 1 1 3 1 31 1 55 1 107
7653 2 1 1 2 1 3 1 31 1 55
7654 
7655 2 1 1 7 3 168 1 169 1 172
7656 1 1 1 2 1 31 1 55
7657 
7658 
7659 
7660 
7661 
7662 
7663 1 104
7664 
7665 
7666 
7667 
7668 
7669 
7670 
7671 
7672 
7673 
7674 
7675 1 36 2 110 1 118 1 122 4 129 1 130
7676 2 1 6 2 1 3 1 31
7677 2 1 7 2 1 3 1 38
7678 2 1 3 2 1 3 1 31
7679 1 29 2 168 1 169 1 171
7680 1 114 1 121
7681 1 113 1 121
7682 1 1 1 3 1 29 1 119
7683 1 49 1 115 1 118 1 119
7684 1 110 1 119 1 121 1 129
7685 2 1 11 2 5 15 1 22
7686 2 1 4 2 1 29 1 42
7687 2 1 17 2 1 3 1 29
7688 2 1 6 2 1 3 1 33
7689 2 1 1 29 1 42
7690 2 1 4 2 1 3 1 33
7691 1 1 8 15 1 18 2 20 1 22
7692 1 1 4 2 1 29 1 136
7693 2 1 3 2 1 3 1 29 1 136
7694 1 1 1 2 1 42 1 108 1 130
7695 5 1 2 2 2 4 1 29
7696 2 1 1 2 1 4 5 15 1 21 1 29
7698 3 1 3 2 1 3 1 8 1 38
7699 1 1 2 2 1 41 1 165
7700 1 1 1 165
7701 1 1 1 165
7702 2 1 2 3 2 29
7703 
7704 2 1 4 2 1 3 1 29
7705 
7706 6 130 6 169
7707 4 15 2 17 1 65 3 168 1 169
7708 3 1 1 2 1 43 1 128
7709 1 108 1 113
7710 
7711 
7712 3 128 1 156
7713 5 129 1 156
7714 2 1 2 2 1 166
7715 1 1 1 5 1 149
7716 3 15 1 30 2 80
7717 
7718 1 1 2 2 1 33 1 144
7719 1 1 8 15 1 18 1 53 1 63 1 80 1 149
7720 
7721 1 1 1 31 1 55 1 88
7722 6 15 2 16 2 30
7723 3 15 1 22 1 29 2 30 1 54
7724 2 2 1 29 1 31 1 55
7725 2 1 1 2 1 3 1 31 1 55
7726 2 2 1 31 1 55 1 143
7727 1 31 3 168 1 169 1 175
7728 2 1 1 2 1 3 1 31 1 55 1 88
7729 1 2 1 3 1 29 1 31 1 54 1 107
7730 2 1 1 2 2 3 1 31 1 54 1 107
7731 1 2 1 3 1 29 2 31
7732 
7733 1 1 1 2 1 3 2 49
7734 1 1 1 3 1 31 1 54 1 107
7735 2 1 3 2 10 168 2 170
7736 3 1 2 2 1 3 10 168 2 170
7737 1 1 1 29 4 168 2 169
7738 5 168 2 175
7739 
7740 
7741 3 1 3 15 3 45
7742 
7743 1 1 13 2 1 38
7744 4 2 2 50 2 54
7745 2 1 1 2 1 3 1 5 1 48
7746 9 1 3 2 1 3 3 4
7747 1 1 12 2 5 15 1 37
7748 1 49 1 111
7749 2 1 1 3 8 15 1 18 1 23 1 29 1 48 2 123
7750 4 1 2 15 2 17 2 64 1 175 2 180
7751 
7752 1 1 1 2 3 19 1 62 1 63 1 123
7753 6 168 1 169 1 176
7754 3 2 3 5 3 19 3 53
7755 
7756 8 15 1 18 1 21 2 76
7757 6 1 2 15 2 23 2 30
7758 7 130 1 166 3 169 3 170 1 173
7759 2 2 1 3 3 40
7760 
7761 
7762 4 1 12 2 2 3 2 41
7763 4 1 2 3 1 60
7764 
7765 1 1 4 15 1 80 1 98
7766 
7767 4 15 1 76 1 123
7768 
7769 
7770 2 1 3 2 1 54 1 61
7771 1 1 4 15 1 20 1 53
7772 4 1 2 2 2 3 1 149
7773 2 1 1 2 1 6 1 48
7774 3 1 1 3 2 50
7775 4 2 2 29 1 60
7776 4 1 7 2 2 3 2 41
7777 1 65 1 130
7778 2 168 2 175 2 180
7779 1 1 1 2 1 165
7780 
7781 1 1 2 168 1 176
7782 5 1 1 2 1 4 1 56
7783 6 1 1 4 1 146
7784 2 15 3 20 1 32
7785 1 2 3 15 1 21 2 30 1 31
7786 1 1 2 2 1 3 2 29
7787 1 171 1 179 2 180
7788 4 15 1 62 1 123
7789 3 15 3 123
7790 3 15 3 30
7791 3 19 3 62
7792 3 19 3 30
7793 1 68 1 72
7794 
7795 5 168 1 175
7796 2 1 15 2 1 6 1 41
7797 3 2 2 49 1 50
7798 3 168 1 179 1 182
7799 1 1 4 2 1 40 1 50
7800 2 15 1 20 1 30 2 123
7801 2 1 6 2 2 144
7802 1 1 6 2 1 50 1 134
7803 2 1 7 2 3 50
7804 1 2 1 29 1 113
7805 1 9 4 129
7806 1 15 1 80 4 123
7807 4 1 10 2 2 3 4 15 2 45
7808 4 2 4 15 2 45 2 49
7809 2 1 8 2 4 15 2 45 2 50
7810 9 15 1 30 1 37 1 53
7811 8 15 4 17 2 168 1 180
7812 1 168 2 169 2 171
7813 4 15 2 32
7814 2 1 5 15 1 51 1 98
7815 2 1 2 2 1 3 1 29
7816 4 168 1 175
7817 1 1 5 2 1 40 2 50
7818 4 1 1 2 4 168 6 176 2 180
7819 2 15 1 32 3 80
7820 1 1 10 15 2 18 1 103
7821 
7822 
7823 
7824 
7825 8 1 6 2 2 3 2 4 4 15 2 45
7826 4 1 2 4 1 14 2 29
7827 5 168 1 179
7828 2 129 1 130 1 156
7829 2 1 1 3 5 15 1 21 2 169 2 175 2 180
7830 1 1 5 15 1 21 2 169 2 175 2 180
7831 1 83 1 130
7832 5 15 2 16 1 19 2 20
7833 1 31 2 168 1 169 1 175 1 180
7834 4 1 4 2 2 61
7835 2 168 1 175
7836 2 1 4 15 1 21 1 53
7837 
7838 15 15 1 18 1 21 1 22
7839 2 1 4 2 1 14
7840 8 15 2 18 2 80
7841 3 1 1 3 7 15 2 16 1 53 1 91
7842 
7843 7 15 1 18 1 23 1 53 2 80 3 129
7844 
7845 1 1 6 2 3 50 1 134
7846 
7847 2 1 3 15 2 17 1 53 1 87 1 168 1 170 1 179
7848 2 1 1 2 5 15 1 23 1 29
7849 2 1 7 2 1 3 1 29
7850 1 6 2 130
7851 1 1 2 2 1 6 1 31
7852 1 1 1 2 2 29 1 42
7853 1 112 1 119 1 122
7854 1 2 2 143
7855 1 1 7 15 2 17 1 18 1 80 1 124 1 168 1 176 1 178 1 180
7856 6 1 8 15 2 18 2 23
7857 
7858 
7859 
7860 1 2 1 13 5 15 1 21
7861 5 168 5 179
7862 2 1 8 2 1 3 1 29
7863 1 1 2 15 3 20 1 37
7864 1 1 6 2 2 15 1 47 1 71 2 126
7866 2 168 1 171 1 181
7867 
7868 1 1 1 120
7869 
7870 2 1 3 2 2 41
7871 6 170
7872 10 15 4 17 1 18 1 30 1 53 1 62 2 180
7873 12 168 6 179
7874 1 2 1 5 5 15 1 53
7875 2 1 3 15 2 17 1 29 1 30 1 169 1 170 1 179
7876 2 1 3 15 2 17 1 30 1 170 1 179 1 180
7877 2 1 6 2 1 100
7878 14 168 4 169
7879 2 1 1 3 8 15 1 18 1 23 1 29 1 48 2 126
7880 
7881 1 1 1 168 1 169 1 174
7882 4 1 10 15 2 23
7883 2 71 4 123
7884 3 1 1 43 1 108
7885 3 1 1 2 1 3 3 19 2 63 1 123
7886 2 1 1 3 5 15 1 99 1 108
7887 3 15 1 49 1 98 2 123
7888 1 1 2 15 1 30 1 39 1 53 1 123
7889 
7890 2 1 5 168 4 169 1 170
7891 
7892 3 1 1 168 2 169 1 172 1 180
7893 
7894 2 1 9 15 2 18 1 22
7895 
7896 
7897 4 15 1 24 1 126
7898 4 15 1 24 1 126
7899 8 15 1 18 1 53 2 126
7900 8 15 2 18 2 123
7901 
7902 3 2 1 79 3 83
7903 1 1 1 3 5 15 1 21 1 128
7904 
7905 1 1 2 2 1 3 2 29
7906 
7907 
7908 1 1 8 15 2 17 1 18 1 123 1 168 2 176 2 180
7909 5 20 1 32
7910 2 1 3 15 2 17 1 53 1 87 1 170 2 179
7911 1 5 5 15 1 26
7912 2 1 1 3 3 19 2 63 1 123 2 168 1 169
7913 1 72 6 168 3 169 1 170
7914 9 15 2 18 1 24
7915 1 1 9 15 4 16 1 53
7916 2 1 17 2 1 50
7917 14 168 4 169
7918 
7919 10 15 1 23 1 37 2 49
7920 2 1 6 15 4 17 2 63 2 180
7921 
7922 11 15 6 16 1 20
7923 1 1 6 2 1 5 1 48
7924 1 1 7 2 1 5 1 48
7925 
7926 1 38 5 168 1 176
7927 1 1 5 2 8 15 2 18 1 20 1 53 1 66
7928 5 2 3 50 2 134
7929 2 1 2 2 8 15 2 18 1 21 1 53 1 66
7930 
7931 1 51 1 117 1 119 1 130
7932 2 2 2 29 4 168 6 169
7933 4 81 4 168 4 176
7934 
7935 
7936 4 1 4 15 2 18 2 75
7937 4 1 4 15 2 18 2 75
7938 2 1 1 2 3 15 1 21 1 30 1 53
7939 5 168 2 169
7940 2 1 3 168 2 169 1 180
7941 
7942 4 168 2 169
7943 1 166 3 168
7944 5 168 2 169
7945 1 1 5 15 4 17 1 53 2 62 2 180
7946 
7947 2 1 2 2 1 15 1 23 1 62 1 64 2 80 3 129
7948 4 168 4 179
7949 4 1 4 15 2 23 2 29
7950 1 168 8 169 2 180
7951 
7952 1 1 5 15 1 21 1 55
7953 1 3 2 29 1 113
7954 1 9 1 116 1 118 5 119
7955 1 1 3 2 1 4 3 83
7956 
7957 4 2 4 15 1 21 1 31 1 64 2 108
7958 
7959 
7960 2 1 8 15 1 18 1 22 2 53 1 113
7961 1 1 1 31 1 55 2 88
7962 2 1 16 2 2 88
7963 12 15 2 18 3 20 1 23 1 29
7964 2 15 2 19 1 123 1 126
7965 2 1 3 15 1 18 2 123 1 168 2 170 1 176 2 180
7966 1 1 3 15 2 20 1 22 1 29
7967 5 1 1 2 1 4 1 51
7968 10 168 5 179
7969 
7970 2 119 10 129 6 170
7971 
7972 
7973 1 9 8 15 2 18 2 123 2 130
7974 1 2 1 49 1 111
7975 1 1 4 2 5 15 1 25 1 48
7976 2 1 2 2 2 169 1 179 2 180
7977 2 168 2 179 2 180
7978 7 15 1 37 1 106 1 123 2 124
7979 1 115 1 118 2 128
7980 1 118 1 121 1 128
7981 1 118 1 119 1 128
7982 1 1 1 43 1 52 1 119 4 129
7983 6 15 1 18 4 123 1 153
7984 1 8 3 129
7985 
7986 
7987 2 1 1 168 1 170 1 181
7988 2 1 2 2 4 15 1 21 1 37
7989 8 15 1 18 1 20 1 63 1 119 1 149 1 154
7990 
7991 5 15 2 18 5 123
7992 3 1 2 2 1 3 1 58
7993 7 15 4 17 1 123 2 179
7994 4 15 1 24 1 124
7995 3 1 4 15 1 23 1 123
7996 
7997 2 1 6 2 1 3 1 40
7998 1 1 2 2 1 5 1 7
7999 1 1 2 2 4 15 1 21 1 126
8000 1 1 2 2 1 3 10 168 2 169
8001 1 2 1 119 1 128
8002 10 168 1 173
8003 
8004 5 1 1 3 2 51
8005 2 2 2 77
8006 1 9 2 128 2 129
8007 3 1 1 4 6 15 3 19 1 35 1 53 1 123
8008 1 115 2 119
8009 2 1 4 2 2 50
8010 
8011 1 1 2 2 4 168 1 169 1 175
8012 1 1 3 15 1 20 1 63 1 98 1 119 1 149
8013 3 1 4 168 1 169 2 170 1 179
8014 3 1 2 168 1 169 1 173
8015 8 15 1 18 2 20 1 21
8016 2 1 1 8 1 38
8017 1 1 2 168 1 169 2 179
8018 6 1 2 15 1 20 2 23 1 30
8019 3 1 1 3 3 168 1 169 1 172
8020 5 15 1 21 1 48 1 130
8021 1 1 1 5 3 15 1 18 2 123 1 170 1 176 1 179 2 180
8022 14 2 2 31
8023 
8024 1 1 2 2 8 15 2 18 1 53 1 71
8025 10 15 1 18 1 26
8026 1 1 4 15 1 98 1 123
8027 2 2 2 29 1 55
8028 1 34 1 108 1 130
8029 6 130 1 168 6 169 4 170 1 180
8030 1 1 4 15 1 20 1 22 1 29
8031 1 1 2 15 2 20 1 63 1 98 1 119 1 149
8032 10 15 2 18 1 66
8033 1 1 7 15 2 16 1 19 1 20 1 21 1 31 1 37 1 53 1 123
8034 1 1 4 15 1 98 1 123
8035 
8036 6 168 1 179 1 180
8037 3 1 2 2 1 3 1 34
8038 1 3 3 143
8039 4 168 1 179 1 180
8040 
8041 2 1 23 2 1 34
8042 
8043 
8044 
8045 3 1 13 2 1 3 1 41
8046 1 72 2 168 1 169
8047 
8048 3 1 2 3 1 4 6 15 3 19 1 29 1 53 1 123
8049 1 1 4 15 1 80 1 98
8050 
8051 2 29 4 168 2 169
8052 
8053 1 72 1 143
8054 8 169 1 171
8055 1 1 1 7 1 108
8056 
8057 2 1 4 15 1 22 1 32
8058 1 1 5 2 8 15 2 18 1 53 1 66 1 124
8059 4 168 2 169
8060 2 2 1 31 1 55 1 86
8061 2 2 2 31 1 55
8062 2 31 2 55 2 144
8063 7 168 1 179 1 180
8064 2 81 5 168 2 176
8065 
8066 2 1 1 2 3 15 2 20 1 42 1 49 1 99
8067 10 15 6 16 2 20
8068 2 1 1 2 4 15 1 53 1 98
8069 1 1 1 2 1 7 5 15 1 53
8070 2 1 4 15 1 37 1 53
8071 8 15 1 18 1 21 2 76
8072 1 1 1 2 8 15 2 18 1 21 1 71
8073 1 1 4 15 1 98 1 123
8074 4 15 2 21 2 29
8075 3 1 4 2 1 3
8076 2 1 4 168 2 169
8077 2 1 4 168 2 169
8078 2 1 1 2 1 12
8079 2 1 2 2 1 13 1 91 1 144
8080 
8081 2 1 3 2 4 15 1 45 1 61 1 62
8082 4 15 2 17 1 168 1 175 1 180
8083 
8084 8 15 4 16 2 20
8085 1 1 1 2 2 15 1 64 3 80 1 81
8086 
8087 3 15 1 62 2 126
8088 3 15 1 20 2 80
8089 2 1 1 3 5 15 1 37
8090 6 1 2 4 2 14
8091 
8092 3 1 1 4 1 143
8093 6 1 1 4 1 52
8094 2 1 1 150
8095 2 1 5 15 1 23 1 29
8096 2 1 1 3 3 19 1 62 1 63 1 123
8097 
8098 
8099 
8100 
8101 2 1 2 2 1 150
8102 2 1 4 2 1 150
8103 1 13 1 108
8104 2 2 1 29 1 127
8105 2 1 1 4 2 13
8106 1 1 5 15 1 21 1 144
8107 2 1 6 2 1 150
8108 2 1 3 2 1 3 1 29
8109 1 2 1 49 1 108
8110 1 1 3 2 1 31 1 41
8111 1 1 4 2 1 86
8112 3 2 2 40
8113 2 2 2 83
8114 1 1 1 41 1 49
8115 2 1 2 2 2 50
8116 2 1 9 2 1 144
8117 1 1 19 2 1 29
8118 
8119 5 2 1 50 2 108
8120 3 1 3 15 3 53
8121 9 15 2 18 1 20
8122 9 15 2 18 1 20
8123 1 1 1 2 4 15 1 21 1 30
8124 3 19 1 30 2 62
8125 1 1 6 15 2 19 1 53 1 62 1 63 1 154
8126 6 168 2 179
8127 1 1 9 2 8 15 2 18 1 21 1 71
8128 1 116 1 118 1 119 2 128
8129 3 15 1 20 1 30 1 126
8130 8 168 1 172 1 176 1 179
8131 6 168 1 175 1 180
8132 
8133 2 113
8134 
8135 3 2 1 50 2 83
8136 1 1 3 168 2 169 1 172
8137 2 1 1 3 5 168 1 169
8138 4 15 1 18 1 53 1 87 2 168 1 169 2 179
8139 7 15 2 18 3 123
8140 1 1 1 2 4 15 1 21 1 29 1 53
8141 2 1 10 15 1 18 1 45 1 52
8142 
8143 2 1 3 168 2 176 1 180
8144 
8145 8 15 1 18 1 22 1 111 2 123
8146 1 1 4 15 1 21 1 80
8147 
8148 1 1 1 13
8149 
8150 3 1 1 4 1 86
8151 1 1 1 81
8152 1 110 2 122 1 129
8153 2 1 1 15 1 30 1 39 2 53 1 123
8154 1 1 7 2 1 13
8155 1 1 4 15 1 53 1 123
8156 3 1 3 168 3 169
8157 2 1 3 2 1 3 1 5 1 170 2 175 3 180
8158 1 129 6 168 3 169 1 170
8159 1 29 6 168 3 169 1 170
8160 12 15 2 17 2 18 2 30 1 170 1 179 1 180
8161 2 1 5 15 1 22 2 50
8162 2 1 6 2 1 41
8163 2 129 1 148
8164 
8165 
8166 3 2 3 29 1 56
8167 1 83 1 129
8168 1 29 1 130 1 149
8169 2 130 1 149
8170 
8171 10 15 2 97
8172 
8173 8 15 1 53 2 123 1 154
8174 2 1 2 168 2 176 1 180
8175 1 108 1 120
8176 
8177 1 1 1 7 1 33
8178 2 1 11 2 1 34
8179 1 14 2 108
8180 6 15 4 17 1 20 1 62 2 180
8181 
8182 2 169 6 171
8183 2 1 6 15 2 16 2 45
8184 14 15 4 18
8185 2 1 6 2 4 15 2 45
8186 
8187 4 15 2 17 1 175 2 180
8188 
8189 
8190 7 15 2 16 1 80
8191 
8192 16 2 2 31
8193 
8194 
8195 2 9 6 130
8196 4 15 1 20 1 21 1 29
8197 2 1 3 15 1 30 2 53
8198 
8199 
8200 
8201 1 3 1 29 2 119
8202 2 1 1 2 1 3 1 7 1 29 1 48
8203 
8204 
8205 
8206 10 15 2 18
8207 3 1 1 2 1 4 1 40
8208 2 1 1 7 1 50
8209 
8210 1 2 1 49 1 165
8211 4 168 2 169 1 171
8212 
8213 2 1 5 15 1 23 1 130
8214 1 130 6 168 3 169 1 170
8215 2 1 4 15 1 21 1 37
8216 2 1 5 15 1 18 1 103
8217 1 1 7 15 2 16 1 37
8218 11 168 1 179 1 180
8219 1 1 1 2 4 15 1 30 1 53
8220 1 1 3 2 3 15 1 41 1 53 2 123
8221 3 2 3 15 1 31 1 53 2 123
8222 
8223 8 15 2 20 2 21
8224 10 15 1 18 1 22 1 87
8225 1 1 1 5 3 15 1 21 1 30 1 53
8226 3 1 1 4 1 29 3 168 1 169 1 172
8227 
8229 2 1 2 168 2 169 1 175
8230 1 2 1 3 1 29 1 108 1 128
8231 2 2 2 29 2 169 2 175 2 180
8232 
8233 1 2 1 29 1 168 1 169 2 179 1 180
8234 1 5 1 6 1 40
8235 
8236 
8237 
8238 
8239 
8240 1 1 3 2 5 15 1 25 1 48
8241 1 6 2 128
8242 1 1 1 6 1 128
8243 1 1 1 2 1 6 5 168 1 176
8244 1 1 1 2 1 168 1 169 2 179 1 180
8245 7 15 1 18 1 25 3 30
8246 1 1 3 2 1 3 1 29 1 31
8247 1 1 2 2 1 31 1 55
8248 1 3 3 29 1 31 3 169 1 179 1 180
8249 
8250 
8251 2 1 3 168 2 169 1 170 1 174
8252 2 1 5 2 1 3 1 29
8253 1 2 1 3 4 29 3 169 1 179 1 180
8254 1 1 8 2 5 6 1 31
8255 5 1 3 2 2 3 1 49 8 168 5 169 2 170 1 172
8256 
8257 1 1 6 15 2 19 1 53 1 62 1 63 1 154
8258 3 1 2 2 1 8 1 170 2 175 3 180
8259 
8260 2 2 6 15 2 19 1 20 1 45 1 80
8261 1 2 1 49 4 83 5 169 1 179
8262 
8263 2 1 1 2 1 3 1 29
8264 1 1 5 15 1 22 1 29
8265 
8267 1 33 1 86 3 168 1 169 1 176
8268 5 15 1 22 1 29 1 31
8269 1 1 4 15 1 53 1 98 1 119
8270 1 119 9 129 5 170
8271 
8272 
8274 
8275 5 168 2 170 1 179
8276 1 5 5 168 1 176 1 180
8277 1 1 3 2 1 3 2 29
8278 5 15 1 18 4 19 1 20
8279 
8280 1 1 2 2 6 15 4 17 1 29 2 63 2 180
8281 1 1 1 29 3 168 2 169
8282 2 1 1 30 2 53 3 123
8283 2 1 1 29 1 42
8284 1 166 3 168 2 169
8285 2 117 6 118
8286 1 117 6 118 1 119
8287 6 1 3 15 1 18 2 22 1 29 2 170 1 171 2 172
8288 1 1 10 15 1 18 1 22 1 58
8289 1 1 1 2 1 118 1 119
8290 4 1 1 2 3 3 1 31 1 55 1 107
8291 2 1 1 33 1 40 1 130 5 168 5 169 3 170 2 172 1 180
8292 3 1 2 168 3 169 1 170 1 171 1 173 1 179 2 180
8293 2 1 2 43 1 52 6 129
8294 1 3 1 4 2 29 3 128
8295 
8296 
8297 2 1 1 2 1 29 8 168 4 169 2 170 1 172 1 180
8299 2 1 2 2 1 3 1 128
8300 
8301 2 1 1 31 1 65 3 169 1 170 1 176 1 180 1 181
8302 1 1 3 15 1 21 2 30 1 31 1 56
8303 
8304 5 1 3 2 2 3 9 168 4 169 2 170 1 172
8305 1 1 1 2 1 7 2 168 1 169
8306 
8307 1 1 2 2 1 41 1 165
8308 1 1 8 2 6 6 1 31
8309 2 168 3 173 8 181
8310 6 168 3 171
8311 1 1 3 15 1 21 2 30 1 42 1 65
8312 7 2 2 68
8313 3 1 1 49 4 168 6 169 2 170 4 179
8314 5 15 1 21 1 33 1 59 1 86
8315 16 129 9 170
8316 16 129 9 170
8317 4 1 3 2 1 29 1 42 3 168 7 169 1 171 1 172 1 179 1 180
8318 1 40
8319 
8320 7 15 2 17 1 18 2 123 2 168 1 169 1 180
8322 
8323 
8324 
8325 1 1 3 15 1 22 1 29 2 30 1 55
8326 2 1 8 2 6 6 1 41
8327 1 2 1 33 1 59 2 86
8328 3 1 1 2 1 31 1 41 4 168 6 169 2 170 4 179
8329 1 2 4 29 4 169 1 179 1 180
8330 2 1 2 2 3 15 2 17 1 30 1 41 6 168 4 169 1 170
8331 
8333 2 2 2 73
8334 
8335 1 1 1 72
8336 2 1 1 164
8337 
8338 
8339 
8340 4 1 8 2 1 4 4 41
8341 1 1 4 2 1 50 1 134
8342 2 81
8343 1 1 2 2 1 3 2 29
8344 5 1 3 2 2 3 1 29 8 168 5 169 2 170 1 172
8346 1 2 2 15 2 16 4 19 3 29 1 62 4 169 1 179
8347 
8348 4 1 4 2 1 3 1 4 1 29 4 50
8349 1 2 1 29 1 31 1 55
8350 1 72 4 168 3 169
8351 3 1 1 2 1 3 1 4 2 29
8352 3 20 3 123
8353 
8354 1 72 4 168 3 169
8355 1 52 2 119 2 129
8356 
8357 
8358 2 1 1 2 1 3 1 29
8359 3 1 4 168 5 169 2 170 4 179 1 180
8360 5 2 2 29 1 50
8361 16 15 6 18 2 124
8362 8 15 4 17 2 181
8363 3 15 3 80
8364 
8365 2 1 7 2 8 15 2 18 1 21 1 53 1 66
8366 1 166 4 168
8367 
8369 
8370 
8371 1 1 3 2 1 68
8372 
8373 1 1 9 2 4 50 1 134
8374 2 1 1 3 2 49 1 51
8375 
8376 
8377 
8378 3 15 1 19 1 62 1 80
8379 5 2 1 4 4 29 1 58 1 149
8380 
8381 
8382 2 5 1 91 1 111
8383 2 1 9 2 5 6 1 48
8384 
8385 
8386 1 5 1 6 1 13
8387 10 168 1 171
8388 1 1 1 6 5 15 1 21
8389 4 168 2 171
8390 1 1 2 2 1 6 1 128
8391 1 1 1 2 1 5 1 6
8392 2 1 2 168 2 169 2 179
8393 2 65 4 168 2 169
8394 2 1 2 168 2 169
8395 2 1 2 168 2 169
8396 1 49 6 168 2 169 1 172
8397 2 1 2 168 2 169 2 179
8398 2 1 1 168 2 169 2 179
8399 2 1 1 168 2 169 2 179
8400 2 1 1 33 9 168 5 169 2 170 1 180
8401 2 128 4 168 2 169
8402 2 65 4 168 2 169
8403 2 1 1 3 1 29 4 168 2 169
8404 8 168 2 169
8405 6 168 2 169
8406 2 1 2 169 1 179 2 180
8407 2 1 1 2 2 109
8408 1 29 1 31 3 168 1 169 1 176
8409 1 1 4 15 1 21 1 30 1 55 1 92
8410 1 1 1 2 1 29 4 168 2 169
8411 2 1 1 2 1 168 2 169
8412 3 1 1 4 1 29 2 168 2 169
8413 3 1 1 4 1 29 2 168 2 169
8415 2 1 1 3 1 29 4 168 2 169
8416 2 1 1 8 1 108
8417 4 1 1 4 1 168 2 169 2 179
8418 4 1 1 4 1 168 2 169 2 179
8419 6 1 3 15 3 22
8420 
8421 2 1 2 2 1 109
8422 
8423 1 2 4 3 5 29 1 38
8424 2 1 11 2 1 3 1 31
8426 2 1 1 2 1 3 5 15 1 21
8428 2 1 1 4 5 15 1 21 1 29
8429 1 2 1 5 1 70 2 72
8430 
8431 
8432 2 1 1 8 1 48 1 49
8433 3 1 3 2 1 3
8435 2 72 4 168 4 169
8436 3 1 3 168 3 169 1 170
8437 2 1 3 168 2 169 1 180
8439 2 1 2 2 4 168 2 169
8440 3 1 1 3 1 40 3 168 3 169
8441 2 1 2 2 3 168 2 169
8442 5 15 1 18 1 31 1 168 2 169
8443 1 1 1 2 5 15 1 18 1 48 1 168 2 169
8444 7 168 1 171
8445 
8446 4 1 1 2 1 4 1 48 2 168 2 169
8447 4 1 1 2 1 4 1 48 2 168 2 169
8448 2 1 2 168 2 169 2 179
8449 4 1 1 3 1 8 1 50
8450 2 1 2 168 2 169
8451 4 1 1 4 1 29 4 168 1 169 1 170
8452 10 168 4 169
8453 2 1 1 2 2 3 2 128
8454 2 1 2 2 2 3 2 29
8455 2 1 5 2 2 168 2 169 2 179
8456 2 1 5 2 2 168 2 169 2 179
8457 1 49 10 168 1 172
8458 2 29 6 168 2 169
8459 1 31 8 168 1 169 1 170
8460 1 1 8 168 1 169 1 170
8461 3 1 1 4 1 31 1 55
8462 4 29 1 114 5 169 1 179
8463 
8464 1 1 3 2 1 61 2 79 3 81 1 129
8465 7 168 2 169
8466 1 1 3 2 1 113
8467 7 15 2 18 3 20
8468 
8469 4 1 1 3 1 4 1 33
8470 2 1 1 8 1 48 1 49
8471 2 1 1 168 2 169 1 171
8472 1 138 2 168 1 169
8473 3 1 4 2 1 3
8475 2 1 2 168 2 169 2 175
8476 
8477 3 1 1 4 1 143 2 168 2 169 2 181
8478 3 1 1 4 1 143 2 168 2 169 2 181
8479 2 1 3 168 2 169 1 180
8480 2 1 2 48 2 168 2 169
8481 14 168 1 171 1 180
8482 1 49 8 168 1 172
8483 1 49 9 168 1 172
8484 1 49 11 168 1 172
8485 1 49 13 168 1 172
8486 3 1 1 9 1 48 1 49
8487 1 2 3 3 4 29 1 38 1 115
8488 2 1 5 2 1 3 1 29
8489 3 1 1 4 1 31 4 168 2 169
8490 1 1 1 2 1 6 5 168 1 169
8491 2 1 2 2 1 3 1 6 5 168 1 169
8492 
8493 4 1 1 3 1 6 1 8 3 168 1 169 1 172
8494 1 1 2 2 1 7 5 168 1 169
8495 1 1 6 168 1 169 1 170
8496 2 1 1 2 1 7 4 168 2 169
8497 3 1 1 2 3 15 2 17 1 21 5 168 2 169 1 170
8498 3 1 1 3 2 168 1 169 1 172
8499 14 15 4 16 1 18 1 25
8500 2 1 1 2 1 8 1 48 1 108
8501 10 15 2 25
8502 2 1 12 2 8 15 2 18 2 53 1 66
8503 2 1 11 2 8 15 2 18 2 53 1 66
8504 2 1 9 2 8 15 2 18 2 53 1 66
8505 2 1 8 2 8 15 2 18 2 53 1 66
8506 2 1 7 2 8 15 2 18 2 53 1 66
8507 2 1 6 2 8 15 2 18 2 53 1 66
8508 2 1 5 2 8 15 2 18 2 53 1 66
8509 3 1 3 2 2 3 1 5
8510 4 1 1 2 1 4 4 168 2 169
8511 4 1 1 2 1 4 4 168 2 169
8512 4 1 2 2 1 4 4 168 2 169
8513 4 1 2 2 1 4 4 168 2 169
8514 5 1 2 2 1 3 2 8
8515 14 15 4 16 1 18 1 25
8516 1 1 15 2 1 6 1 128
8517 2 1 6 2 1 3 1 29
8518 1 1 1 6 1 41 1 49
8519 1 1 1 2 1 6 1 48 1 49
8520 1 1 1 6 1 41 1 49
8521 2 1 4 2 3 168 2 169
8522 1 1 2 2 4 15 1 18 1 117 1 147 4 168 2 169
8523 2 1 2 2 4 168 2 169
8524 2 1 2 2 4 168 2 169
8525 
8526 2 1 2 168 2 169 2 179
8527 3 1 2 2 1 42
8528 
8529 5 1 2 2 1 3 1 9
8530 1 1 4 2 1 6 1 31
8531 2 1 10 15 2 23 2 72
8532 2 1 2 2 1 8 1 130
8533 3 1 1 3 1 168 2 169 2 179
8534 3 1 1 51 3 168 2 169 1 179
8535 4 1 1 52 3 168 2 169 1 179
8536 1 1 1 50 1 119 3 168 2 169 1 179
8537 3 1 1 13 1 52 3 168 2 169 1 179
8538 1 1 1 143 3 168 2 169 1 179
8539 4 1 1 146 3 168 2 169 1 179
8540 2 1 1 50 3 168 2 169 1 179
8541 2 1 2 50 3 168 2 169 1 179
8542 2 1 2 2 1 3 1 33
8543 2 1 2 3 2 40
8544 1 1 4 2 1 6 1 31
8545 3 1 1 4 1 6 1 108
8546 3 1 1 4 1 6 1 108
8547 4 1 1 2 1 3 1 8
8548 1 1 1 2 1 29 4 168 2 169
8549 
8550 2 1 1 7 2 168 2 169 1 171
8551 2 1 3 2 1 69
8552 3 1 3 2 1 3 1 41
8553 2 1 1 2 1 6 1 7
8554 4 1 1 168 2 169 1 170 2 179
8555 1 1 1 8 10 15 1 18 1 21
8556 2 1 4 168 2 169 1 180
8557 2 1 1 2 2 3 2 29
8558 3 1 2 168 2 169 1 172
8559 3 1 1 8 1 50
8560 3 1 1 8 1 50
8561 1 1 1 2 1 6 1 48 1 49
8562 3 1 1 3 2 168 2 169 2 179
8563 3 1 1 3 2 168 2 169 2 179
8564 1 1 1 72 4 168 4 169
8565 1 1 1 72 4 168 4 169
8566 1 1 2 128 3 168 3 169
8567 4 1 1 4 1 168 2 169 2 179
8568 4 1 1 4 1 168 2 169 2 179
8569 2 1 4 15 1 18 1 126 1 168 3 169 2 179
8570 2 1 4 15 2 25
8571 7 1 1 2 2 4 1 8
8572 2 1 3 168 2 169 1 180
8573 2 1 3 168 2 169 1 180
8574 1 1 14 2 1 6 1 31
8575 4 1 1 4 2 168 2 169 2 179
8576 4 1 1 4 2 168 2 169 2 179
8577 4 1 1 2 1 3 2 168 1 169 1 170 2 179
8578 14 15
8579 2 1 1 3 1 49 2 168 2 169 2 179
8580 2 1 1 2 1 3 1 29 2 168 2 169 2 179
8581 2 1 1 2 1 3 1 49 2 168 2 169 2 179
8582 2 1 8 168 2 170
8583 3 1 1 3 2 168 2 169 2 179
8584 4 1 1 2 1 3 2 168 1 169 1 170 2 179
8585 2 1 2 2 1 3 1 128
8586 2 1 1 2 1 3 5 168 1 169
8587 1 1 4 2 1 5 1 7
8588 3 168 2 169 2 171
8589 3 1 2 168 2 169 1 172
8590 1 9 2 129 2 130
8591 2 1 1 3 1 6 1 49
8592 1 1 1 2 1 29 4 168 2 169
8593 2 1 2 29 3 168 2 170
8594 4 1 1 4 4 168 2 169
8595 4 1 1 4 2 168 2 169 2 179
8596 4 1 1 4 2 168 2 169 2 179
8597 6 1 2 4 2 168 2 169 2 179
8598 1 1 1 8 1 49 1 130
8599 4 1 1 3 2 168 1 169 1 170 2 179
8600 5 1 2 3 2 168 1 169 1 170 2 179
8601 5 1 2 3 2 168 1 169 1 170 2 179
8602 3 1 1 3 2 168 2 169 2 179
8603 4 1 1 3 2 168 1 169 1 170 2 179
8604 
8605 2 1 1 3 1 49 2 168 2 169 2 179
8606 2 1 1 2 1 8 1 41 1 130
8607 2 1 1 2 1 8 1 48 1 108
8608 2 1 1 2 1 3 1 54
8609 3 1 3 2 1 8
8610 2 1 3 2 2 6
8611 1 1 2 2 1 6 1 108
8612 1 1 2 2 1 6 1 108
8613 1 1 2 168 1 169 1 171
8614 1 1 4 2 1 6 1 128
8615 4 1 1 4 4 168 2 169
8616 5 1 2 2 1 4 1 35
8617 3 1 1 3 1 148 2 168 2 169 2 179
8618 3 1 1 3 1 148 2 168 2 169 2 179
8619 3 1 1 3 1 149 2 168 2 169 2 179
8620 3 1 1 3 1 149 2 168 2 169 2 179
8621 2 1 2 2 2 168 2 169 2 179
8622 2 1 2 2 2 168 2 169 2 179
8623 3 1 1 2 2 168 1 169 1 170 2 179
8624 3 1 1 2 2 168 1 169 1 170 2 179
8625 1 1 1 2 1 29 4 168 2 169
8626 2 1 1 2 1 3 1 5
8627 4 1 1 2 1 3 2 168 1 169 1 170 2 179
8628 5 1 2 3 2 168 1 169 1 170 2 179
8629 3 1 1 3 5 15 1 18 2 168 1 169 1 170 2 179
8630 4 1 1 2 1 3 2 168 1 169 1 170 2 179
8631 3 1 1 3 5 15 1 18 2 168 1 169 1 170 2 179
8632 6 1 3 168 3 170
8633 2 1 2 2 1 8 1 130
8634 4 1 3 2 1 3 1 8
8635 6 1 2 4 4 168 2 169
8636 4 1 2 2 2 3
8637 3 1 8 2 1 3
8638 5 1 1 4 1 8 1 50
8639 5 1 1 4 1 8 1 50
8640 2 1 1 2 1 8 1 128
8641 2 1 1 8 1 50 1 130
8642 2 1 1 9 1 49 1 130
8643 2 1 1 8 1 50 1 129
8644 2 1 1 8 1 50 1 130
8645 
8646 2 1 2 2 3 168 2 169
8647 1 1 1 2 1 6 1 108
8648 1 1 1 2 3 5 2 15 3 21 1 63
8649 4 1 1 2 1 4 1 6
8650 2 1 8 2 4 15 2 17 1 168 2 169
8651 1 1 1 5 1 8 1 49
8652 1 1 1 5 1 8 1 49
8653 2 1 4 168 2 169
8654 2 1 1 49 1 168 1 169 2 172
8655 3 1 1 4 1 49 2 168 2 169 2 179
8656 3 1 1 4 1 49 2 168 2 169 2 179
8657 2 1 14 2 1 6
8658 2 1 14 2 1 6
8659 2 1 14 2 1 6
8660 2 1 14 2 1 6
8661 2 1 14 2 1 6
8662 2 1 14 2 1 6
8663 2 1 14 2 1 6
8664 1 1 1 2 1 7 1 8 2 49
8665 1 1 1 2 1 7 1 8 2 49
8666 2 1 2 8 2 49
8667 2 1 2 8 2 49
8668 5 1 3 2 2 3 9 168 4 169 2 170 1 172
8669 3 1 1 168 3 169 1 171
8670 1 1 2 2 1 6 1 128
8671 8 15 4 17 2 168 2 169
8672 4 1 1 2 2 3
8673 3 1 1 2 1 4 1 48 1 57 1 67 1 143
8674 2 1 1 2 1 8 1 130
8675 2 1 1 2 1 8 1 130
8676 2 1 16 2 1 6 1 48
8677 1 1 1 168 1 169 2 171
8678 5 1 1 168 5 169
8679 5 1 1 168 5 169
8680 1 1 3 2 1 3 1 6 2 29
8681 5 15 1 28 3 168 1 169 1 171
8682 2 1 7 2 1 3 1 29
8683 3 1 2 168 2 169 1 172
8684 4 1 1 170 2 172 1 174
8685 3 1 4 2 2 3 1 29
8686 1 1 1 49 3 168 2 169 1 179
8687 2 1 4 2 3 168 2 169
8690 3 1 6 2 2 3 5 15 1 21
8691 3 1 4 2 1 4 1 5 1 6
8692 2 1 3 2 1 3 1 40
8693 2 1 1 2 2 168 2 169
8694 2 1 1 2 2 168 2 169
8695 2 1 2 2 2 168 2 169
8696 2 1 2 2 2 168 2 169
8697 5 1 3 2 2 3 8 168 5 169 2 170 1 171
8698 2 1 15 2 1 41
8699 2 1 16 2 1 41
8700 4 1 1 3 1 4 5 15 1 45
8701 3 1 1 2 3 168 1 170 1 172
8702 3 1 1 168 2 169 1 172
8703 3 1 1 168 2 169 1 172
8704 2 1 1 7 2 168 2 169 1 171
8705 2 1 1 7 2 168 2 169 1 171
8706 1 1 4 2 1 3 2 128
8707 1 1 4 2 1 3 2 128
8708 1 1 3 168 1 169 1 171
8709 1 1 3 168 1 169 1 171
8710 6 2 1 6 2 31
8711 2 1 6 2 1 8 3 15 1 18 2 20
8712 2 1 1 4 1 8 1 29 2 130
8713 2 1 1 4 1 8 1 29 2 130
8714 2 1 19 2 1 6 1 41
8715 2 1 1 2 1 4 1 6 2 29
8716 2 1 3 2 1 4 1 6 2 29
8717 8 168 2 169
8718 2 1 1 2 7 168 2 169 1 170
8719 2 1 1 2 7 168 2 169 1 170
8720 1 1 3 15 2 17 1 20 2 168 1 172
8721 2 1 3 15 2 17 1 20 2 168 1 173
8722 1 1 9 15 2 17 1 18 1 168 1 169 1 172
8723 1 1 1 2 8 168 1 172 1 173
8724 2 1 4 2 6 15 2 16 2 21
8725 6 168 2 172
8726 2 1 6 168 2 169
8727 2 1 6 168 2 169
8728 4 1 1 4 2 168 2 169 2 179
8729 4 1 1 4 2 168 2 169 2 179
8730 2 1 1 2 1 9 5 15 1 21 1 29 1 48
8731 1 1 1 5 1 6 1 50
8732 3 1 1 2 1 3 1 6 1 50
8733 1 6 10 15 2 147
8734 1 6 10 15 2 147
8735 1 1 2 128 3 168 3 169
8736 4 1 1 4 1 48 4 168 2 169
8737 4 1 1 4 1 48 4 168 2 169
8738 3 1 1 4 1 33 4 168 2 169
8739 3 1 1 4 1 33 4 168 2 169
8740 
8741 5 1 1 3 1 4 2 168 2 169 2 179
8742 5 1 1 3 1 4 2 168 2 169 2 179
8743 3 1 1 4 5 15 1 18 2 168 2 169 2 179
8744 3 1 1 4 5 15 1 18 2 168 2 169 2 179
8745 5 1 1 3 1 4 2 168 2 169 2 179
8746 3 1 1 4 5 15 1 18 2 168 2 169 2 179
8747 3 1 1 4 5 15 1 18 2 168 2 169 2 179
8748 2 1 1 2 1 5 1 8
8749 3 1 1 4 1 49 2 168 2 169 2 181
8750 3 1 1 4 1 49 2 168 2 169 2 181
8751 1 1 1 6 1 49
8752 4 1 1 6 1 52
8753 4 1 1 6 1 52
8754 1 1 1 6 5 15 1 53
8755 1 1 1 6 5 15 1 53
8756 2 1 1 3 1 8 5 15 1 18 1 49
8757 2 1 1 3 1 8 5 15 1 18 1 49
8758 1 8 10 15 2 18 1 49
8759 1 8 10 15 2 18 1 49
8760 3 1 1 3 1 50 2 168 2 169 2 179
8761 3 1 1 3 1 50 2 168 2 169 2 179
8762 5 1 2 2 1 3 1 8 1 51
8763 5 1 2 2 1 3 1 8 1 51
8764 2 1 1 8 5 15 1 18 1 50
8765 2 1 1 8 5 15 1 18 1 50
8766 4 1 2 2 1 8 1 51
8767 4 1 2 2 1 8 1 51
8768 2 1 1 3 1 6 1 81
8769 3 1 1 4 1 6 1 72
8770 3 1 1 4 1 6 1 72
8771 1 1 8 168 1 172
8772 1 1 8 168 1 172
8773 2 1 1 2 1 48 4 168 2 169
8774 2 1 1 2 1 48 4 168 2 169
8775 2 1 1 3 1 143 2 168 2 169 2 179
8776 2 1 1 3 1 143 2 168 2 169 2 179
8777 2 1 1 3 1 129 2 168 2 169 2 179
8778 2 1 1 3 1 129 2 168 2 169 2 179
8779 2 1 1 3 1 130 2 168 2 169 2 179
8780 2 1 1 3 1 130 2 168 2 169 2 179
8781 2 1 1 3 1 128 2 168 2 169 2 179
8782 2 1 1 3 1 128 2 168 2 169 2 179
8783 2 1 1 3 1 72 2 168 2 169 2 179
8784 2 1 1 3 1 72 2 168 2 169 2 179
8785 3 1 1 4 1 130 3 168 2 169 1 180
8786 3 1 1 4 1 130 3 168 2 169 1 180
8787 3 1 1 4 1 49 4 168 2 169
8788 3 1 1 4 1 49 4 168 2 169
8789 2 1 1 2 1 3 1 143 2 168 2 169 2 179
8790 2 1 1 2 1 3 1 143 2 168 2 169 2 179
8791 3 1 1 2 1 3 1 148 2 168 2 169 2 179
8792 3 1 1 2 1 3 1 148 2 168 2 169 2 179
8793 3 1 1 2 1 3 1 149 2 168 2 169 2 179
8794 3 1 1 2 1 3 1 149 2 168 2 169 2 179
8795 3 1 1 3 1 48 2 168 2 169 2 179
8796 3 1 1 3 1 48 2 168 2 169 2 179
8797 2 1 1 2 1 3 1 49 2 168 2 169 2 179
8798 2 1 1 3 1 81 2 168 2 169 2 179
8799 2 1 1 3 1 81 2 168 2 169 2 179
8800 
8801 
8802 
8803 
8804 
8805 
8806 
8807 
8808 
8809 
8810 
8811 
8812 
8813 
8814 
8815 1 1 1 6 1 49 1 50
8816 1 1 1 6 1 49 1 50
8817 2 1 1 6 1 49 1 51
8818 2 1 1 6 1 49 1 51
8819 1 1 1 2 1 6 1 49 1 50
8820 1 1 1 2 1 6 1 49 1 50
8821 2 1 4 2 4 168 2 169
8822 2 1 4 2 4 168 2 169
8823 2 1 1 3 4 15 1 18 1 20 1 151 2 168 2 169 2 179
8824 1 2 6 15 2 19 2 20 1 99 1 108
8825 2 1 10 15 2 22
8826 2 1 5 15 1 23 1 128
8827 2 1 1 49 1 168 3 169 2 179
8828 2 1 1 49 1 168 3 169 2 179
8829 3 1 1 49 1 168 2 169 1 170 2 179
8830 3 1 1 49 1 168 2 169 1 170 2 179
8831 3 1 1 2 1 168 3 169 2 179
8832 3 1 1 2 1 168 3 169 2 179
8833 4 1 1 3 1 168 3 169 2 179
8834 4 1 1 3 1 168 3 169 2 179
8835 4 1 1 168 2 169 1 170 2 179
8836 4 1 1 168 2 169 1 170 2 179
8837 4 1 1 2 1 3 2 168 1 169 1 170 2 179
8838 6 1 1 3 1 4 2 168 1 169 1 170 2 179
8839 6 1 1 3 1 4 2 168 1 169 1 170 2 179
8840 5 1 1 3 1 4 2 168 2 169 2 181
8841 5 1 1 3 1 4 2 168 2 169 2 181
8842 5 1 1 3 1 4 2 168 2 169 2 181
8843 5 1 1 4 1 168 3 169 2 181
8844 4 1 1 3 1 168 3 169 2 181
8845 3 1 1 2 1 168 3 169 2 181
8846 2 1 1 3 1 33 2 168 2 169 2 179
8847 2 1 1 3 1 33 2 168 2 169 2 179
8848 4 1 1 2 1 4 2 168 2 169 2 179
8849 4 1 1 2 1 4 2 168 2 169 2 179
8850 6 1 2 4 2 168 2 169 2 179
8851 6 1 2 4 2 168 2 169 2 179
8853 2 1 7 168 2 169 1 170
8855 2 1 6 168 4 169
8856 2 1 6 168 4 169
8857 2 1 6 168 4 169
8858 2 1 6 168 4 169
8859 2 1 6 168 4 169
8860 2 1 6 168 4 169
8861 2 1 6 168 4 169
8862 2 1 6 168 4 169
8863 4 1 1 2 1 4 2 168 2 169 2 179
8864 6 1 2 4 2 168 2 169 2 179
8865 4 1 1 2 1 4 2 168 2 169 2 179
8866 4 1 1 2 1 4 2 168 2 169 2 179
8867 4 1 2 3 4 168 2 169
8868 1 1 1 8 4 15 1 18 1 20 1 49
8869 1 1 1 8 4 15 1 18 1 20 1 49
8870 1 1 1 7 5 15 1 22 1 49
8871 2 1 1 9 5 15 1 18 1 49
8872 2 1 1 9 5 15 1 18 1 49
8873 3 1 1 3 1 50 3 168 2 169 1 179
8874 3 1 1 3 1 50 3 168 2 169 1 179
8875 3 1 1 3 1 50 3 168 2 169 1 179
8876 3 1 1 3 1 50 3 168 2 169 1 179
8877 4 1 1 4 3 168 2 169 1 180
8878 4 1 1 4 3 168 2 169 1 180
8879 3 1 2 3 1 29
8880 2 1 5 2 1 6
8881 1 1 1 6 1 81
8882 2 2 2 29 1 168 4 169 1 171
8883 
8884 2 1 1 8 1 128
8885 
8886 2 168 4 169 1 171 1 179 2 180
8887 2 1 3 2 8 15 2 18 1 21 1 53 1 66
8888 1 1 5 2 8 15 2 18 1 53 1 66 1 123
8889 1 6 1 108 1 130
8890 1 1 1 6 1 130
8892 1 6 5 15 1 21 1 130
8893 
8894 2 1 1 6 1 34
8895 2 1 1 2 1 3 5 15 1 21 1 58
8896 1 166 3 168 2 169
8897 2 1 2 2 2 6
8898 2 1 1 2 1 8 1 38
8899 2 1 1 2 1 8 5 15 1 18
8900 4 1 1 2 1 3 1 110
8901 2 1 12 2 1 3 1 6 1 29 1 41
8902 1 1 1 48 1 52 1 119 2 129
8903 10 15 2 18 2 132
8904 2 168 2 179 1 180
8905 3 1 1 3 1 29 1 42
8906 10 15 1 25 1 37
8907 3 1 2 2 1 3 8 15 2 18 1 25 1 48 1 53 1 66
8908 2 15 4 32
8909 1 111 1 113
8910 1 2 4 3 5 29 1 38
8911 2 1 2 6
8912 
8913 2 1 1 6 1 48
8914 2 1 9 2 8 15 1 21 1 37 1 53 1 147
8916 4 1 1 3 4 168 2 169 1 172 1 173
8917 6 15 2 16 1 29 1 30 1 154
8918 3 1 1 3 1 29 3 168 3 169
8919 1 2 3 3 4 29 1 38
8920 3 130 1 146 2 168 2 169 1 171 1 176 2 180
8921 1 31 1 54 5 88
8922 
8923 1 1 14 2 1 3 1 6 2 29
8924 4 1 3 15 1 23 1 30 1 53
8925 2 1 2 168 2 169 1 179
8926 4 1 1 2 2 8
8927 2 1 10 2 1 6
8928 1 1 18 2 1 6 1 31
8930 2 1 1 8 1 108
8931 1 6 10 15 2 21
8932 1 1 7 2 1 6 1 128
8933 1 1 1 2 2 6 1 40
8934 1 7 1 8 3 130
8935 
8936 4 1 2 3 1 6
8937 3 1 5 2 1 8
8938 5 1 1 3 1 8 1 35
8939 2 5 1 6 1 14
8940 3 1 2 2 1 3 1 6
8941 2 1 1 3 1 6 1 128
8942 4 1 2 3 2 6
8943 2 1 6 2 1 6
8944 2 1 6 2 1 6
8945 2 1 6 2 1 6
8946 4 1 1 2 1 3 1 8
8947 2 1 5 2 1 6
8948 2 1 8 2 1 6
8949 2 1 8 2 1 6
8950 3 1 7 2 1 8
8951 1 1 4 2 1 6 1 29
8952 2 1 5 2 1 6
8953 1 2 5 15 1 25 1 31
8954 2 1 2 3 1 31 1 54 1 107
8955 3 1 1 2 1 4 1 5 1 6
8956 1 1 3 2 1 6 1 38
8957 4 1 1 3 1 8
8958 2 1 9 2 1 6
8959 3 1 9 2 1 8
8960 4 1 1 4 1 6
8961 4 1 1 2 2 3 1 6
8963 3 1 1 2 1 3 1 8 1 38
8964 3 1 1 6 1 8
8965 2 1 8 2 1 6
8966 1 1 5 2 5 15 1 25
8967 1 1 5 2 1 6 1 31
8968 2 1 9 2 1 8 1 38
8969 1 5 1 6 1 49
8970 2 1 2 2 7 15 2 18 1 21 1 30 1 53 1 66
8971 2 65 4 168 2 169
8972 
8973 
8974 3 1 3 2 1 3 1 6 1 34
8975 3 1 1 2 1 3 1 6 1 34
8976 
8977 3 1 2 2 1 3 1 6
8978 3 1 3 2 1 8
8979 2 1 1 2 1 8 1 130
8980 1 9 1 110 1 120 3 129 1 130
8981 4 1 1 3 1 4 1 6 1 29
8982 1 1 1 8 1 119 1 130
8983 1 1 6 2 1 6 1 38
8984 1 1 2 2 1 6 1 29
8985 
8986 1 1 1 2 1 8 1 29 1 130
8987 1 1 1 6 1 129
8988 1 6 10 15 2 37
8989 1 2 1 6 10 15 2 21
8990 2 1 1 2 1 8 1 128
8991 
8992 1 1 1 2 1 6 5 15 1 25
8993 3 1 1 3 1 6
8994 3 1 3 2 1 8
8995 2 1 1 5 1 8
8996 4 1 1 3 1 6 1 8
8997 
8998 2 1 1 2 1 8 5 15 1 18
8999 2 1 1 2 1 3 1 5 1 6
9000 2 1 1 6 2 7
9001 2 1 7 2 1 6
9002 3 1 1 3 1 6 1 34
9003 1 1 2 2 1 6 1 128
9004 10 15 1 21 1 25
9005 1 1 1 6 5 168 1 169
9006 5 1 1 2 1 4 1 8
9007 5 1 1 2 1 4 1 8
9008 3 1 5 2 1 8
9009 3 1 4 2 1 3 1 6
9010 3 1 4 2 1 3 1 6
9011 9 1 3 4 1 8
9012 
9013 4 1 1 3 1 6 1 35
9014 1 1 1 8 2 130
9015 1 1 2 2 1 5 1 6
9016 
9017 1 1 6 2 1 6 1 38
9018 2 1 1 8 2 168 1 169
9019 1 1 1 29 4 168 2 169
9020 2 1 2 2 1 6
9021 2 1 3 2 1 6
9022 2 1 3 2 1 6
9023 2 1 4 2 1 6
9024 2 1 4 2 1 6
9025 5 1 1 4 1 8
9026 3 1 1 4 1 6 1 29
9027 3 1 3 2 1 3 1 6
9028 2 1 2 2 1 3 1 6 1 33
9029 2 1 5 2 1 132
9030 2 1 5 2 1 132
9031 3 1 3 2 1 8
9032 4 1 2 3 1 6
9033 3 1 2 2 1 3 1 6
9034 4 1 1 2 2 8
9035 3 1 1 3 1 168 2 169 2 179
9036 3 1 3 168 3 169
9037 4 15 2 17 6 168 2 169
9038 1 2 4 29 1 49 5 169 1 179
9039 
9040 8 1 10 2 6 8
9041 1 168 4 169 1 171 1 179 2 180
9042 
9043 
9044 7 15 1 18 3 20 1 154
9045 2 2 5 15 1 22 2 29
9046 1 1 3 2 1 3 2 83
9047 2 1 5 2 1 3 1 40
9048 2 1 2 168 2 169 2 171
9049 3 1 1 40 3 168 2 169 2 170
9050 2 1 1 3 3 168 1 169 1 170 1 174
9051 4 1 1 3 1 4 1 29
9052 5 1 3 2 2 3 9 168 4 169 2 170 1 172
9053 2 1 3 2 1 3 1 31
9054 2 1 1 2 1 3 1 38
9055 2 1 1 2 1 109
9056 2 1 3 15 1 21 1 98 1 126
9057 1 1 8 15 1 21 1 37 1 63 1 126
9058 2 1 2 15 1 21 1 80 1 98 1 126
9059 3 1 2 15 1 21 2 98 1 126
9060 2 1 2 15 1 21 1 80 1 98 1 123
9061 2 1 3 15 1 21 1 98 1 123
9062 2 1 2 15 1 21 1 80 1 98 1 123
9063 2 1 3 15 1 21 1 80 1 98
9064 1 1 13 2 1 34 4 168 1 176 1 179
9065 
9066 
9067 2 1 11 2 4 15 1 18 1 37 4 168 2 169
9068 1 1 6 168 1 169 1 170
9069 4 1 1 3 1 8 1 50
9070 
9071 
9072 3 1 14 2 5 15 1 23
9073 2 1 5 15 1 18 2 168 3 169 2 170
9074 3 1 5 15 1 18 2 168 2 169 3 170
9075 3 1 3 2 1 4 7 168 3 169
9076 2 1 4 15 2 17 2 168 1 170 1 180
9077 3 1 1 7 4 168 4 169 1 172
9078 3 1 1 7 4 168 4 169 1 172
9079 3 1 1 3 4 168 3 169 1 172 1 174
9080 2 1 2 2 2 109
9081 3 1 1 3 1 168 2 169 2 179
9082 1 1 1 49 3 168 2 169 1 179
9083 2 1 1 50 3 168 2 169 1 179
9084 3 1 1 2 2 3 1 128
9085 3 1 2 2 2 3 1 31
9086 1 1 4 15 2 17 6 168 1 169 1 170
9087 2 1 1 2 3 168 2 169 1 180
9088 3 1 2 168 1 169 1 173
9089 4 1 2 2 1 15 3 20 2 22
9090 6 171
9091 1 1 1 2 1 3 1 6 2 29
9092 1 1 6 2 1 3 1 6 2 29
9093 2 1 4 2 2 3 2 128
9094 4 1 1 3 3 168 3 169 2 172
9095 
9096 3 1 1 2 1 6 1 51
9097 3 1 1 2 1 6 1 51
9098 3 1 1 3 1 7 2 144
9099 3 1 1 2 6 168 3 169 1 170
9100 2 1 3 2 8 15 2 18 2 53 1 66
9101 2 1 7 2 8 15 2 18 2 53 1 66
9102 2 1 1 2 1 9 5 15 1 18 1 29 1 48
9103 1 1 1 7 4 15 1 21 1 49 1 53
9104 5 1 2 2 2 3 1 8
9105 1 1 1 48 2 168 3 169 1 171
9106 2 1 4 168 2 169 1 170
9107 2 1 4 168 2 169 1 170
9108 5 1 2 3 2 168 1 169 1 170 2 179
9109 2 1 9 2 8 15 2 18 2 53 1 66
9110 2 1 8 2 8 15 2 18 2 53 1 66
9111 4 1 1 2 1 3 5 168 3 169 1 170
9112 2 1 8 15 2 47 2 53 4 168 2 169
9113 4 168 4 169
9114 2 1 2 48 1 168 2 169
9115 2 1 2 48 1 168 2 169
9116 2 1 2 48 3 168 2 169
9117 2 1 2 48 3 168 2 169
9118 6 1 2 4 1 48 1 107 3 168 1 169 1 175 1 176
9119 6 1 2 4 1 48 1 107 3 168 1 169 1 175 1 176
9120 
9121 4 1 1 4 1 29 1 42
9122 1 1 5 168 3 169
9123 1 1 5 168 3 169
9124 1 1 5 168 3 169
9125 2 1 1 2 2 109
9126 1 1 4 15 1 20 1 25
9127 1 1 4 15 1 20 1 25
9128 1 1 4 15 1 20 1 25
9129 1 1 4 15 1 20 1 25
9130 2 2 2 29 2 168 2 169 1 179
9131 2 1 1 2 1 35 1 130
9132 1 9 2 129 2 130
9133 1 1 4 2 1 6 1 128
9134 2 1 5 168 2 169 1 170
9135 2 1 5 168 2 169 1 170
9136 
9137 
9138 
9139 1 1 14 2 1 6 1 107 5 168 1 169
9140 4 1 2 3 1 6
9141 
9142 4 1 2 2 2 3 1 41
9143 2 1 10 15 2 18 2 168 2 170
9144 1 1 14 2 1 6 5 15 1 21 1 107
9145 3 1 1 4 1 29 6 168 2 169
9146 3 1 1 4 1 29 6 168 2 169
9147 2 1 4 15 1 25 1 48 1 53
9148 2 1 4 15 1 25 1 48 1 53
9149 
9150 
9151 
9152 1 1 1 8 2 49
9153 1 1 1 8 2 49
9154 3 1 2 2 1 8 1 49 1 51
9155 3 1 2 2 1 8 1 49 1 51
9156 3 1 1 2 1 3 1 49 2 168 1 169 1 170 2 179
9157 3 1 1 2 1 3 1 49 2 168 1 169 1 170 2 179
9158 3 1 1 3 1 81 2 168 1 169 1 170 2 179
9159 3 1 1 3 1 81 2 168 1 169 1 170 2 179
9160 3 1 1 3 1 49 2 168 1 169 1 170 2 179
9161 3 1 1 3 1 49 2 168 1 169 1 170 2 179
9162 3 1 1 2 1 3 5 15 1 18 2 168 1 169 1 170 2 179
9163 3 1 1 2 1 3 5 15 1 18 2 168 1 169 1 170 2 179
9164 2 1 1 9 1 33 1 49
9165 2 1 1 9 1 33 1 49
9166 2 1 1 3 1 29 2 168 2 169 2 179
9167 2 1 1 3 1 29 2 168 2 169 2 179
9168 4 1 2 2 1 9 1 51 1 130
9169 4 1 2 2 1 9 1 51 1 130
9170 2 1 1 9 1 49 1 130
9171 2 1 1 8 1 50 1 128
9172 3 1 2 2 1 8 1 51 1 130
9173 3 1 2 2 1 8 1 51 1 130
9174 2 1 2 2 1 6 1 51 1 130
9175 2 1 2 2 1 6 1 51 1 130
9176 3 1 1 4 5 15 1 18 2 168 2 169 2 181
9177 3 1 1 4 5 15 1 18 2 168 2 169 2 181
9178 2 129 1 168 2 169
9179 2 1 2 2 3 168 2 169 1 180
9180 2 1 1 6 1 50
9181 3 1 1 3 1 8 5 15 1 53
9182 3 1 1 3 1 8 5 15 1 53
9183 3 1 1 3 1 8 4 15 1 20 1 53
9184 3 1 1 3 1 8 4 15 1 20 1 53
9185 3 1 1 3 1 8 3 15 2 20 1 53
9186 3 1 1 3 1 8 3 15 2 20 1 53
9187 1 1 1 6 1 33
9188 1 8 1 108 2 130
9189 1 8 1 108 2 130
9190 2 1 3 2 3 168 2 169
9191 2 1 1 8 4 15 1 18 1 49 1 53
9192 2 1 1 8 4 15 1 18 1 49 1 53
9193 1 1 1 6 5 15 1 147
9194 1 1 1 6 5 15 1 147
9195 1 1 1 6 5 15 1 154
9196 1 1 1 6 5 15 1 154
9197 2 1 1 8 5 15 1 147
9198 2 1 1 8 5 15 1 147
9199 3 1 1 8 1 144
9200 3 1 1 8 1 144
9201 4 1 1 9 1 50 1 144
9202 3 1 1 8 2 144
9203 4 1 1 9 2 144
9205 
9206 1 9 1 116 3 119 2 129
9207 
9208 5 15 1 147 5 168 1 169
9209 
9210 
9211 1 1 1 2 1 168 1 169 2 179 1 180
9212 1 1 1 2 1 168 1 169 2 179 1 180
9213 
9214 2 1 3 29 1 34 7 168 4 169 3 170 1 172 1 180
9215 2 1 3 29 1 34 5 168 4 169 3 170 1 171 1 172 1 180
9216 3 15 1 32 2 123
9217 
9218 
9219 
9220 
9221 9 15 2 16 2 19 1 62 1 63 1 154
9222 
9223 
9224 
9225 3 1 3 2 5 15 1 23 2 48
9226 2 168 1 171 1 182
9227 
9228 1 2 1 31 1 128
9229 1 1 1 48 1 130
9230 
9231 4 15 1 20 1 50 1 108 1 154
9232 
9233 6 1 1 2 3 3 1 6 1 29 8 168 5 169 2 170 1 172
9234 9 15 2 18 1 80
9235 7 15 2 16 1 76
9236 
9237 3 15 2 32 1 123
9238 1 1 4 15 1 32 1 98
9239 3 15 1 30 1 32 1 62
9240 3 15 1 20 1 62 1 80
9241 6 15 2 18 2 62 2 123
9242 2 1 3 15 1 21 2 53 1 72
9243 2 1 1 5 3 15 1 21 1 47 1 53
9244 4 15 1 30 1 126
9245 2 130 2 168 2 169 2 179
9246 3 15 1 20 2 30
9247 2 1 2 169 2 179 2 180
9248 2 15 1 30 1 62 2 80
9249 
9250 1 2 1 3 1 29 2 31
9251 4 15 2 29 2 154
9252 3 15 1 20 1 62 1 80
9253 1 1 3 15 1 53 1 62 1 80
9254 4 15 2 37 2 130
9255 1 1 4 15 1 63 1 80
9256 6 15 1 18 1 21 2 62 2 123
9257 7 15 1 18 1 106 3 123
9258 9 15 1 18 1 62 1 63
9259 8 15 1 18 1 53 2 80
9260 9 15 1 18 1 19 1 21
9261 
9262 
9263 1 2 5 15 1 21 1 29 1 58
9264 1 1 2 2 2 168 1 169 1 179 1 180
9265 2 1 1 3 1 48 1 130
9266 3 168 1 171 1 179
9267 1 1 2 2 1 50 1 134
9268 1 2 1 29 1 33
9269 3 15 2 17 1 123 1 179 2 180
9270 
9271 3 15 2 17 1 123 1 179 2 180
9272 
9273 4 15 2 17 2 168 1 179 1 180
9274 2 175 3 180
9275 1 1 4 15 1 37 1 80
9276 1 2 5 15 1 31 1 53
9277 5 1 1 2 2 6 2 8 1 40 3 168 1 170 1 173
9278 4 15 2 16 1 19 1 30 1 123 1 125
9279 1 1 7 15 1 18 2 30 1 37 1 53
9280 2 1 6 15 1 18 2 30 1 37 2 53
9281 6 15 1 18 4 30 1 37
9282 8 15 1 18 2 30 1 37
9283 1 1 8 15 1 18 1 30 1 37 1 53
9284 1 2 1 29 1 38
9285 2 1 11 2 1 7 1 48
9286 6 168 2 169 1 170 2 179
9287 
9288 
9289 
9290 14 15 8 16
9291 
9292 
9293 
9294 
9295 13 15 8 16 1 19
9296 13 15 8 16 1 19
9297 13 15 8 16 1 19
9298 13 15 8 16 1 19
9299 8 15 4 16 2 19
9300 8 15 4 16 2 19
9301 
9302 6 168 4 169
9303 
9304 
9305 2 119 10 129 6 170
9306 5 168 4 169 1 170
9307 5 1 2 2 1 3 1 8 1 29 8 168 5 169 2 170 1 172
9308 4 15 1 124 1 125
9309 4 15 1 80 1 124
9310 4 15 1 124 1 125
9311 3 15 1 30 2 124
9312 3 119 9 129 6 170
9313 2 119 10 129 6 170
9314 16 129 9 170
9315 1 118 1 119 9 129 5 170
9316 4 15 1 20 1 50 1 114 1 154
9317 10 15 1 18 1 22 1 119
9318 2 1 3 168 1 170 2 179
9319 1 1 1 53 5 124
9320 1 1 1 14 1 119
9321 4 15 2 17 2 168 1 175 1 181
9322 1 114 1 118 1 128
9323 1 1 1 109 1 119
9324 1 119 3 129 2 170 1 179
9325 1 52 1 113 1 120 2 129
9326 4 15 1 20 1 50 1 119 1 154
9327 1 1 2 2 10 15 1 21 1 99 4 168 1 169 1 176
9328 3 15 2 17 1 124 1 175 2 180
9329 1 2 4 29 1 129 5 169 1 179
9330 4 15 1 53 1 119 1 123
9331 3 15 1 32 2 124
9332 1 1 4 15 1 53 1 124
9333 1 2 1 49 1 117
9334 
9335 3 1 1 3 4 168 2 170 1 179
9336 3 1 1 2 1 31 2 168 2 169 1 170
9337 1 1 1 29 1 31 3 168 4 169 1 176
9338 6 15 4 16 2 19 2 20
9339 9 15 2 17 1 18 1 168 1 169 1 179 1 180
9340 2 1 2 2 1 6 2 168 1 173 1 180
9341 3 3 3 29 2 31
9342 4 15 2 17 2 168 1 179 1 180
9343 
9344 
9345 4 15 2 17 2 168 1 175
9346 3 15 1 20 2 30
9347 1 168 1 171 1 179 1 180
9348 3 1 2 168 2 169 1 170 1 172
9349 
9350 
9351 1 15 3 19 2 62
9352 3 15 1 20 2 30
9353 7 118 1 119 1 127
9354 
9355 2 1 1 2 1 55
9356 
9357 3 1 4 15 4 17 1 18 1 29 3 53 2 168 4 169 3 179 1 180
9358 
9359 
9360 1 1 1 2 1 5 1 169 1 176 1 179 2 180
9361 3 15 1 32 2 80
9362 4 15 2 17 3 168 1 180
9363 3 15 1 32 2 62
9364 1 1 3 15 1 25 1 30 1 31 1 53
9365 3 1 1 4 1 82
9366 
9367 1 1 1 15 2 19 1 20 1 80
9368 1 1 3 15 1 53 2 123
9369 1 1 4 15 1 32 1 98
9370 1 81 1 101
9371 2 1 3 168 1 170 2 180
9372 1 77 1 128
9373 4 15 1 20 1 50 1 118 1 119 1 154
9374 
9375 3 15 1 20 1 62 1 80
9376 4 3 4 29 1 31 1 38
9377 1 1 3 15 1 53 1 62 1 80
9378 2 1 5 15 1 99
9379 10 15 1 18 1 22 1 129
9380 17 15 6 18 1 19
9382 1 1 4 15 1 32 1 98
9383 4 15 1 20 1 21 1 29
9384 4 15 1 18 1 124
9385 4 15 1 18 1 124
9386 1 1 1 2 1 29 1 149
9387 
9388 1 1 1 31 1 109
9389 1 15 2 20 3 80
9390 3 15 2 17 1 80 1 175 2 180
9391 2 15 1 39 3 80
9392 8 15 2 18 2 80
9393 3 15 1 20 2 30
9394 4 15 1 80 1 125
9395 3 15 1 32 2 80
9396 3 15 1 20 1 62 1 80
9397 1 1 10 15 2 18 1 103
9398 
9399 8 15 1 18 1 63 2 80
9400 5 15 1 37 1 77
9401 10 15 1 37 1 97
9402 4 15 1 25 1 30 1 31
9403 
9404 
9405 4 15 1 30 1 94
9406 3 15 1 62 2 80
9407 1 1 4 15 1 45 1 80
9408 4 15 1 30 1 94
9409 4 15 1 32 1 71
9410 4 15 1 80 1 94
9411 2 2 1 3 2 29 1 83
9412 3 1 14 2 1 3 3 41
9413 8 15 1 18 1 20 1 63 1 80
9414 1 1 4 15 1 30 1 98
9415 2 1 4 2 1 164
9416 2 2 1 3 2 29 1 83
9417 1 1 1 5 1 144
9418 3 1 2 15 1 30 3 53
9419 4 15 1 80 1 125
9420 1 72 3 110 3 118 1 122 3 129
9421 1 2 1 29 3 110 3 118 1 122 3 129
9422 1 36 3 110 2 118 1 122 5 129 1 130
9423 6 118 2 122
9424 1 1 3 2 1 48 1 79 2 129
9425 
9426 
9427 
9428 
9429 
9430 1 1 3 2 1 43 1 119 2 129
9431 1 1 1 2 1 48 1 79 2 129
9432 
9433 1 5 1 13
9434 
9435 
9436 1 1 1 3 1 5 5 15 1 147
9437 4 15 1 20 1 53 1 119
9438 4 15 1 53 1 62 1 118 1 119
9439 4 15 1 53 1 62 1 118 1 119
9440 2 119 4 129 2 170 1 173
9441 2 13 4 15 2 47
9442 1 1 8 15 1 18 1 53 1 63 1 80
9443 2 1 2 13 8 15 1 18 1 23 2 47
9444 1 7 1 119 1 129
9445 1 9 3 118 1 119 3 129
9446 1 1 2 2 1 48 1 79 2 129
9447 2 9 2 119 4 129
9448 1 1 1 3 1 29 1 78 1 113
9449 1 3 1 29 1 77 1 113
9450 2 1 2 2 1 14 2 48
9451 1 15 3 80 2 124
9452 
9453 14 15 2 18 2 21
9454 10 15 1 22 1 37 5 168 1 176
9455 1 29 1 107 3 110 3 118 1 122 3 129
9456 6 1 1 4 1 36
9457 3 15 1 62 1 80 1 123
9458 
9459 9 15 1 18 1 63 1 80
9460 2 1 2 2 3 15 1 64 2 80
9461 3 15 1 18 2 80 5 168 1 176
9462 
9463 2 1 1 2 1 3 1 31 1 55 1 88
9464 4 15 1 21 1 37 2 130
9465 2 1 1 4 4 15 1 31 1 53 1 123
9466 1 2 2 15 2 16 4 19 2 29 1 30 1 168 3 169 1 179
9467 
9468 1 1 1 60
9469 
9470 2 1 1 60 1 148
9471 2 33 2 61 2 81
9472 
9473 3 1 1 5 1 52
9474 1 1 3 2 1 83
9475 2 2 2 50 2 54
9476 2 2 1 5 2 50 1 134
9477 2 1 3 15 1 19 1 37
9478 2 1 3 15 1 19 1 37
9479 1 1 1 2 1 54 4 168 2 176
9480 1 1 4 2 5 15 1 37
9481 
9482 2 81 5 168 4 176
9483 
9484 4 15 1 18 1 20 1 151 5 168 1 169
9485 
9486 8 15 2 18 2 80
9488 8 15 1 18 1 63 2 80
9489 1 31 7 118 1 119
9490 
9491 4 1 1 9 4 60
9492 1 8 3 72
9493 5 15 1 53
9494 
9495 3 2 1 29 1 33
9496 
9497 1 1 3 15 2 17 1 53 3 168 1 180
9498 
9499 
9500 
9501 4 15 1 124 1 125
9502 3 1 2 168 1 169 1 170 2 179
9503 1 86 5 168 1 169
9504 5 15 1 64
9505 7 15 1 18 3 30 1 37
9506 2 16 8 18
9507 12 15 2 18 3 20 1 64
9508 18 15 6 18
9509 
9510 
9511 
9512 2 1 5 15 1 23 1 72
9513 1 2 10 15 1 18 1 53 1 168 1 169 1 176 1 179 1 180
9514 3 80 3 124
9515 
9516 5 15 1 37 3 110 3 118 1 122 3 129
9517 
9518 5 1 2 3 1 159
9519 
9520 
9521 10 15 2 21 1 100
9522 7 15 1 18 3 30 1 37
9523 2 1 1 168 1 169 1 172
9524 1 78 2 129
9525 9 15 1 20 1 29 1 37 1 64
9526 1 86 3 110 3 118 1 122 3 129
9527 
9528 4 16 10 18
9529 
9530 3 1 4 2 1 9 1 29 1 48
9531 2 1 3 2 1 33 1 42
9532 
9533 3 1 17 2 1 3
9534 1 2 1 5 1 48 1 79 2 129
9535 2 1 1 8 1 81
9536 1 1 1 7 1 77
9537 4 2 1 4 3 29 1 83
9538 1 1 4 15 1 25 1 48 1 80
9539 
9540 
9541 
9542 4 15 1 47 1 126 1 129
9543 4 15 1 47 1 80 1 129
9544 4 15 1 47 1 80 1 129
9545 3 15 1 53 2 80 1 117 1 118
9546 9 15 1 18 1 25 1 123
9547 9 15 1 18 1 25 1 123
9548 2 1 3 15 1 64 2 80
9549 2 1 2 2 8 15 1 18 1 23 2 53 2 165
9550 3 15 1 47 2 126 1 129
9551 1 50 1 117 1 118 1 119
9552 
9553 
9554 
9555 1 1 9 15 1 18 1 25 1 53
9556 6 16 12 18
9557 2 15 1 23 1 53 1 119 2 126 3 129
9558 3 15 2 53 1 80 2 119
9559 4 15 1 24 1 53 1 119
9560 1 1 4 15 1 22 1 29 1 53 1 119
9561 8 15 1 18 1 37 1 62 1 80
9562 4 15 1 47 1 80 2 118 1 119
9563 
9564 3 15 2 53 2 119 1 126
9565 5 15 1 28 1 33
9566 8 15 1 18 1 63 2 80
9567 6 15 4 17 1 18 1 53 2 179 4 180
9568 1 2 1 5 1 44
9569 3 15 2 53 1 62 2 119
9570 3 15 1 53 1 119 2 126
9571 2 2 2 101
9572 4 15 1 32 1 71
9573 5 15 1 25 1 72
9574 2 9 1 113 5 130
9575 5 15 1 21 1 169 1 175 1 179 2 180
9576 
9578 2 1 2 3 1 31 1 54 1 107
9579 1 1 3 15 1 53 2 123
9580 1 1 3 15 1 53 2 123
9581 3 1 2 3 1 31 1 55 1 107
9582 
9583 
9584 
9585 
9586 
9587 
9588 1 1 12 2 4 6 1 31
9589 
9590 2 2 1 31 1 54 1 88
9591 
9592 1 1 11 2 1 5 1 48
9593 2 1 8 15 1 18 1 22 1 49 2 53
9594 
9595 5 15 1 26 1 40
9596 1 1 1 2 5 15 1 28 1 48
9597 4 15 2 16 4 80
9598 2 1 1 2 1 33 1 91
9599 5 15 2 16 3 80
9600 5 15 2 16 3 80
9601 5 15 2 16 3 80
9602 3 1 1 60 1 70
9603 2 1 4 15 1 20 1 51 1 154
9604 2 1 3 15 1 25 1 30 1 48 1 53
9605 
9606 1 1 4 15 1 32 1 47
9607 
9608 5 15 2 16 3 80
9609 2 15 1 32 2 80 1 124
9610 
9611 1 1 4 15 1 53 1 126
9612 6 15 4 17 1 18 1 37 2 179 4 180
9613 
9614 8 15 2 18 2 80
9615 4 2 1 13 1 127
9616 8 15 2 18 2 80
9617 1 1 3 15 1 32 1 53 1 62
9618 
9619 1 2 1 13 5 15 1 154
9620 1 1 1 14 5 15 1 154
9621 1 10 5 15 1 154
9622 
9623 2 81 2 168 2 176 1 180
9624 6 15 4 17 1 18 1 154 2 179 4 180
9625 1 2 1 3 1 29 1 31 1 54 1 88 1 107
9626 1 2 1 29 1 31 1 55 2 88
9627 1 2 1 29 1 31 1 55 4 88
9628 8 15 1 18 2 20 1 37
9629 1 31 1 88 3 168 1 169 1 175
9630 1 2 1 3 2 83 1 108
9631 14 15 2 16 3 18 2 19
9632 
9633 2 1 8 2 6 15 4 17 2 63 2 180
9634 2 1 1 168 1 170 1 175
9635 1 2 1 31 1 54 1 88
9636 4 15 1 53 1 80 3 118 1 119
9637 3 1 1 4 1 7 1 14 1 29
9638 1 119 2 128 1 156
9639 3 15 1 30 2 124
9640 3 15 1 30 2 124
9641 3 15 1 30 2 124
9642 4 15 1 18 1 124
9643 5 15 1 98 5 168 1 169
9644 
9645 
9646 
9647 1 1 3 15 1 32 1 53 1 62
9648 
9649 1 1 6 2 7 15 2 16 1 37
9650 1 1 5 2 7 15 2 16 1 37
9651 1 1 3 2 7 15 2 16 1 37
9652 1 1 4 2 7 15 2 16 1 37
9653 1 1 6 2 7 15 2 16 1 21 1 48
9654 1 1 5 2 7 15 2 16 1 21 1 48
9655 1 1 4 2 7 15 2 16 1 21 1 48
9656 1 1 3 2 7 15 2 16 1 21 1 48
9657 1 1 2 2 7 15 2 16 1 21 1 48
9658 1 1 7 15 2 16 1 21 1 48
9659 1 1 6 2 7 15 2 16 1 21 1 48
9660 1 1 4 2 7 15 2 16 1 21 1 48
9661 1 1 6 2 7 15 2 16 1 45
9662 1 1 4 2 7 15 2 16 1 45
9663 
9664 4 1 11 2 2 3
9665 3 15 2 20 1 130 1 154
9666 6 15 1 18 1 63 4 80
9667 
9668 1 1 4 2 1 4 3 83
9669 7 15 1 18 2 20 1 30 1 37
9670 
9671 3 15 1 32 2 124
9672 
9673 4 15 1 21 1 29 1 32
9674 1 1 3 2 7 15 2 16 1 45
9675 1 1 2 2 7 15 2 16 1 45
9676 1 1 6 2 7 15 2 16 1 45
9677 1 1 5 2 7 15 2 16 1 45
9678 1 1 2 2 7 15 2 16 1 45
9679 1 1 2 15 2 19 1 80
9680 1 1 20 2 1 86
9681 
9682 4 1 2 2 2 3 1 148
9683 1 1 7 15 1 18 1 23 1 30 1 37 1 53 3 129
9684 1 1 7 15 1 18 1 30 1 37 1 53 1 124
9685 1 1 1 3 1 29 1 77
9686 
9687 1 1 3 15 1 32 1 53 1 62
9688 1 1 5 2 7 15 2 16 1 45
9689 8 15 4 16 2 126
9690 2 1 8 15 4 16 1 19 1 64
9691 2 1 5 15 1 22 1 50
9692 5 15 1 153 5 168 1 169
9693 
9694 3 1 3 2 2 3 1 38
9695 11 15 6 16 1 20
9696 11 15 6 16 1 20
9697 1 168 1 171 1 180 1 181
9698 
9699 8 15 1 18 1 62 1 63 1 80
9700 
9701 
9702 2 2 1 54 1 57
9703 2 1 4 2 2 33 2 67
9704 8 15 2 20 2 50 2 154
9705 4 15 1 65 1 80 1 154
9706 4 1 4 170 6 181
9707 4 72 1 168 2 169 2 170 1 171
9708 
9709 
9710 
9711 2 1 10 15 1 18 1 23 2 50
9712 3 15 1 30 2 124
9713 3 1 13 2 1 3
9714 2 1 2 3 2 83
9715 1 1 1 8 1 29 1 33 1 50
9716 6 1 1 2 1 4 2 145
9717 2 1 1 72 1 167
9718 1 2 2 40 4 61 4 81
9719 2 20 1 30 3 80
9720 2 15 1 62 1 80 2 123
9721 2 15 1 62 1 80 2 123
9722 
9723 1 1 3 15 1 32 1 53 1 62
9724 
9725 
9726 
9727 
9728 
9729 
9730 
9731 
9732 
9733 
9734 
9735 
9736 
9737 4 15 1 18 1 57 1 123 4 168 1 170 1 180
9738 
9739 
9740 1 60 1 65 1 67 2 81
9741 1 1 3 15 2 17 1 53 3 168 1 180
9742 3 1 1 2 1 6 1 7 1 8
9743 
9744 1 1 1 2 1 78 1 83
9745 
9746 1 2 3 3 6 29 3 169 1 179 1 180
9747 1 1 3 15 1 19 1 32
9748 2 1 2 2 6 15 4 17 2 63 2 180
9749 1 1 1 3 1 29 1 31 1 55
9750 1 6 2 49
9751 
9752 1 1 5 15 1 64 1 81
9753 1 1 8 15 2 18 1 98 1 126
9754 3 168 8 169 2 171
9755 2 15 1 21 3 80 1 130
9756 
9757 2 15 1 21 3 80 1 128
9758 3 1 20 2 1 3
9759 1 1 1 14 1 86
9760 
9761 1 1 1 29 3 168 1 170 1 179
9762 10 15 1 28 1 37
9763 
9764 
9765 8 15 2 18 2 80
9766 1 1 1 2 1 61
9767 1 1 7 15 1 18 1 23 1 30 1 37 1 53 3 129
9768 1 1 7 15 1 18 1 23 1 30 1 37 1 53 3 129
9769 1 2 1 5 3 15 1 63 2 80
9770 3 1 1 2 2 3 1 5
9771 
9772 
9773 
9774 
9775 
9776 1 1 1 2 3 15 1 63 2 80
9777 1 1 1 2 2 15 1 63 3 80
9778 
9779 11 15 6 16 1 80
9780 1 3 1 13 1 29 3 168 1 169 1 171
9781 
9782 
9783 
9784 1 1 2 2 1 5 1 6
9785 1 1 2 2 1 5 1 6
9786 
9787 
9788 1 29 2 168 1 169 1 179
9789 
9790 1 29 1 82 1 149
9791 1 65 1 81
9792 
9793 
9794 5 130 1 156
9795 2 1 6 2 1 14 1 48
9796 1 1 1 168 1 169 1 171 1 179 1 180
9797 2 1 4 2 3 15 1 64 2 80
9798 2 1 2 2 3 15 1 64 2 80
9799 3 15 1 18 2 80 5 168 1 176
9800 4 15 1 19
9801 5 15 1 153 4 168 1 169
9802 5 15 1 153 6 168 1 169
9803 5 15 1 147 6 168 1 169
9804 8 15 2 19 1 21
9805 2 1 7 2 1 6 1 48
9806 3 2 1 108 1 127
9807 3 2 1 13 1 108
9808 2 1 6 2 1 13 1 42 1 48
9809 6 2 1 13 1 14 1 31
9810 5 2 1 13 1 31
9811 1 81 6 168 2 169 1 176
9812 4 15 2 17 1 81 2 168 1 169 1 175
9813 1 2 1 58 1 60 2 81
9814 1 5 1 38
9816 1 5 1 38
9817 1 5 1 38
9818 
9819 1 7 1 38
9820 
9821 1 81 6 168 1 176
9822 2 2 1 14 2 70 4 72
9823 2 2 2 14 2 70 4 72
9824 1 2 1 13 1 70 2 72
9825 2 2 1 6 2 70 4 72
9826 1 29 8 168 1 169 1 170
9827 1 15 4 80 1 123
9828 1 1 12 2 4 14 1 31
9829 4 2 1 3 1 13 2 31
9830 2 1 5 2 1 14 1 48
9831 4 2 5 15 1 21 1 29
9832 
9833 1 1 2 168 1 169 1 171 1 179
9836 
9837 1 81 2 168 1 169
9838 2 1 2 2 2 15 1 64 3 80
9839 9 15 1 18 1 25 1 126
9840 1 1 2 2 3 15 1 63 2 80
9841 2 1 1 3 3 15 1 63 2 80
9842 1 1 3 2 3 15 1 63 2 80
9843 2 1 1 2 1 3 3 15 1 63 2 80
9844 2 2 1 3 1 31 1 54 1 86 1 107
9845 3 61 3 81 1 108 1 130
9846 1 2 2 60 1 61 3 81
9847 1 72
9848 3 1 7 2 1 3
9849 9 168 1 171
9850 
9851 2 1 22 2 1 155
9852 
9853 
9854 
9855 
9856 
9857 
9858 1 2 2 60 2 81
9859 
9860 
9861 2 1 1 2 1 3 5 15 1 23 1 29 1 31
9862 
9863 2 1 1 3 3 15 1 23 1 80 1 98 3 129
9864 
9865 7 168 10 169 1 170
9866 2 1 1 2 1 3 1 41 1 72
9867 4 1 2 2 2 3 5 15 1 64
9868 1 1 15 2 1 5 1 48
9869 2 2 2 60 2 61 4 81
9870 2 1 1 4 5 15 1 37 5 168 1 176
9871 
9872 
9873 
9874 3 1 5 2 1 4 1 29 2 144
9875 4 1 7 2 1 4 3 144
9876 4 1 4 2 1 4 3 144
9877 7 1 1 3 1 4 1 144 2 145
9878 7 1 1 2 3 3 1 4 3 144
9879 3 1 3 2 1 4 1 29 2 144
9880 5 1 1 2 1 4 1 29 2 145
9881 5 1 1 2 2 3 1 4 1 29 2 144
9882 
9883 
9884 
9885 
9886 
9887 
9888 
9889 1 1 5 15 2 16 1 53 2 80
9890 1 1 5 15 2 16 1 53 2 80
9891 
9892 2 1 5 2 1 3 5 15 1 147
9893 1 1 2 2 1 29 1 135
9894 
9895 3 9 8 130
9896 1 1 1 14 4 15 1 20 1 154
9897 
9898 3 1 1 5 1 146
9899 2 1 6 2 1 41 1 50
9900 
9901 3 1 5 2 1 4 1 29
9902 4 1 2 3 6 15 4 17 2 63 2 180
9903 1 1 1 2 5 15 1 28 1 34
9904 5 15 1 25 1 49
9905 1 1 1 128
9906 1 1 1 128
9907 
9908 1 1 2 2 1 41 1 72
9909 
9910 
9911 
9912 1 14 1 127
9913 
9914 2 1 13 2 1 6 1 41
9915 
9916 
9917 
9918 
9919 
9920 2 1 6 2 8 15 2 18 2 53 1 66
9921 
9922 12 181
9923 1 34 1 72 5 168 1 176
9924 
9925 
9926 
9927 
9928 
9929 
9930 
9931 1 127
9932 3 1 1 3 4 168 1 173
9933 3 1 1 3 3 168 1 169 1 172
9934 3 1 1 3 3 168 1 169 1 172
9935 
9936 1 128
9937 2 1 16 2 2 41
9938 2 2 4 3 6 83
9939 
9940 2 1 7 2 1 14 1 48
9941 1 1 14 2 4 15 1 32 1 53
9942 2 15 1 30 2 80 1 125
9943 
9944 9 15 1 32 2 97
9945 9 15 2 17 1 97 1 176 2 180
9946 8 15 1 18 1 30 1 63 1 80
9947 1 2 1 13 4 15 1 20 1 154
9948 1 10 4 15 1 20 1 154
9949 1 1 3 168 1 169 1 179 1 180
9950 
9951 3 2 4 15 1 18 1 29 1 66 1 123
9952 3 1 2 2 1 3 2 144
9953 4 1 2 2 2 3 2 144
9954 
9955 
9956 4 1 3 2 1 43 2 48
9957 1 1 1 6 1 68
9958 1 1 1 6 1 68
9959 3 1 2 168 1 170 1 172 1 174
9960 2 168 2 169 1 171 1 180
9961 
9962 4 130 2 170 1 179
9963 1 1 4 15 1 64 1 80 1 81
9964 1 1 9 168 4 169 1 176
9965 
9966 
9967 
9968 
9969 1 143
9970 5 15 1 18 1 131 1 132
9971 3 1 5 2 1 42
9972 7 15 1 18 3 20 1 25
9973 2 1 1 33 1 42
9974 4 1 1 6 2 8
9975 
9976 1 1 3 15 1 19 1 53 1 123
9977 2 1 1 3 5 168 1 172
9978 4 1 7 2 2 3
9979 
9980 1 1 1 3 1 5 1 48 5 118 1 119
9981 
9982 1 1 4 2 1 41 1 72
9983 
9984 
9985 5 15 1 18 3 168 1 169 1 175 1 179
9986 
9987 2 168 12 169
9988 
9989 
9990 
9991 
9992 
9993 
9994 
9995 
9996 
9997 
9998 
9999 
10000 
10001 4 1 9 2 2 3
10002 
10003 1 1 2 2 8 15 4 17 1 168 1 176
10004 5 15 1 18 2 49 1 168 1 169 1 170
10005 
10006 1 1 1 57 1 148
10007 
10008 2 15 1 80 3 123
10009 
10010 
10011 
10012 
10013 
10014 
10015 1 1 2 2 1 5 2 50
10016 2 1 1 5 1 145
10017 16 15 4 18 2 62 2 63
10018 
10019 
10020 1 1 1 15 1 21 1 30 3 80
10021 
10022 2 1 1 3 1 6 1 72
10023 2 1 1 3 1 6 1 72
10024 
10025 4 15 2 18 4 65 2 67
10026 
10027 12 15 2 17 2 18 2 65 2 97 1 170 1 179 1 180
10028 1 2 4 15 1 20 1 50 1 128 1 154
10029 10 181
10030 1 1 5 15 1 28 1 34
10031 
10032 1 1 1 2 2 168 1 171 1 172
10033 2 15 1 20 1 62 2 80
10034 9 15 1 18 1 25 1 126
10035 1 1 1 15 2 19 1 53 2 123
10036 1 3 10 15 1 18 1 22 2 33
10037 
10038 1 1 1 3 1 29 1 33 1 59 1 87
10039 
10040 1 1 1 2 2 168 1 171 1 172
10041 9 15 2 16 2 19 1 21 1 37 1 123
10042 
10043 1 1 8 15 2 18 1 53 1 80
10044 6 1 4 170
10045 1 6 5 15 1 21 1 72
10046 1 6 5 15 1 21 1 72
10047 5 15 1 25 1 68
10048 5 15 1 25 1 68
10049 1 1 1 31 1 55 4 88
10050 
10051 9 1 2 15 1 19 3 23
10052 6 15 2 16 1 20 1 126
10053 
10054 2 119 8 129 5 170
10055 7 15 1 18 3 20 1 25
10056 1 9 10 15 2 18 2 129
10057 3 2 1 50 1 83 1 134
10058 
10059 3 1 2 15 1 25 1 30 1 48 2 53
10060 
10061 1 1 2 2 1 3 2 83
10062 2 15 2 20 2 123
10063 
10064 8 15 1 18 1 63 1 80 1 123
10065 
10066 
10067 2 2 1 3 2 31 1 54 1 88 1 107
10068 2 1 1 2 1 130 1 149 3 168 1 169 2 170 1 180
10069 1 1 1 9 3 130
10070 2 1 3 2 1 14 1 41
10071 4 169 3 171
10072 1 65 2 168 1 169 1 179
10073 
10074 
10075 4 2 1 29 1 33
10076 1 3 1 83 2 108
10077 2 2 1 33 1 77
10078 1 1 1 50 2 118 1 119
10079 
10080 3 15 2 17 1 126 2 168 1 175
10081 3 1 10 168 3 169 2 170
10082 3 1 20 2 1 3
10083 2 1 22 2 1 41
10085 6 15 1 18 1 21 2 30 2 62
10086 6 15 2 18 1 30 1 32 2 124
10087 5 168 2 169
10088 2 1 5 168 2 170 1 179 1 180
10089 2 1 4 15 1 53 1 64 1 81
10090 
10091 1 1 4 15 1 20 1 64 1 81
10092 1 1 4 15 1 64 1 81 1 126
10093 1 1 9 15 2 18 1 64 1 81
10094 2 1 4 15 1 64 1 81 1 154
10095 1 1 4 15 1 64 1 81 1 123
10096 2 2 1 6 10 15 2 21
10097 4 1 3 15 2 22 1 126
10098 10 15 2 23 4 49
10099 2 49 4 168 2 169 1 170
10100 
10101 2 1 1 2 1 3 1 5
10102 1 1 1 2 2 168 1 171 1 172
10103 2 15 1 63 3 80 5 168 1 169
10104 3 1 1 3 4 15 1 21 1 22 1 29
10105 4 1 2 2 1 3 1 35
10106 
10107 4 1 4 2 1 4 1 41
10108 1 1 1 2 1 15 2 19 1 20 1 80
10109 2 1 1 2 1 72 1 167
10110 2 1 2 3 2 29
10111 2 2 1 6 2 49
10112 2 1 2 2 1 5 1 8 1 61 1 130
10113 2 1 14 2 1 41
10114 1 1 1 31 2 168 1 169 1 176 1 180
10115 
10116 
10117 1 1 1 2 1 50 1 108 1 109
10118 
10119 2 1 1 2 1 3 1 169 2 175 3 180
10120 1 1 1 2 6 15 2 16 1 21 1 33 1 53
10121 4 1 1 3 8 15 1 18 1 37 1 43 1 53 1 123
10122 2 1 1 2 2 3 2 128
10123 
10124 6 15 1 18 1 23 1 32 1 53 1 80 1 123 3 129
10125 2 1 3 15 1 53 1 80 1 98
10126 
10127 1 1 5 2 8 15 1 37 2 53 1 71
10128 1 1 7 2 8 15 1 37 2 53 1 71
10129 
10130 
10131 1 1 1 53 3 80 2 123
10132 3 1 1 2 1 6 1 7 1 8
10133 6 15 1 18 4 62 1 153
10134 2 2 1 50 1 108 1 128
10135 5 15 1 21 1 48 1 79 2 129
10136 1 1 8 2 1 50
10137 
10138 
10139 1 1 1 3 1 50 2 108
10140 1 2 10 15 1 21 1 23 1 29 1 31
10141 3 1 1 4 5 15 1 37 1 60
10142 3 1 4 168 1 169 2 170 2 178
10143 3 15 1 63 2 80 5 168 1 169
10144 4 168 2 169 1 170
10145 
10146 3 15 1 62 1 80 1 126
10147 
10148 
10149 
10150 1 1 3 2 1 78 1 128
10151 1 1 3 2 1 40 1 41
10152 
10153 
10154 
10155 5 168 2 169 1 170
10156 1 113 1 115 1 117
10157 2 1 4 2 3 15 1 64 2 80
10158 1 1 2 2 1 29 1 33 3 168 2 169 1 176
10159 1 1 1 3 1 33 1 60 1 86
10160 
10161 2 1 2 15 2 21 2 123
10162 4 168 2 169 4 179
10163 6 2 1 4 4 29 1 58 1 149
10164 3 1 16 2 1 91
10165 4 168 1 181 1 182
10166 2 1 22 2 1 41
10167 1 1 3 2 1 14 1 48 1 58 1 127
10168 
10169 
10170 
10171 4 1 5 2 1 3 1 4 1 29
10172 1 1 1 2 9 15 1 21 1 45 1 154
10173 4 19 1 20 1 65
10174 
10175 2 15 3 80 1 123
10176 3 1 16 2 1 3
10177 3 1 10 2 1 91
10178 
10179 1 29 1 155
10180 
10181 
10182 2 1 7 15 1 18 1 25 1 64 2 80
10183 
10184 1 15 1 18 2 19 1 20 1 81
10185 6 15 2 18 2 19 1 20 1 81
10186 
10187 
10188 1 1 5 2 8 15 1 20 1 37 2 53
10189 1 1 7 2 8 15 1 20 1 37 2 53
10190 
10191 
10192 
10193 
10194 
10195 
10196 1 8 10 15 1 18 1 29 1 37
10197 1 1 9 15 1 21 1 45 1 154
10198 
10199 2 1 2 2 3 168 2 170 3 179
10200 2 1 5 2 8 15 1 37 3 53
10201 2 1 7 2 8 15 1 37 3 53
10202 
10203 4 15 2 16 4 80
10204 1 1 15 15 1 18 1 23 1 147
10205 
10206 1 52 1 110 1 113 1 119 3 129
10207 12 2 2 86
10208 1 1 2 2 4 19 1 60 1 141
10209 
10210 4 1 12 2 2 3
10211 4 1 13 2 2 3
10212 4 1 14 2 2 3
10213 4 1 11 2 2 3
10214 4 1 12 2 2 3
10215 4 1 13 2 2 3
10216 4 1 14 2 2 3
10217 1 1 1 15 1 21 4 123
10218 5 1 3 2 3 3
10219 1 1 3 2 5 15 1 28 1 34
10220 5 1 5 2 3 3
10221 3 1 1 2 2 79 1 81
10222 12 15 1 18 3 20 1 21 1 22
10223 5 1 4 2 3 3
10224 
10225 6 15 2 16 1 62 1 126
10226 
10227 1 1 3 2 1 70 2 72
10228 
10229 1 1 1 69 5 168 1 176
10230 1 2 5 15 1 37 1 77
10231 
10232 
10233 
10234 1 8 1 29 1 33 1 49
10235 
10236 6 168 2 170
10237 
10238 
10239 
10240 2 1 1 2 1 4 1 31 1 127
10241 
10242 1 1 5 2 8 15 1 37 2 53 1 80
10243 1 1 6 15 1 18 1 25 1 53 3 80
10244 6 15 1 18 1 25 4 80
10245 
10246 
10247 4 2 4 83 2 168 2 170 1 180
10248 
10249 2 81 2 112
10250 4 1 2 3 3 15 1 64 2 80
10251 1 1 2 2 3 15 1 63 2 80
10252 1 2 1 5 3 15 1 63 2 80
10253 1 2 1 5 2 15 1 63 3 80
10254 2 1 6 2 2 15 1 64 3 80
10255 2 15 1 18 3 80 5 168 1 176
10256 1 1 3 2 3 15 1 63 2 80
10257 
10258 1 116 5 118 3 119
10259 
10260 
10261 2 1 4 15 2 18 2 53 4 80
10262 
10263 
10264 8 15 1 29 1 37 1 64 1 80 1 123
10265 8 15 1 29 1 37 1 64 1 123 1 126
10266 15 15 2 18 1 23 1 119
10267 
10268 2 1 4 72 2 168 2 170 1 173
10269 1 50 1 115 1 118 2 119
10270 
10271 1 1 9 2 8 15 2 18 1 53 1 71
10272 8 15 1 18 2 80 1 106
10273 
10274 
10275 8 15 1 19 1 32 2 97
10276 1 1 9 2 1 41 1 108
10277 11 2 1 31 1 127
10278 2 1 1 168 2 169 1 170
10279 1 1 1 2 1 50 3 118 1 119
10280 2 1 1 2 1 65 1 149 3 168 1 169 2 170 1 180
10281 
10282 
10283 
10284 
10285 
10286 9 15 2 16 2 19 1 20 1 21 1 37
10287 9 15 2 16 2 19 1 20 1 21 1 37
10288 1 1 9 15 2 16 1 18 2 19 1 21 1 53
10289 1 1 9 15 2 16 2 19 1 21 1 37 1 53
10290 9 15 2 16 2 19 1 21 1 37 1 123
10291 9 15 2 16 2 19 1 21 1 23 1 37 3 129
10292 9 15 2 16 2 19 1 21 1 23 1 37 3 129
10293 9 2 2 86
10294 1 62 3 80 2 124
10295 5 80 1 124
10296 1 20 5 80
10298 1 1 3 15 1 32 1 53 1 62
10299 1 13 1 14
10300 
10301 1 1 4 72 2 168 2 170 1 172
10302 3 2 1 3 1 50 3 83
10303 
10304 
10305 
10306 
10307 
10308 
10309 2 1 4 2 2 109
10310 4 1 16 2 2 3
10311 4 1 15 2 2 3
10312 
10313 
10314 3 1 14 2 1 91
10315 6 15 2 16 1 18 1 20 4 168 1 172
10316 
10317 
10318 
10319 
10320 
10321 6 15 1 18 1 37 4 123
10322 
10323 
10324 
10325 5 15 2 16 3 80
10326 
10327 
10328 4 1 1 2 1 50 2 91
10329 6 15 2 16 1 125 1 126
10330 4 1 18 2 2 3
10331 2 15 1 19 3 80
10332 
10333 
10334 2 62 3 80 1 124
10335 4 1 5 2 1 4 1 50
10336 9 15 1 29 1 37 1 64 1 124
10337 8 15 1 20 1 29 1 37 1 64 1 124
10338 8 15 1 20 1 29 1 37 1 64 1 124
10339 7 15 1 20 1 29 1 37 1 64 2 123
10340 7 15 1 20 1 29 1 37 1 64 2 123
10341 7 15 1 29 1 37 1 64 3 123
10342 2 1 8 15 1 29 1 37 2 53 1 64
10343 2 1 7 15 1 20 1 29 1 37 2 53 1 64
10344 2 1 7 15 1 20 1 29 1 37 2 53 1 64
10345 11 15 2 16 1 29 1 37 1 64 1 123
10346 1 2 9 15 1 20 1 21 1 29 1 99
10347 1 2 9 15 1 20 1 21 1 29 1 99
10348 1 1 14 2 1 6 5 15 1 29 1 99
10349 2 1 17 2 1 3 1 29
10350 
10351 
10352 3 2 1 50 1 61 2 79 5 81
10353 
10354 3 1 6 2 1 70
10355 
10356 
10357 
10358 2 81 2 168 1 170 1 179
10359 3 1 1 2 1 61 1 69
10360 
10361 
10362 4 1 9 2 1 50 2 91
10363 
10364 3 15 2 18 3 19 2 62 2 123
10365 8 15 4 16 1 20 1 80
10366 
10367 1 1 2 3 1 29 1 31 1 54 1 88 1 107
10368 1 1 7 15 2 18 1 53 2 80
10369 1 1 10 2 1 41 1 127
10370 1 81 2 168 1 169 1 179
10371 8 15 4 16 1 20 1 80
10372 3 1 1 4 10 15 1 18 1 21 1 67
10373 
10374 6 15 1 18 1 23 4 123 2 130
10375 
10376 1 3 1 31 1 54 1 88 1 107 1 138
10377 
10378 2 1 7 2 4 15 1 22 1 30
10379 1 1 3 2 1 3 2 83
10380 2 15 3 80 1 126
10381 2 1 2 2 1 9 2 128
10382 3 2 1 40 1 68
10383 3 1 1 2 5 15 1 22 1 51
10384 2 1 2 2 1 49 1 168 1 169 1 170 2 179
10385 3 2 1 3 2 29 1 49
10386 1 1 2 2 1 29 1 136
10387 1 1 2 2 1 49 1 136
10388 
10389 5 1 1 3 1 4 1 50
10390 
10391 
10392 
10393 
10394 4 15 2 16 4 80
10395 4 15 2 16 4 80
10396 5 15 2 16 3 80
10397 5 15 2 16 3 80
10398 2 1 1 2 1 3 1 29 4 168 2 169
10399 
10400 13 15 2 18 1 20 1 123 1 162
10401 9 15 2 18 3 20 3 123 1 162
10402 2 1 1 2 13 15 2 18 1 21 1 53 1 162
10403 1 1 13 15 2 18 1 21 1 53 1 108 1 109 1 162
10404 3 1 2 2 1 4 1 5 1 6
10405 2 1 1 2 5 15 1 22 1 50
10406 6 15 1 18 1 25 1 30 3 80
10407 5 80 1 123
10408 5 80 1 126
10409 2 15 1 62 2 80 1 124
10410 1 62 4 80 1 124
10411 4 80 1 123 1 124
10412 1 1 3 2 7 168 3 169
10413 2 1 1 2 1 3 7 168 3 169
10414 1 1 8 168 5 169
10415 1 1 11 2 1 6 1 31
10416 1 2 5 15 1 18 1 29 2 168 2 169 2 179
10417 4 15 1 21 1 53 1 113 1 119
10418 2 1 14 2 1 3 1 29
10419 1 1 1 15 1 62 1 64 3 80 1 81
10420 1 1 2 62 1 64 3 80 1 81
10421 2 1 2 2 3 3 8 15 2 16 2 18 1 19 1 25 2 29 1 31 1 124
10422 1 1 1 2 9 168 7 169
10423 1 1 1 2 7 15 1 37 2 53 1 71 1 124
10424 
10425 
10426 
10427 1 1 1 2 1 57 1 92
10428 2 1 8 2 10 15 2 22
10429 
10430 2 1 3 15 2 16 1 19 1 21 1 98 1 123 1 126
10431 1 1 2 81 3 168 1 169 2 176
10432 
10433 
10434 1 9 2 116 6 119
10435 2 1 1 2 1 90
10436 5 1 1 4 1 107 6 168 5 169 2 170 1 171 1 175 1 180
10437 
10438 4 2 5 83 2 168 1 169 2 170 1 179
10439 
10440 2 1 2 2 2 3 2 83
10441 
10442 1 1 1 3 1 29 1 77 1 109 1 112
10443 9 15 1 20 1 25 1 47
10444 1 3 1 5 1 40 3 168 1 169 1 171
10445 1 3 1 13 1 40 3 168 1 169 1 171
10446 2 1 1 2 1 3 1 40 4 168 2 169
10447 1 1 1 3 1 13 1 40 2 168 2 169 1 171
10448 6 1 2 4 2 168 2 170
10449 
10450 8 15 2 17 1 19 1 97 1 176 2 180
10451 4 1 4 2 4 15 2 22
10452 6 15 2 16 1 18 1 126 4 168 1 172
10453 
10454 
10455 1 2 1 5 10 15 2 18 1 103
10456 4 1 4 2 4 15 2 22
10457 4 1 4 2 4 15 2 22
10458 2 1 1 2 2 3 2 83
10459 3 1 17 2 1 41 1 159
10460 2 1 2 2 7 15 1 18 1 30 1 37 2 53
10461 5 1 9 2 3 3
10462 5 1 10 2 3 3
10463 2 1 2 2 1 3 1 51 10 168 2 169
10464 1 3 2 5 1 51 6 168 2 169 2 171
10465 2 1 3 2 1 3 10 15 1 18 1 22
10466 2 1 3 2 8 15 4 17 1 61 1 168 1 176
10467 5 1 11 2 3 3
10468 1 1 3 15 1 64 2 80 1 81
10469 5 1 12 2 3 3
10470 4 168 2 169 1 180
10471 4 1 2 2 1 3 1 51 8 168 4 169
10472 4 15 2 16 1 62 3 80
10473 5 1 15 2 3 3
10474 4 1 17 2 2 3
10476 7 15 2 18 3 80
10477 4 15 1 37 1 60 1 80 1 81
10478 5 1 14 2 3 3
10479 5 15 2 16 1 62 2 80
10480 5 15 2 16 1 62 2 80
10481 1 1 12 2 9 15 2 18 1 21
10482 6 15 2 16 1 18 1 20 3 168 1 172
10483 
10484 1 1 1 3 1 29 1 33 2 168 2 169 1 171
10485 1 1 1 3 1 5 1 29 2 168 2 169 1 171
10486 
10487 1 1 1 3 1 13 1 29 2 168 2 169 1 171
10488 5 1 7 2 3 3
10489 5 1 8 2 3 3
10490 
10491 
10492 
10493 1 1 5 2 8 15 1 37 2 53 1 123
10494 1 1 7 2 8 15 1 37 2 53 1 123
10495 3 1 5 2 1 3 1 4 2 29
10496 1 3 1 5 1 29 3 168 1 169 1 171
10497 
10498 3 15 1 62 1 80 1 125
10499 6 15 2 18 2 80 2 126
10500 8 15 2 18 1 80 1 126
10501 1 1 7 15 2 18 1 53 2 80
10502 1 1 7 15 2 18 1 53 2 80
10503 1 1 1 3 1 5 1 40 2 168 2 169 1 171
10504 1 2 1 29 1 31 1 55 3 88
10505 2 1 2 2 1 4 4 15 2 29 1 37 1 53
10506 1 1 6 2 13 168 5 169
10507 
10508 5 1 6 2 3 3
10509 2 1 5 168 3 169 2 170 1 171 1 172 1 174 2 180
10510 
10511 
10512 
10513 4 15 1 18 1 123 3 168 1 169 1 175 1 179
10514 1 1 4 15 1 18 1 53 3 168 1 169 1 175 1 179
10515 6 15 2 16 1 18 1 20 4 168 1 172
10516 4 168 1 179 1 182
10517 1 1 4 2 1 3 2 29
10518 
10519 2 1 1 3 2 5 1 51 4 168 4 169 2 171
10520 
10521 1 1 4 2 1 3 2 83
10530 2 1 8 15 2 18 2 21
10531 6 15 2 16 1 18 1 20 3 168 1 172
10532 2 1 1 15 1 22 1 30 3 80
10533 17 15 2 16 3 18 1 103
10534 6 1 8 2 3 3 1 91
10535 10 15 1 18 3 19 1 22 2 71
10536 2 1 1 9 2 60 2 81
10537 2 1 3 2 1 3 1 44
10538 5 1 13 2 3 3
10539 2 1 18 2 1 40 1 42
10540 3 81 2 168 3 176 1 180
10541 
10542 4 1 15 2 2 3
10543 
10544 5 1 16 2 3 3
10545 3 1 17 2 2 3 1 40 1 41
10546 1 1 15 2 1 3 5 15 1 40 1 47
10547 
10548 
10549 
10550 3 1 1 2 1 6 1 7 1 8
10551 
10552 1 1 1 2 9 15 2 17 1 18 1 29 1 67 1 173 1 180
10553 1 1 1 2 8 15 2 17 1 18 1 20 1 29 1 67 1 173 1 180
10554 1 1 1 2 8 15 2 17 1 18 1 20 1 29 1 67 1 173 1 180
10555 1 1 1 2 8 15 2 17 1 18 1 20 1 29 1 67 1 173 1 180
10556 
10557 
10558 
10559 
10560 
10561 
10562 
10563 
10564 
10565 
10566 
10567 
10568 
10569 
10570 1 1 4 2 1 14 1 86
10571 
10572 8 15 1 20 1 32 2 97
10573 1 1 8 15 1 32 1 53 2 97
10574 8 15 1 32 2 97 1 126
10575 1 1 8 15 2 17 1 53 1 97 1 176 2 180
10576 8 15 2 17 1 97 1 126 1 176 2 180
10577 3 1 3 2 1 3 1 41
10578 24 169
10579 
10580 
10581 
10582 
10583 
10584 1 31 2 81 2 168 1 169 1 170
10585 4 81 2 168 2 170
10586 2 31 2 81 2 168 2 170
10587 2 1 7 2 4 15 1 22 1 30
10588 2 1 7 2 4 15 1 22 1 30
10589 2 1 7 2 4 15 1 22 1 30
10590 
10591 4 1 5 15 3 19 1 21 2 23 2 72
10592 4 168 2 170 4 180
10593 2 1 2 2 2 48 1 81 1 130 2 168 2 170
10594 2 81 2 130 6 168 4 170
10595 2 81 6 168 2 169 2 170
10596 4 81 4 168 4 169 2 170
10597 1 1 1 2 1 48 2 81 2 168 1 169 1 170
10598 4 81 6 168 4 170
10599 4 1 18 2 1 42 1 159
10600 4 1 2 2 1 4 1 50
10601 4 1 2 2 1 4 1 50
10602 
10603 
10604 2 1 5 15 1 18 1 168 2 169 1 176 1 179
10605 
10606 
10607 
10608 10 15 1 18 1 22 1 81 2 168 1 169 1 176
10609 3 1 1 4 2 81 2 168 1 170 1 176
10610 10 15 1 18 1 22 2 81 2 168 1 170 1 176
10611 10 15 1 18 1 22 1 127 2 168 1 169 1 176
10612 
10613 
10614 4 1 2 2 2 103
10615 
10616 
10617 1 49 2 116 1 118 3 119
10618 
10619 
10620 
10621 1 9 2 81 2 127
10622 2 1 2 2 1 9 2 58 2 81
10623 1 9 10 15 2 63 2 81
10624 
10625 
10626 
10627 
10628 
10629 1 4 15 15 3 53 1 78 1 81
10630 1 1 1 2 7 15 2 18 1 21 2 124
10631 
10632 1 1 1 4 10 15 1 18 1 22 2 33
10633 
10634 
10635 1 15 2 18 8 19 2 62 3 80
10636 4 1 5 15 1 18 2 169 1 170 1 176 1 179
10637 1 18 3 80 2 123 5 168 1 176
10638 
10639 
10640 1 52 1 114 1 118 1 119 2 129
10641 1 50 2 118 2 119
10642 
10643 1 1 1 2 4 15 2 17 3 168 1 170 1 175 1 178 1 179
10644 1 9 2 65 2 81
10645 2 1 6 2 1 118
10646 
10647 1 2 5 15 1 21 1 117
10648 
10649 3 1 12 2 1 91
10650 
10651 9 15 1 21 1 71 1 147
10652 
10653 
10654 
10655 
10656 1 50 2 118 2 119
10657 6 1 4 3 3 50 1 136
10658 4 1 4 15 1 23 1 64 1 81
10659 
10660 1 1 4 15 1 64 1 81 1 125
10661 2 1 5 2 4 15 1 18 1 21 4 168 2 169
10662 
10663 
10664 
10665 6 15 1 18 1 25 4 80
10666 1 1 1 2 1 3 1 13 1 29
10667 1 1 1 2 1 4 10 15 1 18 1 22 2 33
10668 1 1 2 2 1 4 10 15 1 18 1 22 2 33
10669 1 1 10 15 1 18 1 22 3 168 1 170 2 180
10670 
10671 1 1 10 15 1 18 1 22 2 168 1 170 2 180
10672 1 1 1 2 10 15 1 18 1 22 2 168 1 170 2 180
10673 
10674 1 8 1 31 6 118 1 119 1 129
10675 
10676 4 1 10 15 2 18 4 168 4 170 4 179
10677 4 1 3 2 1 43 2 48
10678 3 1 10 15 1 18 1 22 1 43 2 48
10679 
10680 
10681 1 50 1 117 1 118 1 119
10682 4 1 1 4 3 168 2 170 3 179
10683 
10684 1 119 3 129 2 170 2 179 2 180
10685 1 50 1 117 2 118 1 119
10686 1 50 1 117 3 118 1 119
10687 1 50 3 118 2 119
10688 2 81 1 100
10689 
10690 2 1 5 15 1 18 3 168 1 169 2 170 2 179
10691 1 49 4 118 1 119
10692 1 1 1 50 4 118 1 119
10693 3 1 3 2 10 15 1 18 1 22 1 43 2 48
10694 1 50 2 118 1 119 1 129
10695 1 1 1 4 1 50 3 119
10696 5 1 1 2 4 15 1 22 1 23 1 61 1 72
10697 1 2 15 15 2 18 1 23 1 114
10698 1 1 10 15 2 21 1 116
10699 15 15 3 21 1 116
10700 15 15 2 21 1 23 1 129
10701 1 2 15 15 2 18 1 23 1 117
10702 
10703 
10704 1 1 1 2 1 52 2 119 1 129
10705 
10706 3 1 1 2 1 9 1 128
10707 1 49 1 116 2 118 2 119
10708 1 1 1 50 1 116 2 118 2 119
10709 2 1 2 2 4 15 1 23 1 80 1 81
10710 1 1 4 2 1 3 2 83
10711 
10712 2 1 5 15 1 18 1 168 2 169 1 176 1 179
10713 2 1 6 168 2 169 2 170 2 179
10714 2 1 2 18 2 19 6 126
10715 2 1 2 18 2 19 2 123 4 126
10716 
10717 
10718 
10719 
10720 3 15 1 37 1 60 2 80 1 81
10721 3 15 1 37 1 60 2 80 1 81
10722 3 15 1 37 1 60 2 80 1 81
10723 1 30 5 80
10725 
10726 1 2 1 52 3 119 1 129
10727 2 1 12 15 2 37 2 53 2 63
10728 2 1 2 18 2 19 3 123 3 126
10729 2 1 2 18 2 19 1 123 5 126
10730 1 52 1 115 2 119 2 129
10731 1 2 1 52 1 117 2 119 1 129
10732 
10733 
10734 2 1 1 7 3 168 1 169 1 172
10735 2 1 2 3 2 29
10736 4 15 1 19 1 141
10737 2 1 1 136
10738 1 171 1 174
10739 1 1 4 15 1 62 1 107 1 154
10740 1 168 1 177
10741 2 1 8 15 2 18 2 53 2 66
10742 1 1 1 164 5 168 1 169
10743 1 72
10744 3 1 4 15 1 21 1 64
10745 2 128 1 148
10746 2 1 1 2 1 8 1 38
10747 1 5 1 33
10748 10 15 2 147
10749 
10750 3 1 2 2 1 4 1 8 1 13 1 29
10751 3 1 1 3 4 15 1 21 1 22 1 38
10752 
10753 1 119 1 121
10754 
10755 1 1 9 15 1 47 1 50 1 63 1 98
10756 8 15 1 20 1 47 1 49 1 63 1 98
10757 
10758 1 1 1 117 1 118
10759 
10760 
10761 
10762 
10763 
10764 
10765 
10766 
10767 
10768 1 1 1 2 1 5 5 15 1 64
10769 
10770 3 1 1 4 1 131 1 149
10771 4 1 1 2 1 3 1 6 1 8
10772 
10773 
10774 6 1 3 15 2 17 1 23 1 168 1 169 1 170
10775 2 1 11 2 1 50
10776 3 1 1 2 1 7 1 8
10777 5 1 5 2 3 3 4 50
10778 4 1 1 18 3 19 2 64 4 168 1 175 1 176
10779 3 1 5 2 1 110
10780 4 1 1 18 3 19 1 38 2 64 4 168 2 176
10781 
10782 
10783 
10784 
10785 
10786 2 1 1 3 4 19 1 24
10787 
10788 
10789 
10790 
10791 4 1 7 15 1 18 1 21 1 22 1 23 1 30 1 49
10792 
10793 4 1 1 15 2 17 2 20 1 22 2 168 1 170
10794 
10795 2 1 4 168 1 170 2 179
10796 
10797 12 168 2 170 4 179
10798 3 1 2 8 4 15 1 18 1 20
10799 6 15 1 18 1 53 4 126
10800 3 15 1 18 1 53 7 126
10801 2 1 3 2 1 3 1 50 1 134
10802 1 1 4 2 1 5 2 41
10803 6 1 8 15 2 18 2 23
10804 1 129 1 137
10805 1 1 8 15 2 18 1 21 1 126
10806 2 1 6 15 2 16 2 21
10807 3 1 5 2 1 3 1 41
10809 18 169
10810 14 169
10811 2 1 6 15 2 16 2 17 2 48 1 169 1 172 1 179
10812 6 1 2 4 6 15 2 16 2 17 2 48 1 169 1 172 1 179
10813 2 1 1 29 1 33 1 167 6 168 4 169 2 170 1 172 1 180
10814 1 50 2 117 1 118
10815 3 1 1 2 2 3 1 6 1 29
10816 1 1 3 2 7 15 1 37 2 53 1 71 1 124
10817 1 1 4 2 7 15 1 37 2 53 1 71 1 124
10818 1 1 5 2 7 15 1 37 2 53 1 71 1 124
10819 1 1 6 2 7 15 1 37 2 53 1 71 1 124
10820 1 1 6 2 7 15 1 37 2 53 1 71 1 124
10821 1 1 2 2 7 15 1 37 2 53 1 71 1 124
10822 1 1 6 2 7 15 1 21 1 37 1 53 1 71 1 124
10823 1 1 2 2 7 15 1 37 2 53 1 71 1 124
10824 1 1 3 2 7 15 1 37 2 53 1 71 1 124
10825 1 1 4 2 7 15 1 37 2 53 1 71 1 124
10826 1 1 5 2 7 15 1 37 2 53 1 71 1 124
10827 3 118 1 119 7 129 4 170 1 179
10829 2 1 2 2 1 8 5 15 1 18
10830 1 1 9 2 1 3 2 29 1 144
10831 1 1 11 2 1 3 2 29 1 144
10832 2 1 12 2 1 4 2 29 1 144
10833 4 1 3 2 2 3
10834 4 1 3 2 2 3
10835 3 1 5 2 1 3
10836 2 1 5 2 1 3 1 29
10837 2 1 9 2 1 3 1 29
10838 2 1 11 2 1 3 1 29
10839 3 1 7 2 1 3
10840 3 1 9 2 1 3
10841 3 1 11 2 1 3
10842 2 1 2 2 2 3 2 29
10843 1 1 2 2 5 15 1 22 1 29
10844 4 1 1 2 1 4 1 109
10845 
10846 8 15 1 18 1 53 2 126
10847 1 1 3 168 1 172 1 175
10849 8 15 1 18 1 53 2 126
10850 
10851 
10852 2 1 9 2 3 6 1 41
10853 
10854 
10855 
10856 
10857 
10858 
10859 
10860 
10861 
10862 
10863 
10864 
10865 
10866 
10867 
10868 
10869 
10870 
10873 
10876 
10877 
10878 
10879 
10880 
10884 
10885 
10887 
10888 
10891 
10895 1 156
10896 
10897 
10898 2 1 3 2 1 6 1 8 1 29
10899 4 1 1 2 2 3 1 4 2 29
10901 1 1 1 131
10902 1 1 2 2 1 131
10903 1 6 10 15 2 25
10904 1 1 1 131 1 132
10905 2 6 10 15 2 25
10906 2 131
10907 4 15 1 19 1 133
10908 2 1 2 132
10909 1 8 1 108 2 130
10910 1 1 9 15 1 18 1 25 1 53
10911 3 1 1 2 1 8 1 34
10912 4 1 1 2 1 3 1 8
10913 
10914 2 1 2 2 1 6 1 34
10915 1 6 2 108
10916 2 1 2 48 2 168 2 169
10917 1 1 1 29 4 168 3 169 1 176
10918 6 168 4 169
10919 2 1 2 2 1 3 1 127
10920 5 15 1 22 1 29 2 168 1 169
10921 
10922 9 130 5 169 3 170 1 173
10923 3 29 1 168 5 169 2 179
10924 5 15 1 22 1 29 4 168 1 169
10925 1 1 1 31 1 55 1 88
10927 1 2 1 6 1 108 1 130
10928 6 1 1 3 1 4 1 8
10929 6 168 1 171
10930 1 1 1 8 5 15 1 18 1 38
10931 2 1 4 2 10 15 2 37 2 67
10932 
10933 
10934 
10935 2 1 3 15 1 19 1 21 1 25
10936 
10937 
10938 
10939 
10940 1 1 1 3 1 31 1 57
10941 1 1 2 3 1 29 1 31 1 54 1 107
10942 5 29 1 49 6 169
10943 
10944 1 2 1 3 4 29 3 169 1 179 1 180
10945 4 1 2 8
10946 2 31 2 55 2 144
10947 6 168 4 169
10948 
10949 2 2 5 3 7 29
10950 
10951 
10952 
10953 1 168 4 169 1 171 1 175 2 180
10954 1 50 1 115 1 117 2 118 1 119
10955 1 1 2 2 1 31 1 55
10956 2 1 2 2 1 3 1 29 1 55
10957 1 1 4 168 3 169
10958 2 1 7 2 1 3 1 29
10959 2 1 4 168 2 169 1 170
10960 2 1 4 168 2 169 1 170
10961 1 1 2 2 1 6 1 128
10962 1 1 2 2 1 6 1 128
10963 1 1 5 168 3 169
10964 1 1 5 168 3 169
10965 
10966 
10967 
10968 2 1 4 2 2 109
10969 2 2 10 15 1 18 1 23 2 31
10970 
10971 
10972 2 1 13 2 2 6 1 41
10973 2 29 6 168 6 169 2 170
10974 2 1 11 2 3 6 1 41
10975 5 1 1 2 1 4 1 42
10976 1 1 1 2 1 60
10977 1 8 10 15 1 18 1 37 1 142
10978 
10979 
10980 1 1 1 2 9 15 1 29 1 37 1 53 1 64
10981 1 1 1 2 8 15 1 20 1 29 1 37 1 53 1 64
10982 
10983 
10984 8 15 1 29 1 37 1 64 1 123 1 126
10985 11 15 2 16 1 20 1 29 1 37 1 64
10986 11 15 2 16 1 29 1 37 1 64 1 123
10987 
10988 1 2 8 15 1 29 1 53 1 99 2 123
10989 
10990 16 15 2 16 4 18
10991 
10992 
10993 
10994 
10995 8 15 1 18 1 63 1 66 2 80
10996 2 1 1 86 1 168 1 169 1 170
10997 2 1 4 15 1 21 1 71 1 159
10998 1 1 1 2 5 118 1 119
10999 
11000 16 15 2 16 4 18
11001 1 6 2 81
11002 
11003 
11004 
11005 
11006 11 15 2 18 3 20 1 123 1 162
11007 
11008 2 1 1 2 11 15 2 18 2 20 1 21 1 53 1 162
11009 1 1 2 2 7 168 3 169
11010 2 2 8 15 2 27 2 53
11011 
11012 
11013 3 2 8 15 2 27 2 53
11014 4 2 8 15 2 27 2 53
11015 10 2 8 15 2 27 2 53
11016 6 2 8 15 2 27 2 53
11017 1 3 7 15 2 16 1 22 1 31 2 128
11018 5 2 8 15 2 27 2 53
11019 
11020 
11021 1 2 1 49 1 83 1 88
11022 
11023 3 1 14 2 1 41 1 161
11024 
11025 1 1 1 2 1 31 1 55 1 88
11026 
11027 
11028 3 1 9 2 1 41 1 159
11029 
11030 3 1 18 2 1 41 1 159
11031 1 1 7 2 1 5 8 15 2 18 2 21
11032 1 1 3 2 1 5 8 15 2 18 2 21
11033 1 2 2 31 1 55 2 88
11034 5 2 8 15 2 53 2 126
11035 8 2 8 15 2 53 2 126
11036 9 2 8 15 2 53 2 126
11037 10 2 8 15 2 53 2 126
11038 12 2 8 15 2 53 2 126
11039 4 1 2 2 2 4 8 15 2 28 2 29 2 53
11040 4 1 3 2 2 4 8 15 2 28 2 29 2 53
11041 4 1 4 2 2 4 8 15 2 28 2 29 2 53
11042 
11043 
11044 
11045 
11046 
11047 
11048 8 2 8 15 2 27 2 53
11049 9 2 8 15 2 27 2 53
11050 12 2 8 15 2 27 2 53
11051 2 13 8 15 1 18 2 47 1 147
11052 2 13 6 15 2 16 2 47
11053 2 13 8 15 1 18 2 47 1 53
11054 
11055 2 13 6 15 2 16 2 47
11056 2 13 8 15 1 18 2 47 1 154
11057 2 13 6 15 2 16 2 47
11058 1 1 8 15 1 20 1 21 1 45 1 154
11059 2 1 8 15 1 21 1 45 1 53 1 154
11060 1 1 8 15 1 21 1 45 1 62 1 154
11061 1 1 8 15 1 21 1 45 1 123 1 154
11062 1 1 8 15 1 21 1 45 1 126 1 154
11063 1 1 8 15 1 21 1 45 1 80 1 154
11064 2 1 8 15 1 21 2 45 1 154
11065 1 1 1 2 8 15 1 20 1 21 1 45 1 154
11066 2 1 1 2 8 15 1 21 1 45 1 53 1 154
11067 1 1 1 2 8 15 1 21 1 45 1 62 1 154
11068 1 1 1 2 8 15 1 21 1 45 1 123 1 154
11069 1 1 1 2 8 15 1 21 1 45 1 126 1 154
11070 1 1 1 2 8 15 1 21 1 45 1 80 1 154
11071 2 1 1 2 8 15 1 21 2 45 1 154
11072 3 1 16 2 1 41 1 159
11073 
11074 
11075 
11076 
11077 
11078 
11079 
11080 
11081 
11082 2 81 6 169 2 176 4 179
11083 6 81 6 169 6 176
11084 4 168 1 181 1 182
11085 2 1 2 3 1 29 1 83
11086 
11087 
11088 
11089 
11090 
11091 
11092 
11093 1 2 1 3 4 29 1 169 1 173 1 179 1 180
11095 1 2 4 3 5 29 1 38
11096 
11097 1 108 1 111
11098 2 3 2 29 2 31
11099 2 1 1 6
11100 3 1 1 2 2 3 1 40
11101 2 2 1 6 2 29
11102 3 1 3 168 1 169 2 170 1 180
11103 5 1 3 2 2 3 10 168 5 169 2 170
11104 2 2 10 15 2 37
11105 1 1 5 15 2 17 1 18 3 30 1 53 1 168 1 169 1 179 1 180
11106 
11107 2 1 4 168 2 169
11108 14 15 4 16 1 18 1 21
11109 1 116 2 118 3 119
11110 1 1 6 2 1 131
11111 
11112 2 2 2 117 2 118 1 164
11113 
11114 
11115 
11116 3 1 1 29 1 168 3 169 1 170 1 172
11117 1 50 1 117 1 119
11118 2 50
11119 4 1 1 6 2 8
11120 2 1 1 2 1 29 1 149 3 168 1 169 2 170 1 180
11121 2 15 1 62 2 80 1 123
11122 
11123 
11124 3 1 5 15 1 23 2 50
11125 1 1 1 31 1 55 3 88
11126 1 1 1 61
11127 
11128 
11129 
11130 3 1 1 44 3 168 2 169 2 170
11131 
11132 1 81 1 130
11133 
11134 2 1 6 15 2 16 1 22 1 31 1 53
11135 
11136 
11137 
11138 
11139 1 1 5 15 1 18 1 72 1 167
11140 1 6 1 119 1 129
11141 1 1 7 2 4 29 1 50 5 169 1 179
11142 
11143 
11144 
11145 1 1 5 2 8 15 2 18 1 53 1 66 1 71
11146 2 1 1 2 1 29 1 149 3 168 1 169 2 170 1 180
11147 2 1 1 2 1 130 1 149 3 168 1 169 2 170 1 180
11148 1 1 2 2 1 3 1 31 1 55 1 86 1 107
11149 2 1 1 2 1 65 1 149 3 168 1 169 2 170 1 180
11150 1 1 1 31 1 35 1 138 3 168 1 169 1 176
11151 
11152 
11153 2 1 9 2 6 6 1 48
11154 3 81 2 168 1 170 1 176
11155 
11156 2 1 1 4 2 50
11157 
11158 
11159 2 1 2 15 3 20 1 22
11160 3 1 2 2 1 7 1 8
11161 6 2 1 3 5 15 1 21 9 168 2 169
11162 1 1 1 2 5 15 1 21 1 60
11163 2 1 4 15 1 22 1 32
11164 1 1 5 2 1 6 1 13
11165 2 2 5 15 1 21 4 168 1 169
11166 5 15 2 16 3 20
11167 5 15 2 16 3 20
11168 
11169 
11170 1 1 2 2 4 15 1 21 1 30
11171 
11172 2 1 1 168 2 169 2 179
11173 3 1 7 2 1 4 1 29
11174 4 1 2 15 4 45
11175 1 2 1 41 1 108 1 130
11176 6 2 1 8 1 108 2 130
11177 2 1 2 2 1 3 4 168 1 172
11178 2 1 1 3 3 168 1 169 1 171
11179 8 15 2 18 2 20
11180 2 1 15 2 4 15 1 20 1 22
11181 2 1 3 15 1 20 1 22 1 126
11182 4 15 2 18 6 20
11183 2 1 2 168 2 172
11184 5 15 1 21 4 168 1 172
11185 1 2 1 29 4 168 1 172
11186 2 1 1 3 4 15 1 20 1 21
11187 2 1 11 2 1 41
11188 2 1 11 2 1 41
11189 2 1 17 2 1 3 4 168 1 169
11190 2 1 12 2 1 88
11191 11 15 2 16 1 18 1 30 1 37
11192 2 1 14 2 2 41
11193 
11194 3 1 16 2 1 3
11195 8 2 2 33
11196 2 1 1 110 1 113
11197 1 1 6 2 5 15 1 45
11198 1 1 2 2 4 168 1 176
11199 2 2 9 15 2 18 1 29 1 53
11200 2 1 7 2 1 109
11201 4 1 6 2 2 3
11202 1 1 1 2 1 6 1 49
11203 1 1 3 2 3 168 1 169 1 179
11204 1 1 1 2 5 15 1 25
11205 2 1 2 2 1 3 4 168 1 169
11206 1 38 2 168 1 169 1 171 1 179
11207 
11208 1 1 3 2 1 7 1 130
11209 4 128 4 169
11210 1 49 7 168 1 169 1 173
11211 9 15 1 18 1 37 1 126
11212 4 1 4 2 4 15 2 22
11213 1 3 2 33 6 168 3 169 1 170
11214 1 1 4 2 5 168 1 176
11215 6 1 1 2 1 3 1 4 1 8
11216 2 1 12 2 1 41
11217 2 2 5 15 1 53 1 134
11218 
11219 1 1 1 2 1 7 1 108
11220 2 1 2 2 1 3 1 33
11221 2 1 4 2 1 3 1 5 1 50
11222 3 1 2 2 1 8
11223 2 1 2 168 2 169 2 175
11224 2 1 5 2 1 3 1 29
11225 1 5 1 49
11226 4 168 2 171
11227 1 29 1 44
11228 2 15 2 17 2 20 3 168
11229 2 2 1 5 5 15 1 21
11230 2 15 2 17 2 20 4 168
11231 3 1 4 15 1 23 1 32
11232 
11233 4 15 2 24
11234 3 1 5 2 1 42 1 48
11235 3 1 7 2 1 42 1 48
11236 
11237 4 1 2 3 1 7
11238 2 1 9 2 1 41
11239 1 1 1 168 1 169 1 171
11240 1 2 1 29 3 168 1 172
11241 2 15 1 19 3 20
11242 1 1 3 15 1 20 1 21 1 30
11243 1 1 4 15 1 20 1 26
11244 2 1 1 7 4 168 2 169
11245 
11246 2 1 1 2 1 3 5 15 1 53
11247 10 168 1 171
11248 1 1 5 2 5 15 1 53
11249 1 1 2 2 7 15 2 16 1 21
11250 18 15 6 18
11251 
11252 4 1 2 2 2 4 2 29
11253 6 1 2 3 1 4
11254 5 1 3 2 1 3 1 4
11255 5 1 3 2 1 3 1 4
11256 6 2 2 49 4 50
11257 2 1 3 168 2 169
11258 3 1 1 2 1 167
11259 
11260 2 1 2 2 5 15 1 22 1 48
11261 5 1 4 15 2 17 1 169 2 170
11262 
11263 4 1 2 2 1 3 1 4 1 29
11264 2 1 17 2 1 41
11265 5 1 2 2 3 3 2 50
11266 3 168 1 171 1 181
11267 2 1 8 15 2 18 2 21
11268 2 1 8 15 2 18 2 21
11269 2 1 4 2 1 3 1 5
11270 3 1 1 2 1 3 1 6
11271 2 1 7 2 1 7
11272 1 1 1 2 6 168 1 169
11273 9 168 1 171
11274 2 1 10 2 1 3 5 168 1 169
11275 1 1 1 2 7 168 1 169
11276 1 1 3 2 3 168 1 169
11277 5 20 1 80
11278 11 15 2 16 1 18 1 20 1 154
11279 3 1 11 2 1 3
11280 2 1 1 2 1 3 5 15 1 147
11281 1 1 4 2 1 49 1 50
11282 2 1 1 2 1 3 1 41 1 130
11283 3 1 1 2 1 4 1 13
11284 3 1 3 15 1 23 1 30 1 123
11285 4 1 1 2 1 3 1 4 1 5
11286 3 1 17 2 1 3
11287 3 1 24 2 1 3
11288 4 1 4 2 2 3
11289 6 1 4 3
11290 3 2 2 33
11291 8 15 1 18 2 20 1 21
11292 2 1 4 15 2 17 3 168 1 170
11293 
11294 1 1 7 2 4 15 1 21 1 30
11295 1 1 1 49 2 168 2 172
11296 1 2 2 13 1 144
11297 2 1 3 15 1 20 2 21
11298 7 168 2 169
11299 1 1 3 2 4 15 1 19 1 45
11300 
11301 1 1 1 128 4 168 2 169
11302 2 1 2 2 4 168 2 169
11303 2 1 10 2 2 41
11304 2 15 2 17 2 20 4 168
11305 2 1 4 2 1 3 1 7 1 38
11306 3 1 1 5 1 9
11307 
11308 1 1 8 2 7 15 2 16 1 21
11309 3 1 2 2 1 4 1 40
11310 4 1 3 15 2 22 1 124
11311 2 1 1 14 1 50
11312 2 1 3 15 2 17 1 20 2 168 1 170
11313 2 1 13 2 1 41
11314 1 1 1 2 4 15 1 21 1 53 1 128
11315 1 1 1 2 1 5 1 6
11316 1 1 2 3 3 128
11317 8 15 4 17 4 168
11318 2 1 1 4 1 29 4 168 1 169
11319 2 1 4 2 1 4 2 29
11320 1 1 3 2 1 29 4 168 1 170
11321 
11322 5 1 1 3 1 4 1 34
11323 15 2 2 29
11324 1 1 1 168 1 172 2 179
11325 3 1 22 2 1 3
11326 2 1 4 2 1 3 1 33
11327 2 1 1 2 3 15 2 20 1 22
11328 1 1 3 2 8 15 4 16 1 19
11329 
11330 10 168 1 171
11331 1 1 2 168 1 171 1 172
11332 1 1 2 168 1 171 1 172
11333 4 1 2 2 2 3 2 34
11334 1 115 2 127
11335 2 1 1 6 1 7
11336 1 1 1 2 1 3 10 15 2 21
11337 1 1 7 2 4 168 1 172
11338 
11339 1 1 4 2 1 8 10 15 2 18
11340 2 1 1 3 1 4 3 128
11341 1 48 1 119 5 168 1 169
11342 1 1 1 2 5 15 1 25
11343 3 1 13 2 1 3
11344 7 2 1 108 1 113
11345 
11346 
11347 1 1 1 6 1 13
11348 1 1 4 2 1 6 1 31
11349 2 1 1 2 1 6 1 48
11350 3 1 1 2 1 3 1 6
11351 4 1 5 2 1 4
11352 1 1 17 2 4 15 1 32 1 53
11353 3 2 1 5 5 15 1 21
11354 2 1 4 2 1 7
11355 1 1 4 2 4 15 1 20 1 21
11356 1 1 4 2 4 15 1 20 1 21
11357 1 1 2 2 4 15 1 20 1 21
11358 2 1 1 2 4 15 1 20 1 22
11359 4 15 2 16 4 20
11360 1 2 5 15 1 21 5 168 1 169
11361 2 2 1 29 1 83
11362 9 168 2 169
11363 1 1 1 2 1 6 5 15 1 21
11364 1 1 1 6 1 130
11365 1 1 1 6 1 130
11366 1 1 1 2 1 7 1 31
11367 1 1 1 2 1 6 1 31
11368 2 1 3 15 2 17 1 20 2 168 1 170
11369 3 1 6 2 1 91
11370 1 6 2 129
11371 10 15 2 16 2 19 1 21 1 37
11372 3 1 8 2 1 3
11373 8 15 1 18 2 20 1 21
11374 2 1 4 168 1 170
11375 3 15 2 17 1 30 3 168
11376 2 1 9 2 1 7
11377 1 1 1 2 1 7 1 72
11378 2 7 2 130
11379 3 1 9 2 1 4 1 29
11380 1 1 3 2 7 168 1 169
11381 3 1 1 3 4 168 2 169
11382 3 1 1 3 5 168 1 170
11383 2 1 4 2 1 6 1 50
11384 2 1 4 2 1 6 1 50
11385 2 1 2 2 4 168 1 170
11386 11 15 2 16 2 18 1 19
11387 2 1 1 3 7 15 2 16 1 21
11388 2 1 4 168 1 173
11389 5 1 2 2 1 3 1 4
11390 7 1 1 3 2 4
11391 7 1 1 3 2 4
11392 2 1 1 2 4 168 1 170
11393 2 130 4 168 2 169
11394 1 1 2 15 1 30 1 53 2 123
11395 2 1 6 15 2 16 1 20 1 22
11396 10 168 6 169
11397 1 1 3 15 1 20 1 21 1 30
11398 9 15 1 18 1 25 1 80
11399 4 1 1 4 1 6 1 50
11400 2 1 9 2 1 50
11401 2 1 4 15 2 17 1 168 2 169
11402 8 15 2 18 2 20
11403 1 1 6 15 2 16 1 20 1 21
11404 1 1 6 15 2 16 1 20 1 21
11405 1 1 1 2 3 15 2 20 1 21
11406 1 1 3 15 2 17 1 20 2 168 1 169
11407 1 1 6 15 2 16 1 20 1 21
11408 3 1 3 2 1 3 1 50
11409 3 1 4 2 1 3 1 50
11410 2 1 11 2 1 50
11411 
11412 1 1 1 2 1 8 10 15 2 18
11413 4 1 7 2 2 3
11414 4 1 5 2 1 4
11415 4 1 5 2 1 4
11416 3 1 8 2 1 3
11417 4 1 7 2 1 4
11418 3 1 9 2 1 3
11419 3 1 9 2 1 3
11420 3 1 9 2 1 3
11421 4 1 8 2 1 4
11422 4 1 8 2 1 4
11423 4 1 8 2 1 4
11424 3 1 1 2 1 4 5 15 1 21
11425 4 15 2 16 2 19 1 20 1 94
11426 4 15 1 20 1 47 1 119
11427 2 1 1 3 5 15 1 26
11428 6 168 2 169
11429 
11430 2 1 3 168 1 169 1 172
11431 4 168 2 171
11432 1 1 1 5 2 6
11433 3 1 2 15 2 20 1 23 1 30
11434 3 1 1 9 1 130
11435 
11436 2 1 4 2 1 58
11437 1 1 2 15 3 20 1 21
11438 1 1 7 2 4 50 1 134
11439 
11440 1 77 1 130
11441 
11442 6 1 6 2 6 169
11443 1 1 7 2 4 168 1 169
11444 1 1 13 2 4 168 1 169
11445 2 1 1 2 1 3 4 15 1 21 1 30
11446 1 1 2 7 1 130
11447 1 1 2 15 1 30 1 53 2 123
11448 1 1 3 15 1 19 1 20 1 21
11449 2 1 10 2 4 15 2 45
11450 4 15 1 18 1 20 4 168 1 172
11451 4 1 1 2 1 4 1 7
11452 
11453 4 1 2 8
11454 2 1 1 5 5 15 1 23
11455 2 1 14 2 1 34
11456 1 1 2 15 2 20 1 21 1 30
11457 1 1 2 2 1 34 5 168 1 176
11458 3 1 3 2 1 4 1 6 1 29
11459 2 1 3 2 1 3 1 38
11460 2 1 6 2 1 50
11461 4 1 2 2 2 3 4 15 2 45
11462 1 1 2 108 1 110
11463 
11464 2 1 1 7 4 168 2 169
11465 1 1 23 2 1 5
11466 1 1 25 2 1 5
11467 3 1 14 2 1 3
11468 3 1 1 7 1 8
11469 3 168 1 171 1 174
11470 1 1 3 15 2 20 1 26
11471 3 108 1 110
11472 
11473 
11474 1 1 1 2 1 60 1 81
11475 1 2 15 15 1 18 1 21 1 22
11476 
11477 3 1 20 2 1 3
11478 2 1 2 2 3 168 2 169
11479 2 1 6 2 1 6
11480 2 15 1 30 2 123 1 126
11481 4 15 1 18 1 30 5 168 1 169
11482 4 1 3 2 1 4 1 14
11483 4 1 1 2 2 3 1 14
11484 4 1 2 2 1 9
11485 1 1 6 15 2 16 1 19 1 21
11486 
11487 2 1 6 2 1 50
11488 2 1 1 2 3 168 1 173
11489 4 1 2 2 1 3 1 4 1 29
11490 4 1 2 2 1 9
11491 2 1 2 2 1 5 5 15 1 23
11492 1 1 12 15 4 18 1 19 1 53
11493 3 1 2 2 5 15 1 23
11494 3 1 2 2 5 15 1 23
11495 3 1 2 2 1 4 1 31
11496 2 1 1 2 4 15 2 21
11497 2 1 1 2 4 15 2 21
11498 2 15 2 17 2 20 4 168
11499 5 1 4 15 1 22 1 23
11500 1 1 2 2 1 7 1 128
11501 1 1 1 6 1 13
11502 2 1 5 168 1 173
11503 2 1 6 2 1 6
11504 1 14 1 119 1 129
11505 2 1 6 2 5 15 1 22
11506 1 1 1 2 1 5 1 6
11507 1 1 1 2 7 15 2 16 1 21
11508 2 1 5 2 1 58
11509 1 2 1 108 1 111
11510 3 15 2 20 1 24
11511 2 1 22 2 1 41
11512 1 29 3 168 1 169 1 174
11513 4 1 2 2 1 4 1 41
11514 4 1 3 2 1 3 1 8
11515 2 1 8 2 1 164
11516 4 1 3 2 2 3 1 34
11517 4 1 4 2 2 3 2 48
11518 3 1 6 2 1 4 1 29
11519 2 1 2 2 1 3 5 15 1 63
11520 3 1 3 2 1 14 1 110
11521 1 1 5 2 1 83
11522 1 1 3 2 1 4 1 29 2 49
11523 5 15 2 16 1 19 2 20
11524 3 1 2 2 1 8
11525 
11526 3 1 3 2 1 3 1 34
11527 4 1 8 2 2 3
11528 3 1 1 48 1 169 1 173
11529 2 1 2 2 1 3 1 13
11530 4 1 2 8
11531 3 1 5 2 1 8
11532 5 15 2 16 3 20
11533 4 15 2 16 4 20
11534 1 1 19 2 1 134
11535 1 5 4 168 3 169
11536 1 1 3 15 1 19 1 20 1 21
11537 2 1 2 2 1 112
11538 1 1 13 2 1 5 1 48
11539 1 1 2 168 1 169 1 179
11540 2 15 2 17 2 20 4 168
11541 3 1 4 15 2 17 1 170 1 172
11542 4 1 2 3 5 15 1 22
11543 3 1 2 2 1 3 1 41
11544 1 1 6 2 5 168 1 176
11545 9 2 2 5
11546 12 2 2 5
11547 8 168 1 171
11548 2 1 11 2 1 3 1 29
11549 
11550 
11551 
11552 1 1 1 2 5 15 1 21 1 58
11553 1 1 1 2 1 7 1 130
11554 2 2 1 14 2 128
11555 3 1 3 15 1 20 1 23 1 30
11556 1 1 3 15 1 20 1 21 1 30
11557 1 1 2 15 2 20 1 21 1 30
11558 5 1 1 2 1 4 3 15 1 20 1 23 1 30
11559 1 1 1 7 1 111
11560 9 15 2 17 1 18 2 168 1 169
11561 4 1 2 2 1 9 1 34
11562 4 1 3 2 1 4 1 34
11563 1 1 1 40 1 48 1 81 1 169 1 170 1 171 1 179
11564 1 1 1 2 1 7 1 49
11565 1 1 2 168 1 169 1 181
11566 4 15 2 16 1 19 3 20
11567 1 1 3 15 2 17 1 21 4 168
11568 2 15 2 19 2 123
11569 2 1 3 15 2 20 1 22
11570 1 1 1 2 4 15 2 21 1 29
11571 3 1 4 2 1 42
11572 1 6 1 129 1 130
11573 1 6 1 129 1 130
11574 2 1 1 70 5 168 1 176
11575 2 1 3 15 2 17 1 20 2 168 2 169
11576 9 15 4 16 1 19
11577 2 1 2 2 4 15 1 20 1 22
11578 2 1 14 2 1 41
11579 2 1 14 2 1 41
11580 4 1 1 2 1 4 1 41
11581 4 1 2 2 1 4 1 14
11582 11 15 6 16 1 20
11583 1 1 8 2 1 87
11584 1 1 3 2 2 168 1 176 1 179 1 180
11585 2 1 2 15 2 17 2 20 3 168 1 170
11586 3 1 6 2 1 8
11587 
11588 
11589 3 1 8 2 1 4 1 29
11590 3 1 1 2 1 61 1 149
11591 1 1 3 2 1 10
11592 1 49 4 168 3 169
11593 2 1 8 15 4 16 2 53
11594 3 1 5 168 3 169 2 170
11595 3 1 2 2 1 8 2 48
11596 2 1 1 5 1 42
11597 2 1 1 2 1 4 2 5
11598 2 1 3 2 1 3 1 137
11599 
11600 3 1 20 2 1 8
11601 1 7 1 108 1 109 1 130
11602 2 1 20 2 2 41
11603 5 15 2 16 1 19 2 20
11604 4 15 2 16 1 19 3 20
11605 3 1 1 3 1 4 2 128
11606 1 1 6 15 2 16 1 20 1 21
11607 3 1 1 4 15 15 2 18 1 23
11608 3 1 6 2 1 42
11609 2 1 5 2 1 60
11610 6 1 6 2 6 21
11611 1 1 9 2 1 29 1 41
11612 
11613 2 1 1 3 1 48 1 111
11614 7 15 4 16 2 19 1 32
11615 1 1 3 15 2 17 1 20 3 168 1 169
11616 2 1 16 2 1 3 5 168 1 169
11617 1 1 7 2 1 48 1 119
11618 2 1 5 15 1 23 5 168 1 169
11619 9 15 4 16 1 19
11620 3 1 2 2 1 4 1 33
11621 2 2 1 3 5 15 1 21 2 29
11622 5 1 2 2 3 3
11623 2 1 4 2 1 60
11624 1 1 16 2 1 13
11625 1 5 4 168 1 172
11626 4 1 1 3 5 15 1 23
11627 2 1 9 2 1 41
11628 1 1 7 2 7 15 2 16 1 21
11629 1 1 8 2 7 15 2 16 1 21
11630 1 1 10 2 7 15 2 16 1 21
11631 2 1 1 2 1 3 10 15 1 18 1 22
11632 2 1 16 2 4 15 2 21
11633 3 1 4 15 1 22 1 47
11634 3 1 3 15 3 45
11635 3 1 10 2 1 3
11636 2 1 1 3 1 87
11637 6 15 1 18 1 53 4 62
11638 1 1 16 2 1 127
11639 4 1 3 15 2 22 1 30
11640 5 15 2 16 3 20
11641 1 1 4 15 2 17 2 168 1 172
11642 2 1 2 2 4 168 1 170
11643 1 1 2 19 2 20 1 53 1 89 1 96
11644 2 1 1 3 5 15 1 53
11645 2 1 4 2 1 3 1 33
11646 3 1 4 2 2 3 1 29
11647 7 1 1 2 2 4 1 8
11648 1 49 3 168 1 172 1 174
11649 5 168 2 169
11650 1 1 3 2 5 15 1 97
11651 3 15 2 20 1 24
11652 8 15 1 18 2 20 1 28
11653 3 1 1 2 1 4 5 15 1 21
11654 1 1 4 168 1 169 1 174
11655 1 1 9 15 1 18 2 21
11656 8 15 1 18 2 20 1 21
11657 8 15 1 18 2 20 1 21
11658 2 1 6 2 1 109
11659 5 168 4 169 1 179
11660 1 1 1 2 3 15 2 19
11661 4 2 20 15 2 18 2 22
11662 2 2 3 15 1 29 1 53 2 80
11663 3 1 3 2 1 50 1 61
11664 6 15 2 16 1 30 1 62
11665 6 15 2 16 1 30 1 62
11666 2 1 1 51 2 168 1 171 1 172
11667 3 1 1 3 1 168 2 169 1 170 1 171
11668 7 168 2 169
11669 1 29 9 168 1 169 1 170 1 180
11670 1 1 6 2 7 15 2 16 1 21
11671 1 1 5 2 7 15 2 16 1 21
11672 1 1 4 2 7 15 2 16 1 21
11673 1 1 6 2 7 15 2 16 1 21
11674 1 1 5 2 7 15 2 16 1 21
11675 1 1 4 2 7 15 2 16 1 21
11676 1 1 1 2 7 15 2 16 1 37
11677 1 1 1 2 7 15 2 16 1 21 1 48
11678 1 1 5 2 7 15 2 16 1 21 1 48
11679 3 1 1 168 1 169 1 173 1 180
11680 3 2 9 168 2 169
11681 1 1 10 2 9 15 4 16 1 21
11682 4 1 4 2 1 4 1 14
11683 1 29 10 168 1 169 1 170
11684 1 1 7 2 4 15 2 17 3 168 1 169
11685 3 1 12 2 5 15 1 23
11686 1 1 11 2 5 15 1 45
11687 
11688 1 31 3 110 3 118 1 122 3 129
11689 2 1 8 2 1 50
11690 5 15 1 18 1 29 5 168 4 169 1 170
11691 
11692 2 1 16 2 1 34
11693 20 168
11694 24 168
11695 28 168
11696 4 2 8 168 2 169
11697 2 1 12 2 1 7
11698 1 1 7 2 1 7 1 128
11699 1 1 1 7 3 168 1 169
11700 2 1 7 2 1 58
11701 4 1 2 15 4 45
11702 2 1 3 15 2 17 1 20 1 168 1 170 1 171
11703 3 168 2 179 1 180
11704 1 1 1 2 3 15 2 20 1 21
11705 7 15 2 16 1 18 5 168 1 169
11706 2 1 1 2 2 144
11707 4 1 12 2 2 3
11708 1 1 2 2 3 15 2 17 1 21 4 168
11709 
11710 4 1 3 2 1 9
11711 4 1 4 2 1 4
11712 3 1 16 2 1 61
11713 3 1 6 2 1 42
11714 1 1 1 6 1 33
11715 2 1 3 2 1 149
11716 2 1 4 2 1 149
11717 4 15 1 18 6 20 1 154
11718 3 15 1 20 2 126
11719 18 2 2 29
11720 2 1 3 2 2 14
11721 1 1 1 9 1 108 2 130
11722 3 2 10 168 2 169
11723 3 1 1 2 1 4 5 168 1 169
11724 1 1 2 2 1 7 1 128
11725 2 1 1 3 1 7 1 128
11726 1 1 1 2 1 6 1 128
11727 2 1 1 3 1 6 1 49
11728 1 1 1 2 1 3 1 5 1 128
11729 4 1 4 15 2 16 4 45
11730 3 1 1 2 1 48 2 50 1 93
11731 1 2 1 6 2 128
11732 1 1 4 2 4 15 1 21 1 30
11733 2 1 8 2 1 50
11734 
11735 4 1 3 2 1 4 1 50
11736 1 1 1 2 1 6 1 128
11737 1 1 4 2 1 48 1 119
11738 1 48 1 119 1 129
11739 3 1 1 2 4 15 1 20 1 23
11740 4 1 1 8 1 168 1 169 1 170
11741 7 15 1 63 1 97 3 123
11742 1 1 5 2 1 5 1 14
11743 3 1 1 2 1 144 1 145
11744 1 1 1 2 1 6 1 31
11745 2 1 6 2 1 7
11746 2 1 2 2 1 4 1 29 1 108
11747 2 1 4 20 2 21
11748 1 1 2 2 2 168 1 169 2 179
11749 4 1 4 2 1 3 1 4 1 29
11750 3 1 2 2 1 3 1 7
11751 4 1 1 3 1 79
11752 
11753 1 1 12 2 1 29 1 34 1 135
11754 1 1 1 3 1 4 4 128
11755 3 1 5 15 1 21 1 52
11756 1 40 4 168 3 169
11757 1 1 19 2 1 127
11758 1 1 9 2 5 15 1 53
11759 8 15 2 17 1 18 1 21 4 168
11760 2 1 1 2 1 41 2 168 1 170 2 179
11761 2 1 1 2 1 118
11762 4 1 1 2 1 4 1 5 1 8
11763 1 110 2 119 1 122
11764 8 2 10 15 2 21
11765 2 1 1 3 1 29 5 168 1 170
11766 1 1 12 2 1 127
11767 2 1 1 2 1 115
11768 1 8 1 129 2 130
11769 2 1 1 3 2 168 1 169
11770 
11771 3 1 3 2 1 3 2 50
11772 1 1 10 2 9 15 4 16 1 21
11773 1 1 9 15 4 16 1 21
11774 1 1 9 15 4 16 1 21
11775 4 168 1 174 1 179
11776 1 1 2 2 1 50 1 108
11777 2 1 1 3 1 29 1 34
11778 1 52 1 120 1 122 2 129
11779 2 1 2 2 1 118
11780 1 1 4 15 1 53 1 133
11781 1 1 4 15 1 53 1 133
11782 2 1 12 2 1 41
11783 2 128 4 168 2 169
11784 1 1 1 2 2 168 1 169 1 171
11785 1 1 3 15 1 30 1 53 1 123
11786 1 49 2 118 1 119
11787 4 1 1 2 1 3 1 8
11788 9 129 1 169 4 170
11789 1 9 2 118 1 119 3 129
11790 3 1 1 9 1 108
11791 2 1 1 2 1 3 4 168 1 169
11792 1 1 10 2 9 15 4 16 1 21
11793 3 1 4 15 1 19 1 23
11794 2 1 1 2 1 3 1 50 1 165
11795 
11796 5 1 3 15 2 17 1 23 2 168 1 170
11797 1 1 3 15 1 20 1 21 1 30
11798 
11799 
11800 8 15 2 18 2 20
11801 4 1 1 168 2 170 1 171
11802 2 1 1 3 4 168 1 169
11803 3 1 1 4 4 168 1 169
11804 5 15 2 16 3 20
11805 4 1 2 15 4 21
11806 3 1 2 2 1 8
11807 6 2 1 3 3 29
11808 5 2 1 108 1 113
11809 2 15 3 20 1 24
11810 7 168 1 171
11811 3 1 4 15 1 23 1 126
11812 1 1 6 2 5 15 1 21 1 48
11813 5 1 1 4 1 8
11814 6 15 2 18 4 20
11815 4 1 1 2 1 4 1 6
11816 1 1 1 2 3 15 2 20 1 21
11817 4 2 1 8 1 108 2 130
11818 1 1 5 2 1 48 1 119
11819 3 1 1 3 2 144
11820 1 1 1 2 1 68 2 168 1 170 2 179
11821 5 1 1 2 1 3 1 4 1 34
11822 5 1 3 2 1 3 1 4
11823 4 1 4 2 2 3
11824 8 2 14 15 4 16 2 21
11825 3 1 1 4 2 168 1 176 1 179 1 180
11826 1 1 1 65 4 168 1 170
11827 4 1 3 2 1 3 1 8
11828 4 1 2 15 1 20 2 22 1 30
11829 2 1 3 15 2 17 1 20 2 168 1 170
11830 1 29 4 168 1 169 1 174
11831 
11832 10 15 6 16 2 20
11833 1 1 14 2 1 114
11834 1 1 1 2 1 6 1 29
11835 1 1 5 2 1 3 2 29
11836 6 1 2 15 2 23 1 30 1 123
11837 3 1 1 168 1 169 1 170
11838 2 1 3 15 2 20 1 22
11839 3 15 1 20 1 30 1 39
11840 2 1 1 4 1 86 1 108
11841 2 1 8 2 2 50
11842 1 5 1 8 10 15 2 18
11843 2 1 1 3 4 15 1 21 1 30
11844 2 1 4 15 2 17 1 168 2 169
11845 3 1 1 6 1 51
11846 1 1 4 2 1 41 1 49
11847 2 1 26 2 1 60
11848 4 1 4 2 1 3 1 4 1 29
11849 4 1 1 2 1 3 1 8
11850 4 1 1 2 1 3 1 8
11851 
11852 1 1 2 2 1 7 1 130
11853 2 1 3 2 1 112
11854 2 1 2 2 1 3 5 15 1 21
11855 3 1 4 15 1 21 1 22
11856 
11857 2 1 2 2 5 168 1 170
11858 1 1 1 2 3 15 2 17 1 21 4 168
11859 3 1 2 2 1 4 1 128
11860 2 1 5 2 1 144
11861 1 50 1 118 1 121 1 130
11862 2 1 2 2 4 168 2 169
11863 3 1 3 169
11864 3 1 4 2 1 110
11865 4 2 1 3 3 29
11866 2 1 4 2 2 168 1 170 2 179
11867 2 1 5 2 5 50
11868 4 1 1 3 1 56
11869 1 1 3 2 2 168 1 169 2 179
11870 2 168 1 174 2 179
11871 1 1 4 15 2 17 2 168 1 172
11872 6 15 2 16 1 30 1 62
11873 2 1 3 15 1 20 1 22 1 123
11874 3 1 1 3 2 168 1 170 2 179
11875 5 15 1 21 5 168 1 169
11876 5 15 1 21 4 168 1 169
11877 3 1 1 9 1 31
11878 1 1 1 3 8 168 2 169
11879 2 1 2 168 2 172
11880 1 2 9 168 2 169
11881 1 1 19 2 5 168 1 169
11882 1 1 5 15 1 22 1 50 1 108
11883 2 1 3 2 1 60
11884 2 1 2 2 1 3 1 5 1 48
11885 3 15 1 18 2 20 5 168 1 169
11886 2 1 12 2 5 15 1 22
11887 4 15 2 17 2 168 1 181
11888 4 15 1 18 1 20 5 168 1 169
11889 
11890 2 2 1 122 1 128
11891 5 15 1 25 1 130
11892 1 2 1 77 1 119
11893 1 1 1 2 1 48 1 129
11894 1 1 17 2 1 68
11895 
11896 1 1 1 7 2 168 1 169
11897 1 1 1 2 4 15 1 19 1 21
11898 4 20 2 80
11899 9 15 2 16 3 19 1 21
11900 3 1 1 3 1 29 4 168 1 169 1 170
11901 2 1 3 15 2 20 1 22
11902 2 1 3 168 2 169 1 170 1 174
11903 2 1 2 2 1 3 1 108
11904 2 1 2 2 1 3 4 168 1 169
11905 
11906 3 1 4 168 1 170 1 172
11907 4 1 2 3 1 150
11908 4 1 1 3 2 168 3 169
11909 3 1 2 2 1 8
11910 2 1 3 168 2 169 1 170 1 174
11911 4 168 2 169 1 174
11912 3 1 1 2 1 3 1 144
11913 1 1 1 5 3 15 1 21 1 30 1 53
11914 3 1 2 2 1 3 1 6
11915 1 1 2 2 4 15 1 19 1 21
11916 1 1 9 2 1 114
11917 2 1 9 2 1 41
11918 3 1 6 2 1 3 1 34
11919 1 1 5 15 1 18 3 168 2 169
11920 4 1 3 168 2 169 1 170
11921 4 1 3 2 1 43
11922 4 1 2 2 1 43
11923 3 1 4 2 1 42
11924 2 1 11 2 1 41
11925 1 1 4 168 1 169 1 181
11926 1 1 4 168 1 169 1 181
11927 6 1 2 2 2 4
11928 6 15 1 18 4 20 1 154
11929 6 15 1 18 4 20 1 154
11930 2 1 2 6
11931 1 5 1 6 1 13
11932 1 1 1 2 10 15 1 21 1 22
11933 2 1 11 2 1 7
11934 1 1 7 2 3 168 1 172
11935 1 1 3 2 1 60 1 81
11936 2 1 12 2 1 41
11937 5 15 1 21 3 168 1 169
11938 1 1 4 168 1 169 1 181
11939 1 1 3 2 8 15 2 18 1 53 1 71
11940 3 1 2 2 1 4 1 49 2 50
11941 4 1 4 2 2 3
11942 5 1 3 2 1 3 1 4
11943 5 1 3 2 1 3 1 4
11944 5 1 3 2 1 3 1 4
11945 6 1 1 2 2 3 1 4
11946 6 1 2 2 2 4
11947 6 1 1 2 2 3 1 4
11948 2 1 3 168 2 169 1 173
11949 2 1 16 2 1 41
11950 2 1 8 2 1 41
11951 6 1 2 4 1 100
11952 4 1 1 2 1 4 1 34
11953 1 1 3 2 4 15 1 19 1 45
11954 5 1 1 2 1 4 1 79
11955 3 1 2 3 1 40
11956 2 1 2 2 1 3 1 54
11957 1 1 8 15 1 18 1 22 1 48 2 123
11958 1 1 4 2 1 5 1 50
11959 2 1 6 2 1 50
11960 3 1 1 3 3 168 2 169
11961 2 1 1 2 2 168 1 170
11962 
11963 2 1 2 2 1 7 1 50
11964 2 1 1 49 1 168 1 169 2 172
11965 2 1 5 2 1 4 2 29
11966 2 1 1 2 1 170 2 175 2 180
11967 2 1 1 2 1 3 1 60 1 81
11968 3 1 1 144 1 145
11969 1 49 2 168 1 169
11970 2 1 2 2 1 3 5 168 1 169
11971 2 2 1 4 4 128
11972 2 1 6 168 1 173
11973 
11974 2 1 2 2 1 4 2 128
11975 3 1 5 2 1 3 1 34
11976 3 1 4 2 1 3 1 34
11977 5 1 3 2 2 3 1 4 1 29
11978 1 1 3 15 1 21 2 123
11979 1 1 9 2 1 44
11980 2 1 8 2 1 41
11981 2 1 9 2 1 41
11982 
11983 2 1 2 2 1 4 2 128
11984 6 1 2 2 3 3 1 4 1 29
11985 
11986 1 1 3 2 1 3 10 168 2 169
11987 1 1 2 2 4 15 1 20 1 63
11988 1 1 4 2 3 15 2 17 1 21 3 168
11989 1 1 3 2 9 168 3 169
11990 1 1 2 2 1 3 10 168 2 169
11991 2 1 1 2 1 4 10 168 2 169
11992 2 2 14 168 6 169
11993 1 1 1 3 14 168 6 169
11994 2 1 1 4 10 168 2 169
11995 1 1 1 2 1 3 10 168 2 169
11996 3 1 7 2 5 168 5 169
11997 1 1 9 2 7 168 3 169
11998 3 1 7 2 5 168 5 169
11999 1 1 11 15 6 16 1 21
12000 10 15 6 16 2 20
12001 1 1 6 2 5 15 2 16 2 20 1 21
12002 1 1 6 2 5 15 2 16 2 20 1 21
12003 2 1 6 2 6 15 2 16 2 21
12004 2 1 6 2 6 15 2 16 2 21
12005 1 1 4 2 1 3 10 168 2 169
12006 2 1 6 2 2 15 2 17 2 21 3 168
12007 3 1 16 2 1 3
12008 1 1 9 2 6 168 3 169
12009 2 1 8 2 5 168 4 169
12010 2 1 11 2 1 3 4 168 1 169
12011 4 1 10 2 2 3
12012 2 1 14 2 1 3 5 168 1 169
12013 3 1 19 2 1 3
12014 5 1 11 2 2 3 1 42
12015 2 1 2 2 1 78
12016 4 1 4 2 2 42
12017 3 1 7 2 5 15 1 23
12018 2 1 16 2 4 15 1 20 1 22
12019 2 1 16 2 4 15 2 21
12020 1 1 16 2 3 15 2 20 1 21
12021 1 1 9 2 9 168 7 169
12022 1 1 13 2 7 15 2 16 1 21
12023 1 1 7 2 2 15 2 17 2 20 3 168 1 169
12024 2 1 6 2 2 15 2 17 1 20 1 21 3 168 1 169
12025 1 1 14 2 1 3 10 168 2 169
12026 6 2 1 3 12 168 3 169
12027 
12028 
12029 1 1 10 2 8 15 1 18 2 20 1 22
12030 1 1 12 2 10 15 1 18 1 22
12031 10 2 14 168 6 169
12032 4 2 2 3 20 168 4 169
12033 1 1 6 2 1 15 4 17 1 21 10 168 2 169
12034 3 1 17 2 3 168 3 169
12035 5 2 1 8 15 15 3 21
12036 5 1 19 2 1 3 1 4
12037 4 1 20 2 2 3
12038 4 1 20 2 2 3
12039 4 1 22 2 1 4
12040 4 1 22 2 1 4
12041 4 1 22 2 1 4
12042 4 1 22 2 1 4
12043 4 1 22 2 1 4
12044 6 2 1 3 15 15 3 21
12045 1 1 16 2 2 15 3 20 1 21
12046 3 1 26 2 1 3
12047 
12048 3 1 22 2 1 3
12049 1 1 12 2 1 3 10 168 2 169
12050 3 1 10 2 1 3 8 168 4 169
12051 
12052 2 1 18 2 4 168 2 169
12053 7 2 1 3 5 15 1 21 8 168 2 169
12054 2 2 1 8 15 15 3 21
12055 2 1 18 2 1 3 5 15 1 21
12056 9 2 1 3 15 168 3 169
12057 3 1 24 2 1 3
12058 
12059 
12060 
12061 7 2 1 3 14 168 3 169
12062 1 1 11 2 9 168 5 169
12063 1 1 14 2 1 3 8 168 2 169
12064 
12065 3 1 3 2 1 3 1 14
12066 4 1 19 2 1 3 2 168 3 169
12067 9 2 1 3 12 168 3 169
12068 8 2 1 3 15 168 3 169
12069 
12070 
12071 
12072 
12073 
12074 
12075 
12076 3 1 9 2 1 42
12077 4 1 2 2 1 3 1 8
12078 
12079 1 5 1 29
12080 4 1 1 3 1 4 1 5
12081 4 1 1 2 1 4 1 7
12082 1 1 5 2 5 15 1 47
12083 6 1 2 2 2 15 1 20 2 23 1 30
12084 1 1 1 2 4 15 2 17 2 168 1 169
12085 6 2 4 50 2 134
12086 1 1 6 2 4 168 1 169
12087 
12088 
12089 1 1 18 2 1 34 4 168 1 169
12090 
12091 1 1 15 2 4 15 2 17 2 168 1 169
12092 1 1 6 2 11 15 6 16 1 21
12093 3 1 1 4 7 168 3 169
12094 10 168 6 169
12095 1 128 7 168 1 169 1 171
12096 1 1 20 2 5 15 1 21
12097 1 1 11 2 4 168 1 169
12098 1 1 3 2 1 108 1 109
12099 2 1 15 2 1 3 5 15 1 21
12100 4 1 1 3 1 4 1 5
12101 2 1 1 2 3 50
12102 4 1 1 3 1 7 1 51
12103 5 1 1 9 1 51
12104 1 1 9 15 2 18 1 21
12105 5 1 3 3 2 50
12106 4 1 4 2 1 3 1 51
12107 1 1 2 2 5 15 1 26
12108 3 1 7 2 1 8
12109 3 1 1 2 1 4 10 15 1 18 1 22
12110 2 1 2 169 2 171
12111 6 1 8 15 2 18 2 23
12112 8 15 4 16 1 19 1 33
12113 15 15 3 18 1 67
12114 4 1 4 15 2 22
12115 2 1 2 2 10 15 2 22
12116 2 1 10 15 2 22
12117 6 15 2 16 1 19 1 62
12118 2 1 2 168 1 170 1 171
12119 7 15 2 16 1 18 3 168 1 172
12120 7 15 4 17 1 20 1 175 1 181
12121 
12122 2 1 1 7 3 168 1 169 1 172
12123 2 1 23 2 1 58
12124 3 1 6 2 1 3 2 50
12125 1 1 1 81 5 168 1 170
12126 2 1 1 4 1 29 3 168 1 169
12127 4 1 2 2 2 3 1 34
12128 
12129 3 1 1 2 1 4 1 127
12130 4 1 1 3 1 4 1 128
12131 4 1 1 3 1 4 1 127
12132 1 1 3 2 1 8 2 130
12133 1 1 3 2 1 8 2 130
12134 3 1 1 2 1 33 1 43
12135 4 1 1 2 1 3 1 79
12136 2 1 2 2 10 15 2 21 1 43 1 48
12137 4 1 3 2 1 3 1 4 1 29
12138 3 1 5 2 1 4 1 29
12139 1 1 1 2 1 3 2 128
12140 
12141 4 1 1 2 1 3 1 61
12142 4 1 12 2 1 4
12143 2 15 2 20 2 80
12144 3 15 3 80
12145 14 15 2 18 1 20 1 22
12146 3 1 3 2 1 3 1 41
12147 11 15 2 16 2 18 1 19
12148 11 15 2 16 2 18 1 19
12149 1 1 2 2 1 61 2 79 3 81 1 129
12150 1 1 9 15 4 16 1 21
12151 1 1 6 15 2 16 1 19 1 53
12152 14 15 4 16 1 18 1 21
12153 1 1 10 2 7 15 2 16 1 21
12154 4 1 1 2 2 8
12155 1 1 1 2 1 33 1 42 1 128
12156 4 15 1 19 1 33
12157 2 1 2 6
12158 3 15 1 30 1 80 1 123
12159 5 1 1 2 1 4 1 110
12160 2 1 14 2 1 6 1 41
12161 4 1 3 2 1 4 1 14
12162 6 15 2 16 1 19 1 123
12163 11 15 2 16 2 18 1 19
12164 12 15 2 16 1 18 1 21
12165 3 1 4 2 1 3 1 34
12166 
12167 
12168 
12169 
12170 
12171 
12172 
12173 
12174 
12175 
12176 2 1 10 2 1 41
12177 3 15 1 20 2 126
12178 3 1 12 2 1 3
12179 4 2 10 168 2 169
12180 6 1 2 15 1 20 2 23 1 30
12181 3 1 1 8 2 48
12182 2 1 2 2 1 69
12183 1 1 1 2 3 15 2 20 1 21
12184 1 1 2 15 3 20 1 21
12185 1 1 21 2 5 168 1 169
12186 5 15 1 26 1 130
12187 4 1 1 2 1 3 1 8
12188 2 1 14 2 1 14
12189 1 49 2 168 1 172 1 179
12190 2 1 14 2 1 14
12191 1 1 7 2 7 15 2 16 1 21
12192 1 1 4 15 1 21 1 32
12193 5 1 2 2 3 3
12194 1 1 17 2 4 168 1 169
12195 4 1 2 168 2 169 1 170
12196 1 1 15 2 1 108
12197 4 15 1 24 1 30
12198 9 15 1 18 1 20 1 21
12199 3 1 9 2 1 4 1 29
12200 5 1 5 2 3 3
12201 5 1 1 2 2 4 1 49
12202 1 1 1 2 1 4 3 128
12203 1 1 1 2 9 15 1 18 2 21
12204 3 1 2 168 1 170 1 172
12205 2 1 11 2 1 41
12206 2 1 14 2 1 41
12207 2 1 16 2 1 41
12208 2 1 3 2 4 168 2 169
12209 3 1 1 6 1 49 1 52
12210 1 1 1 2 1 3 2 108
12211 2 1 2 169 1 174
12212 2 1 1 2 4 168 2 169
12213 1 1 2 2 1 29 1 41
12214 
12215 2 1 4 2 1 3 1 29
12216 2 1 2 2 1 4 2 108
12217 1 1 1 50 1 72
12218 2 1 1 2 1 3 1 77
12219 2 1 1 2 2 41
12220 
12221 1 1 4 2 1 3 2 128
12222 3 1 2 2 1 3 1 50
12223 1 1 6 2 1 49
12224 1 1 7 2 1 83
12225 2 1 12 2 1 14
12226 1 1 15 2 1 38
12227 1 2 1 4 4 128
12228 2 1 4 15 1 19 1 22
12229 3 1 1 3 1 109
12230 4 1 2 15 4 21
12231 
12232 1 1 3 2 5 15 1 21 1 50
12233 2 1 3 15 1 20 1 22 1 123
12234 2 1 2 2 2 144
12235 1 1 4 15 1 20 1 21 1 55
12236 5 15 2 16 3 20
12237 4 1 2 15 4 21
12238 4 1 1 2 1 3 1 56
12239 5 15 1 63 1 81
12240 
12241 3 1 2 2 1 9 1 49
12242 3 1 1 2 1 3 1 8 1 49
12243 3 1 1 2 1 3 1 8 1 49
12244 4 1 1 2 1 3 1 9 1 49
12245 4 1 2 3 1 8 1 49
12246 4 1 2 3 1 8 1 49
12247 3 1 1 2 1 4 1 7 1 49
12248 4 1 1 4 1 8 1 49
12249 4 1 1 4 1 8 1 49
12250 4 1 1 4 1 8 1 49
12251 1 112 1 113 1 122
12252 3 1 2 2 1 3 1 6
12253 2 1 4 2 1 60
12254 1 1 3 15 1 21 2 123
12255 9 15 1 18 1 25 1 80
12256 3 1 7 2 1 3 1 41
12257 
12258 3 1 4 2 1 3 1 34
12259 6 15 1 18 4 20 1 154
12260 1 1 2 2 4 15 2 17 3 168 1 169
12261 1 1 8 2 3 15 2 17 1 21 4 168
12262 2 1 6 2 2 15 2 17 2 21 4 168
12263 2 1 6 15 2 16 1 20 1 22
12264 4 15 2 16 4 20
12265 3 1 6 2 1 4 1 29
12266 4 1 4 2 1 3 1 4 1 29
12267 2 15 2 17 2 20 2 168 1 180
12268 1 1 2 2 1 7 5 15 1 21
12269 2 1 19 2 1 3 4 168 1 169
12270 2 1 18 2 5 15 1 22
12271 2 1 18 2 1 3 4 168 1 169
12272 2 1 19 2 1 3 5 168 1 169
12273 3 1 4 2 1 4 1 31
12274 14 168 2 169
12275 1 1 1 112 1 128
12276 1 1 2 2 1 40 2 168 1 170 2 179
12277 1 1 15 2 5 168 1 169
12278 1 1 15 2 4 168 1 169
12279 3 1 1 9 1 33
12280 3 1 5 2 1 3 2 50
12281 10 15 1 22 1 23 3 129
12282 4 1 1 2 1 4 1 6
12283 3 1 1 2 1 7 1 168 1 169 1 170
12284 3 1 2 2 1 8 2 48
12285 1 1 1 8 2 130
12286 6 1 2 4 1 6
12287 3 1 2 2 1 3 1 6
12288 4 1 4 2 2 4 2 29
12289 1 1 5 2 1 77
12290 4 1 8 15 2 18 2 22
12291 3 1 7 2 1 3 1 41
12292 2 1 14 2 1 41
12293 2 1 2 130 1 168 2 170
12294 1 1 23 2 1 128
12295 6 168 2 169
12296 4 15 1 24 1 30
12297 1 1 1 49 2 168 1 169 1 172 1 174
12298 7 168 1 170 1 171
12299 7 15 1 18 1 53 3 80
12300 3 1 3 168 1 170 1 172
12301 
12302 1 9 5 15 1 18 3 130
12303 5 15 1 23 1 113 2 130
12304 2 1 7 168 2 170 2 179
12305 3 1 4 2 1 3 1 14
12306 
12307 3 1 18 2 1 3
12308 2 1 7 2 1 50
12309 1 2 1 113 1 119
12310 
12311 1 1 10 2 1 29 1 41
12312 2 1 14 2 1 14
12313 
12314 2 1 8 2 1 6
12315 2 1 14 2 1 6
12316 2 1 14 2 1 6
12317 2 1 8 2 1 6
12318 3 1 21 2 1 3
12319 1 1 7 2 10 168 7 169
12320 3 1 15 2 1 3
12321 9 1 1 2 1 3 3 4
12322 1 1 13 2 1 3 8 168 2 169
12323 1 1 11 2 1 3 10 168 2 169
12324 1 1 9 2 7 15 2 16 1 21
12325 3 1 1 48 3 169
12326 1 1 3 15 1 30 1 53 1 123
12327 2 1 11 2 1 50
12328 1 1 8 2 1 49
12329 
12330 1 1 1 2 1 5 1 6
12331 2 1 1 70 1 72
12332 3 15 2 17 1 20 1 168 1 171
12333 
12334 3 1 8 2 1 8
12335 8 15 2 18 2 20
12336 1 1 6 15 2 16 1 20 1 21
12337 2 1 2 168 2 169
12338 2 1 7 2 1 3 1 5
12339 2 1 8 2 6 15 2 16 2 21
12340 1 1 6 2 1 5 1 14
12341 3 1 4 2 1 8
12342 3 1 1 168 1 170 1 172 1 179 1 180
12343 2 1 8 2 1 41
12344 2 1 10 2 1 164
12345 1 1 4 15 1 21 1 24
12346 
12347 4 1 1 4 4 168 2 169
12348 3 1 1 2 1 4 1 44
12349 3 1 6 2 1 3 1 41
12350 1 1 1 2 1 6 1 130
12351 4 1 1 4 1 6
12352 1 1 2 2 1 6 1 29
12353 1 5 1 72 1 144
12354 1 1 17 2 1 13
12355 1 5 3 168 1 169 1 171
12356 6 15 2 16 1 19 1 20
12357 1 1 5 168 3 169
12358 
12359 1 1 4 15 2 17 2 168 1 169
12360 3 1 1 9 5 15 1 18
12361 1 1 5 15 1 22 1 33
12362 1 1 1 2 6 168 3 169 1 170
12363 1 1 3 15 1 30 1 53 1 123
12364 1 1 2 15 1 30 1 53 2 123
12365 
12366 
12367 
12368 
12369 
12370 
12371 
12372 
12373 5 15 1 18 3 168 1 169 2 179
12374 2 1 3 2 1 4 1 5 1 29
12375 1 1 5 15 1 18 2 168 2 169 2 179
12376 1 1 20 2 1 138
12377 1 38 1 108 1 112
12378 2 1 1 9 10 15 2 18
12379 1 49 8 168 1 172
12380 1 49 9 168 1 172
12381 1 49 13 168 1 172
12382 
12383 14 15 2 18 2 21
12384 1 2 3 50 2 79 4 81
12385 2 2 1 61 2 79 4 81 1 129
12386 20 15 2 21 2 22
12387 8 15 2 17 1 18 1 20 2 168 1 172
12388 2 1 12 2 1 41
12389 3 1 3 2 1 4 1 31
12390 4 1 1 2 1 43
12391 4 1 2 2 1 43
12392 2 1 1 2 1 152
12393 3 1 2 2 1 42
12394 3 1 5 2 1 42
12395 2 1 2 50 2 88
12396 3 1 15 2 1 3 1 41
12397 2 5 1 6
12398 2 5 1 14
12399 2 2 1 6 2 29
12400 1 1 5 2 1 111
12401 1 1 11 2 1 108
12402 1 1 16 2 1 40
12403 
12404 1 29 3 168 1 169 1 171
12405 2 1 2 168 2 169 1 171
12406 3 15 2 17 1 20 3 168
12407 1 1 4 15 2 17 2 168 1 169
12408 2 1 1 9 1 48 1 49 1 130
12409 2 1 1 9 1 48 1 49 1 130
12410 2 1 1 9 1 48 2 49
12411 2 1 1 9 1 48 2 49
12412 1 1 1 8 10 15 2 18
12413 10 15 1 21 1 153
12414 3 1 6 2 3 15 3 21
12415 5 15 2 16 1 19 1 20 1 30
12416 8 15 2 18 1 30 1 123
12417 
12418 3 2 4 15 1 29 1 63 1 80
12419 1 1 3 2 7 15 2 16 1 21
12420 2 1 2 2 4 15 1 22 1 30
12421 2 1 14 2 1 41
12422 4 1 3 15 2 22 1 124
12423 4 1 3 15 2 22 1 124
12424 2 20 4 123
12425 5 15 2 16 3 20
12426 2 127 2 168 2 169
12427 2 1 1 2 1 29 4 168 1 169 1 170
12428 3 1 2 2 1 4 1 13
12429 3 1 6 2 1 3 1 41
12430 2 1 1 2 1 3 1 83
12431 4 1 2 2 2 3 2 41
12432 3 1 1 2 1 7 1 8
12433 2 2 1 5 1 108
12434 1 6 2 72
12435 1 1 7 2 1 49
12436 2 1 7 2 1 50
12437 1 1 6 2 1 5 1 50
12438 1 1 3 2 2 168 1 169
12439 1 130 3 168 1 169 1 171
12440 2 1 1 2 2 168 2 169 1 179
12441 1 1 1 128 5 168 1 170
12442 6 168 1 171
12443 1 1 3 2 7 15 2 16 1 21
12444 1 1 1 6 5 15 1 21
12445 2 1 5 15 1 23 1 49
12446 
12447 2 1 5 15 1 21 1 51
12448 2 1 2 2 4 15 1 22 1 30
12449 10 15 1 21 1 26
12450 1 1 6 2 4 15 1 21 1 30
12451 1 1 1 169 2 171
12452 
12453 3 1 1 110 1 112
12454 4 1 2 15 1 20 2 22 1 123
12455 4 1 2 15 1 20 2 22 1 123
12456 4 1 2 15 1 20 2 22 1 123
12457 2 1 1 51 2 168 1 171 1 172
12458 2 1 2 2 1 51 2 168 1 171 1 172
12459 2 1 2 2 1 51 2 168 1 171 1 172
12460 1 49 3 168 1 171 1 172
12461 1 1 5 15 1 22 1 65
12462 3 1 2 168 1 169 1 173
12463 3 1 3 2 1 110
12464 3 1 8 2 1 3
12465 2 1 1 3 3 168 1 172 1 174
12466 2 1 4 2 1 109
12467 2 1 4 2 1 109
12468 2 2 1 5 1 49
12469 4 1 4 2 2 3 1 164
12470 3 1 2 15 2 16 4 19 1 64
12471 6 1 6 17 6 168 3 170
12472 12 2 1 31 2 168 1 169 1 171
12473 3 168 2 179 1 182
12474 
12475 5 2 1 8 12 168 3 169
12476 1 1 2 2 1 7 4 15 1 20 1 21
12477 2 81 4 168 2 176
12478 
12479 2 5 2 50
12480 2 1 1 9 10 15 2 18
12481 5 1 4 15 1 22 1 23
12482 5 15 1 23 1 119 2 130
12483 2 1 2 2 2 168 1 170 2 179
12484 2 1 3 15 1 20 1 22 1 123
12485 1 15 3 80 2 123
12486 4 1 2 3 1 6 2 48
12487 3 1 4 2 2 3 1 38
12488 1 1 2 15 3 20 1 21
12489 2 1 9 2 2 50
12490 4 1 1 3 1 50 1 51
12491 3 1 1 3 3 168 1 169 1 172
12492 1 1 3 15 1 21 2 123
12493 
12494 2 1 1 2 4 168 1 169 1 176
12495 3 1 3 168 1 169 2 170 1 180
12496 5 1 1 2 1 4 3 15 1 20 1 23 1 30
12497 
12498 1 142 1 143
12499 2 1 8 168 6 169
12500 2 1 1 3 4 168 1 169 1 174
12501 
12502 3 1 15 2 1 3 1 41
12503 1 1 1 15 2 19 2 20
12504 4 1 1 2 1 4 1 50
12505 2 1 1 2 4 15 2 21
12506 2 1 2 2 4 15 2 21
12507 8 168 2 180
12508 1 1 1 2 3 171 1 172
12509 3 1 5 2 1 4 1 29
12510 1 1 1 2 3 15 2 20 1 21
12511 1 1 2 2 4 15 1 19
12512 2 1 4 15 2 17 2 168 2 169
12513 2 1 15 2 1 58
12514 1 128 3 171 1 172
12515 1 1 4 168 1 169 1 170 1 180
12516 4 1 1 4 1 109
12517 2 1 4 15 2 17 2 168 2 169
12518 2 1 7 2 1 109
12519 1 1 1 2 3 168 1 169 1 179
12520 1 1 1 7 4 168 1 169 1 174
12521 
12522 1 1 1 14 1 108
12523 1 2 1 3 1 29 2 31
12524 3 1 2 168 2 169 1 170 1 172
12525 4 1 1 168 1 170 1 171 1 173
12526 2 15 3 20 1 30
12527 1 2 14 168 6 169
12528 3 1 2 3 1 29 1 34
12529 3 1 2 168 1 169 1 170 1 171
12530 4 1 1 169 1 170 1 171 1 172
12531 3 1 4 168 1 169 2 170
12532 4 1 2 169 4 176 2 180
12533 
12534 1 1 1 3 2 50 2 108
12535 1 1 1 6 1 108
12536 1 2 1 3 15 168 3 169
12537 1 1 18 2 1 54
12538 1 1 9 2 1 3 10 15 2 21
12539 3 1 1 168 1 170 1 172 1 179 1 180
12540 
12541 4 1 2 170 4 179
12542 5 15 2 16 3 20
12543 2 1 2 6 2 48
12544 3 1 4 2 2 15 1 60 1 64 2 80 1 154
12545 
12546 2 1 1 2 1 3 1 29 1 34
12547 1 5 1 7 1 129
12548 3 1 4 168 1 169 1 170 1 180
12549 1 15 4 20 1 30
12550 2 1 2 168 2 169 1 181
12551 1 1 11 2 9 168 5 169
12552 2 1 10 2 1 41
12553 1 1 1 2 1 7 1 33
12554 2 1 2 2 2 168 1 170 2 179
12555 3 1 1 4 1 29 4 168 2 169
12556 2 15 2 20 2 30
12557 1 15 2 62 3 80
12558 3 1 1 3 3 168 2 169 1 170
12559 2 5 1 6
12560 1 1 2 2 7 15 2 16 1 21
12561 
12562 8 15 1 18 1 23 1 29 1 113 2 123
12563 3 1 4 15 1 22 1 45
12564 2 1 1 8 1 72
12565 1 1 1 2 2 168 1 169 2 179
12566 1 38 1 111
12567 3 2 2 40 1 144
12568 8 15 2 18 2 20
12569 
12570 
12571 
12572 
12573 
12574 
12575 
12576 1 15 4 20 1 30
12577 
12578 
12579 2 1 17 2 5 15 1 22
12580 4 1 11 2 1 4
12581 3 1 1 3 2 168 1 169 1 170 1 172
12582 2 1 5 2 1 3 5 168 1 169
12583 4 1 5 2 2 3
12584 2 1 3 2 1 3 1 5
12585 2 1 3 2 5 15 1 22
12586 2 1 5 2 1 3 1 31
12587 2 1 4 2 1 3 1 33
12588 1 1 1 7 1 109 1 130
12589 3 1 12 2 1 3
12590 2 1 3 2 1 3 1 108
12591 1 38 1 108 1 109
12592 4 1 2 2 1 3 1 110
12593 2 1 1 2 1 29 4 168 1 169 1 170
12594 1 1 5 15 1 21 1 109
12595 2 1 1 109 1 112
12596 2 1 2 2 1 4 2 128
12597 1 2 1 3 1 5 2 128
12598 1 2 4 15 1 18 1 29 1 80 3 168 1 169 1 176
12599 1 1 1 2 1 5 1 109
12600 3 1 15 2 1 3
12601 3 1 15 2 1 3
12602 1 1 4 2 1 108 1 109
12603 2 1 15 2 5 15 1 22
12604 4 1 8 2 2 3
12605 3 1 12 2 1 4 1 29
12606 2 1 12 2 1 3 1 29
12607 3 1 6 2 1 3 1 41
12608 1 1 2 2 3 168 1 169 1 180
12609 1 1 2 2 1 3 1 29 1 127
12610 2 1 4 2 1 3 1 5
12611 2 1 6 2 1 3 1 5
12612 3 1 7 2 1 3
12613 2 1 6 168 2 169
12614 1 1 6 2 1 3 2 29
12615 1 1 2 2 5 15 1 23 1 29 1 31
12616 2 1 6 2 1 139
12617 2 1 13 2 5 15 1 22
12618 2 1 13 2 5 15 1 22
12619 3 1 3 2 2 3 1 29
12620 1 1 1 2 5 15 1 22 1 108
12621 
12622 2 1 1 7 3 168 1 169 1 172
12623 2 1 1 2 1 13 1 110
12624 4 1 1 2 1 3 1 8
12625 2 1 3 2 1 78
12626 1 1 1 3 1 31 1 54
12627 2 1 1 168 1 169 1 171 1 172
12628 2 1 1 50 1 69
12629 2 1 7 2 1 3 1 29
12630 2 1 1 2 1 3 5 15 1 147
12631 12 168 6 169
12632 2 1 2 168 2 169 2 179
12633 1 1 4 168 3 169
12634 2 1 1 7 4 168 2 169
12635 1 1 1 2 10 15 1 21 1 22
12636 3 1 5 2 2 3 1 29
12637 4 15 2 17 5 168 2 169
12638 3 1 3 2 1 3 1 41
12639 4 1 3 2 1 3 1 4 1 29
12640 4 1 1 2 1 4 1 8 1 29
12641 
12642 4 1 4 2 2 3
12643 4 1 4 2 2 3
12644 4 1 4 2 2 3
12645 4 1 1 7 3 168 1 170 1 173
12646 4 1 6 2 2 3
12647 1 1 4 2 1 3 2 29
12648 2 1 12 2 1 3 1 29
12649 2 1 1 2 1 3 7 168 1 169
12650 3 1 1 3 4 168 2 169
12651 2 1 3 2 1 55
12652 2 1 2 2 4 168 2 169
12653 2 1 3 2 1 139
12654 3 1 3 15 2 17 1 20 2 168 1 169 1 170
12655 2 1 1 2 6 168 2 169 2 170
12656 1 1 1 49 3 168 1 169 1 172
12657 4 1 7 2 2 3
12658 4 1 7 2 2 3
12659 4 1 5 2 2 3
12660 4 1 5 2 2 3
12661 4 1 5 2 2 3
12662 3 1 8 2 1 3
12663 4 1 6 2 2 3
12664 3 1 9 2 1 3
12665 4 1 8 2 1 4
12666 4 1 7 2 2 3
12667 3 1 9 2 1 3
12668 2 1 6 168 4 169
12669 2 1 1 2 4 15 1 20 1 22
12670 1 2 2 108 1 109
12671 3 1 2 3 1 127
12672 2 1 5 2 5 15 1 22
12673 2 1 5 2 5 15 1 22
12674 3 1 11 2 1 3
12675 2 1 3 2 1 3 1 127
12676 2 1 4 2 1 3 1 127
12677 4 1 1 2 1 3 1 51
12678 2 1 8 2 1 3 1 29
12679 1 1 1 2 1 3 1 29 1 108
12680 5 1 4 2 1 3 1 4
12681 1 1 1 108 1 110 1 111
12682 2 1 1 38 2 168 1 170 1 172 1 179
12683 3 1 1 2 1 3 5 15 1 22
12684 4 1 1 4 5 15 1 22
12685 4 1 3 2 1 3 1 4 1 29
12686 4 1 2 2 3 3 1 29
12687 4 1 2 2 1 3 1 4 1 29
12688 2 1 2 168 1 169 1 172
12689 9 15 2 17 1 18 1 169 1 171
12690 3 1 6 2 2 3 1 29
12691 3 1 6 2 2 3 1 29
12692 4 1 3 2 3 3 1 29
12693 4 1 1 2 1 3 1 4 1 29
12694 3 1 5 2 2 3 1 29
12695 2 1 13 2 1 3 1 29
12696 1 1 1 2 1 3 1 29 4 168 1 169
12697 2 1 1 2 2 29 1 43
12698 3 1 2 168 2 169 1 172
12699 5 1 2 2 3 3
12700 5 1 2 2 3 3
12701 2 1 5 2 1 29 1 42
12702 3 1 6 2 1 3 1 41
12703 2 1 1 168 1 169 1 171 1 172
12704 2 1 1 168 1 169 1 171 1 172
12705 2 1 3 2 2 3 2 29
12706 4 1 2 168 4 169
12707 3 1 1 2 1 3 1 58
12708 2 1 9 2 1 3 1 29
12709 5 1 1 2 2 3 1 4 1 29
12710 2 1 3 2 2 3 2 128
12711 2 1 3 2 2 3 2 128
12712 1 1 1 2 4 168 3 169
12713 1 1 4 2 1 3 2 29
12714 3 1 5 168 1 169 1 170
12715 3 1 2 2 1 3 1 41
12716 3 1 5 2 1 42
12717 1 1 5 2 1 108 1 109
12718 1 1 3 2 1 3 1 13 1 29
12719 3 1 1 3 2 169 2 175 2 180
12720 2 1 6 2 1 109
12721 3 1 1 4 3 168 1 169 1 171
12722 3 1 3 168 1 169 1 170 1 180
12723 1 1 1 2 4 168 1 169 1 180
12724 2 1 4 2 2 3 2 29
12725 2 1 7 2 1 3 1 29
12726 1 1 8 2 1 29 1 34 1 136
12727 2 1 1 3 1 108 1 109
12728 4 1 1 2 1 3 1 42
12729 3 1 3 2 1 3 1 109
12730 2 1 2 2 1 4 1 29 2 168 1 169
12731 4 1 10 2 2 3
12732 2 1 1 2 1 33 1 145
12733 1 1 1 2 1 5 1 109
12734 1 1 1 2 5 15 1 22 1 38
12735 2 1 3 168 2 169
12736 2 1 3 168 2 169
12737 3 1 3 2 2 130 1 169 2 170
12738 2 1 2 2 1 29 4 168 1 169 1 170
12739 2 1 2 2 1 29 4 168 1 169 1 170
12740 1 1 2 2 1 41 1 165
12741 3 1 14 2 1 3 1 41
12742 3 1 10 2 1 3
12743 3 1 12 2 1 3
12744 3 1 15 2 1 3
12745 2 1 3 2 1 3 1 128
12746 2 1 13 2 1 3 1 29
12747 2 1 14 2 1 3 1 29
12748 2 1 7 2 3 15 2 17 1 21 2 168 1 169
12749 3 1 4 15 2 17 1 168 1 169 1 170
12750 3 1 1 3 1 78
12751 3 1 10 2 1 3
12752 9 15 2 17 1 21 3 168 1 169
12753 4 1 6 2 2 3
12754 3 1 12 2 1 3
12755 2 1 3 168 1 169 1 172
12756 2 1 3 168 1 169 1 172
12757 2 1 6 2 1 109
12758 3 1 2 168 3 169
12759 2 1 9 2 1 3 1 31
12760 1 1 3 2 1 3 2 29
12761 3 1 8 2 1 3
12762 3 1 5 2 1 42
12763 2 1 5 2 1 139
12764 1 1 2 2 1 108 1 109
12765 2 1 4 2 1 3 1 127
12766 1 1 3 2 1 3 2 29
12767 4 1 2 2 1 3 1 4 1 29
12768 1 1 2 2 3 168 1 169 1 179
12769 2 1 5 2 1 3 1 31
12770 2 1 1 2 1 34 1 35 1 119
12771 
12772 3 1 4 2 2 3 1 29
12773 3 1 6 2 2 3 1 29
12774 2 72 2 168 2 169
12775 3 1 7 2 2 3 1 29
12776 2 1 3 2 1 3 1 5
12777 1 1 2 2 2 168 1 169 1 171
12778 1 1 3 2 3 168 1 169 1 175
12779 3 1 1 2 1 3 1 5 1 8
12780 3 1 5 168 1 169 1 170
12781 2 1 15 2 1 29 1 42
12782 1 128 3 168 1 169 1 171
12783 2 1 2 2 10 15 2 22
12784 1 110 1 118 1 119 1 122 1 129
12785 2 1 1 3 1 168 1 169 2 171
12786 1 2 1 3 2 29 1 38
12787 3 1 1 2 1 3 1 6
12788 3 1 1 2 1 3 1 6
12789 3 1 3 2 1 42
12790 2 1 3 2 1 115
12791 2 1 1 2 3 168 2 169
12792 2 1 1 2 1 3 2 168 1 169 1 171
12793 2 1 3 2 1 3 1 31
12794 3 2 1 3 3 128
12795 2 1 6 2 1 3 1 29
12796 2 1 6 2 1 3 1 29
12797 2 1 6 2 1 3 1 29
12798 2 1 6 2 1 3 1 29
12799 1 1 1 2 2 109 1 128
12800 3 1 5 2 1 42 1 50
12801 2 1 1 7 3 168 1 169 1 172
12802 3 1 5 2 1 3 1 41
12803 3 1 9 15 2 17 1 18 1 168 2 170
12804 3 1 4 2 2 3 1 29
12805 1 1 5 2 1 3 2 29
12806 2 1 3 2 1 3 1 38
12807 1 1 1 2 1 3 1 29 1 33
12808 3 1 3 2 1 3 1 41
12809 3 1 5 2 1 168 1 169 1 170
12810 2 1 1 2 2 3 2 29
12811 2 1 9 2 1 29 1 42
12812 4 1 2 2 1 3 1 4 1 29
12813 2 1 4 2 3 15 1 20 1 22 1 30
12814 2 1 2 2 4 168 2 169
12815 2 1 17 2 1 3 1 29
12816 1 1 5 15 1 22 5 168 1 169
12817 2 1 17 2 1 3 5 168 1 169
12818 2 1 17 2 1 3 5 168 1 169
12819 2 1 17 2 1 3 5 168 1 169
12820 2 1 17 2 1 3 5 168 1 169
12821 3 1 3 2 5 15 1 23
12822 3 1 3 168 1 169 1 170
12823 2 1 11 2 5 15 1 22
12824 2 1 2 2 1 78
12825 2 1 2 2 8 15 4 17 2 169
12826 1 1 3 168 1 169 1 181
12827 3 1 4 15 2 17 1 169 1 173
12828 2 1 2 3 1 5 1 29
12829 1 1 1 2 4 15 2 17 2 168 1 169
12830 2 1 1 2 1 3 4 168 1 169
12831 1 29 7 168 3 169
12832 2 1 2 3 2 5
12833 4 1 1 2 1 3 1 4 1 29
12834 3 1 1 2 1 3 1 4 2 128
12835 2 1 5 2 1 3 5 15 1 21
12836 3 1 1 3 2 168 1 169 1 172 1 180
12837 2 1 1 2 2 3 2 29
12838 1 1 3 2 1 108 1 109
12839 3 1 1 8 5 15 1 22
12840 4 1 2 2 3 3 1 29
12841 3 1 1 3 2 168 1 169 1 172
12842 2 1 3 2 1 3 1 128
12843 2 1 7 2 1 29 1 42
12844 3 1 1 3 1 31 3 168 1 169 1 170
12845 3 1 5 2 1 3 1 41
12846 3 1 2 168 3 169 1 180
12847 2 1 1 2 3 15 1 20 1 22 1 30
12848 1 1 1 3 1 7 2 128
12849 1 1 1 65 3 168 2 169
12850 6 1 2 2 4 3
12851 3 1 6 2 1 42 1 48
12852 5 1 2 2 3 3
12853 6 1 1 2 2 3 1 4
12854 6 1 1 2 2 3 1 4
12855 6 1 1 2 2 3 1 4
12856 6 1 1 2 2 3 1 4
12857 6 1 4 3
12858 6 1 1 2 2 3 1 4
12859 2 1 12 2 1 3 1 29
12860 2 1 1 60 1 69
12861 2 1 2 2 1 3 1 68
12862 4 1 1 2 1 3 1 42
12863 3 1 2 2 1 3 1 41
12864 2 128 4 168 2 169
12865 3 1 1 2 1 144 1 145
12866 1 1 3 2 1 108 1 109
12867 1 1 2 15 2 17 2 20 2 168 1 169
12868 2 1 2 2 1 3 5 15 1 21
12869 4 1 3 2 3 3 1 5
12870 2 1 4 2 4 168 2 169
12871 1 1 3 2 1 3 2 128
12872 3 1 6 2 1 3 1 41
12873 4 1 3 2 3 168 2 169 1 170
12874 3 1 17 2 1 3
12875 2 1 2 2 1 3 1 29 1 34
12876 1 1 2 2 1 3 10 168 2 169
12877 2 1 8 2 5 168 4 169
12878 1 1 9 2 6 168 3 169
12879 3 1 12 2 1 3
12880 3 1 5 2 1 41 1 42
12881 1 1 9 2 9 168 7 169
12882 3 1 10 2 1 3 1 41
12883 12 1 8 2 3 3 3 4 1 8
12884 13 168 8 169
12885 5 1 18 2 3 3
12886 3 1 22 2 1 3
12887 3 1 22 2 1 3
12888 3 1 22 2 1 3
12889 4 1 22 2 1 4
12890 4 1 17 2 2 168 4 169
12891 1 1 14 2 7 168 5 169
12892 1 1 12 2 1 3 12 168 4 169
12893 8 2 14 168 4 169
12894 1 1 15 2 7 168 3 169
12895 2 1 18 2 4 168 2 169
12896 1 1 15 2 4 15 2 17 2 168 1 169
12897 10 2 12 168 6 169
12898 2 1 18 2 3 15 2 20 1 22
12899 1 1 15 2 6 168 3 169
12900 4 1 18 2 1 3 3 168 3 169
12901 
12902 
12903 3 1 11 2 1 42
12904 5 1 6 2 3 3 4 168 2 169
12905 2 1 8 2 4 15 2 17 1 168 2 169
12906 4 1 8 2 2 3
12907 4 1 9 2 2 3
12908 4 1 10 2 2 3
12909 2 1 1 2 4 15 2 17 2 168 1 170
12910 2 1 1 3 1 29 1 109
12911 4 1 1 2 1 3 1 7 1 51
12912 5 1 1 2 1 9 1 51
12913 3 1 3 3 2 29
12914 5 15 1 22 1 72 1 128
12915 1 1 10 15 1 21 1 22
12916 3 1 2 2 1 3 1 109
12917 2 1 13 2 1 3 1 29
12918 2 1 4 2 1 3 1 40
12919 2 1 3 2 1 3 1 40
12920 1 2 1 109 2 128
12921 4 1 1 2 1 3 1 110
12922 3 1 2 3 1 108
12923 2 1 1 2 2 109
12924 5 1 9 2 3 3 1 4 1 5 1 29
12925 1 1 5 2 1 3 2 29
12926 2 1 5 2 1 3 1 29
12927 3 1 9 2 1 3
12928 3 1 1 2 1 4 1 108 1 109
12929 3 1 7 2 2 3 1 29
12930 3 1 1 2 2 3 5 168 1 169
12931 2 1 3 2 1 3 5 168 1 169
12932 4 1 8 2 2 3
12933 4 1 8 2 2 3
12934 2 1 2 2 1 3 5 168 1 169
12935 3 1 3 2 1 3 1 34
12936 1 1 2 2 5 15 1 22 1 29
12937 2 1 2 2 2 3 2 29
12938 1 1 2 2 1 3 2 31
12939 3 1 2 2 1 3 1 50
12940 5 1 3 2 3 3
12941 2 1 2 2 1 3 1 49
12942 3 1 2 3 1 49
12943 2 1 1 2 1 29 4 168 1 169 1 170
12944 2 1 1 2 3 168 1 169 1 172
12945 2 1 4 2 1 4 1 5 1 29
12946 1 1 1 3 1 4 4 128
12947 2 1 1 108 1 109 1 110
12948 1 1 2 2 1 108 1 109
12949 2 1 4 2 1 139
12950 2 1 11 2 1 29 1 42
12951 3 1 5 2 1 3 1 41
12952 8 1 6 2 2 3 2 4
12953 1 1 3 2 7 168 3 169
12954 3 1 5 2 1 4 1 29
12955 3 1 10 2 1 3
12956 3 1 14 2 1 3
12957 3 1 16 2 1 3
12958 3 1 17 2 1 3
12959 3 1 18 2 1 3
12960 1 1 1 2 1 3 2 83
12961 1 1 2 2 1 3 2 83
12962 2 1 7 2 4 15 1 22 1 30
12963 3 1 15 2 1 3
12964 2 1 9 2 1 69
12965 6 1 3 2 3 15 3 22
12966 3 1 2 2 2 3 1 29
12967 4 1 1 2 3 3 1 29
12968 4 1 3 2 1 3 1 4 1 29
12969 2 1 15 2 5 15 1 22
12970 5 1 1 2 2 3 1 4 1 29
12971 10 168 4 169
12972 3 1 2 2 1 3 1 4 2 29
12973 3 1 2 2 1 3 1 4 2 29
12974 1 1 10 2 7 168 3 169
12975 1 1 14 2 7 168 3 169
12976 3 1 4 2 1 42
12977 4 1 2 2 1 3 1 4 1 29
12978 5 1 2 3 1 4 1 29
12979 4 1 2 2 1 3 1 4 1 29
12980 1 1 1 3 5 15 1 33 1 37
12981 3 1 5 2 2 3 1 29
12982 4 1 4 2 1 3 1 4 1 29
12983 4 1 4 2 1 3 1 4 1 29
12984 4 1 3 2 3 3 1 29
12985 4 1 3 2 3 3 1 29
12986 4 1 3 2 3 3 1 29
12987 4 1 3 2 3 3 1 29
12988 5 1 1 2 2 3 1 4 1 29
12989 5 1 2 2 2 4 1 29
12990 3 1 4 2 2 3 1 29
12991 5 1 1 2 2 3 1 4 1 29
12992 4 1 3 2 1 3 1 4 1 29
12993 4 1 3 2 1 3 1 4 1 29
12994 4 1 3 2 1 3 1 4 1 29
12995 3 1 4 2 2 3 1 29
12996 5 1 2 2 2 4 1 29
12997 2 1 2 2 1 3 1 49
12998 2 1 9 2 1 3 1 29
12999 2 1 12 2 1 3 1 29
13000 1 1 14 2 2 3 2 29 1 31
13001 3 1 4 2 1 3 1 7
13002 3 1 3 2 2 3 1 29
13003 2 1 3 2 4 15 1 22 1 30
13004 2 1 3 2 2 3 2 29
13005 3 1 1 2 2 3 1 33
13006 2 1 5 2 1 3 1 29
13007 3 1 3 168 1 169 1 173
13008 1 1 7 2 1 3 2 128
13009 2 1 1 2 1 41 1 109
13010 2 1 1 168 2 169 1 171
13011 2 1 2 3 10 168 2 169
13012 3 1 3 2 1 169 1 170 1 179 2 180
13013 4 1 14 2 2 3
13014 5 1 9 2 3 3 1 15 2 17 2 20 1 30 2 168 1 170 1 179
13015 
13016 2 1 1 2 1 3 1 57
13017 2 1 5 2 5 15 1 22
13018 3 1 1 2 1 3 1 4 2 29
13019 3 1 3 2 1 42
13020 2 1 4 2 1 3 1 29
13021 2 1 6 2 1 3 1 29
13022 1 1 1 3 1 7 1 33 1 49
13023 1 7 1 33 1 49 1 109
13024 1 1 1 7 1 42 2 49
13025 3 1 6 2 1 3 1 41
13026 3 1 4 2 1 3 1 41
13027 3 1 1 3 3 168 2 169
13028 2 1 2 2 2 3 2 128
13029 2 1 1 29 2 168 3 169
13030 2 1 4 2 2 3 2 29
13031 3 1 2 2 2 3 1 31
13032 4 1 3 3 1 31
13033 3 1 1 29 3 168 2 169 1 170
13034 4 15 2 24
13035 2 1 3 2 4 15 1 22 1 30
13036 2 1 5 2 1 3 1 33
13037 2 1 1 2 3 3 3 29
13038 1 15 2 18 3 20 8 168 2 169
13039 4 2 1 3 3 83
13040 2 1 1 49 1 168 1 169 2 172
13041 3 1 9 2 2 3 1 29
13042 2 1 7 2 1 6
13043 2 1 6 168 4 169
13044 2 1 2 168 2 169 2 179
13045 1 1 7 168 3 169
13046 1 1 7 168 3 169
13047 
13048 2 2 1 31 1 54 1 55
13049 1 1 1 2 1 131
13050 1 1 5 15 1 22 1 108
13051 5 1 1 4 1 110
13052 3 1 1 4 5 15 1 25
13053 1 5 1 6 1 49
13054 1 1 1 8 10 15 2 18
13055 4 1 2 3 1 6
13056 1 1 1 6 1 72
13057 1 1 1 2 3 15 1 20 1 21 1 30
13058 4 1 1 4 1 6 1 50
13059 1 1 1 6 1 129
13060 12 168 6 169
13061 1 1 1 6 1 50 1 130
13062 1 1 1 6 1 50 1 130
13063 
13064 1 1 1 2 4 15 1 21 1 31 1 53
13065 9 15 2 17 1 18 3 168 1 169
13066 2 1 1 8 1 72
13067 1 1 1 2 4 15 2 17 3 168 1 169
13068 3 1 1 6 1 51
13069 2 1 1 6 1 48
13070 1 1 1 2 1 3 2 33
13071 
13072 10 15 2 25
13073 1 6 2 128
13074 1 6 2 128
13075 1 1 1 6 1 128
13076 1 1 1 6 1 128
13077 1 6 2 127
13078 1 1 1 6 1 72
13079 1 1 1 8 2 130
13080 2 1 1 169 1 175 1 176 3 180
13081 2 165
13082 4 168 2 171
13083 2 1 4 2 1 12
13084 1 1 1 3 5 15 1 21 1 57
13085 6 130 2 168 2 169 3 170 1 173 1 179
13086 6 130 1 168 2 169 3 170 1 173 1 179 1 180
13087 1 5 1 6 1 130
13088 
13089 
13090 6 2 8 15 2 53 2 126
13091 18 15 6 18
13092 
13093 
13094 
13095 3 1 1 2 1 41 1 79
13096 
13097 3 15 2 17 1 20 4 168
13098 
13099 3 1 1 4 1 8 10 15 2 18
13100 3 168 4 169
13101 7 15 1 18 3 20 1 154
13102 4 168 2 171
13103 1 1 11 2 10 168 5 169
13104 2 1 14 2 1 3 7 168 5 169
13105 1 116 1 118 3 119
13106 1 1 1 32 1 45 4 123
13107 2 1 5 2 1 6
13108 1 1 4 2 1 6 1 38
13109 
13110 2 1 4 2 4 15 2 21
13111 3 1 2 2 1 3 1 50 1 136
13112 1 2 1 4 1 29 3 108
13113 1 111 2 130 1 146 2 168 2 169 1 171 1 176 2 180
13114 1 1 4 2 5 15 1 53
13115 1 113 1 118 1 120
13116 4 1 1 2 1 3 1 4 1 108
13117 6 15 2 16 1 19 1 30
13118 10 15 1 25 1 47
13119 2 1 4 2 4 15 2 45
13120 3 1 1 2 2 3 1 31
13121 2 1 5 2 4 15 1 22 1 30
13122 7 15 4 16 1 19 1 20 1 62
13123 1 1 12 2 2 6 1 86
13124 5 1 1 2 1 3 2 51
13125 1 1 2 2 1 7 1 40
13126 2 1 4 2 5 15 1 22 2 50
13127 3 1 11 2 1 4 1 29
13128 2 1 1 2 1 3 1 50 1 134
13129 18 168 6 169
13130 3 1 2 2 4 15 1 23 1 40 1 53
13131 2 2 5 15 1 26 1 40
13132 1 1 4 3 4 29 1 38
13133 2 2 1 5 1 48 1 50 1 68
13134 
13135 4 1 2 2 4 15 2 22
13136 8 15 2 18 1 19 1 20
13137 1 1 1 3 1 29 1 31
13138 2 15 2 16 6 123
13139 2 15 2 16 6 123
13140 2 15 2 16 6 123
13141 2 15 2 16 6 123
13142 3 15 3 71
13143 1 1 8 2 1 29 1 136
13144 1 1 10 2 4 15 1 20 1 21
13145 
13146 2 1 1 2 1 4 1 14 2 29
13147 
13148 1 2 3 3 4 29 1 38
13149 3 1 2 2 1 4 1 31
13150 6 1 3 2 1 13 2 15 2 23 1 30 1 37
13151 
13152 1 1 3 15 1 20 1 21 1 30
13153 1 1 1 2 5 15 1 22 1 29
13154 
13155 1 1 8 15 1 18 1 21 1 32 1 37
13156 2 1 1 7
13157 6 15 2 16 1 30 1 62
13158 2 1 1 7 1 167 3 168 1 169
13159 2 1 1 4 1 29 1 86
13160 2 1 4 2 1 88
13162 2 1 2 2 1 6
13163 1 1 2 2 1 113
13164 1 1 15 2 1 57
13165 
13166 1 1 4 15 1 53 1 105
13167 3 15 2 20 1 21 1 130
13168 16 168 2 180
13169 2 1 8 2 1 69
13170 6 1 2 2 2 4 1 7
13171 3 1 3 2 2 8 1 40
13172 1 1 20 2 1 54
13173 2 1 17 2 1 6 1 41
13174 
13175 2 1 13 2 1 34
13176 3 1 3 15 2 17 1 20 1 170 1 172
13177 2 1 3 2 1 6
13178 2 1 14 2 2 41
13179 1 1 4 15 1 25 1 31 1 53
13180 1 6 2 108
13181 1 1 2 2 8 15 4 16 1 19
13182 2 1 4 2 1 6
13183 2 1 4 2 1 6
13184 1 1 1 2 4 15 1 53 1 105
13185 6 168 2 180
13186 5 1 1 5 1 14 2 52
13187 4 15 2 16 4 123
13188 4 15 2 16 4 123
13189 3 15 2 16 5 123
13190 3 15 2 16 5 123
13191 3 15 2 16 5 123
13192 3 15 2 16 5 123
13193 3 15 2 16 5 123
13194 3 15 2 16 5 123
13195 3 15 2 16 5 123
13196 3 15 2 16 5 123
13197 3 15 2 16 5 123
13198 10 15 2 25 2 48
13199 
13200 2 2 15 15 2 21 1 22
13201 4 1 2 2 2 3 4 15 2 45
13202 2 1 10 2 2 41
13203 2 1 2 168 2 169 1 181
13204 2 1 6 2 1 3 1 50 1 134
13205 1 129 2 130 1 156
13206 1 1 1 5 1 6
13207 1 2 2 29 5 168 1 170
13208 
13209 1 1 13 2 4 15 1 32 1 53
13210 1 1 3 2 4 15 1 20 1 21
13211 1 13 3 168 1 172
13212 1 1 2 15 2 20 1 30 1 37
13213 1 1 1 2 1 168 1 169 1 175 1 179 1 180
13214 1 1 4 15 1 19 1 53
13215 1 1 27 2 1 128
13216 2 1 1 3 10 15 1 18 1 22
13217 1 1 1 50 1 116 1 118 2 119
13218 5 15 1 53 1 118 1 119
13219 1 1 1 2 1 6 1 31
13220 
13221 1 1 3 15 1 20 1 21 1 30
13222 1 1 4 2 1 6 1 29
13223 
13224 2 1 25 2 1 58
13225 8 2 2 86
13226 5 2 2 86
13227 1 1 4 15 1 25 1 31 1 53
13228 4 1 2 2 1 4 1 34
13229 1 1 1 2 1 3 1 5 1 38
13230 2 1 14 2 1 6
13231 1 1 10 2 1 31 1 41
13232 1 1 3 2 4 15 1 19 1 21
13233 
13234 2 1 8 2 4 15 2 45
13235 1 1 1 15 1 30 1 39 1 53 2 123
13236 1 1 2 15 1 30 1 39 1 53 1 123
13237 1 1 1 2 1 5 1 50 1 144
13238 3 1 3 2 1 4 1 29
13239 7 2 2 86
13240 3 1 3 2 1 4 1 6 1 29
13241 1 1 4 2 1 6 1 31
13242 1 1 14 2 1 14 1 31
13243 2 1 6 2 1 6
13244 3 1 3 2 1 4 1 5
13245 4 1 2 2 1 9
13246 2 1 2 2 1 149
13247 2 1 1 2 4 168 1 173
13248 16 129 8 170 1 179
13249 2 1 14 2 1 148
13251 1 1 11 2 4 15 1 45 1 62
13252 2 1 5 2 1 6
13253 
13254 3 1 14 2 1 3 1 41
13255 1 1 5 2 1 34 5 168 1 176
13256 3 1 1 4 1 29 5 168 1 170
13257 2 1 6 2 1 6
13258 1 1 2 2 1 4 2 29 5 168 1 169
13259 4 15 1 19 1 21 1 138
13260 2 1 8 2 1 150
13261 4 1 1 2 2 3 1 41
13262 2 1 8 2 2 48
13263 5 15 2 16 1 19 2 20
13264 6 1 1 2 1 4 1 36
13265 4 1 2 15 1 20 2 22 1 30
13266 1 1 5 2 4 15 1 19 1 21
13267 6 2 1 3 15 168 3 169
13268 2 1 2 15 2 20 1 37 1 53
13269 3 1 8 2 1 4 1 29
13270 3 1 2 2 1 3 1 4 2 29
13271 3 1 2 3 1 38
13272 1 1 2 2 1 4 5 15 1 21 2 29
13273 3 1 1 2 1 103
13274 5 15 1 21 1 119
13275 1 1 1 2 1 50 1 68
13276 2 1 2 168 2 169 1 179
13277 2 1 3 2 2 3 2 29
13278 2 1 21 2 1 60
13279 2 2 2 128 5 168 1 170
13280 1 1 12 2 1 31 1 41
13281 3 1 14 2 1 4 1 31
13282 3 1 12 2 1 3
13283 2 1 13 15 4 18 1 22
13284 
13285 7 15 4 16 1 19 2 62
13286 1 1 5 2 1 29 1 136
13287 2 1 10 2 1 3 1 29
13288 1 1 8 15 4 16 1 19 1 63
13289 2 1 3 2 1 3 1 29 1 41
13290 2 31 4 168 2 169
13291 1 2 1 111 1 113
13292 2 1 9 2 1 109
13293 2 1 4 2 1 3 1 108
13294 2 1 4 2 1 3 1 108
13295 2 2 1 3 3 128
13296 1 113 1 114
13297 4 1 6 15 2 16 2 22
13298 2 1 6 2 1 3 1 29
13299 1 108 1 109 1 111 1 112
13300 2 1 6 2 1 3 1 31
13301 5 15 2 16 3 123
13302 5 15 2 16 3 123
13303 3 1 1 4 4 15 1 34 1 53 1 123
13304 2 1 15 2 1 50
13305 
13306 2 2 3 3 4 29 1 38
13307 2 1 2 15 1 64 3 80
13308 
13309 2 1 6 2 1 3 1 31
13310 1 1 4 2 5 15 1 21 1 58
13311 1 2 1 57 5 168 1 169
13312 9 15 1 18 1 22 1 29 1 62
13313 1 1 7 2 1 50 1 134
13314 2 1 2 2 2 3 2 29
13315 1 1 3 2 1 3 2 29
13316 2 1 4 2 1 78
13317 2 1 2 2 1 35 1 128
13318 2 1 1 3 7 15 2 16 1 21
13319 1 1 14 2 1 6 1 89
13320 2 1 19 2 1 41
13321 
13322 
13323 1 129 3 130 1 146
13324 1 1 4 15 2 17 2 168 1 172
13325 2 1 14 2 1 3 1 31
13326 2 1 7 2 1 3 1 29
13327 2 1 7 2 1 3 1 29
13328 2 1 13 2 1 6 1 41
13329 2 1 3 15 1 21 1 30 1 53
13330 
13331 2 1 13 2 1 41
13332 1 1 11 2 1 44
13333 6 15 1 18 4 20 1 154
13334 
13335 
13337 6 168 2 169
13338 1 1 2 2 7 15 2 16 1 37
13339 1 1 3 2 7 15 2 16 1 21 1 48
13340 2 1 6 2 1 14 1 34
13341 3 1 4 15 1 18 1 26 1 75
13342 
13343 
13344 2 1 23 2 1 41
13345 1 15 5 19
13346 1 1 13 2 1 57
13347 3 1 7 2 1 42
13348 1 1 2 2 1 5 2 41
13349 2 128 3 168 2 169
13350 1 1 4 2 7 15 2 16 1 45
13351 1 1 3 2 7 15 2 16 1 45
13352 2 1 1 3 5 15 1 147
13353 1 1 3 15 1 21 1 62 1 123
13354 2 1 2 2 7 15 2 16 1 22
13355 6 1 2 2 1 3 2 4 1 31
13356 2 1 17 2 1 41
13357 
13358 2 113 1 118
13359 2 2 1 29 4 168 1 172
13360 2 1 12 2 1 6 2 48
13361 1 1 12 2 2 6 1 107 5 168 1 169
13362 6 15 2 16 1 62 1 80
13363 6 15 2 16 1 62 1 80
13364 1 7 1 49 1 108
13365 3 1 1 4 1 68
13366 2 1 5 2 4 15 1 22 1 30
13367 2 1 3 2 2 3 2 29
13368 8 15 2 18 2 20 4 168 2 176
13369 3 1 2 2 1 61 1 149
13370 3 1 2 2 1 4 1 41 1 79 2 81
13371 3 2 2 86
13372 2 1 14 2 1 41
13373 4 15 2 16 4 123
13374 1 1 5 2 5 15 1 25 1 48
13375 10 15 1 21 1 23 2 129
13376 8 15 2 20 2 53
13377 2 1 6 2 1 3 1 31
13378 2 1 1 2 4 15 1 22 1 30
13379 1 113 1 117
13380 2 1 3 15 1 20 1 22 1 80
13381 1 116 3 119
13382 
13383 
13384 2 1 11 2 1 58
13385 2 1 15 2 1 41
13386 1 2 10 15 1 18 1 23 1 29 1 31
13387 1 1 4 3 4 29 1 38
13388 
13389 
13390 1 2 5 29 5 169 1 179
13391 2 2 1 111 1 128
13392 1 1 10 15 1 22 1 37 1 60
13393 1 1 3 2 1 50 1 128
13394 10 15 2 18 2 168 2 169 1 180 1 181
13395 1 50 1 117 1 118 1 129
13396 4 1 2 168 4 169
13397 4 1 2 168 4 169
13398 2 2 2 114
13399 3 2 2 114
13400 1 3 12 168 3 169
13401 3 1 6 2 1 8
13402 1 9 6 118 1 119 3 129
13403 12 168 2 180
13404 2 1 4 2 1 13 1 41 8 168 4 169 2 170 1 172 1 180
13405 8 168 2 180
13406 6 2 2 86
13407 8 15 4 16 1 19 1 20
13408 1 1 1 2 1 9 1 48 3 129
13409 5 1 1 2 2 3 1 4 1 29
13410 2 1 4 2 1 3 1 33
13411 4 1 2 2 1 3 1 4 1 33
13412 2 1 4 15 1 22 1 124
13413 2 1 1 3 2 168 1 176 1 179 1 180
13414 2 1 2 2 1 6
13415 1 1 3 2 1 119
13416 1 1 5 2 1 117
13417 
13418 1 2 5 40 5 169 1 179
13419 2 1 15 2 1 3 1 29
13420 1 1 1 6 1 49
13421 
13422 1 2 1 122 1 128
13423 1 108 1 118 1 119
13424 1 38 1 118 1 119
13425 2 1 15 2 1 41
13426 1 111 1 113 1 118
13427 1 111 1 118 1 120
13428 1 111 1 118 1 122
13429 3 1 3 2 1 4 1 50 1 165
13430 1 1 9 2 1 3 2 29
13431 1 1 25 2 1 128
13432 13 15 3 18 1 32 1 37
13433 1 1 1 48 1 79 2 129
13434 1 1 4 2 1 3 2 29
13435 4 1 3 2 1 4 1 50 1 136
13436 1 1 14 2 1 6 1 86
13437 1 9 1 122 3 130
13438 4 1 1 2 1 3 1 4 1 5
13439 15 15 1 18 1 22 1 23 1 29 1 31
13440 10 15 2 18 2 168 1 170 2 179
13441 5 15 1 18 6 168 1 169
13442 2 1 1 2 1 4 1 29 2 168 1 169
13443 4 2 6 15 4 17 2 29 2 63 2 180
13444 
13445 4 1 2 2 2 3 4 15 2 45
13446 2 1 14 2 4 15 2 45
13447 
13448 3 1 1 2 10 168 5 169 2 170
13449 9 15 2 17 1 21 2 168 1 169
13450 5 1 3 15 2 17 1 20 1 169 2 170
13451 4 1 1 2 3 15 2 17 1 20 1 168 2 170
13452 4 1 1 2 1 8 2 15 1 22 1 47 2 80
13453 4 1 1 3 1 8
13454 
13455 1 1 1 2 3 15 1 30 1 39 1 53
13456 
13457 1 1 19 2 1 68
13458 1 1 3 15 2 17 1 29 1 30 6 168 4 169 1 170
13459 3 116 1 118 5 119
13460 5 15 2 16 3 123
13461 10 15 1 18 1 22 5 168 1 169
13462 1 2 3 3 4 29 1 38
13463 5 1 2 2 2 3 1 4 1 29
13464 6 1 3 3 1 4 1 29
13465 2 1 2 2 1 3 1 29 5 168 1 170
13466 5 15 2 16 3 123
13467 4 15 2 16 4 123
13468 1 1 4 2 1 6 1 31
13469 1 1 4 2 1 6 1 31
13470 
13471 
13472 2 1 1 2 10 15 1 18 1 23
13473 4 1 2 3 3 15 2 21 1 30
13474 1 1 1 2 2 168 1 176 1 179 1 180
13475 1 1 3 15 2 17 1 21 3 168
13476 1 9 1 108 1 109 3 130
13477 3 1 4 2 3 3 2 29
13478 1 1 16 2 5 15 1 21 1 107
13479 3 1 12 2 1 4 1 29
13480 2 1 15 2 1 3 1 29
13481 2 2 2 3 3 29 1 38
13482 1 1 5 2 1 34 4 168 1 176 1 179
13483 3 1 10 2 1 4 1 29
13484 5 1 3 2 2 3 1 4 1 29
13485 4 1 1 2 1 4 1 35 1 130
13486 8 1 2 4 1 36
13487 3 1 9 2 1 4 1 29
13488 3 1 7 2 1 4 1 29
13489 3 1 8 2 1 4 1 29
13490 3 1 18 2 1 4 1 29
13491 3 1 15 2 1 4 1 29
13492 5 1 3 2 2 4 1 29
13493 5 1 5 2 2 4 1 29
13494 3 1 8 2 1 4 1 29
13495 5 1 6 2 2 4 1 29
13496 6 1 2 2 3 3 1 4 1 29
13497 1 1 1 2 1 6 1 108
13498 3 15 2 16 5 123
13499 1 1 5 2 4 15 1 19 1 45
13500 2 1 1 29 4 168 1 169 1 170
13501 2 1 1 29 4 168 1 169 1 170
13502 1 1 8 168 3 169
13503 4 1 4 2 1 3 1 110
13504 1 1 6 2 1 29 1 41
13505 
13506 2 1 7 2 1 50
13507 2 1 11 2 4 168 2 169
13508 1 1 1 2 1 48 4 168 1 169
13509 1 1 10 2 1 44
13510 7 1 2 3 2 4 1 29
13511 8 1 1 3 3 4 1 29
13512 1 3 1 7 2 40 1 130
13513 1 1 16 2 5 15 1 21 1 34
13514 3 15 1 30 1 80 1 126
13515 16 129 8 170 1 173
13516 1 1 2 2 7 15 2 16 1 21 1 48
13517 4 1 5 2 1 3 1 42
13518 
13519 3 1 1 4 3 168 1 169 1 180
13520 3 1 6 2 1 3 1 41
13521 2 1 1 8 1 31
13522 1 2 1 3 4 15 1 22 2 29 1 80 1 107 1 111
13523 3 2 1 31 1 54 1 55
13524 3 1 4 2 2 3 1 31
13525 1 1 10 2 8 15 2 18 1 21 1 71
13527 4 1 3 2 2 3 2 50 1 136
13528 
13529 
13530 10 1 2 2 2 4 3 15 2 23 1 30
13531 2 15 4 17 6 123 2 179
13532 10 15 6 16 2 20
13533 2 15 1 30 1 80 2 123
13534 3 15 1 30 1 80 1 126
13535 2 1 1 2 3 15 1 21 1 30 1 53
13536 4 15 1 32 1 126
13537 7 1 3 4 1 29
13538 3 2 3 3 9 29 1 51 5 169 1 179
13539 2 1 4 2 1 152
13540 2 15 2 16 6 123
13541 1 1 5 2 1 3 2 128
13542 2 1 8 2 1 3 1 29
13543 4 1 2 3 1 149
13544 2 1 3 2 2 3 2 29
13545 1 13 1 14 1 72
13546 14 15 2 18 1 20 1 22
13547 6 15 2 16 1 62 1 80
13548 1 1 11 2 1 29 1 50
13549 3 20 3 126
13550 1 2 1 13 5 15 1 28
13551 1 2 3 3 4 29 1 38
13552 2 2 1 6 2 29
13553 
13554 1 1 3 15 1 20 1 21 1 30
13555 3 1 1 8 2 48
13556 1 1 5 2 1 6 1 13
13557 3 1 1 2 2 3 1 5
13558 
13559 
13560 2 1 15 2 1 41
13561 10 2 2 86
13562 1 1 6 2 4 15 1 30 1 45
13563 
13564 1 1 2 29 4 168 1 169 1 170
13565 3 1 2 2 1 3 1 4 2 128
13566 1 1 5 2 4 15 2 17 1 169 1 171
13567 3 1 10 2 1 61
13568 3 1 6 2 1 3 1 34
13569 3 1 13 2 1 42
13570 2 1 5 2 1 6
13571 2 1 5 2 1 6
13572 1 2 1 119 1 120
13573 3 1 1 4 4 15 1 19 1 45
13574 
13575 4 15 1 37 1 80 1 119
13576 
13577 4 1 1 3 1 8 1 50
13578 3 1 4 15 1 22 1 45
13579 1 1 28 2 1 29
13580 7 15 4 16 3 20
13581 2 1 6 2 2 3 2 29
13582 1 1 9 2 4 15 2 17 2 168 1 169
13583 3 1 7 2 1 4 1 29
13584 1 1 15 2 6 168 3 169
13585 5 2 1 8 15 168 3 169
13586 8 2 1 8 12 168 3 169
13587 3 1 10 2 1 4 1 68
13588 3 1 4 2 1 4 1 31
13589 2 72 4 168 4 169
13590 2 1 8 2 6 168 4 169
13591 6 15 4 16 4 20
13592 2 1 3 15 2 17 1 20 1 168 1 173
13593 2 1 6 2 1 58
13594 4 15 2 16 4 123
13595 6 1 1 2 1 4 1 9
13596 4 15 2 16 4 123
13597 3 15 2 16 5 123
13598 2 15 2 16 6 123
13599 4 1 12 2 2 3 4 15 2 45
13600 2 1 1 2 1 3 1 31 1 55 1 88
13601 3 1 1 3 1 6
13602 3 1 1 2 1 3 1 6
13603 3 1 18 2 1 41 1 159
13604 1 1 5 2 1 31 1 41
13605 2 1 5 15 1 22 1 31 1 65 1 107 3 169 1 170 1 176 1 180 1 181
13606 1 1 4 2 1 4 3 128
13607 2 1 6 168 2 170 2 179
13608 1 1 5 15 1 18 3 168 2 170 3 179
13609 4 1 2 2 2 3 2 48 4 168 2 169
13610 4 1 1 2 2 3 2 41
13611 1 1 11 2 1 29 1 41
13612 4 1 18 2 1 42 1 159
13613 4 1 8 2 2 3 4 15 2 45
13614 2 1 14 2 1 6
13615 2 1 14 2 1 6
13616 3 1 12 2 1 3
13617 3 1 1 2 1 3 1 6
13618 1 130 2 168 1 169
13619 2 1 6 2 1 6
13620 3 1 4 2 1 3 1 41
13621 1 1 4 2 5 15 1 50 1 98
13622 
13623 4 1 1 2 1 3 1 4 1 31
13624 
13625 1 9 2 110 2 118 1 122 5 129
13626 
13627 3 1 1 4 3 168 1 169 2 179
13628 1 9 1 128 2 129 1 130
13629 
13630 1 1 1 2 1 6 1 130
13631 3 1 3 168 1 169 2 170 1 180
13632 2 2 3 3 5 29
13633 1 1 3 168 1 169 1 170 3 179
13634 1 1 5 15 1 25
13635 10 2 2 68
13636 1 2 1 5 6 15 4 17 1 30 1 53 2 180
13637 3 1 1 3 2 29 9 168 6 169 2 170
13638 4 1 3 15 2 17 1 20 1 168 2 170
13639 
13640 4 1 4 2 2 3 2 41
13641 1 1 12 2 1 3 2 29 1 58
13642 1 1 19 2 1 40
13643 1 1 2 168 3 169 1 171
13644 6 1 3 2 3 3 1 29 8 168 5 169 2 170 1 172
13645 
13646 1 15 1 30 3 123 1 126
13647 4 1 3 2 1 4 1 41
13648 1 1 5 15 1 25
13649 1 20 5 123
13650 2 15 2 16 6 123
13651 2 1 2 2 2 3 2 29
13652 3 1 1 2 1 8
13653 1 1 1 2 1 3 1 14 2 29
13654 7 168 1 171
13655 8 168 1 171
13656 2 1 3 15 2 21 1 30
13657 2 1 5 2 2 168 1 170 2 179
13658 1 1 11 2 4 15 1 19 1 63
13659 1 5 4 15 1 53 1 80
13660 1 1 2 2 3 15 1 20 1 21 1 30
13661 1 1 16 2 4 15 1 20 1 21
13662 
13663 2 1 10 168 4 169 2 170 1 180
13664 3 1 1 4 1 29 4 168 2 169
13665 4 15 1 19 1 63 5 168 1 169
13666 
13667 1 1 5 2 4 15 1 21 1 30
13668 3 1 4 15 1 22 1 29 1 64
13669 5 1 7 2 2 4 1 29
13670 5 1 4 2 2 4 1 29
13671 2 1 1 3 1 7 2 168 1 169
13672 1 5 3 168 1 169 2 179
13673 1 1 9 2 1 3 2 29
13674 4 15 2 16 4 123
13675 1 127
13676 
13677 2 119 10 129 6 170
13678 1 1 18 2 1 6 1 31
13679 3 1 1 3 1 29 2 168 3 169 1 170
13680 1 15 2 16 7 123
13681 2 1 5 2 1 3 1 38
13682 1 2 12 15 1 18 1 21 1 22 3 30
13683 
13684 1 1 1 31 1 34 1 48
13685 1 65 1 107 2 168 1 169
13686 1 1 3 15 2 20 1 22 1 29
13687 1 49 3 168 1 169 2 179
13688 6 1 2 2 1 3 1 4 1 42
13689 2 1 1 3 4 15 2 17 3 168 1 169
13690 1 1 3 2 1 5 1 50 1 144
13691 1 1 12 2 1 3 2 29 1 144
13692 2 1 4 15 1 22 1 123
13693 7 168 2 169
13694 2 1 1 2 4 15 1 22 1 126
13695 1 1 1 2 1 31 1 55
13696 1 29 3 168 5 169 1 171
13697 5 15 1 21 1 50 1 165
13698 2 1 2 2 1 3 1 15 2 20 1 63 2 80
13699 
13700 4 1 2 2 2 3 1 164
13701 4 1 1 3 4 15 1 23 1 30
13702 11 15 6 16 1 19
13703 1 6 2 127
13704 1 1 1 6 5 168 1 176
13705 2 2 2 5 1 6
13706 
13707 2 1 3 168 2 169 1 170 1 174
13708 2 1 1 7 4 168 2 169
13709 3 1 3 168 1 170 1 172
13710 1 1 8 15 2 18 1 22 1 31 1 124
13711 5 1 1 2 3 19 1 31 3 64
13712 2 1 2 2 2 3 2 128
13713 4 1 4 168 1 170 1 171 2 172
13714 2 1 7 15 1 18 1 42 2 53 2 123
13715 5 15 3 19 3 21 2 130
13716 8 15 2 18 2 80 4 168 2 176
13717 
13718 6 1 2 2 4 3 1 6 2 48
13719 1 2 4 29 1 49 5 169 1 179
13720 2 1 2 2 1 60 1 88
13721 1 2 4 29 1 49 5 169 1 179
13722 
13723 3 1 1 2 4 15 1 22 1 45
13724 2 1 6 2 2 45 4 123
13725 1 2 1 5 6 15 2 19 1 22 1 50 2 123
13726 1 1 1 3 2 5 2 50
13727 
13728 
13729 
13730 1 1 6 2 1 31 1 41
13731 4 15 2 17 6 168 5 169 1 170 1 172 2 176 1 179 1 180
13732 6 1 1 2 1 3 2 4 1 29
13733 2 1 4 2 1 3 1 33
13734 
13735 4 1 3 2 2 3 3 50
13736 2 1 5 15 1 22 1 58
13737 1 1 5 15 1 22 1 127
13738 2 1 2 2 2 109
13739 4 1 3 2 3 3 1 29
13740 3 1 1 29 3 168 2 169 2 170
13741 2 1 5 2 4 15 1 22 1 30
13742 2 1 6 2 4 15 1 22 1 30
13743 2 1 7 2 4 15 1 22 1 30
13744 2 1 5 2 4 15 1 22 1 30
13745 3 1 3 168 3 169
13746 2 1 5 2 4 15 1 22 1 30
13747 3 1 1 2 2 3 1 5 1 48
13748 2 1 2 2 1 29 4 168 1 169 1 170
13749 2 1 7 2 1 3 1 29
13750 3 1 2 2 2 3 1 108
13751 1 1 1 29 3 168 2 169
13752 2 1 4 2 2 3 2 29
13753 2 1 12 2 1 3 1 31
13754 2 1 12 2 1 3 1 31
13755 3 1 2 168 3 169
13756 2 1 2 2 2 3 2 29
13757 2 1 6 2 1 3 1 29
13758 2 1 1 2 4 168 2 169
13759 2 1 1 2 4 168 2 169
13760 2 1 5 2 4 15 1 22 1 30
13761 2 1 7 2 1 3 1 29
13762 2 1 2 2 1 4 2 29
13763 2 1 5 2 1 3 1 29
13764 1 112 1 113 1 121
13765 1 1 1 2 1 121
13766 1 109 1 117 1 128
13767 1 1 1 168 1 169 2 175 2 180
13768 2 1 7 2 5 15 1 22
13769 3 1 3 168 1 169 1 170 1 173
13770 2 3 2 29 2 31
13771 2 1 11 2 1 3 1 29
13772 3 1 8 2 1 4 1 29
13773 2 1 17 2 1 3 1 40 1 41
13774 2 1 14 2 1 3 1 31
13775 2 1 4 2 1 69
13776 10 15 1 21 1 22 1 33
13777 2 1 8 2 2 3 2 29
13778 2 1 10 2 2 3 2 29
13779 3 1 9 2 1 3 1 41
13780 3 1 12 2 1 3 1 41
13781 3 1 16 2 1 3 1 41
13782 2 1 1 2 1 79 1 128
13783 1 1 1 110 1 111 1 119
13784 2 1 2 3 1 29 1 33
13785 8 168 2 169
13786 2 1 5 2 2 3 2 29
13787 1 2 1 49 1 115 1 118 1 119
13788 2 1 13 2 1 3 1 29
13789 2 1 1 12
13790 3 1 11 2 1 3
13791 1 1 8 15 1 18 2 20 1 22
13792 2 1 9 15 1 18 1 21 1 22
13793 2 1 2 2 1 69
13794 3 1 1 2 1 3 1 4 2 29
13795 4 1 3 3 1 29
13796 2 1 8 2 1 3 1 31
13797 2 1 7 2 3 15 2 17 1 21 3 168 1 169
13798 3 1 5 2 2 3 1 29
13799 2 1 8 2 4 15 2 17 1 169 1 172
13800 5 1 1 2 3 15 2 17 1 20 1 169 2 170
13801 3 1 1 2 1 3 1 4 2 29
13802 2 1 2 2 2 3 2 29
13803 3 1 5 2 2 3 1 29
13804 3 1 5 2 2 3 1 29
13805 4 1 3 2 1 3 1 4 1 29
13806 4 1 3 2 1 3 1 4 1 29
13807 3 1 4 2 2 3 1 29
13808 2 1 11 2 1 3 1 31
13809 1 1 1 50 1 109 1 111
13810 2 1 7 2 1 69
13811 1 1 1 2 4 15 2 17 1 169 1 171
13812 3 1 4 2 1 3 1 41
13813 5 1 9 2 4 3 1 29
13814 2 1 14 2 1 3 1 31
13815 3 2 1 31 1 54 1 55
13816 1 1 16 2 1 3 1 40 1 41 1 49
13817 3 1 5 2 1 3 1 41
13818 3 1 6 2 1 3 1 41
13819 4 1 5 2 1 3 1 4 1 29
13820 1 1 1 2 1 3 1 29 5 168 1 169
13821 3 1 1 128 2 168 2 169 2 170 1 180
13822 2 1 3 168 1 169 1 176
13823 2 168 4 169 2 171
13824 3 1 2 2 3 3 2 29
13825 1 1 4 2 5 15 3 19 1 23 1 29 2 123
13826 2 1 6 2 1 3 1 29
13827 2 1 6 2 1 3 1 29
13828 3 1 4 2 2 3 1 38
13829 2 1 6 2 1 69
13830 1 1 1 38 2 168 2 169 1 171
13831 4 1 5 2 1 3 1 42
13832 3 1 3 2 1 3 1 34
13833 2 1 4 2 1 3 1 33
13834 1 2 5 15 1 22 2 29
13835 1 1 15 15 1 18 2 22
13836 5 15 1 25 1 128
13837 8 15 1 18 1 25 2 80
13838 1 1 1 2 1 6 1 128
13839 
13840 2 1 1 2 1 8 5 15 1 18
13841 2 1 1 3 9 168 3 169
13842 3 1 1 3 1 29 3 168 3 169
13843 1 1 1 6 1 129
13844 3 1 1 3 1 168 1 169 1 171 1 172
13845 1 1 1 2 1 6 1 72
13846 2 2 3 3 5 29
13847 1 2 1 6 1 29 1 130
13848 2 1 3 2 2 3 2 29
13849 1 1 1 2 1 6 1 86
13850 2 1 8 2 1 8 1 38
13851 5 15 2 17 1 18 1 29 4 30 1 168 2 169 1 179
13852 
13853 1 6 2 54
13854 1 1 2 2 1 6 1 130
13855 
13856 7 15 1 18 1 25 3 80
13857 7 15 1 18 1 25 3 80
13858 7 15 1 18 1 25 3 80
13859 1 1 1 8 1 108 1 130
13860 2 29 4 168 2 169
13861 
13863 3 1 2 168 1 169 2 170 2 180
13864 
13865 3 1 4 2 1 3 2 144
13866 6 15 2 19 1 62 1 63 1 123 1 154
13867 8 15 1 18 2 53 2 119 1 154
13868 2 1 1 103 5 168 5 169
13869 1 1 1 2 1 3 1 40 5 168 1 169
13870 9 15 2 18 1 124
13871 1 60
13872 
13873 
13874 1 1 1 21 5 123
13875 1 1 1 3 1 51 2 108 1 111
13876 2 1 10 2 1 14
13877 
13878 3 1 2 2 1 3 3 19 2 63 1 123
13880 1 1 2 2 1 31 1 55
13882 1 2 1 50 1 61 2 79 4 81 1 129
13883 1 1 16 2 1 34 1 40 1 136
13884 
13885 4 15 1 29 1 45 1 123
13886 1 1 6 2 1 29 1 136
13887 1 1 13 2 3 15 2 19 1 34 1 97
13888 
13889 
13890 1 49 1 116 1 118 2 119
13891 3 1 3 2 1 3 1 34
13892 2 1 15 2 1 3 1 29
13893 4 1 3 2 2 3 1 58
13895 2 1 4 2 1 60
13896 1 1 19 2 5 15 1 21
13897 2 1 7 2 1 58
13898 4 1 3 15 2 17 1 20 2 169 1 170
13899 3 1 4 15 1 21 1 22
13900 
13901 2 1 8 15 2 20 2 22
13902 2 1 4 2 1 152
13903 2 1 1 8 4 15 1 18 1 20
13904 5 2 1 29 4 168 1 169
13905 1 1 1 38 4 168 1 170
13906 
13907 2 2 2 5 6 15 4 17 2 53 2 180
13908 2 2 1 3 2 5 1 31
13909 1 1 4 2 3 15 2 17 1 21 4 168
13910 6 1 2 4 2 171 2 172
13911 3 1 11 2 1 61
13912 1 1 8 15 2 16 1 19 1 21 1 37 1 63 2 123
13913 1 1 18 2 1 31 1 41
13914 1 13 1 68
13915 2 1 9 2 1 109
13916 1 118 2 120
13917 4 1 1 2 1 3 1 4 1 108
13918 4 2 5 15 1 21 4 168 1 169
13919 1 1 1 2 2 168 1 172 1 180
13920 1 1 1 2 4 19 1 20
13921 2 1 9 2 5 15 1 21 1 61
13922 1 5 2 15 3 20 1 21
13923 3 1 1 2 1 4 1 5 1 7
13924 1 1 7 2 1 29 5 168 1 170
13925 4 168 1 169 1 172
13926 3 1 5 15 1 18 2 168 1 169 2 170 1 172
13927 1 1 5 2 5 168 1 176
13928 
13929 1 2 1 5 4 15 1 19
13930 1 50 1 115 2 118 2 119
13931 2 1 1 3 1 15 4 19
13932 2 1 1 2 3 168 1 170 1 179
13933 2 1 4 2 4 168 1 173
13934 3 1 7 2 1 29 1 43
13935 2 1 2 2 3 15 1 20 2 21
13936 5 1 2 2 2 4 1 33
13937 2 1 5 2 4 168 1 173
13938 1 5 4 15 1 20 1 53
13939 2 1 6 15 2 16 2 45
13940 2 1 6 15 2 16 2 45
13941 1 1 6 2 4 15 1 19 1 45
13942 
13943 8 1 1 2 2 3 2 4
13944 7 1 3 2 3 3 1 4
13945 4 1 9 2 1 4
13946 2 1 1 8 5 15 1 26
13947 8 1 3 2 2 3 2 4
13948 7 1 5 2 3 4 1 29
13949 2 1 1 81 4 168 1 169 1 170
13950 3 1 12 2 1 4 1 29
13951 6 2 2 50 6 168 2 169
13952 4 2 2 144 8 168 2 169
13953 
13954 4 20 2 123
13955 2 1 1 2 2 3 10 168 2 169
13956 1 1 7 2 1 5 1 50
13957 2 1 7 2 1 3 5 15 1 21
13958 4 2 2 50 10 168 2 169
13959 6 2 2 50 8 168 2 169
13960 6 2 2 144 8 168 2 169
13961 5 1 4 2 2 4 1 29
13962 3 1 1 4 7 168 1 169
13963 19 2 1 108 1 113
13964 5 1 2 2 1 4 1 110
13965 1 1 6 2 10 15 1 18 1 23 1 29
13966 2 1 19 2 2 50
13967 2 1 19 2 2 50
13968 2 1 1 2 1 3 5 15 1 23 10 168 2 169
13969 2 1 18 2 2 50
13970 2 1 18 2 2 50
13971 5 2 1 14 2 29
13972 1 1 4 2 1 5 10 15 1 18 1 23
13973 3 1 3 2 2 3 10 15 2 22 1 31
13974 3 1 10 2 1 3
13975 4 1 2 168 2 169 1 170
13976 7 15 2 18 3 20
13977 1 1 7 2 7 168 3 169
13978 4 1 4 2 2 3 2 50 8 168 4 169
13979 4 15 2 16 1 19 3 20
13980 5 1 1 2 1 4 1 8
13981 3 1 5 2 1 3 1 4 2 29
13982 20 2 1 108 1 113
13983 
13984 8 2 2 144 10 168 2 169
13985 10 2 2 144 8 168 2 169
13986 4 1 8 2 2 3 2 50 4 168 2 169
13987 4 1 7 2 3 3 2 50 5 168 1 169
13988 8 1 8 2 6 3
13989 4 1 16 2 2 3
13990 1 5 15 15 2 21 1 23
13991 3 1 21 2 1 3
13992 3 1 21 2 1 4 1 29
13993 4 1 2 2 1 3 1 4 1 5
13994 1 1 8 2 1 3 2 128
13995 4 1 2 2 2 3 1 7
13996 3 1 9 2 1 4 1 31
13997 3 1 23 2 1 3
13998 1 1 5 2 4 15 1 19 1 21
13999 22 2 2 5
14000 4 1 10 2 2 3 6 168 4 169
14001 3 1 12 2 1 4 1 31
14002 1 1 6 2 5 15 1 23 10 168 2 169
14003 3 1 16 2 1 3 4 168 2 169
14004 3 1 22 2 1 4 1 29
14005 1 1 7 2 1 29 1 136
14006 2 2 15 168 2 169 1 170
14007 2 1 5 2 1 3 1 4 15 168 3 169
14008 3 1 25 2 1 3
14009 3 1 25 2 1 4 1 29
14010 3 1 11 2 1 4 1 31
14011 1 1 1 2 5 15 1 18 4 168 2 169
14012 4 1 4 15 2 17 4 169
14013 4 1 18 2 2 3
14014 5 1 16 2 3 3
14015 8 1 10 2 2 3 2 4 2 144
14016 1 1 6 2 1 3 14 168 6 169
14017 1 1 8 2 1 4 15 168 3 169
14018 10 168 2 180
14019 2 1 2 2 4 168 1 173
14020 1 1 9 2 1 4 15 168 3 169
14021 3 1 7 2 2 3 1 29
14022 2 1 5 2 10 15 1 18 1 23
14023 4 15 2 16 1 19 2 20 1 123
14024 1 1 3 2 4 15 1 20 1 63
14025 1 1 5 2 9 15 2 18 1 21
14026 1 1 5 2 9 15 2 18 1 21
14027 5 1 3 2 1 4 1 110
14028 6 1 2 2 1 4 1 9
14029 5 1 3 2 1 4 1 8
14030 5 1 2 2 1 4 1 8
14031 6 1 2 3 1 9
14032 10 15 2 16 2 18 2 20
14033 1 1 3 2 13 15 4 18 1 21
14034 2 1 12 2 1 41
14035 3 1 1 2 1 9 5 15 1 18
14036 6 1 5 2 2 4 1 6
14037 3 1 3 2 1 4 5 15 1 21
14038 3 1 4 2 1 4 1 29
14039 1 1 2 15 2 20 1 21 1 30
14040 
14041 6 1 2 2 1 3 1 4 1 8
14042 3 1 8 2 1 4 1 29
14043 4 1 1 2 3 168 1 170 1 173
14044 4 1 2 15 1 20 2 22 1 30
14045 5 1 4 2 1 4 1 110
14046 5 1 4 2 2 4 1 29
14047 3 1 7 2 1 4 1 29
14048 3 1 3 2 1 3 1 4 2 29
14049 2 1 4 2 1 3 1 31
14050 1 1 7 2 1 113
14051 1 108 5 168 1 169
14052 2 1 1 130 4 168 1 169 1 170
14053 7 1 3 2 1 3 2 4
14054 6 1 1 4 1 35 1 36 6 168 3 169 1 170
14055 7 1 4 2 3 4 1 29
14056 2 1 1 2 5 15 1 18 3 19 1 26 1 62 1 64
14057 2 1 4 2 1 3 5 15 1 21
14058 1 1 1 2 10 15 2 22 1 29
14059 3 1 8 2 2 3 1 33
14060 2 1 13 2 1 3 1 31
14061 6 1 4 2 1 3 2 4 1 29
14062 2 1 14 2 1 3 1 31
14063 4 1 2 3 6 15 2 16 2 21
14064 2 1 9 2 1 3 1 5
14065 3 1 3 2 1 42 1 50
14066 2 1 15 2 1 3 1 31
14067 2 1 15 2 1 3 1 31
14068 3 1 3 2 1 3 1 4 10 168 2 169
14069 3 1 7 2 1 3 1 50
14070 3 1 15 2 1 8
14071 1 1 2 2 10 15 1 21 1 22
14072 2 1 4 2 2 3 10 15 2 45
14073 2 1 5 2 1 4 2 29
14074 
14075 3 1 3 2 2 3 10 15 1 21 1 22
14076 4 1 14 2 2 3 2 144
14077 1 1 14 2 4 15 1 20 1 21
14078 1 1 2 2 3 168 1 169 1 175
14079 2 1 1 2 3 168 1 170 2 179
14080 2 1 1 130 4 168 1 169 1 170
14081 
14082 3 1 18 2 1 4 1 29
14083 6 1 10 2 4 3 2 50
14084 4 1 14 2 2 3 2 50
14085 4 1 14 2 2 3 2 50
14086 4 1 14 2 2 3 2 50
14087 4 1 14 2 2 3 2 50
14088 4 1 14 2 2 3 2 50
14089 1 1 2 2 1 4 2 29 4 168 1 169
14090 1 1 1 2 13 15 4 18 1 21
14091 1 1 3 2 5 15 1 23 10 168 2 169
14092 1 1 1 2 13 15 4 18 1 21
14093 
14094 7 1 10 2 3 3 1 4 1 8 1 29
14095 7 1 9 2 3 3 2 4 1 5 1 29
14096 
14097 2 1 2 2 2 168 2 172
14098 6 1 9 2 3 3 1 4 1 33
14099 2 1 7 2 3 15 2 17 1 21 5 168 3 169
14100 2 1 5 2 1 3 5 15 1 23 10 168 2 169
14101 2 1 5 2 1 3 5 15 1 23 10 168 2 169
14102 8 2 2 50 10 168 2 169
14103 2 1 4 2 2 3 2 50 10 168 2 169
14104 2 1 2 2 13 15 4 18 1 22
14105 1 1 3 2 13 15 4 18 1 21
14106 1 1 5 2 5 15 1 23 10 168 2 169
14107 19 15 3 18 1 20 1 23
14108 1 1 5 2 1 4 15 168 3 169
14109 3 1 9 2 4 15 1 21 1 22
14110 3 1 22 2 1 3
14111 3 1 23 2 1 4 1 29
14112 3 1 6 2 2 3 1 29
14113 5 1 1 2 1 3 1 4 1 7
14114 4 2 15 15 2 21 1 22
14115 4 1 16 2 2 3 2 50
14116 4 1 16 2 2 3 2 50
14117 4 1 16 2 2 3 2 50
14118 1 1 1 168 1 169 1 171 1 180
14119 3 1 24 2 1 3
14120 
14121 6 15 1 18 2 19 2 20
14122 3 1 9 2 2 3 1 29
14123 3 1 10 2 1 4 1 29
14124 2 2 1 14 2 127
14125 2 1 1 7 1 8 1 130
14126 2 1 3 2 1 4 2 128
14127 3 1 1 2 3 3 2 29
14128 2 1 3 2 2 3 2 128
14129 4 1 3 2 1 3 1 110
14130 1 1 3 2 1 111 1 112
14131 3 1 2 168 2 169 1 172
14132 1 1 1 2 1 3 1 4 4 128
14133 2 1 2 2 1 5 1 110
14134 4 1 1 4 1 150
14135 4 1 1 2 2 4 1 5 1 29
14136 3 1 1 2 2 3 1 4 3 29
14137 1 1 1 2 1 9 1 128 2 130
14138 1 1 10 2 1 3 2 29 1 58
14139 3 1 5 2 1 3 1 41
14140 1 1 5 2 13 15 4 18 1 21
14141 1 1 5 2 13 15 4 18 1 21
14142 1 1 5 2 13 15 4 18 1 21
14143 1 1 5 2 13 15 4 18 1 21
14144 1 1 5 2 13 15 4 18 1 21
14145 1 1 5 2 13 15 4 18 1 21
14146 2 1 4 2 13 15 4 18 1 22
14147 1 1 5 2 13 15 4 18 1 21
14148 2 1 4 2 13 15 4 18 1 22
14149 3 1 1 3 3 168 1 170 1 179
14150 1 1 5 2 13 15 4 18 1 21
14151 2 1 4 2 1 3 1 33
14152 2 1 1 3 1 38 1 109
14153 
14154 1 1 9 2 13 15 4 18 1 21
14155 2 1 8 2 13 15 4 18 1 22
14156 2 1 6 2 13 15 4 18 1 22
14157 1 1 7 2 13 15 4 18 1 21
14158 
14159 1 1 4 2 13 15 4 18 1 21
14160 2 1 5 2 13 15 4 18 1 22
14161 3 1 24 2 1 4 1 29
14162 1 1 10 2 13 15 4 18 1 21
14163 5 1 4 2 2 3 1 4 1 29
14164 1 1 2 2 1 3 1 29 1 127
14165 1 1 2 2 4 19 1 24
14166 1 1 3 2 4 19 1 24
14167 1 1 3 2 1 109 2 112 1 113
14168 3 1 1 4 1 81 2 168 1 169 1 176
14169 2 1 2 2 4 15 2 21
14170 
14171 
14172 
14173 14 1 4 2 6 52
14174 2 1 4 168 2 169 1 170
14175 1 1 3 2 6 15 2 18 2 19 1 21 1 53 1 117
14176 3 1 2 2 1 3 1 109
14177 4 2 1 3 3 128
14178 2 1 2 2 5 15 1 18 3 19 1 26 1 62 1 64
14179 2 1 7 2 5 15 1 18 3 19 1 26 1 62 1 64
14180 2 1 9 2 5 15 1 18 3 19 1 26 1 62 1 64
14181 2 1 11 2 5 15 1 18 3 19 1 26 1 62 1 64
14182 
14183 2 1 5 2 5 15 1 18 3 19 1 26 1 62 1 64
14184 5 1 1 2 2 4 1 33
14185 
14186 
14187 
14188 
14189 
14190 
14191 
14192 3 1 14 2 1 3
14193 3 1 4 2 1 3 2 50
14194 5 1 2 2 1 3 2 51
14195 1 1 2 2 2 3 3 128
14196 3 1 4 2 1 4 1 29
14197 1 1 1 2 1 5 2 41
14198 1 1 3 2 1 5 2 41
14199 1 1 1 5 2 41
14200 2 1 4 15 1 21 1 26
14201 2 1 8 15 2 18 2 21
14202 3 2 1 108 1 111
14203 
14204 3 1 1 3 2 168 1 170
14205 1 1 3 2 6 168 1 169
14206 1 1 5 2 1 3 2 29
14207 2 1 6 2 1 4 2 29
14208 6 129 1 130 1 169 3 170
14209 1 1 5 2 1 7 1 128
14210 12 15 2 16 1 18 1 154
14211 5 15 1 18 5 20 1 154
14212 14 15 4 16 1 18 1 154
14213 14 15 4 16 1 18 1 154
14214 10 15 2 16 1 18 2 20 1 154
14215 7 15 1 18 3 20 1 154
14216 6 1 2 3 2 51
14217 4 1 7 2 2 3
14218 4 1 8 2 2 3
14219 4 1 9 2 2 3
14220 3 1 13 2 1 3
14221 4 1 12 2 2 3
14222 3 1 15 2 1 3
14223 4 1 13 2 2 3
14224 3 1 16 2 1 3
14225 4 1 16 2 2 3
14226 3 1 20 2 1 3
14227 4 1 21 2 2 3
14228 3 1 23 2 1 3
14229 1 1 14 2 1 3 10 168 2 169
14230 2 1 8 2 2 7
14231 3 1 13 2 1 8
14232 3 1 15 2 1 8
14233 1 1 13 2 1 8 10 15 2 21
14234 3 1 1 4 3 168 1 169 2 179
14235 3 1 1 4 1 15 4 19
14236 13 2 2 29
14237 5 1 1 2 1 4 3 15 2 20 1 23
14238 3 1 1 9 7 15 2 16 1 18
14239 1 5 4 168 1 176
14240 4 1 17 2 2 3
14241 1 1 14 2 10 15 1 18 1 22
14242 1 1 14 2 1 3 10 15 2 21
14243 1 1 13 2 1 8 10 15 2 18
14244 3 14 2 72
14245 4 14 2 72
14246 14 2 2 5
14247 1 1 3 2 6 15 2 18 2 19 1 21 1 53 1 119
14248 3 15 2 19 1 33 1 97
14249 1 1 3 2 15 15 2 18 1 23
14250 1 1 6 2 4 15 1 18 1 53 1 117 4 168 2 169
14251 1 1 1 2 1 12 5 15 1 21
14252 1 1 1 2 1 12 4 15 1 20 1 21
14253 1 1 1 7 1 12 4 15 1 20 1 21
14254 1 5 5 15 1 28
14255 1 1 2 2 1 12 5 15 1 18
14256 1 1 3 2 1 12 5 15 1 18
14257 1 1 1 2 1 12 5 15 1 21
14258 1 1 2 2 1 12 5 15 1 21
14259 6 1 8 2 2 15 1 20 2 23 1 30
14260 1 1 2 2 6 168 1 169
14261 1 1 3 2 4 15 1 18 1 71 4 168 1 169 1 176
14262 2 1 3 2 1 4 5 15 1 21 1 29
14263 1 1 3 2 7 15 2 18 1 19 1 21 1 53 1 117
14264 1 1 3 2 7 15 2 18 1 19 1 21 1 117 1 147
14265 1 1 4 2 4 15 1 18 1 53 1 117 2 168 2 169 2 179
14266 1 1 4 2 4 15 1 18 1 117 1 147 2 168 2 169 2 179
14267 1 1 6 2 4 15 1 18 1 53 1 117 2 168 2 169 2 179
14268 1 1 3 2 6 15 2 18 2 19 1 21 1 117 1 147
14269 1 1 3 2 6 15 2 18 2 19 1 21 1 117 1 147
14270 1 1 6 2 4 15 1 18 1 53 1 117 6 168 2 170
14271 1 1 3 2 8 15 1 18 1 21 1 28 1 53 1 117
14272 
14273 
14274 1 1 3 2 11 15 4 18 1 19 1 21 1 53 1 117
14275 1 1 3 2 6 15 2 18 2 19 1 21 1 117 1 147
14276 1 1 2 2 3 15 1 20 1 21 1 30
14277 1 1 2 2 1 3 2 40
14278 
14279 2 1 4 2 1 14 1 34
14280 2 1 15 2 1 50
14281 4 1 2 2 4 15 1 21 1 23
14282 2 15 1 20 3 126
14283 4 1 1 170 2 172 1 174
14284 1 1 2 2 1 34 2 168 1 169
14285 
14286 
14287 
14288 3 1 7 2 1 4 1 29
14289 
14290 
14291 
14292 
14293 
14294 3 1 4 2 1 4 1 5
14295 3 1 5 2 1 4 1 31
14296 11 15 2 16 2 18 1 20
14297 
14298 4 1 7 2 1 4
14299 4 15 2 16 4 20
14300 
14301 2 1 2 2 8 15 2 18 2 21
14302 
14303 2 1 3 2 1 4 2 29
14304 4 1 3 2 2 8
14305 2 1 4 2 1 8 5 15 1 18
14306 3 1 4 168 3 169
14307 2 1 1 3 3 15 1 20 1 21 1 30
14308 3 1 1 36 1 129
14309 1 1 12 2 4 15 1 20 1 21
14310 4 1 3 2 1 3 1 4 1 29
14311 
14312 7 15 4 16 3 20
14313 
14314 3 15 1 20 2 32
14315 14 15 2 18 2 21
14316 1 1 5 2 4 15 1 20 1 21
14317 4 1 1 2 1 9 1 50
14318 1 1 4 19 1 24
14319 1 1 4 19 1 24
14320 1 1 2 2 1 8 10 15 2 18
14321 1 1 3 2 1 8 10 15 2 18
14322 1 1 5 2 1 8 10 15 2 18
14323 1 1 9 2 1 8 10 15 2 18
14324 1 1 24 2 1 5
14325 6 1 3 2 2 4 1 50
14326 2 1 6 2 1 3 1 33
14327 
14328 2 1 5 2 1 3 1 49
14329 5 15 1 18 1 169 3 171
14330 1 1 14 2 4 15 1 20 1 21
14331 2 1 3 2 1 4 1 5 1 128
14332 
14333 1 1 4 2 1 41 1 117 3 118
14334 3 1 1 2 1 4 1 34 1 130
14335 
14336 3 1 4 2 2 3 1 29
14337 1 2 1 3 1 5 1 13 1 29
14338 1 1 1 2 1 4 1 5 1 13 1 29
14339 1 2 1 3 2 5 1 14 1 29
14340 1 1 1 2 1 4 2 5 1 14 1 29
14341 1 2 1 3 1 5 1 7 1 14 1 29 1 130
14342 4 169
14343 3 1 1 4 6 168 1 169 1 180
14344 9 15 2 18 1 24
14345 1 1 12 2 4 15 1 32 1 53
14346 1 1 16 2 4 15 1 32 1 53
14347 1 1 2 2 3 15 2 20 1 21
14348 1 1 6 2 3 15 2 20 1 21
14349 1 1 10 2 3 15 2 20 1 21
14350 1 1 14 2 3 15 2 20 1 21
14351 1 1 1 2 5 15 1 18 1 168 2 169
14352 4 1 20 2 2 3
14353 4 2 1 5 5 15 1 21
14354 1 1 3 2 4 15 1 20 1 21
14355 1 1 3 2 4 15 1 20 1 21
14356 1 1 18 2 1 5
14357 1 1 2 2 3 15 2 20 1 21
14358 1 1 2 2 3 15 2 20 1 21
14359 1 1 5 15 1 18 4 168 2 169
14360 3 1 1 2 1 156
14361 1 49 1 117 2 118
14362 3 1 3 2 1 4 1 5
14363 2 1 1 5 3 168 1 170 1 172
14364 4 1 2 3 2 7
14365 1 5 1 8 4 168 2 169
14366 3 1 4 2 5 15 1 23
14367 4 1 1 18 3 19 2 64 4 168 1 176 1 179
14368 2 1 3 2 1 4 1 14 2 29
14369 
14370 1 1 22 2 1 138
14371 1 1 24 2 1 138
14372 1 1 26 2 1 138
14373 
14374 7 2 1 13 1 31
14375 5 1 2 4 1 128
14376 3 1 3 2 1 4 1 5
14377 3 1 4 2 1 4 1 5
14378 1 1 3 2 1 41 1 119
14379 1 1 4 2 5 15 1 21 1 41
14380 2 1 1 2 1 3 1 7 1 130
14381 3 1 12 2 1 4 1 29
14382 2 1 1 7 5 168 1 170
14383 1 1 3 2 1 4 3 128
14384 2 2 1 5 5 15 1 28
14385 4 130 1 168 2 170
14386 3 1 2 15 2 17 2 20 1 168 3 169
14387 2 15 2 17 2 20 3 168
14388 2 1 1 3 6 15 2 16 1 19
14389 2 1 8 2 1 50
14390 3 1 4 15 2 17 1 168 1 169 1 170
14391 2 1 3 15 2 17 1 20 1 168 1 173
14392 1 1 6 15 2 16 1 20 1 21
14393 3 1 8 2 1 3
14394 2 1 6 2 2 15 2 17 2 21 4 168
14395 2 1 2 2 4 15 2 21
14396 4 1 16 2 2 3
14397 1 1 3 2 1 5 2 41
14398 1 1 7 2 10 15 1 18 1 22
14399 5 1 1 8 1 9
14400 1 1 1 49 4 168 1 173
14401 3 1 7 2 1 3
14402 3 1 7 2 1 3
14403 4 1 6 2 1 4
14404 4 1 6 2 1 4
14405 4 1 6 2 1 4
14406 4 1 6 2 1 4
14407 4 1 5 2 2 3
14408 4 1 5 2 2 3
14409 4 1 5 2 2 3
14410 4 1 7 2 1 4
14411 4 1 7 2 1 4
14412 4 1 7 2 1 4
14413 3 1 1 168 1 169 2 172
14414 4 1 8 2 1 4
14415 1 1 5 2 1 49 1 50
14416 
14417 1 1 4 2 1 119
14418 1 1 1 8 10 15 1 18 1 21
14419 4 1 1 2 1 4 1 50
14420 2 1 1 2 1 3 4 15 1 20 1 21
14421 2 2 1 3 10 15 2 21 1 29
14422 
14423 5 1 1 3 1 4 1 14
14424 3 1 3 2 1 4 1 33
14425 
14426 1 1 6 2 1 41 2 118 1 119
14427 4 1 3 2 2 91
14428 5 2 1 108 1 111
14429 1 61 1 117 2 119
14430 6 1 3 2 3 3 1 4 1 29
14431 2 1 3 2 1 3 5 15 1 21
14432 1 1 3 15 1 20 1 26 1 123
14433 6 1 6 169
14434 1 1 7 2 1 31 1 41
14435 1 1 9 2 1 31 1 41
14436 1 1 8 2 1 31 1 41
14437 3 1 1 2 1 52 5 168 1 169
14438 3 1 7 2 1 4 1 31
14439 2 1 3 2 1 14 1 34
14440 1 1 5 2 6 168 1 169
14441 1 1 7 2 6 168 1 169
14442 1 1 8 2 6 168 1 169
14443 1 1 9 2 6 168 1 169
14444 1 1 15 2 2 168 1 169
14445 2 1 4 15 2 17 2 48 1 169 1 172 1 179
14446 2 1 1 2 2 6 1 48
14447 1 1 1 2 1 12 4 15 1 20 1 21
14448 1 1 6 2 6 168 1 169
14449 1 1 1 2 2 3 2 5 1 29
14450 5 1 1 168 5 169
14451 2 1 8 2 1 3 1 14 1 29
14452 2 1 8 2 1 14 1 34
14453 1 1 5 2 1 14 1 38
14454 1 1 1 5 4 15 1 37 1 53
14455 8 168 1 170
14456 6 168 1 170
14457 1 1 1 2 1 12 4 15 1 20 1 21
14458 4 1 1 2 3 3 1 29
14459 2 1 1 7 10 15 1 18 1 23
14460 3 1 2 168 2 169 1 172
14461 2 1 2 2 2 168 2 169 1 171
14462 3 1 2 2 1 3 1 60
14463 1 1 1 2 1 3 2 33 1 60
14464 4 1 4 2 1 3 1 4 1 29
14465 6 1 1 2 2 4 1 50
14466 2 1 6 15 2 16 2 45
14467 1 1 1 2 1 108 1 110 1 128
14468 3 1 1 3 1 150
14469 1 1 26 2 1 5
14470 2 1 1 3 1 5 2 50
14471 2 1 1 2 1 3 1 5 2 50
14472 2 1 3 2 2 50
14473 3 1 1 2 1 3 2 50
14474 1 1 1 2 1 5 2 50
14475 1 1 3 2 1 3 1 14 2 29
14476 1 1 2 2 11 15 6 16 1 21
14477 8 15 1 18 1 53 2 126
14478 7 15 1 18 1 53 3 126
14479 6 15 1 18 1 53 4 126
14480 6 15 1 18 1 53 4 126
14481 5 15 1 18 1 53 5 126
14482 2 2 1 128 4 168 1 169
14483 1 1 4 2 1 41 2 118 1 119
14484 3 1 4 15 1 21 1 22
14485 5 2 1 3 3 29
14486 2 2 1 5 4 168 1 172
14487 2 1 6 15 2 16 2 21
14488 3 1 3 2 5 15 1 23
14489 3 1 3 2 1 4 1 29
14490 6 1 3 4 2 29
14491 2 1 6 15 2 16 2 45
14492 
14493 2 130 1 168 2 169
14494 2 128 1 168 2 169
14495 1 1 5 15 2 16 1 19 1 21 1 123
14496 1 1 5 15 2 16 1 19 1 21 1 123
14497 4 129 1 170 1 173
14498 2 1 2 2 1 6 1 8 1 29
14499 2 1 3 2 1 6 1 8 1 29
14500 3 1 8 2 1 4 1 31
14501 3 1 4 15 1 23 1 24
14502 2 1 10 15 1 21 1 23
14503 1 1 1 128 4 168 1 170
14504 18 2 1 3 3 29
14505 14 2 1 3 3 29
14506 3 1 4 2 4 15 1 23 1 30
14507 
14508 5 1 4 2 2 3 1 4 1 29
14509 1 1 19 2 1 31 1 41
14510 5 15 2 16 1 19 2 20
14511 2 1 9 2 1 3 1 29
14512 2 1 13 2 1 3 1 29
14513 2 1 14 2 5 15 1 22
14514 1 1 1 2 1 8 10 15 2 18
14515 2 1 2 2 1 8 5 15 1 18
14516 4 1 10 2 2 3
14517 2 1 4 2 1 11
14518 1 1 1 2 5 15 2 16 2 20 1 21
14519 2 1 12 2 2 48
14520 5 1 1 3 1 4 1 7
14521 2 1 4 168 2 169 1 170
14522 3 1 2 2 2 3 1 38
14523 
14524 
14525 5 1 1 2 1 4 4 15 1 20 1 23
14526 3 1 3 2 1 4 1 14 1 29
14527 3 1 2 2 1 70
14528 2 1 3 2 1 4 2 29
14529 5 15 2 16 1 19 2 20
14530 3 1 1 2 7 15 2 16 1 23
14531 2 1 8 15 2 18 1 20 1 22
14532 11 15 2 16 1 18 1 30 1 37
14533 2 29 8 168 2 169
14534 4 1 1 4 1 69
14535 2 1 1 2 1 3 1 68
14536 3 1 1 4 1 81 1 128 2 168 1 170 1 176
14537 3 1 9 15 2 18 1 23
14538 
14539 6 129 3 170 2 179
14540 1 1 21 2 1 134
14541 
14542 
14543 1 1 1 49 2 168 2 172
14544 3 1 5 2 1 61
14545 1 1 2 2 4 168 1 175 1 176
14546 1 1 1 7 5 15 1 25
14547 2 1 4 15 1 22 1 124
14548 11 2 2 5
14549 1 10 1 33
14550 1 1 1 2 1 10 1 34
14551 1 1 1 50 1 118 1 119
14552 2 1 7 2 2 7
14553 4 1 2 2 1 3 5 15 1 23
14554 1 1 7 2 1 77
14555 3 1 6 2 1 4 1 31
14556 3 1 13 2 1 4 1 31
14557 1 1 2 15 2 20 1 21 1 30
14558 1 1 2 2 1 3 1 5 1 127
14559 4 1 3 2 3 3 1 29
14560 1 1 1 2 1 168 1 171 1 172
14561 1 1 1 48 2 168 1 169 1 171
14562 1 1 18 2 1 33
14563 3 1 1 2 1 3 1 6 1 50
14564 1 1 6 2 1 41 1 119
14565 1 129 3 168 1 169 1 171
14566 2 1 1 2 1 4 1 29 1 49
14567 3 1 1 2 1 4 1 29 1 50
14568 3 1 1 2 1 4 1 29 1 50
14569 2 1 8 168 1 170
14570 2 1 1 3 10 15 1 18 1 23 1 29
14571 4 1 4 2 1 4 1 34
14572 1 49 2 168 1 172 1 179
14573 1 1 3 2 4 15 2 17 1 168 1 172
14574 1 1 1 2 4 15 2 17 1 168 1 172
14575 3 1 1 2 4 15 1 21 1 22
14576 1 1 6 2 1 5 2 41
14577 1 1 7 2 1 5 2 41
14578 8 15 2 18 1 123 1 126
14579 4 1 1 3 1 9 1 128
14580 2 1 4 15 1 22 1 27
14581 1 7 4 168 2 169
14582 1 1 1 5 4 168 1 173
14583 2 1 2 2 3 15 2 21 1 30
14584 4 1 2 2 1 3 1 4 1 31
14585 2 1 9 2 1 109
14586 2 1 9 2 1 109
14587 2 1 13 2 1 109
14588 2 1 4 2 1 3 1 108
14589 3 1 3 2 1 3 1 109
14590 3 1 3 2 1 3 1 109
14591 2 1 4 2 1 3 1 108
14592 3 1 3 2 1 3 1 109
14593 3 1 3 2 1 3 1 109
14594 4 1 2 2 1 3 1 110
14595 3 1 3 2 1 4 1 108
14596 4 1 3 3 1 108
14597 4 1 3 3 1 108
14598 6 1 1 3 1 4 1 35
14599 1 52 1 117 1 119 2 129
14600 1 1 3 2 3 15 1 20 1 21 1 30
14601 1 1 3 168 1 172 1 174
14602 1 1 3 168 1 172 1 174
14603 4 1 2 3 2 15 1 20 2 21 1 30
14604 2 1 2 2 1 11
14605 3 1 2 2 1 3 5 15 1 22
14606 2 1 2 15 2 17 2 20 3 168 1 170
14607 2 1 17 2 1 3 1 29
14608 2 1 17 2 1 3 1 29
14609 4 1 10 2 3 3 1 31
14610 2 1 8 2 1 3 1 29
14611 1 1 6 2 1 6 1 31
14612 2 1 3 2 1 3 1 127
14613 1 29 8 168 1 169
14614 2 1 2 2 1 29 4 168 1 169 1 170
14615 
14616 
14617 2 1 4 2 6 15 4 17 2 63 2 180
14618 3 1 3 2 1 3 1 4 2 29
14619 11 15 2 16 1 18 1 30 1 37
14620 10 15 2 18 3 168 2 169
14621 3 1 1 4 1 5 1 7
14622 4 15 1 24 1 27
14623 8 1 12 168 4 170 2 180
14624 2 1 1 2 1 168 2 172
14625 3 1 1 3 1 168 2 172
14626 3 1 1 52 5 168 1 169
14627 2 1 13 2 1 3 1 29
14628 3 1 1 2 1 4 5 168 1 169
14629 3 1 6 2 1 4 1 29
14630 1 1 6 15 2 16 1 20 1 21
14631 2 1 1 48 3 168 1 173
14632 1 1 1 48 1 49 3 168 1 173
14633 1 1 1 48 3 168 1 169 1 171
14634 1 1 1 48 1 49 4 168 1 173
14635 1 127 3 168 1 169 1 171
14636 6 1 3 170
14637 4 171 2 172
14638 
14639 5 15 2 16 1 19 2 20
14640 2 15 1 18 3 20 2 168 1 169
14641 2 1 16 2 4 15 2 21
14642 2 1 16 2 4 15 2 21
14643 1 1 14 2 7 15 2 16 1 21
14644 
14645 
14646 7 15 1 18 1 37 1 62 2 126
14647 1 51 1 52 1 117 1 119 3 129
14648 9 15 2 18 1 141
14649 4 1 1 2 2 8 1 50
14650 1 119 4 129 1 169 2 170 2 179
14651 3 1 7 2 1 61
14652 2 2 2 5 1 152
14653 1 1 4 2 1 41 1 117 1 118
14654 1 1 6 2 1 48 1 119
14655 1 1 5 2 1 41 1 119
14656 2 1 3 15 2 21 1 24
14657 1 1 1 2 1 48 1 49 3 168 1 173
14658 1 1 6 15 2 16 1 20 1 21
14659 1 128 9 168 1 169
14660 3 1 11 2 1 4 1 29
14661 
14662 3 1 1 2 5 15 1 21 1 52
14663 1 2 10 15 1 21 1 154
14664 1 1 2 2 5 15 1 21 1 58
14665 2 1 1 2 4 15 1 21 1 61 1 80
14666 2 1 1 2 4 15 1 21 1 61 1 80
14667 2 1 1 2 4 15 1 21 1 61 1 80
14668 1 1 4 2 1 41 1 119
14669 3 2 1 4 3 29 1 31
14670 2 1 5 15 1 18 3 19 1 26 1 62 1 64
14671 4 1 6 2 1 4 1 41
14672 2 1 1 51 2 168 1 171 1 172
14673 1 5 3 168 1 172
14674 3 1 26 2 1 3
14675 4 2 1 3 3 128
14676 2 15 4 19
14677 
14678 1 1 2 2 1 41 2 118 1 119
14679 11 15 2 16 2 18 1 19
14681 13 15 4 16 2 18 1 19
14682 3 1 5 2 1 3 1 41
14683 
14684 5 1 3 15 1 20 1 22 1 23
14685 4 1 2 2 2 4 2 29
14686 21 168
14687 22 168
14688 23 168
14689 1 1 5 2 1 5 2 41
14690 26 168
14691 27 168
14692 6 1 2 4 1 109
14693 
14694 
14695 
14696 
14697 
14698 
14699 
14700 4 1 3 2 1 4 1 7
14701 8 2 2 44
14702 8 1 14 168 4 170 2 180
14703 8 1 16 168 4 170
14704 3 1 7 2 1 42
14705 1 38 3 168 1 169
14706 7 168 2 180
14707 1 1 4 2 1 29 5 168 1 170
14708 1 1 3 2 1 7 1 128
14709 1 1 7 2 1 58 5 168 1 169
14710 1 1 8 2 1 58 5 168 1 169
14711 2 1 1 2 1 3 7 15 2 16 1 21
14712 4 15 2 16 4 20
14713 2 1 4 2 6 15 2 16 2 21
14714 1 1 1 2 3 15 1 20 1 21 1 30
14715 1 1 3 2 3 15 2 20 1 21
14716 1 1 4 2 3 15 2 20 1 21
14717 3 1 18 2 1 61
14718 1 1 1 168 2 171 1 172
14719 1 1 1 168 2 171 1 172
14720 1 1 1 168 2 171 1 172
14721 1 1 1 2 1 14 4 168 1 169
14722 2 1 1 3 4 15 1 21 1 30
14723 3 1 4 2 4 15 1 23 1 30
14724 4 15 1 23 1 119 1 123 2 130
14725 18 15 4 18 2 21 1 164
14726 1 1 6 15 2 16 1 20 1 21
14727 1 1 6 15 2 16 1 20 1 21
14728 1 1 6 15 2 16 1 20 1 21
14729 14 168 2 180
14730 8 1 8 168 4 170 2 180
14731 8 1 10 168 4 170 2 180
14732 4 1 15 2 1 4 1 41
14733 2 1 5 2 1 4 2 29
14734 3 1 2 2 1 3 1 6 1 34
14735 4 15 1 18 1 62 2 168 1 169
14736 6 1 1 4 4 15 1 23 1 53
14737 1 1 8 2 1 111
14738 3 1 2 2 1 4 1 31
14739 2 1 1 2 1 3 1 7 1 128
14740 1 1 2 15 2 20 1 21 1 30
14741 2 1 6 15 2 16 1 20 1 22
14742 6 15 2 16 1 62 1 80
14743 6 15 2 16 1 62 1 80
14744 2 9 1 118 6 130
14745 2 1 12 2 1 50
14746 3 1 4 2 1 42
14747 4 1 2 15 2 17 2 21 2 168 1 170
14748 5 1 1 2 1 4 1 51
14749 1 1 4 2 1 7 1 128
14750 7 1 1 2 3 4 1 29
14751 7 1 2 2 3 4 1 29
14752 8 1 1 2 1 3 3 4 1 29
14753 2 13 4 14
14754 3 1 1 2 3 15 1 20 1 23 1 30
14755 2 15 2 19 2 126
14756 6 1 2 2 3 15 2 23 1 30
14757 2 1 3 2 1 4 2 29
14758 3 1 8 2 1 4 1 29
14759 3 1 10 2 1 4 1 29
14760 3 15 1 23 1 119 2 123 2 130
14761 5 1 2 2 1 3 2 4 2 29
14762 2 1 2 2 1 8 5 15 1 18
14763 2 1 1 168 1 170 2 171
14764 1 1 3 2 4 15 1 19 1 63
14765 1 1 2 2 1 50 1 68
14766 1 1 3 2 9 15 4 16 1 21
14767 2 1 3 2 1 150
14768 1 1 1 2 1 108 1 109 1 118
14769 1 1 1 2 1 108 1 109 1 118
14770 2 1 1 51 1 118 1 121
14771 3 1 2 2 1 3 1 149
14772 3 2 1 128 4 168 1 169
14773 
14774 3 1 1 4 3 168 1 172
14775 4 1 1 4 3 168 1 169 1 172
14776 4 1 2 168 2 170 1 171
14777 2 1 3 15 2 17 1 22 4 168
14778 2 1 3 168 1 170 1 175
14779 6 1 2 4 4 168 2 169
14780 1 1 4 2 1 5 1 7
14781 5 1 1 2 1 4 1 35
14782 5 1 1 3 1 4 1 34
14783 3 1 1 4 1 109 1 111
14784 1 2 10 15 1 21 1 153
14785 2 7 2 128
14786 5 2 1 5 5 15 1 21
14787 2 1 1 2 1 3 1 29 2 168 2 169 2 179
14788 2 1 3 2 1 152
14789 3 1 16 2 1 4 1 29
14790 2 1 14 2 1 14
14791 3 1 3 2 1 36 1 130
14792 2 1 7 2 1 152
14793 1 5 10 15 1 18 1 22
14794 1 3 1 119 2 128
14795 
14796 
14797 1 1 14 2 1 127
14798 5 1 2 2 1 4 1 8
14799 2 1 2 2 1 118
14800 1 1 2 2 1 50 1 118 1 121
14801 6 1 2 2 4 3
14802 6 1 3 2 2 3 1 4
14803 4 1 3 2 1 3 1 4 1 38
14804 1 49 1 117
14805 2 1 1 3 1 121
14806 2 1 1 168 1 170 2 171
14807 3 1 5 15 2 16 3 45
14808 3 1 5 15 2 16 3 45
14809 3 1 5 15 2 16 3 45
14810 3 1 5 15 2 16 3 45
14811 4 1 4 15 2 16 4 45
14812 4 1 4 15 2 16 4 45
14813 1 1 1 2 3 15 1 20 1 21 1 30
14814 5 15 1 63 1 129
14815 1 57 1 129
14816 
14817 
14818 2 1 17 2 1 50
14819 
14820 4 1 1 4 1 12
14821 2 1 2 2 4 168 2 169
14822 4 1 2 3 2 168 2 169
14823 
14824 3 1 5 15 2 16 3 45
14825 3 1 5 15 2 16 3 45
14826 3 1 5 15 2 16 3 45
14827 3 1 5 15 2 16 3 45
14828 3 1 5 15 2 16 3 45
14829 3 1 5 15 2 16 3 45
14830 3 1 5 15 2 16 3 45
14831 3 1 2 2 1 8 1 50
14832 5 1 1 2 1 3 2 4 2 29
14833 1 1 8 2 5 15 1 53
14834 
14835 1 1 5 168 3 169
14836 1 1 1 9 15 15 3 18
14837 3 2 1 49 1 128
14838 2 15 4 80
14839 1 1 8 2 4 15 1 45 1 62
14840 1 1 5 2 1 29 1 41
14841 3 1 1 2 1 4 1 114
14842 3 1 1 2 1 3 1 118
14843 4 2 2 114
14844 1 1 1 108 1 110 1 122
14845 1 1 1 110 1 113 1 119
14846 1 1 1 110 1 119 1 122
14847 
14848 1 117 3 118 1 119
14849 1 110 2 118 1 119 1 122 1 129
14850 8 1 18 168 4 170
14851 4 1 4 2 7 168 2 170 1 180
14852 
14853 1 2 1 49 2 118 1 119
14854 2 1 4 2 1 4 2 128
14855 2 1 6 15 2 16 2 21
14856 2 1 1 2 1 109 1 118
14857 3 1 1 7 1 110
14858 5 1 1 4 5 15 1 23
14859 1 1 15 2 4 15 1 45 1 62
14860 1 1 1 2 1 50 1 118 1 121
14861 2 5 1 118
14862 1 1 2 2 1 108 1 118
14863 2 2 2 108 1 118
14864 1 7 1 108 1 119
14865 1 1 1 9 1 119 2 130
14866 1 1 1 5 10 15 1 18 1 23
14867 1 1 1 2 3 118 1 119
14868 2 1 7 2 1 3 1 29
14869 3 15 1 23 1 30 1 80 3 129
14870 1 1 3 15 1 21 1 62 1 126
14871 
14872 18 168 2 180
14873 6 1 3 15 2 23 1 124
14874 3 1 1 4 10 15 1 18 1 22
14875 3 1 3 15 2 17 1 23 3 168
14876 1 1 1 2 6 15 2 16 1 20 1 21
14877 3 1 1 2 1 3 1 60
14878 1 1 11 2 1 113
14879 1 1 9 2 1 113
14880 1 1 5 2 1 113
14881 13 2 1 108 1 113
14882 11 2 1 108 1 113
14883 
14884 
14885 1 1 5 15 2 16 2 20 1 21
14886 1 1 5 2 1 29 5 168 1 170
14887 14 15 4 16 1 18 1 26
14888 1 1 2 2 1 7 1 38
14889 6 2 1 3 3 128
14890 1 1 1 29 8 168 1 170
14891 2 1 3 15 1 20 2 37
14892 1 1 3 15 1 20 1 26 1 126
14893 3 1 2 2 1 4 1 33
14894 2 1 4 2 1 3 1 33
14895 1 1 1 5 4 15 2 53
14896 6 15 2 18 4 20
14897 2 1 2 2 1 5 5 15 1 23
14898 1 5 1 48 1 129
14899 6 1 2 2 2 4 1 50
14900 1 9 1 52 2 118 1 119 5 129
14901 4 2 14 15 4 16 2 21
14902 2 1 1 2 1 3 1 114
14903 
14904 4 1 3 15 2 22 1 126
14905 1 14 2 114
14906 2 1 14 2 2 50
14907 1 1 2 2 1 4 2 13 1 29
14908 
14909 4 1 4 2 2 4 2 31
14910 1 1 15 2 1 44
14911 2 1 14 2 1 88
14912 1 1 7 2 1 49 1 50
14913 2 1 16 2 1 60
14914 3 1 3 2 1 6 1 42
14915 1 1 4 2 1 29 1 50
14916 12 2 2 108
14917 4 1 4 2 1 4 1 34
14918 
14919 
14920 3 1 14 2 1 61
14921 3 1 1 8 1 14
14922 1 29 1 114
14923 1 1 1 118 1 128
14924 1 109 1 110 2 128 1 129
14925 4 1 3 15 2 22 1 126
14926 
14927 2 1 15 2 1 41
14928 2 1 16 2 1 41
14929 2 1 17 2 1 41
14930 6 168 2 169 2 180
14931 
14932 3 1 1 2 4 15 1 20 1 23
14933 2 1 3 2 3 15 1 21 1 30 1 53
14934 2 1 4 2 3 15 1 21 1 30 1 53
14935 2 1 15 168 1 170
14936 4 1 14 168 2 170
14937 4 1 14 168 2 170
14938 
14939 2 1 8 2 6 15 2 16 2 21
14940 2 1 3 15 2 17 2 48 1 126 1 169 1 172 1 179
14941 7 1 3 2 3 4 1 29
14942 1 1 3 2 1 33 1 60
14943 1 1 2 2 15 15 2 18 1 23
14944 1 1 1 108 1 115
14945 1 2 1 121 1 128
14946 1 34 1 128 1 129
14947 1 109 1 121 1 128
14948 1 115 1 117 1 128
14949 12 168 4 179
14950 4 1 10 168 2 170 4 179
14951 2 1 1 35 1 129
14952 8 15 2 18 1 19 1 20
14953 2 1 2 3 1 10 1 29
14954 4 1 1 2 1 3 5 15 1 23
14955 1 2 5 15 1 21 3 168 1 172
14956 1 2 5 15 1 21 4 168 1 169
14957 1 1 4 168 1 171 1 172 1 173
14958 1 1 12 2 5 50 1 134
14959 1 1 3 2 1 7 2 168 1 169
14960 2 2 8 168 2 169
14961 
14962 3 1 6 2 1 61
14963 4 15 1 18 1 20 5 168 1 169
14964 2 1 2 2 1 3 1 5 1 48
14965 2 1 12 2 5 15 1 22
14966 3 1 1 4 1 29 4 168 2 169
14967 2 1 3 168 1 169 1 176
14968 3 1 1 3 1 168 2 172
14969 1 49 1 114
14970 1 1 2 2 1 119
14971 2 1 3 15 2 21 1 24
14972 2 1 10 2 4 15 2 45
14973 4 1 2 2 1 3 4 15 1 23 1 30
14974 2 1 8 2 4 15 2 45
14975 2 1 12 2 4 15 2 45
14976 2 1 12 2 4 15 2 45
14977 4 168 1 170 2 174
14978 1 1 4 2 1 58 5 168 1 169
14979 1 1 6 2 1 5 2 41
14980 6 1 3 15 2 17 1 21 1 169 2 170
14981 1 1 5 2 1 5 2 41
14982 4 1 4 15 2 17 1 168 2 170
14983 5 1 4 2 3 3
14984 6 1 12 2 2 4
14985 1 1 1 2 6 168 1 172
14986 2 1 2 2 1 3 1 4 3 128
14987 2 1 2 168 2 169 1 170 1 171
14988 3 1 2 168 2 169 1 170 1 172
14989 2 1 3 2 5 168 1 170
14990 3 1 3 2 1 4 1 33
14991 
14992 1 1 1 57 4 168 2 169
14993 4 1 2 168 2 170 1 171
14994 1 1 5 2 3 15 1 20 1 21 1 30
14995 1 1 3 2 3 15 1 20 1 21 1 30
14996 3 1 3 2 1 4 1 108
14997 5 1 1 3 1 4 1 7
14998 1 1 2 2 1 3 1 5 1 33
14999 4 1 3 2 1 3 1 4 1 29
15000 5 1 2 2 2 3 1 4 1 29
15001 4 1 4 2 1 3 1 4 1 29
15002 2 1 8 2 2 41
15003 3 1 6 2 1 3 1 41
15004 4 1 6 2 1 4 1 50
15005 1 2 2 3 4 128
15006 6 1 3 2 1 3 2 4 1 29
15007 6 1 6 2 2 4
15008 4 1 2 4 10 168 2 169
15009 3 1 1 2 1 4 1 5 1 34
15010 3 1 9 2 1 36 1 130
15011 2 1 3 15 2 21 1 126
15012 
15013 2 1 16 2 1 7
15014 1 1 4 15 1 21 1 98 1 108
15015 2 1 17 2 1 41
15016 1 1 2 2 1 3 2 5
15017 3 1 2 2 1 4 5 15 1 21
15018 2 1 3 2 4 168 2 169
15019 3 1 12 2 1 4 1 29
15020 1 1 15 2 1 34 4 168 1 176 1 179
15021 1 115 1 120 1 122
15022 2 2 1 112 2 128
15023 2 1 4 2 1 4 2 29
15024 3 1 2 2 1 56
15025 2 1 9 2 1 50
15026 
15027 
15028 1 1 11 2 2 15 1 45 3 80
15029 1 1 7 2 2 15 1 45 3 80
15030 1 1 5 2 2 15 1 45 3 80
15031 1 1 3 2 2 15 1 45 3 80
15032 1 1 18 2 1 40
15033 4 1 12 2 2 8
15034 2 1 17 168 1 170
15035 4 1 16 168 2 170
15036 3 1 2 168 1 170 1 172
15037 4 1 1 2 1 4 2 168 2 169 2 179
15038 3 1 8 2 1 42 1 48
15039 3 1 1 7 4 15 1 47 1 64
15040 4 1 1 2 1 3 1 4 1 29
15041 2 1 7 2 1 3 1 29
15042 4 1 4 2 2 8
15043 3 1 1 4 1 119
15044 1 1 7 2 1 119
15045 4 1 4 15 2 16 4 45
15046 8 168 1 174
15047 2 1 4 2 1 3 5 15 1 21
15048 2 1 4 2 1 3 4 168 1 169
15049 
15050 1 1 1 14 4 168 1 169
15051 4 1 3 2 2 3 1 34
15052 4 1 10 168 6 170
15053 4 1 2 168 2 170 2 179
15054 4 1 8 168 2 170 4 179
15055 4 1 12 168 2 170 4 179
15056 4 1 14 168 2 170 4 179
15057 4 1 16 168 2 170 4 179
15058 
15059 4 1 1 2 1 4 1 7 1 50
15060 5 1 1 3 1 4 1 7 1 50
15061 6 1 1 4 1 9 1 50
15062 3 1 2 3 1 33
15063 2 1 3 2 4 168 1 173
15064 2 129 1 170 1 171
15065 1 1 1 2 3 168 1 169 2 179
15066 2 1 1 3 3 168 1 169 2 179
15067 4 1 1 2 1 3 3 15 1 20 1 21 1 22
15068 2 1 2 2 4 15 2 17 2 168 1 170
15069 3 2 5 15 1 21 4 168 1 169
15070 6 1 1 2 3 3 1 4 1 29
15071 5 1 6 2 2 3 1 4 1 29
15072 2 1 1 3 1 5 1 7
15073 4 2 1 29 4 168 1 169
15074 2 2 1 49 1 68
15076 2 1 6 2 1 4 2 29
15077 1 1 14 2 4 15 1 20 1 21
15078 3 15 2 19 1 39
15079 1 1 9 2 2 168 1 169
15080 
15081 2 1 2 2 1 29 1 110
15082 1 1 14 168 1 169
15083 6 1 2 15 2 23 1 30 1 124
15084 6 1 2 4 1 7
15085 4 1 1 2 4 15 1 21 1 23
15087 3 1 1 3 1 168 1 169 1 171 1 172
15088 2 1 2 2 1 152
15089 2 1 3 2 1 152
15090 1 1 3 2 1 3 2 5
15091 4 1 1 2 1 3 2 168 1 169 1 170 2 179
15092 
15093 2 1 6 2 5 15 1 99
15094 2 1 7 2 5 15 1 99
15095 2 1 8 2 5 15 1 99
15096 5 15 2 16 1 19 2 20
15097 2 15 1 20 2 32 1 80
15098 2 15 4 19
15099 6 1 6 2 2 4
15100 1 52 1 118 2 119 2 129
15101 1 2 1 110 3 128
15102 1 3 1 113 2 128
15103 4 1 2 110
15104 1 1 8 15 2 18 1 19 1 53
15105 4 1 1 2 1 3 1 8
15106 1 1 1 7 1 50 1 114
15108 1 1 1 8 1 49 1 130
15109 4 1 1 4 1 78
15110 1 1 3 15 1 19 1 20
15111 1 1 3 2 1 4 3 128
15112 3 1 12 2 1 4 1 29
15113 2 118 1 119 1 120
15114 3 1 2 2 1 3 1 60
15115 1 1 1 142 4 168 2 169
15116 2 1 5 15 2 16 2 20 1 22
15117 8 1 1 2 3 4
15118 3 1 2 2 2 3 1 31
15119 3 1 2 2 1 4 1 111
15120 2 1 1 2 1 3 7 15 2 16 1 21
15121 3 1 3 2 1 3 1 34
15122 2 1 10 2 1 34
15123 
15124 
15125 2 1 4 2 1 149
15126 2 1 3 2 1 3 5 168 1 169
15127 4 2 2 44
15128 3 1 2 2 1 3 1 7
15129 2 49 4 168 1 173
15130 6 1 3 2 2 4
15131 6 1 3 2 2 4
15132 6 1 2 2 2 3 1 4
15133 7 1 1 2 1 3 2 4
15134 1 1 9 2 7 15 2 16 1 21
15135 3 1 1 4 2 168 1 169 1 171
15136 2 1 3 2 1 3 1 127
15137 2 1 6 15 2 16 1 20 1 22
15138 5 1 4 2 1 3 1 4
15139 2 1 2 2 1 3 1 108
15140 3 1 9 2 1 8
15141 2 1 1 2 2 168 2 172
15142 1 1 8 2 1 113
15143 1 1 13 2 1 113
15144 1 1 15 2 1 113
15145 1 1 2 15 2 20 1 21 1 30
15146 1 1 2 15 2 20 1 21 1 30
15147 1 1 2 15 2 20 1 21 1 30
15148 1 1 2 15 2 20 1 21 1 30
15149 1 1 21 2 1 127
15150 1 1 28 2 1 127
15151 5 1 5 2 1 3 1 4
15152 4 1 6 2 2 3
15153 5 1 5 2 1 3 1 4
15154 4 1 6 2 2 3
15155 4 1 6 2 2 3
15156 5 1 5 2 1 3 1 4
15157 1 1 9 2 3 168 1 172
15158 1 1 11 2 3 168 1 172
15159 1 1 13 2 3 168 1 172
15160 1 1 15 2 3 168 1 172
15161 5 1 4 2 3 3
15162 6 1 2 2 4 3
15163 6 1 4 2 2 4
15164 4 1 8 2 2 3
15165 3 1 5 2 1 29 1 43
15166 1 1 2 2 1 168 1 171 1 172
15167 3 1 1 6 1 49 1 52
15168 2 15 1 18 3 20 4 168 1 169
15169 3 1 5 2 2 3 1 29
15170 2 1 4 2 1 3 1 127
15171 3 1 2 2 1 3 4 15 2 21
15172 1 1 1 2 1 6 1 108
15173 2 15 4 17 6 168 1 171
15174 7 1 1 3 2 4 1 7
15175 2 1 8 15 4 16 1 20 1 22
15176 
15177 
15178 1 1 1 2 3 15 1 45 1 62 1 126
15179 6 2 1 9 2 108 2 130
15180 3 1 1 2 1 4 1 108
15181 2 1 2 15 1 64 3 126
15182 5 1 4 2 2 3 1 4 1 29
15183 4 1 8 2 1 4
15184 2 1 14 2 1 14
15185 3 1 4 15 1 22 1 45
15186 4 1 2 2 2 3 4 15 2 45
15187 3 1 4 2 1 4 1 29
15188 1 1 10 2 1 58 5 168 1 169
15189 6 169
15190 6 1 3 15 2 23 1 124
15191 6 1 1 3 1 4 1 8
15192 2 1 4 2 7 15 1 30 2 37 2 53
15193 2 1 5 2 7 15 1 30 2 37 2 53
15194 2 1 6 2 7 15 1 30 2 37 2 53
15195 2 1 7 2 7 15 1 30 2 37 2 53
15196 2 1 8 2 7 15 1 30 2 37 2 53
15197 10 1 4 4
15198 2 1 8 2 4 168 2 169
15199 2 15 1 19 2 20 1 80
15200 1 1 1 65 5 168 1 170
15201 5 1 3 15 2 21 1 23
15202 4 1 2 168 1 170 1 173
15203 4 1 1 2 1 3 1 4 1 5
15204 2 1 1 3 1 29 3 168 1 170 1 171
15205 2 1 1 3 1 29 5 168 1 170
15206 3 1 5 2 1 4 1 29
15207 1 13 2 14 1 72
15208 4 1 1 2 1 3 1 4 1 33
15209 5 1 1 2 2 4 1 33
15210 4 1 1 4 1 8 1 49
15211 1 1 1 2 3 15 1 20 1 21 1 30
15212 3 1 1 2 1 116
15213 1 1 2 118 1 119
15214 
15215 4 1 1 2 1 3 1 8
15216 2 1 3 2 2 3 2 29
15217 2 1 3 2 2 3 2 29
15218 2 1 4 2 1 3 1 29
15219 3 1 2 2 1 3 1 4 2 29
15220 2 1 11 2 1 3 1 31
15221 2 1 1 2 4 15 1 36 1 53 1 108 1 123
15222 1 1 3 15 2 17 1 20 2 168 1 169
15223 1 1 3 15 2 17 1 20 2 168 1 169
15224 6 1 1 2 1 3 2 4 1 29
15225 6 1 1 2 1 3 2 4 1 29
15226 6 1 1 2 1 3 2 4 1 29
15227 5 1 2 2 2 3 1 4 1 29
15228 5 1 2 2 2 3 1 4 1 29
15229 5 1 2 2 2 3 1 4 1 29
15230 5 1 2 2 2 3 1 4 1 29
15231 5 1 2 2 2 3 1 4 1 29
15232 5 1 2 2 2 3 1 4 1 29
15233 5 1 2 2 2 3 1 4 1 29
15234 5 1 2 2 2 3 1 4 1 29
15235 5 1 3 2 2 4 1 29
15236 3 1 5 2 2 3 1 29
15237 3 1 5 2 2 3 1 29
15238 6 1 1 2 1 3 2 4 1 29
15239 6 1 1 2 1 3 2 4 1 29
15240 6 1 1 2 1 3 2 4 1 29
15241 6 1 1 2 1 3 2 4 1 29
15242 6 1 1 2 1 3 2 4 1 29
15243 6 1 3 3 1 4 1 29
15244 6 1 1 2 1 3 2 4 1 29
15245 7 15 4 16 3 20
15246 1 1 14 2 1 44
15247 2 1 12 2 1 41
15248 1 1 13 2 1 3 2 29
15249 1 1 9 15 4 16 1 21
15250 1 1 9 15 4 16 1 21
15251 1 1 9 2 4 15 2 17 1 169 1 171
15252 2 1 8 2 4 15 2 17 1 168 2 169
15253 1 1 9 2 4 15 2 17 2 168 1 169
15254 1 1 5 15 2 16 2 20 1 21
15255 2 1 2 15 2 17 2 20 1 168 2 169
15256 2 1 1 2 1 3 4 15 2 17 2 168 1 169
15257 1 1 3 2 4 15 2 17 2 168 1 169
15258 3 1 3 15 2 17 1 21 2 168 1 170
15259 3 1 3 15 2 17 1 21 2 168 1 170
15260 2 1 1 2 1 3 4 15 2 17 2 168 1 169
15261 4 1 2 2 3 15 2 17 1 20 1 168 2 170
15262 5 1 1 2 3 15 2 17 1 23 2 168 1 170
15263 1 1 6 2 4 15 2 17 2 168 1 169
15264 1 1 5 2 3 15 2 17 1 21 3 168
15265 2 1 2 2 1 3 3 15 2 17 1 21 4 168
15266 2 1 1 3 9 15 2 18 1 21
15267 2 1 8 15 2 18 1 20 1 22
15268 2 1 2 2 3 15 2 17 1 20 2 168 1 170
15269 1 1 4 2 4 15 2 17 2 168 1 169
15270 3 1 2 15 2 17 2 20 1 170 1 172
15271 2 1 1 2 2 15 2 17 2 20 1 168 1 173
15272 2 1 1 2 3 15 2 17 1 20 1 168 1 173
15273 4 1 2 3 8 15 4 16 2 21
15274 2 1 8 2 2 15 2 17 2 21 4 168
15275 1 1 18 2 1 68
15276 1 1 19 2 1 44
15277 6 1 2 2 2 17 4 21 2 168 1 170
15278 1 1 1 130 6 168 1 170
15279 2 1 2 2 1 3 3 15 2 17 1 21 3 168
15280 4 1 2 15 2 17 2 20 1 168 2 170
15281 1 1 5 2 4 15 2 17 2 168 1 169
15282 1 1 5 2 4 15 2 17 2 168 1 169
15283 2 1 2 2 1 3 3 15 2 17 1 21 3 168
15284 5 1 3 15 2 17 1 21 1 168 2 170
15285 3 1 2 2 3 15 2 17 1 21 2 168 1 170
15286 2 1 2 2 2 15 2 17 2 20 2 168 1 170
15287 4 1 2 15 2 17 1 20 1 22 1 169 1 172
15288 4 1 2 15 2 17 1 20 1 22 1 168 1 173
15289 3 1 14 2 1 8
15290 1 1 8 2 3 15 2 17 1 21 3 168
15291 1 1 7 2 3 15 2 17 1 21 4 168
15292 5 1 2 2 1 15 2 17 3 21 2 168 1 170
15293 2 1 5 2 2 15 2 17 2 21 4 168
15294 5 1 3 2 1 3 3 15 2 17 1 20 1 168 2 170
15295 3 2 1 3 15 15 3 21
15296 1 1 13 2 3 15 2 17 1 21 4 168
15297 1 1 18 2 1 44
15298 1 1 1 2 1 50 1 68
15299 1 1 6 2 3 15 2 17 1 21 4 168
15300 4 15 2 17 8 168 4 169
15301 1 1 6 2 2 168 1 169 1 171
15302 3 1 2 2 1 15 2 17 2 20 1 21 2 168 1 170
15303 1 1 5 2 3 15 2 17 1 21 4 168
15304 7 1 3 15 2 17 1 21 3 170
15305 4 1 2 2 2 15 2 17 2 21 2 168 1 170
15306 5 1 1 2 1 3 3 15 2 17 1 20 1 168 2 170
15307 3 1 2 2 1 3 1 4 2 128
15308 2 1 5 2 1 3 1 29
15309 
15310 4 15 2 16 4 20
15311 1 1 5 15 2 16 2 20 1 21
15312 1 1 5 15 2 16 2 20 1 21
15313 2 1 6 15 2 16 1 20 1 22
15314 2 1 6 15 2 16 1 20 1 22
15315 4 15 2 16 4 20
15316 2 1 6 15 2 16 2 21
15317 1 1 5 15 2 16 2 20 1 21
15318 1 1 5 15 2 16 2 20 1 21
15319 1 1 5 15 2 16 2 20 1 21
15320 3 1 13 2 1 61
15321 2 1 6 15 2 16 2 21
15322 1 1 5 15 2 16 2 20 1 21
15323 2 1 1 2 1 5 5 15 1 23
15324 1 4 1 49 3 119
15325 2 1 4 2 2 168 1 170
15326 1 1 2 15 2 17 2 20 2 168 1 169
15327 2 1 1 2 4 15 2 17 1 168 1 173
15328 5 1 2 2 2 4 1 29
15329 2 1 6 2 1 3 1 29
15330 6 1 1 3 2 4 1 29
15331 5 1 2 2 2 4 1 29
15332 4 1 3 2 1 3 1 4 1 29
15333 5 1 2 2 2 4 1 29
15334 6 1 2 15 2 17 2 22 2 168 1 170
15335 3 1 2 2 1 7 5 15 1 23
15336 3 1 2 2 1 7 4 15 1 20 1 23
15337 3 1 4 2 4 15 1 20 1 23
15338 5 1 2 3 1 4 1 33
15339 
15340 2 1 3 15 1 22 1 29 1 53 1 80
15341 3 1 4 15 1 22 1 50 1 53
15342 1 13 3 14 1 72
15343 2 1 1 3 1 29 4 168 2 169
15344 1 109 1 110 3 128
15345 1 1 3 2 1 41 1 117 3 118
15346 3 1 4 2 1 3 1 50
15347 4 1 12 2 2 15 4 21
15348 5 1 1 3 4 15 1 21 1 23
15349 2 15 2 20 2 123
15350 1 15 2 20 3 123
15351 4 1 4 15 2 16 4 45
15352 4 1 4 15 2 16 4 45
15353 3 1 5 15 2 16 3 45
15354 3 1 5 15 2 16 3 45
15355 2 1 6 15 2 16 2 45
15356 
15357 1 1 3 15 1 21 1 62 1 80
15358 1 1 14 2 2 3 1 31 2 128
15359 5 1 3 2 3 3
15360 3 1 10 2 1 3
15361 3 1 6 2 1 3 1 50
15362 3 1 1 2 1 4 1 5 1 7
15363 5 1 1 2 1 4 1 110
15364 8 1 1 6 2 48 4 168 2 169 4 170 2 175
15365 4 1 5 2 2 4 2 29
15366 2 1 2 2 1 3 1 68
15367 3 1 11 2 1 4 1 29
15368 1 1 11 2 1 3 2 29 1 58
15369 3 1 1 2 2 3 1 68
15370 4 1 1 2 1 3 5 15 1 23
15371 4 1 1 2 1 3 5 15 1 23
15372 1 13 2 168 1 169 1 171
15373 6 1 2 2 1 3 2 4 1 29
15374 1 52 1 114 1 117 2 129
15375 
15376 3 1 4 15 1 23 1 124
15377 2 1 6 2 2 88
15378 2 1 10 2 2 88
15379 2 1 12 2 2 88
15380 2 1 14 2 2 88
15381 2 1 1 3 5 15 2 16 1 19 1 20
15382 
15383 
15384 
15385 2 1 8 2 1 50
15386 4 1 5 2 2 3 2 41
15387 
15388 
15389 1 1 6 2 1 3 1 14 2 29
15390 2 1 3 2 4 15 2 21
15391 2 1 5 2 4 15 2 21
15392 2 1 6 2 4 15 2 21
15393 2 1 9 2 1 3 1 29
15394 1 1 4 2 4 15 1 19 1 45
15395 1 1 5 2 4 15 1 19 1 45
15396 1 1 4 2 4 15 1 19 1 45
15397 
15398 2 3 20 168 4 169
15399 2 1 2 15 2 20 2 21
15400 2 1 4 168 2 169 1 180
15401 2 1 14 2 1 14
15402 2 1 14 2 1 14
15403 1 2 9 15 2 17 1 21 2 168 1 172
15404 3 1 12 2 1 3
15405 1 1 5 15 2 16 1 19 1 20 1 21
15406 2 1 13 2 1 50
15407 2 1 3 2 4 168 2 169
15409 3 1 5 2 1 4 1 5
15410 17 15 4 16 4 17 1 18 1 168 1 169
15411 1 1 5 15 2 16 1 19 1 20 1 21
15412 1 1 3 15 2 16 1 19 3 20 1 21
15413 3 1 3 2 1 4 1 128
15414 4 1 3 15 2 17 1 22 2 168 1 170
15415 4 1 2 2 1 4 1 50
15416 1 1 14 2 5 15 1 21 1 107
15417 5 1 2 2 1 4 1 8
15418 2 1 9 2 1 50
15419 2 1 16 2 1 88
15420 2 1 18 2 1 88
15421 2 1 22 2 1 88
15422 2 1 1 36 1 111 1 130
15423 4 15 2 18 8 168 2 169
15424 2 1 6 15 2 16 2 45
15425 1 1 9 2 1 57
15426 1 1 1 2 4 19 1 24
15427 2 1 2 2 1 3 1 48 1 119
15428 2 1 1 2 1 8 5 15 1 21
15429 5 1 1 4 2 168 1 169 1 170 2 179
15430 2 1 15 2 1 41
15431 
15432 1 1 1 29 9 168 1 170
15433 6 19
15434 1 1 2 2 1 5 1 7
15435 3 1 1 4 1 29 7 168 1 170
15436 3 15 3 24
15437 2 1 4 2 8 15 2 18 2 21
15438 8 1 2 2 2 3 2 4
15439 1 1 5 2 1 5 1 50
15440 1 1 6 2 8 15 2 18 1 53 1 66 1 80
15441 1 1 7 2 8 15 2 18 1 53 1 66 1 80
15442 1 1 5 168 3 169
15443 
15444 
15445 
15446 3 1 16 2 1 4 1 29
15447 1 1 6 2 4 15 1 20 1 21
15448 3 1 18 2 3 15 3 21
15449 4 1 1 3 1 9 7 15 2 16 1 18
15450 
15451 2 1 14 2 1 149
15452 3 1 2 2 1 4 1 7 1 31
15453 2 1 2 2 1 11
15454 3 1 22 2 1 61
15455 1 2 1 49 1 117 3 118
15456 4 1 3 168 2 170 1 173
15457 2 1 2 2 5 168 1 170
15458 3 1 4 168 1 169 2 170
15459 4 1 2 3 1 50
15460 3 1 3 2 1 3 1 58
15461 3 1 6 2 1 3 1 58
15462 6 1 8 2 2 4
15463 4 1 3 2 1 4 1 41
15464 3 1 1 3 1 168 2 169
15465 1 13 4 14 1 72
15466 6 1 2 2 1 3 2 4 1 29
15467 1 1 1 2 4 19 1 24
15468 1 1 8 2 9 15 4 16 1 21
15469 
15470 3 2 1 50 1 61 2 79 3 81 2 129
15471 1 2 2 50 1 61 2 79 3 81 2 129
15472 1 1 4 2 1 112 1 128
15473 1 33 1 116 2 119
15474 3 1 8 2 1 70
15475 
15476 
15477 1 1 1 114 1 118
15478 2 114 1 118
15479 1 9 1 120 3 130
15480 2 1 5 2 1 3 1 33
15481 3 1 7 2 1 3 1 12
15482 1 1 2 2 1 3 1 49 1 108
15483 1 1 3 2 1 3 1 29 1 49
15484 3 1 3 2 1 3 1 12
15485 3 1 10 2 1 4 1 31
15486 6 1 1 2 1 3 2 4 1 29
15487 4 1 7 2 1 4 1 12
15488 3 1 2 2 1 8 1 34
15489 4 1 2 2 2 3 5 15 1 37 1 103
15490 3 1 4 2 1 3 1 41
15491 3 1 4 2 2 3 1 29
15492 2 1 2 2 1 7 1 12
15493 2 1 4 2 1 7 1 12
15494 
15495 19 15 3 18 1 20 1 23
15496 
15497 
15498 2 1 1 7 1 42 1 49
15499 1 1 1 7 1 42 1 49 1 130
15500 1 1 1 2 1 48 1 49 2 168 1 169 1 172
15501 1 1 4 15 1 20 1 22 1 108
15502 1 1 1 2 1 15 4 19
15503 
15504 1 1 14 2 7 15 2 16 1 21
15505 
15506 1 1 6 2 1 3 2 29 1 58
15507 3 1 1 3 2 6
15508 2 1 1 4 1 5 1 128
15509 1 1 8 2 4 50 1 134
15510 3 1 5 2 1 3 1 50
15511 4 1 7 2 2 3 3 50
15512 2 1 16 2 1 34
15513 1 1 5 2 3 15 2 20 1 21
15514 2 1 8 2 1 12
15515 1 1 8 168 1 169
15516 2 5 4 15 2 21
15517 4 1 3 15 2 22 1 124
15518 2 1 1 2 1 9 1 29 1 48 1 72
15519 2 1 11 2 1 60
15520 2 1 12 2 1 41
15521 1 1 8 15 2 16 1 19 1 21 1 37 1 63 1 123 1 126
15522 1 1 8 15 2 16 1 19 1 21 1 37 1 63 1 123 1 126
15523 3 1 1 4 6 168 1 172
15524 1 108 2 112 1 113
15525 1 1 2 2 1 112 1 128
15526 
15527 
15528 
15529 
15530 
15531 2 1 17 2 1 3 1 29
15532 3 2 1 108 1 112 1 128
15533 1 2 1 8 1 9 1 108 4 130
15534 6 2 1 112 2 128
15535 1 1 4 2 1 49 1 50
15536 3 1 1 4 1 9 4 15 2 18 6 20 1 29
15537 1 1 2 15 1 21 1 62 1 80 1 126
15538 1 1 2 15 1 21 1 62 1 80 1 123
15539 1 1 2 15 1 21 1 62 1 80 1 123
15540 1 1 3 15 1 21 1 62 1 123
15541 5 2 1 108 1 112 1 128
15542 1 1 1 2 1 4 1 5 1 10 1 29
15543 4 1 1 4 1 7 1 50
15544 1 1 6 2 1 112 1 128
15545 2 1 3 15 2 21 1 126
15546 2 1 3 15 2 21 1 126
15547 7 2 1 108 1 112 1 128
15548 5 1 1 3 1 4 1 112
15549 
15550 2 1 2 15 2 16 4 19 1 63
15551 3 2 1 8 1 9 1 108 4 130
15552 1 1 3 15 1 21 1 32 1 80
15553 1 1 3 15 1 21 1 32 1 80
15554 2 1 14 2 1 41
15555 2 1 2 2 1 4 1 5 1 128
15556 1 67 1 128 2 129
15557 4 1 1 2 3 3 1 38
15558 3 1 7 2 1 3 1 50
15559 1 130 7 168 1 172
15560 2 1 5 2 2 50
15561 3 1 3 168 1 169 1 173
15562 4 1 1 3 1 4 1 7 1 130
15563 3 1 3 2 1 4 1 31
15564 5 2 1 8 1 9 1 108 4 130
15565 2 1 4 2 1 3 1 48 1 119
15566 5 1 1 2 1 3 1 4 1 41
15567 1 1 4 15 2 16 1 19 1 21 1 80 1 126
15568 1 1 4 15 2 16 1 19 1 21 1 80 1 126
15569 1 1 4 15 2 16 1 19 1 21 1 80 1 123
15570 1 1 4 15 2 16 1 19 1 21 1 80 1 123
15571 1 1 4 15 2 16 1 19 1 21 2 123
15572 1 1 4 15 2 16 1 19 1 21 1 62 1 126
15573 1 1 4 15 2 16 1 19 1 21 1 62 1 123
15574 1 1 5 15 2 16 1 19 1 21 1 80
15575 1 1 5 15 2 16 1 19 1 21 1 80
15576 2 1 6 2 2 50
15577 1 1 3 15 2 16 1 19 1 21 1 80 1 123 1 126
15578 1 1 3 15 2 16 1 19 1 21 1 80 1 123 1 126
15579 1 1 3 15 2 16 1 19 1 21 1 80 2 123
15580 1 1 3 15 2 16 1 19 1 21 1 62 2 123
15581 1 1 3 15 2 16 1 19 1 21 1 62 1 123 1 126
15582 1 1 5 15 2 16 1 19 1 21 1 126
15583 1 1 5 15 2 16 1 19 1 21 1 126
15584 4 1 2 2 2 3 1 7
15585 1 1 6 2 1 49 1 50
15586 3 1 1 2 1 4 1 7 1 130
15587 
15588 4 1 3 2 3 3 1 29
15589 2 1 4 15 2 16 1 19 1 21 1 98 1 126
15590 2 1 4 15 2 16 1 19 1 21 1 98 1 123
15591 5 1 1 2 1 4 1 110
15592 
15593 2 1 2 2 1 4 1 14 2 29
15594 1 1 3 2 4 15 2 17 1 168 1 172
15595 4 1 1 2 2 3 1 50
15596 3 1 4 2 1 3 1 50
15597 4 1 2 2 2 3 1 50
15598 3 1 5 2 1 3 1 50
15599 3 1 5 2 1 3 1 50
15600 2 1 9 2 1 50
15601 4 1 1 8 5 15 1 23
15602 3 1 8 2 1 4 1 31
15603 1 1 4 15 2 16 1 19 1 21 1 123 1 126
15604 1 1 4 15 2 16 1 19 1 21 1 123 1 126
15605 1 1 1 2 2 15 2 17 1 20 1 21 4 168
15606 3 1 10 2 1 4 1 29
15607 3 1 10 2 1 4 1 31
15608 3 1 10 2 1 4 1 86
15609 8 1 3 2 2 3 2 4
15610 2 1 4 2 1 150
15611 1 1 8 2 1 3 2 29 1 58
15612 2 1 2 2 4 168 1 173
15613 2 1 2 3 10 168 2 169
15614 
15615 
15616 1 1 6 2 1 49 1 50
15617 1 2 1 86 4 168 1 169
15618 7 1 6 2 3 4 1 29
15619 3 1 12 2 1 4 1 29
15620 
15621 
15622 
15623 
15624 4 1 3 168 1 169 1 170 1 176
15625 15 2 1 108 1 113
15626 2 1 1 3 4 15 2 16 1 19 2 20
15627 3 1 5 15 2 16 1 19 1 22
15628 3 1 4 15 2 16 1 19 1 20 1 22
15629 4 1 1 3 4 15 2 16 1 19 1 20 1 22
15630 6 1 8 2 2 4 1 107
15631 5 1 8 2 1 3 1 4 1 88
15632 3 1 13 2 1 3
15633 9 1 1 2 1 3 3 4
15634 10 15 2 16 2 18 2 20
15635 2 1 4 2 4 168 1 173
15636 2 1 5 2 7 15 2 16 1 22
15637 4 15 1 18 6 20 1 22 1 38
15638 2 1 2 2 3 15 2 20 1 22
15639 
15640 3 1 12 2 2 3 1 31
15641 3 1 12 2 2 3 1 31
15642 1 1 9 15 2 16 1 19 1 21 1 37 1 63 1 123
15643 2 1 9 2 1 14 1 34
15644 2 1 2 2 2 15 2 17 2 21 4 168
15645 5 15 1 22 10 168 2 169
15646 4 1 2 15 2 17 1 20 1 22 2 168 1 170
15647 1 1 7 2 9 168 3 169
15648 15 15 2 16 4 18 1 19
15649 3 1 1 170 1 171 1 172 1 174
15650 2 1 14 2 1 41
15651 10 1 8 2 4 4
15652 3 1 18 2 1 4 1 29
15653 1 1 20 2 1 68
15654 20 2 2 5
15655 1 1 21 2 1 68
15656 1 1 9 15 2 16 1 19 1 21 1 37 1 63 1 126
15657 1 1 22 2 1 68
15658 4 15 1 18 6 20 1 22 1 33
15659 1 1 4 15 1 18 6 20 1 22 1 34
15660 2 1 4 15 1 18 6 20 1 22 1 35
15661 3 1 4 15 1 18 6 20 1 22 1 36
15662 4 1 1 4 2 7
15663 1 29 1 34 1 129
15664 17 2 1 108 1 113
15665 1 1 4 2 1 6 1 31
15666 2 1 2 2 4 15 1 22 1 30
15667 2 1 6 15 2 16 2 17 3 168 1 170
15668 1 1 11 2 1 31 1 41
15669 2 1 3 15 2 16 1 19 1 21 1 98 2 123
15670 5 1 2 3 1 8
15671 2 1 2 2 1 51 2 168 1 171 1 172
15672 1 49 3 168 1 171 1 172
15673 2 1 12 2 1 41
15674 2 1 3 2 1 4 2 49
15675 1 1 2 2 4 15 1 19 1 45
15676 2 129 2 130 1 146
15677 3 1 1 2 2 3 1 4 3 29
15678 1 50 1 115 1 118 2 119
15679 6 2 1 108 1 127
15680 1 1 1 2 1 38 4 168 1 170
15681 4 1 1 2 3 3 1 40
15682 3 1 6 2 1 110
15683 2 1 6 2 1 3 1 29
15684 2 1 7 2 1 109
15685 2 1 4 2 1 3 1 14 1 29
15686 1 1 4 2 4 15 2 17 1 168 1 172
15687 1 1 6 2 4 15 2 17 1 168 1 172
15688 2 1 1 4 1 29 2 168 1 169
15689 1 1 1 2 1 34 2 168 1 169
15690 2 1 1 65 4 168 1 169 1 170
15691 3 1 1 3 2 7
15692 1 1 3 2 3 15 1 20 1 21 1 30
15693 1 1 4 2 3 15 1 20 1 21 1 30
15694 1 1 4 2 3 15 1 20 1 21 1 30
15695 1 1 3 2 3 15 1 20 1 21 1 30
15696 1 1 2 2 3 15 1 20 1 21 1 30
15697 1 1 2 2 3 15 1 20 1 21 1 30
15698 2 1 2 2 1 7 1 50
15699 1 1 4 2 3 15 1 20 1 21 1 30
15700 2 1 1 2 1 41 1 79 1 81
15701 1 1 2 2 1 79 1 81 1 128
15702 1 1 1 5 1 79 1 81
15703 1 1 2 2 1 33 1 79 1 81
15704 
15705 2 1 6 2 1 4 2 128
15706 1 1 1 7 7 168 1 169
15707 2 1 1 2 1 43 1 118 2 129
15708 1 1 3 2 1 41 1 117 1 118
15709 2 2 2 29 5 168 1 170
15710 1 1 3 2 1 41 2 118 1 119
15711 1 1 2 2 1 41 1 117 3 118
15712 5 1 3 2 2 3 1 42
15713 2 2 2 5 1 149
15714 4 1 2 2 3 3 1 40
15715 3 1 1 4 5 168 1 169 1 171
15716 7 1 2 3 2 4 1 29
15717 7 1 1 2 3 4 1 29
15718 6 1 2 2 3 3 1 4 1 29
15719 6 1 2 2 1 3 2 4 1 29
15720 4 1 4 2 3 3 1 29
15721 3 1 6 2 2 3 1 29
15722 5 1 1 2 1 3 1 9
15723 1 1 4 15 2 16 1 19 1 21 1 30 1 123
15724 1 1 3 15 2 16 1 19 1 21 1 30 1 80 1 123
15725 1 1 3 15 2 16 1 19 1 21 1 30 1 80 1 126
15726 1 1 4 15 2 16 1 19 1 21 1 30 1 126
15727 1 1 3 15 2 16 1 19 1 21 1 30 1 80 1 126
15728 1 1 3 15 2 16 1 19 1 21 1 30 1 62 1 126
15729 2 1 3 15 2 16 1 19 1 21 1 98 1 123 1 126
15730 2 1 3 15 2 16 1 19 1 21 1 30 1 98 1 126
15731 1 1 8 15 2 16 1 19 1 21 1 30 1 37 1 63 1 126
15732 5 1 1 3 1 4 1 41
15733 3 1 3 2 1 3 1 41
15734 1 1 1 2 2 15 1 45 1 62 2 126
15735 3 1 8 2 1 4 1 29
15736 2 1 9 2 1 3 1 29
15737 5 1 5 2 2 4 1 29
15738 4 1 5 2 1 43
15739 4 1 5 2 3 3 1 29
15740 5 1 2 2 1 3 1 4 1 41
15741 6 1 2 2 3 3 1 4 1 29
15742 7 1 1 2 2 3 2 4 1 29
15743 3 1 4 2 1 4 1 40
15744 5 1 5 2 2 3 1 4 1 29
15745 8 1 3 3 2 4 1 29
15746 3 1 10 2 1 4 1 29
15747 7 1 4 2 3 4 1 29
15748 7 1 3 2 2 3 2 4 1 29
15749 6 1 5 2 3 3 1 4 1 29
15750 6 1 6 2 1 3 2 4 1 29
15751 6 1 6 2 3 3 1 4 1 29
15752 7 1 8 2 3 4 1 29
15753 3 1 15 2 1 4 1 29
15754 9 1 6 2 2 3 3 4 1 29
15755 7 1 6 2 3 4 1 29
15756 4 1 2 2 3 3 1 40
15757 9 1 9 2 4 4 1 29
15758 2 1 20 2 1 3 1 29
15759 3 1 24 2 1 4 1 29
15760 
15761 
15762 6 1 1 2 1 4 3 15 1 23 1 30 1 53
15763 5 1 1 2 2 4 5 15 1 53
15764 7 1 2 2 3 4 1 29
15765 6 1 3 2 1 3 2 4 1 29
15766 7 1 2 2 3 4 1 29
15767 8 1 1 3 3 4 1 29
15768 6 1 4 2 1 3 2 4 1 29
15769 7 1 1 2 2 3 2 4 1 29
15770 4 1 8 2 3 3 1 29
15771 3 1 10 2 2 3 1 29
15772 4 1 9 2 3 3 1 29
15773 4 1 8 2 1 3 1 4 1 29
15774 4 1 9 2 1 3 1 4 1 29
15775 2 1 13 2 1 3 1 40
15776 1 1 8 15 2 18 1 53 1 80
15777 3 1 5 2 2 3 1 40
15778 3 1 6 2 1 3 1 41
15779 2 1 1 4 1 33 1 40
15780 3 1 3 2 1 3 1 60
15781 3 1 4 2 1 3 1 60
15782 1 1 2 2 5 15 1 21 1 60
15783 3 1 4 2 1 3 1 60
15784 8 15 2 18 1 20 1 80
15785 8 15 2 18 1 20 1 80
15786 8 15 2 18 1 80 1 126
15787 1 1 2 2 4 15 1 20 1 23 2 29
15788 
15789 8 15 2 18 1 62 1 80
15790 1 1 3 15 1 20 1 21 1 30 1 60
15791 1 1 1 14 5 15 1 53
15792 1 10 5 15 1 53
15793 3 1 1 3 1 4 1 29 1 40
15794 8 15 2 18 1 62 1 65 1 154
15795 3 1 3 2 1 3 1 60
15796 1 1 1 2 4 15 2 21 1 29
15797 3 1 3 2 1 4 1 68
15798 3 1 7 2 1 4 1 68
15799 6 1 4 2 2 4 1 41
15800 
15801 
15802 
15803 
15804 
15805 
15806 3 1 4 2 1 50 1 61
15807 4 1 2 2 1 4 1 29 1 61
15808 3 1 4 2 1 3 1 41
15809 3 1 2 2 1 4 1 50 1 128
15810 2 1 7 2 1 3 1 40
15811 3 1 7 2 1 3 1 41
15812 2 1 5 2 1 3 1 54
15813 3 1 8 2 1 4 1 54
15814 2 1 1 4 1 54 5 168 1 176
15815 3 2 10 15 1 21 1 53
15816 
15817 4 1 5 2 1 3 1 61
15818 3 1 6 2 1 3 1 29 1 61
15819 3 1 4 2 1 3 1 5 1 61
15820 3 1 8 2 1 3 1 41
15821 2 1 10 2 1 3 1 40
15822 3 1 11 2 1 3 1 41
15823 3 1 1 2 1 4 1 7 1 128
15824 4 1 4 168 2 169 2 172
15825 3 1 14 2 1 3 1 41
15826 2 1 3 2 1 4 2 5
15827 3 1 20 2 1 3 1 41
15828 3 1 3 2 2 3 1 49
15829 3 1 12 2 1 4 1 5
15830 3 1 8 2 1 4 1 5
15831 4 1 2 2 1 3 1 4 1 49
15832 2 1 6 2 1 3 1 49
15833 2 1 6 2 1 3 1 49
15834 5 1 2 2 1 3 1 4 1 50
15835 3 1 6 2 1 3 1 50
15836 1 1 4 2 1 14 5 15 1 22 1 29
15837 3 1 6 2 1 3 1 50
15838 3 1 7 2 1 3 1 50
15839 6 1 1 3 1 4 1 8
15840 4 1 7 2 2 3 1 50
15841 4 1 10 2 1 3 1 51
15842 2 1 3 2 2 3 2 128
15843 3 1 1 2 3 3 2 128
15844 2 1 4 2 1 4 2 128
15845 3 1 2 2 1 3 1 4 2 128
15846 3 1 11 2 1 3 1 50
15847 4 1 10 2 2 3 1 50
15848 4 1 2 3 1 4 2 128
15849 3 1 2 2 1 3 1 4 2 128
15850 2 1 11 2 1 3 1 49
15851 3 1 13 2 1 3 1 50
15852 3 1 2 2 1 9 5 15 1 18
15853 8 15 2 16 2 18 4 20
15854 3 1 3 15 1 20 1 22 1 26
15855 2 1 7 2 1 8 5 15 1 18
15856 20 15 2 18 1 23 1 53
15857 2 1 3 15 1 18 1 20 1 22 5 168 1 169
15858 3 1 6 2 1 3 1 50
15859 3 1 7 2 1 3 1 50
15860 3 1 8 2 1 3 1 50
15861 3 1 8 2 1 3 1 50
15862 3 1 9 2 1 3 1 50
15863 3 1 9 2 1 3 1 50
15864 3 1 12 2 1 3 1 50
15865 
15866 
15867 
15868 3 1 10 2 1 3 1 50
15869 3 1 13 2 1 3 1 50
15870 3 1 10 2 1 3 1 50
15871 1 1 4 15 1 19 1 98
15872 2 1 10 2 1 50
15873 4 1 2 2 1 4 1 112
15874 3 2 1 40 1 128
15875 3 1 1 6 1 8 1 41
15876 
15877 4 1 2 2 1 3 1 8 1 50
15878 3 1 1 169 2 172 1 175
15879 4 1 1 2 1 3 1 4 1 5 1 50
15880 5 1 1 2 1 4 1 8 1 50
15881 2 1 21 2 1 3 1 29
15882 2 1 17 2 1 3 1 29
15883 2 1 3 2 1 3 1 4 3 29
15884 
15885 2 1 1 2 1 50 4 168 2 170
15886 4 1 4 2 2 3 4 15 2 45
15887 3 1 1 2 3 3 2 128
15888 2 1 2 2 2 3 2 128
15889 5 1 9 2 3 3 1 50
15890 2 1 25 2 1 50
15891 4 1 12 2 1 43
15892 1 1 3 2 2 15 3 20 1 45
15893 3 1 1 3 1 8 5 15 1 21
15894 4 1 3 2 2 15 3 21 1 45
15895 1 1 2 2 1 50 1 130 1 148
15896 2 1 1 51 1 130 1 148
15897 3 1 14 2 1 42
15898 1 1 6 2 3 15 2 20 1 21
15899 1 1 3 2 1 49 1 50
15900 
15901 4 168 2 176 4 180
15902 12 15 3 20 3 53 1 156
15903 12 15 3 20 3 53 1 156
15904 3 1 4 2 5 15 1 23
15905 4 1 3 15 1 20 1 21 1 23
15906 4 1 12 2 1 3 1 51
15907 2 1 1 2 1 4 1 5 1 29
15908 1 1 1 2 1 29 3 168 2 169
15909 2 1 2 2 1 4 1 5 1 29
15910 3 1 1 29 2 168 1 169 1 170 1 172
15911 1 1 4 2 1 4 2 5 1 29
15912 2 1 3 2 1 5 1 8
15913 2 1 5 2 1 7
15914 3 1 3 2 1 3 1 7
15915 3 1 3 2 1 3 1 7
15916 3 1 4 2 1 3 1 4 2 128
15917 3 1 5 2 1 3 1 4 2 128
15918 4 1 2 2 1 4 1 7 1 41
15919 5 1 1 3 1 4 1 7
15920 6 1 1 2 1 4 1 9
15921 6 1 7 2 2 4
15922 9 1 3 2 1 3 3 4
15923 8 1 5 2 2 3 2 4
15924 9 15 1 20 1 21 1 63
15925 1 1 1 34 1 109 1 130
15926 2 2 10 15 1 21 1 37
15927 4 15 1 20 1 37 2 168 1 169
15928 14 15 2 18 1 20 1 23 1 130
15929 12 15 2 18 3 20 1 23 1 130
15930 1 1 4 15 1 22 1 108 1 123
15931 1 1 3 15 2 20 1 26
15932 1 1 3 15 1 20 1 26 1 123
15933 1 1 3 15 1 20 1 26 1 126
15934 1 1 3 15 1 20 1 26 1 124
15935 1 1 3 15 1 20 1 26 1 124
15936 1 1 8 15 2 20 1 21 1 22
15937 1 1 1 2 8 15 2 20 1 21 1 22
15938 1 1 6 15 4 20 1 21 1 22
15939 5 1 8 15 1 21 3 22
15940 3 1 3 15 1 18 1 20 1 22 5 168 1 170
15941 2 1 3 2 1 168 2 169
15942 2 1 1 8 4 15 1 18 1 126
15943 2 1 1 2 4 15 1 22 1 24
15944 4 15 1 18 1 24 5 168 1 169
15945 4 1 1 3 1 168 1 169 1 170
15946 5 1 6 2 1 3 1 4
15947 6 1 4 2 2 3 1 4
15948 4 1 3 2 1 3 1 4 5 168 1 169
15949 2 1 15 2 1 78
15950 
15951 3 2 2 3 4 128
15952 2 1 5 15 1 21 1 110
15953 4 15 1 23 1 24 3 129
15954 3 1 3 2 1 33 1 43
15955 2 1 5 2 2 50
15956 2 1 4 2 4 15 1 21 1 37
15957 2 1 6 2 4 15 1 21 1 37
15958 1 1 4 15 1 21 1 26 1 29
15959 2 1 1 2 9 15 2 17 1 18 3 169
15960 2 1 5 15 1 21 1 42
15961 16 15 2 16 2 18 2 37
15962 14 15 2 16 2 18 2 20 2 37
15963 12 15 2 16 2 18 4 20 2 37
15964 2 1 4 2 4 15 1 19 1 22
15965 4 1 4 2 2 8
15966 1 1 1 2 4 15 1 20 1 63
15967 4 1 4 2 2 3 5 15 1 64
15968 3 1 1 2 1 7 1 8
15969 1 1 6 2 4 15 1 19 1 45
15970 2 1 1 2 1 4 2 5
15971 1 1 2 2 4 15 1 19 1 45
15972 3 1 2 2 1 7 1 8
15973 1 1 4 2 1 3 2 5
15974 3 1 2 2 1 3 2 7
15975 5 1 1 4 1 7 1 8
15976 6 1 4 15 1 18 2 20 1 21 2 23 2 30
15977 3 1 2 2 1 3 1 149
15978 4 1 11 2 1 3 1 61
15979 2 1 12 2 1 60
15980 6 1 2 4 1 14
15981 4 1 2 2 2 3 1 14
15982 4 1 5 2 1 4 1 14
15983 8 1 3 4 1 14
15984 9 1 3 3 2 4 1 14
15985 1 1 6 2 1 5 1 7
15986 1 1 6 2 1 3 2 5
15987 4 1 2 2 2 4 2 5
15988 4 1 2 2 2 3 2 7
15989 3 1 1 4 5 15 1 37 4 168 1 169 1 176
15990 3 1 4 2 1 3 1 4 2 128
15991 3 1 2 2 1 3 1 4 2 108
15992 4 1 3 15 1 20 2 22
15993 1 15 3 20 2 21 2 128
15994 4 20 2 21 2 128
15995 13 15 4 18 1 19
15996 8 15 2 18 1 19 1 62
15997 1 2 1 5 1 130 1 149
15998 1 1 9 2 1 5 1 7
15999 2 1 8 2 2 3 2 5
16000 
16001 
16002 
16003 4 1 10 2 2 8
16004 8 1 4 2 4 3 2 8
16005 4 1 14 2 2 8
16006 4 1 18 2 2 8
16007 1 1 6 15 1 18 2 19 1 20 1 21
16008 2 1 9 2 1 11
16009 1 1 8 2 1 3 2 5
16010 3 1 9 15 1 18 1 23 1 53
16011 1 1 14 15 2 18 1 23 1 30
16012 2 2 1 5 1 14 1 29
16013 2 1 1 4 1 5 1 14 1 29
16014 1 1 2 2 2 15 1 19 2 20 1 21
16015 1 1 2 2 1 49 1 148
16016 1 1 2 2 1 29 1 148
16017 1 2 1 5 4 15 1 20 1 53
16018 1 2 4 15 2 17 1 33 1 176 2 180
16019 
16020 
16021 3 1 2 2 1 4 1 29 1 50
16022 3 1 2 2 1 4 1 29 1 50
16023 3 1 2 15 3 20 1 23
16024 3 1 4 15 1 23 1 39
16025 2 9 6 127
16026 3 1 12 15 2 18 1 23 1 29 3 53
16027 1 13 1 14 2 168 1 169
16028 1 1 7 2 5 168 1 176
16029 1 1 11 2 5 168 1 176
16030 1 1 15 2 5 168 1 176
16031 13 15 4 16 2 18 1 19
16032 8 2 10 15 2 21 2 34
16033 3 1 15 2 1 8
16034 2 15 3 20 1 126
16035 1 1 3 20 1 21 2 80
16036 2 1 2 15 3 20 1 22
16037 4 1 4 15 2 23 1 49 1 50 1 137
16038 
16039 4 1 18 2 2 3
16040 1 1 11 2 7 15 2 16 1 63
16041 3 1 2 168 2 169 1 176
16042 1 1 3 2 1 5 1 60
16043 1 1 4 2 1 5 1 60
16044 3 1 1 3 1 48 1 61 1 81
16045 2 1 3 2 1 48 1 61 1 81
16046 3 1 1 2 1 3 1 48 1 61 1 81
16047 5 15 1 21 1 60 1 81
16048 2 1 4 2 1 50 1 88
16049 
16050 4 15 1 63 1 81 1 126
16051 4 15 1 63 1 80 1 81
16052 2 1 4 2 1 55
16053 4 1 3 2 1 4 1 7
16054 5 1 1 2 1 3 1 4 1 7
16055 8 15 1 18 1 37 1 62 1 126
16056 2 1 3 15 1 21 2 53 1 54
16057 
16058 8 1 10 2 6 3
16059 9 15 1 37 1 53 1 80
16060 5 1 13 2 3 3
16061 3 168 1 171 1 174
16062 2 5 1 7
16063 6 1 2 4 2 50
16064 3 1 1 2 1 4 5 15 1 21 2 50
16065 6 1 1 2 2 4 2 50
16066 4 1 5 2 1 4 1 34
16067 3 1 6 2 1 4 1 33
16068 2 1 3 2 1 72 1 145
16069 1 1 1 15 2 20 1 80 1 98 1 126
16070 1 15 2 20 1 62 1 80 1 126
16071 3 1 7 2 1 3 1 41
16072 3 15 1 20 1 62 1 126
16073 1 1 4 15 2 16 1 19 2 20 1 21
16074 1 1 5 15 2 16 1 19 1 21 1 32
16075 
16076 4 15 2 16 1 19 2 20 1 123
16077 4 1 2 2 1 3 5 15 1 23
16078 4 1 2 2 1 3 5 15 1 23
16079 8 15 2 18 1 20 1 123
16080 8 15 2 18 1 20 1 123
16081 2 1 1 4 8 168 2 169 1 171
16082 5 15 1 23 1 29 1 31 5 168 1 169
16083 1 4 1 29 1 31 10 168 2 169
16084 2 1 1 2 2 7 1 48
16085 5 15 1 22 1 31 1 130
16086 8 15 1 18 2 20 1 147
16087 2 1 6 2 2 144
16088 1 1 16 2 1 3 10 168 2 169
16089 1 1 16 2 4 15 1 20 1 37
16090 1 1 14 2 2 15 3 20 1 21
16091 5 1 13 2 1 3 1 4
16093 5 1 1 2 1 4 5 15 1 23
16094 2 1 4 2 1 29 4 168 1 169 1 170
16095 2 1 3 2 1 29 4 168 1 169 1 170
16096 2 1 3 2 1 29 4 168 1 169 1 170
16097 9 15 1 21 1 25 1 31 1 53
16098 1 2 4 15 1 21 1 30 1 128
16099 4 15 1 21 1 30 1 108
16100 1 2 4 15 1 21 1 30 1 127
16101 1 1 1 110 2 128
16102 4 1 2 2 2 3 8 15 4 17 2 169
16103 8 1 4 2 4 3 8 15 4 17 2 170
16104 
16105 1 1 16 2 7 15 2 16 1 21
16106 4 1 1 2 1 4 1 144
16107 5 1 1 2 1 4 5 15 1 23
16108 11 15 2 16 2 18 1 20
16109 4 1 2 3 1 69
16110 2 1 2 2 2 168 2 172
16111 2 1 4 2 2 168 2 172
16112 2 1 6 2 2 168 2 172
16113 4 1 3 2 1 4 2 168 2 172
16114 4 1 2 2 4 15 1 21 1 23
16115 4 1 10 2 1 4
16116 6 1 8 2 2 4
16117 6 1 6 2 4 3
16118 7 1 6 2 1 3 2 4
16119 4 1 11 2 1 4
16120 4 1 10 2 2 3
16121 4 1 11 2 1 4
16122 5 1 9 2 1 3 1 4
16123 8 1 2 2 6 3
16124 4 1 19 2 1 4
16125 6 1 14 2 4 3
16126 3 1 20 2 1 3
16127 6 1 14 2 4 3
16128 8 1 10 2 6 3
16129 4 1 20 2 2 3
16130 5 1 19 2 1 3 1 4
16131 5 1 6 2 1 3 1 4
16132 4 1 14 2 1 4
16134 2 1 2 2 3 168 1 169 1 172
16135 3 1 1 2 1 3 3 168 1 169 1 172
16136 2 1 2 2 3 168 1 169 1 172
16137 2 1 3 2 4 168 2 169
16138 2 1 3 2 1 3 1 40
16139 2 1 4 2 1 3 1 40
16140 5 1 2 3 5 15 1 23
16141 3 1 3 15 2 20 1 23
16142 3 1 1 2 1 3 2 168 1 170 2 179
16143 3 1 3 2 1 3 2 168 1 170 2 179
16144 3 1 5 2 1 3 2 168 1 170 2 179
16145 2 1 8 2 1 4 2 29
16146 2 1 2 2 3 168 1 173
16147 1 1 6 2 1 3 2 31
16148 1 1 8 2 1 3 2 31
16149 1 1 7 2 5 15 1 98
16150 2 14 10 15 2 21
16151 2 2 2 14 10 15 2 21
16152 3 1 2 2 1 4 1 108
16153 1 13 5 15 1 21
16154 8 168 2 170
16155 9 15 2 18 1 32
16156 3 1 8 2 1 4 1 40
16157 5 1 5 2 2 3 1 42
16158 1 110 1 122 1 127 1 129
16159 1 110 1 122 1 129 1 130 1 149
16160 1 1 1 50 1 130 1 149
16161 1 1 4 2 1 7 1 29
16162 1 1 1 2 1 130 5 168 1 170
16163 3 1 6 2 2 3 1 5 1 48
16164 1 2 1 5 2 50 1 165
16165 1 34 1 130 1 134
16166 2 1 16 2 1 152
16167 
16168 
16169 
16170 3 1 1 2 9 15 2 18 1 23
16171 10 15 2 18 4 168 2 169
16172 3 1 9 15 2 18 1 23
16173 2 1 1 2 8 15 2 18 2 21
16174 2 1 7 15 2 18 2 20 1 22
16175 3 1 1 3 4 15 1 18 1 20 3 168 1 169 1 173
16176 2 15 2 18 6 20 2 62
16177 
16178 1 1 6 2 9 15 2 18 1 21
16179 6 1 8 15 2 18 2 23
16180 1 1 10 2 9 15 2 18 1 21
16181 1 1 14 2 9 15 2 18 1 21
16182 1 1 16 2 9 15 2 18 1 21
16183 
16184 1 1 4 2 1 5 3 50
16185 4 1 2 2 1 3 1 4 1 40
16186 3 1 1 3 1 48 2 168 2 169 1 171
16187 3 1 1 2 1 3 1 48 2 168 2 169 1 171
16188 5 2 1 49 3 50 1 54
16189 5 2 3 50 1 54 1 134
16190 2 1 5 2 1 3 1 5 1 50
16191 5 1 18 2 3 3
16192 5 1 5 2 3 3
16193 6 1 4 2 2 3 1 4
16194 7 1 3 2 1 3 2 4
16195 7 1 3 2 1 3 2 4
16196 1 1 1 7 1 113
16197 6 1 18 2 4 3
16198 3 1 24 2 1 3
16199 4 1 24 2 1 4
16200 7 1 4 2 1 3 2 4
16201 6 1 4 2 4 3
16202 7 1 2 2 5 3
16203 8 1 2 2 2 3 2 4
16204 4 1 9 2 2 3
16205 4 1 10 2 2 3
16206 10 1 2 2 4 4
16207 3 1 13 2 1 3
16208 4 1 12 2 2 3
16209 7 1 8 2 1 3 2 4
16210 4 1 12 2 2 3
16211 6 1 16 2 4 3
16212 4 1 14 2 2 3
16213 4 1 14 2 2 3
16214 7 1 8 2 5 3
16215 5 1 12 2 3 3
16216 4 1 15 2 1 4
16217 9 1 6 2 3 3 2 4
16218 4 1 14 2 2 3
16219 3 1 17 2 1 3
16220 3 1 18 2 1 3
16221 4 1 16 2 2 3
16222 9 1 9 2 1 3 3 4
16223 8 1 8 2 6 3
16224 1 1 5 2 1 3 10 15 2 21
16225 1 109 2 114
16226 2 2 1 4 3 29 1 31
16227 1 3 3 15 2 20 1 21 2 31
16228 1 2 3 15 2 20 1 21 1 31
16229 1 15 2 20 1 80 2 123
16230 1 15 2 20 1 80 2 123
16231 4 1 4 21 2 80
16232 
16233 3 1 1 4 4 15 1 20 1 21
16234 3 1 2 2 2 3 1 5
16235 4 1 2 2 1 3 1 8
16236 3 1 4 2 1 8
16237 4 1 3 2 1 4 1 7
16238 5 1 1 2 1 3 1 4 1 7
16239 5 1 1 2 1 3 1 4 1 7
16240 5 1 1 2 2 4 1 5
16241 5 1 1 2 1 3 1 4 1 7
16242 5 1 1 2 1 3 1 4 1 7
16243 7 1 2 4 1 8
16244 2 1 8 2 1 7
16245 5 1 3 2 2 4 1 5
16246 6 1 3 2 1 4 1 9
16247 6 1 1 2 1 3 2 4 1 5
16248 6 1 2 2 2 3 1 9
16249 2 1 9 2 1 7
16250 3 1 9 2 1 4 1 5
16251 3 1 17 2 1 8
16252 4 1 19 2 2 3 1 7
16253 2 1 2 2 2 3 2 5
16254 3 1 3 2 1 7 1 8
16255 3 1 4 2 1 7 1 8
16256 
16257 1 1 5 15 1 18 4 168 1 170
16258 1 1 9 15 1 18 1 21 1 22 1 29
16259 2 2 2 29 1 112
16260 4 2 2 3 4 29
16261 1 1 3 2 2 3 3 29
16262 2 1 6 2 1 3 1 40
16263 4 1 6 2 1 4 1 41
16264 8 1 1 2 2 4 1 43
16265 6 1 5 2 3 3 1 42
16266 3 1 12 2 1 42
16267 4 1 12 2 1 43
16268 3 1 19 2 1 3 1 41
16269 5 1 8 2 1 3 1 4 1 41
16270 4 1 14 2 1 4 1 41
16271 4 1 4 2 1 3 1 4 1 40
16272 2 1 17 2 1 3 1 40
16273 2 1 19 2 1 3 1 40
16274 2 1 21 2 1 3 1 40
16275 3 1 19 2 1 8 1 48
16276 2 1 23 2 1 3 1 40
16277 4 1 19 2 1 4 1 41
16278 4 1 17 2 1 4 1 41
16279 
16280 
16281 1 1 23 2 1 38
16282 2 1 1 4 1 5 1 14 1 137
16283 2 1 3 168 2 169 1 170
16284 3 1 3 168 1 169 2 170
16285 2 1 1 130 3 168 1 169 1 170
16286 1 1 1 2 1 5 4 168 1 170
16287 2 1 12 2 3 168 2 169
16288 2 1 14 2 3 168 2 169
16289 2 1 14 2 3 168 2 169
16290 2 1 14 2 3 168 2 169
16291 2 1 17 2 3 168 2 169
16292 6 1 1 3 1 4 1 168 1 169 1 170
16293 5 1 2 2 1 4 1 168 1 169 1 170
16294 3 2 1 38 1 57 1 60
16295 1 1 7 2 1 57 1 90
16296 1 1 9 2 1 57 1 90
16297 1 1 2 168 1 176 1 180 1 181
16298 7 1 1 4 1 35 1 36
16299 5 1 1 2 2 4 1 31
16300 4 1 1 168 1 170 1 173 1 180
16301 4 1 1 168 2 169 1 170 1 180
16302 3 1 4 15 1 23 1 62
16303 2 1 1 3 1 48 1 129
16304 1 1 3 2 1 48 1 129
16305 1 48 1 129 4 168 1 169
16306 1 48 1 129 5 168 1 169
16307 4 15 1 18 1 62 3 168 1 169
16308 1 1 7 2 4 15 1 21 1 62
16309 1 1 9 2 4 15 1 21 1 62
16310 1 1 5 2 3 15 2 20 1 21
16311 1 1 5 2 3 15 2 20 1 21
16312 1 1 3 2 1 14 1 31
16313 2 2 1 119 1 128
16314 1 1 3 2 1 13 1 14
16315 1 2 1 5 1 13 1 14
16316 4 15 1 37 1 126 1 128
16317 4 15 1 37 1 126 1 128
16318 4 15 1 37 1 125 1 128
16319 4 15 1 20 1 37 1 128
16320 4 15 1 20 1 37 1 128
16321 4 15 1 20 1 37 1 128
16322 1 1 4 15 1 37 1 53 1 128
16323 4 15 1 37 1 80 1 128
16324 4 15 1 37 1 80 1 128
16325 3 15 1 37 2 80 1 128
16326 2 1 3 2 2 7
16327 1 35 2 128 1 130
16328 1 36 4 128
16329 1 1 1 43 3 128
16330 2 1 1 36 1 108 1 130
16331 1 1 7 2 1 5 1 7
16332 
16333 
16334 
16335 
16336 
16337 
16338 
16339 2 1 12 2 1 7
16340 1 1 8 15 2 18 1 37 1 126
16341 1 1 2 2 8 15 2 18 1 21 1 126
16342 2 1 3 2 1 3 1 31 1 34
16343 2 1 5 2 1 3 1 31
16344 2 1 5 2 1 3 1 128
16345 2 1 15 2 1 3 1 31
16346 3 1 14 2 1 3 1 41
16347 1 1 8 15 4 16 1 20 1 53
16348 1 1 3 15 2 32 1 53
16349 2 1 3 15 1 30 1 37 1 45
16350 2 1 1 2 4 15 2 17 2 168 1 173
16351 2 1 1 2 4 15 2 17 2 168 1 173
16352 2 1 9 168 4 169 1 170
16353 4 1 6 168 2 169 2 170
16354 2 1 1 2 7 168 2 169 1 170
16355 2 1 2 15 2 17 1 20 1 22 4 168
16356 1 1 1 2 6 15 2 16 1 20 1 21
16357 1 1 1 2 6 15 2 16 1 20 1 21
16358 1 1 12 2 7 15 2 16 1 21
16359 4 15 2 17 1 33 3 168 1 169
16360 1 1 1 34 1 50 1 130
16361 2 1 1 3 1 31 1 50
16362 2 1 1 34 1 51 1 130
16363 3 1 1 36 1 128
16364 
16365 2 1 1 2 5 15 1 23 1 29
16366 2 1 8 2 1 41 1 48
16367 1 1 8 2 4 15 1 20 1 21
16368 1 1 1 3 1 5 1 14 1 49
16369 
16370 2 1 1 2 2 4 4 128
16371 3 1 1 2 1 3 1 4 2 128
16372 4 1 1 2 2 4 2 128
16373 3 2 1 4 3 13 1 29
16374 2 2 1 14 2 29
16375 3 1 1 2 1 4 2 14 1 29
16376 3 1 3 2 1 4 2 14 1 29
16377 2 1 1 2 1 4 1 5 1 12 1 29
16378 2 1 1 4 1 5 1 12 1 29
16379 2 1 3 2 1 7 2 14
16380 1 1 2 2 1 8 2 128
16381 2 1 16 2 2 7
16382 3 15 2 17 1 20 2 168 1 179
16383 2 15 2 17 2 20 2 168 1 179
16384 1 1 4 15 2 17 1 168 1 169 1 179
16385 1 1 3 15 2 17 1 20 1 168 1 169 1 179
16386 1 1 3 15 2 17 1 20 1 168 1 169 1 179
16387 3 15 2 17 1 20 3 168 1 179
16389 4 1 1 2 1 4 2 168 1 170
16390 3 1 3 2 1 3 2 168 1 170
16391 2 1 1 170 2 175 3 180
16392 2 1 6 2 1 170 2 175 3 180
16393 3 1 4 2 1 3 1 170 2 175 3 180
16394 
16395 2 1 1 2 4 168 4 169
16396 2 1 1 2 1 3 3 168 1 169
16397 2 1 2 2 1 3 3 168 1 169
16398 4 1 2 2 1 168 2 169 1 170
16399 2 1 5 2 1 3 4 168 1 169
16400 4 1 1 3 3 168 1 170 1 172
16401 3 1 1 7 3 168 1 169 1 170
16402 4 1 1 3 3 168 1 169 1 170
16403 2 2 1 3 1 40 2 128
16404 2 1 2 2 4 15 2 47
16405 4 1 4 2 2 3 3 168 2 169
16406 2 1 17 2 3 168 2 169
16407 2 1 6 168 4 169
16408 3 1 2 2 1 14 1 110
16409 3 1 5 2 1 14 1 110
16410 20 15 2 18 1 22 1 23 1 29
16411 
16412 
16413 
16414 2 1 5 2 1 50 2 109
16415 2 1 6 2 1 4 2 5
16416 4 1 2 2 2 3 1 152
16417 17 2 2 5
16418 2 21 2 29 4 123
16419 2 21 4 123 2 128
16420 1 1 7 2 1 108 1 109
16421 2 1 10 2 1 149
16422 2 1 12 2 1 149
16423 2 1 18 2 1 149
16424 3 1 1 2 1 36 1 130
16425 3 1 4 2 5 15 1 23
16426 8 1 1 2 2 4 1 36
16427 5 1 1 2 1 3 1 4 1 7
16428 5 1 1 2 1 3 1 4 1 7
16429 5 1 1 2 1 3 1 4 1 7
16430 2 1 2 2 5 15 1 23 1 108
16431 4 1 6 2 4 3 2 29
16432 4 1 12 2 2 4 2 29
16433 3 1 2 2 1 4 1 44
16434 3 1 3 2 1 4 1 44
16435 3 1 3 2 1 4 1 44
16436 2 1 3 2 2 50 1 109
16437 6 1 2 2 2 4 1 109
16438 2 1 7 2 1 3 1 5
16439 1 1 1 4 3 5
16440 1 1 16 2 1 31 1 41
16441 
16442 
16443 2 1 14 2 2 3 2 29
16444 3 1 1 4 1 169 2 175 3 180
16445 3 1 1 3 1 4 2 31
16446 3 1 16 2 1 8
16447 2 1 4 2 1 7 1 14
16448 9 1 8 2 3 4 1 8
16449 2 1 4 15 2 37 2 60
16450 2 1 4 15 2 37 2 60
16451 1 1 3 2 1 5 1 41
16452 1 1 12 2 1 73
16453 1 1 9 2 1 87
16454 1 1 7 2 1 89
16455 1 1 9 2 1 89
16456 
16457 
16458 
16459 
16460 
16461 
16462 1 1 2 2 1 5 1 34
16463 1 1 3 2 1 5 1 34
16464 
16465 
16466 1 1 3 15 1 21 2 32
16467 3 2 1 3 1 5 2 128
16468 2 1 4 2 4 168 2 169
16469 1 1 1 2 4 15 1 21 1 126
16470 1 1 1 2 4 15 1 21 1 32
16471 1 1 3 15 2 20 1 26
16472 1 7 1 130 4 168 1 172
16473 1 1 3 15 2 20 1 26
16474 2 1 2 2 2 14
16475 7 2 2 13
16476 9 2 2 13
16477 2 2 5 15 1 37 1 128
16478 3 2 5 15 1 37 1 128
16479 5 2 1 40 1 128
16480 1 1 4 2 1 50 1 128
16481 1 1 5 2 1 50 1 128
16482 1 1 2 2 1 13 1 14
16483 1 1 2 2 1 41 1 128
16484 1 1 3 2 1 41 1 128
16485 2 2 1 41 2 128
16486 3 1 2 2 1 4 5 168 1 169
16487 4 1 2 2 3 168 2 169 1 170
16488 5 1 1 3 3 168 2 169 1 170
16489 4 1 1 2 1 3 1 4 5 168 1 169
16490 3 1 3 2 1 4 5 168 1 169
16491 3 1 4 2 4 168 1 169 1 170
16492 3 1 3 2 2 3 5 168 1 169
16493 5 1 1 2 2 4 5 168 1 169
16494 6 1 1 3 1 4 3 168 3 169
16495 8 1 2 168 4 170
16496 3 1 5 2 1 4 5 168 1 169
16497 5 1 2 2 2 3 1 4 5 168 1 169
16498 2 1 8 2 4 168 2 169
16499 2 1 4 2 4 15 2 21
16500 2 1 11 2 1 41
16501 2 1 13 2 1 41
16502 2 1 17 2 1 41
16503 3 1 4 15 1 22 1 37
16504 3 1 4 15 1 22 1 37
16505 29 168
16506 4 1 6 2 1 3 5 15 1 23
16507 2 1 18 2 4 168 2 169
16508 4 1 5 2 1 3 1 4 5 168 1 169
16509 3 1 9 2 1 4 5 168 1 169
16510 6 1 5 2 3 3 1 4 5 168 1 169
16511 2 1 13 2 1 3 5 168 1 169
16512 3 1 12 2 1 4 5 168 1 169
16513 4 1 11 2 1 3 3 168 3 169
16514 7 1 5 2 4 3 3 168 3 169
16515 4 1 4 2 1 3 1 4 5 15 1 21
16516 2 1 1 2 5 15 1 23 1 108
16517 1 49 4 168 1 169
16518 2 1 1 3 4 15 1 20 1 53
16519 1 1 10 15 1 18 1 22 1 50
16520 1 1 15 15 2 18 1 23 1 50
16521 8 15 4 16 1 20 1 30
16522 3 15 3 21 3 29
16523 1 1 2 2 1 48 5 168 1 169
16524 4 1 2 2 2 3 2 50
16525 4 1 4 2 2 3 2 50
16526 1 1 5 2 1 49 1 50
16527 1 1 5 2 1 49 1 50
16528 4 1 4 2 2 3 2 50
16529 2 1 10 2 1 50
16530 3 1 8 2 1 3 1 50
16531 2 1 14 2 1 50
16532 2 1 19 2 1 50
16533 3 15 1 18 2 20 5 168 1 169
16534 3 15 1 18 2 20 5 168 1 169
16535 2 1 6 2 1 4 2 29
16536 4 1 2 2 2 3 1 4 2 29
16537 4 1 4 2 2 3 1 4 2 29
16538 2 1 12 2 1 4 2 29
16539 4 1 8 2 2 3 1 4 2 29
16540 2 1 13 2 1 4 2 29
16541 3 1 1 36 1 113
16542 3 1 1 4 1 36 3 128
16543 1 1 2 2 1 29 1 41
16544 1 1 1 2 1 7 1 41 1 108
16545 1 1 4 2 1 48 1 113
16547 3 1 2 2 1 4 1 38
16548 3 1 2 2 1 4 1 40
16549 4 15 1 18 1 20 1 151 4 168 1 169
16550 1 1 7 15 2 16 1 26
16551 7 15 2 16 1 18 5 168 1 169
16552 2 1 1 2 6 15 2 16 2 21
16553 2 1 2 2 6 15 2 16 2 21
16554 3 1 6 15 2 16 1 21 1 22
16555 3 1 1 2 6 15 2 16 1 21 1 22
16556 3 1 1 4 1 13 1 14
16557 4 1 1 4 1 112
16558 1 1 1 5 4 168 2 169
16559 1 1 1 34 4 168 1 172
16560 2 112 2 113 1 118
16561 2 1 1 43 1 48 2 129
16562 2 86 1 118
16563 1 36 1 128 3 129
16564 1 36 2 118 1 119 2 129 1 130
16565 1 36 3 118 1 119 2 129 1 130
16566 5 15 1 37 1 118 1 119
16567 1 35 1 117 2 129
16568 2 1 5 15 2 16 2 20 1 22
16569 2 1 5 15 2 16 1 20 2 21
16570 1 1 1 3 2 134
16571 1 1 5 15 2 16 2 20 1 21
16572 
16573 
16574 4 1 1 2 1 3 1 4 7 15 2 16 1 21
16575 1 1 16 2 7 15 2 16 1 21
16576 2 1 1 2 3 168 2 169
16577 2 2 9 168 2 169
16578 1 14 8 168 2 172
16579 1 14 7 168 2 172
16580 8 2 10 168 2 169
16581 10 2 10 168 2 169
16582 3 1 4 2 1 42 1 48
16583 3 1 6 2 1 42 1 48
16584 3 1 8 2 1 42 1 48
16585 8 1 2 3 2 169 2 170
16586 10 2 5 15 1 21 1 31
16587 2 1 14 2 1 3 5 15 1 21
16588 2 1 15 2 1 3 5 168 1 169
16589 2 1 5 2 6 168 2 169 1 173
16590 4 1 4 168 2 170
16591 3 1 2 2 1 4 5 168 1 169
16592 4 1 1 2 1 3 3 168 3 169
16593 3 1 4 2 1 4 5 168 1 169
16594 3 1 4 2 1 4 5 168 1 169
16595 4 1 2 2 1 3 1 4 5 168 1 169
16596 5 1 4 2 2 3 1 4 5 168 1 169
16597 
16598 
16599 3 1 1 4 1 7 1 14 4 168 1 172
16600 4 1 1 2 1 3 1 4 5 15 1 21
16601 
16602 3 1 3 168 1 169 1 170 1 174
16603 3 1 3 168 1 170 1 172
16604 2 1 2 2 2 168 1 170 1 171
16605 1 1 4 2 1 4 3 29
16606 4 1 2 2 2 4 1 29 1 49
16607 2 1 1 7 3 168 1 173
16608 5 1 1 8 2 168 1 170 1 173
16609 5 1 2 2 1 8 2 168 1 170 1 173
16610 2 1 1 8 4 168 1 172
16611 1 1 1 2 1 7 4 168 1 172
16612 2 1 3 2 4 168 1 173
16613 1 1 17 2 4 168 1 172
16614 2 1 6 168 1 170 1 171
16615 5 1 2 168 2 170 1 172
16616 3 1 2 168 1 170 1 172 1 174
16617 1 1 2 2 1 5 4 168 1 173
16618 4 1 3 168 2 170 1 174
16619 4 1 8 2 3 168 2 170 1 174
16620 4 1 2 168 2 173
16621 4 1 1 3 2 168 1 172 1 173
16622 4 1 1 2 1 3 2 168 1 172 1 173
16623 5 1 2 3 2 168 1 172 1 173
16624 
16625 4 1 2 170 2 174
16626 
16627 
16628 2 2 1 13 5 168 1 169
16629 
16630 1 1 11 2 2 168 1 169
16631 1 1 13 2 2 168 1 169
16632 1 1 11 2 6 168 1 169
16633 1 1 6 2 7 168 1 169
16634 1 1 9 2 7 168 1 169
16635 1 1 10 2 7 168 1 169
16636 3 1 1 2 1 4 3 168 1 172
16637 4 1 3 2 1 3 1 4 5 168 1 169
16638 4 1 6 2 1 3 1 4 5 168 1 169
16639 6 1 3 2 3 3 1 4 5 168 1 169
16640 3 1 2 2 1 3 4 168 1 173
16641 4 1 3 168 1 170 1 173
16642 5 2 8 168 2 169
16643 1 1 3 171 1 172
16644 1 1 2 2 3 171 1 172
16645 2 1 3 171 1 173
16646 1 1 3 2 6 168 1 172
16647 2 1 1 2 1 3 6 168 1 172
16648 1 128 4 168 1 172
16649 6 2 1 14 2 31
16650 6 168 2 171
16651 8 168 4 170
16652 1 2 1 40 4 168 1 172
16653 2 2 1 13 1 14 1 49
16654 18 15 5 18 1 21
16655 2 1 6 2 4 168 1 173
16656 2 1 8 2 4 168 1 173
16657 4 1 4 168 2 173
16658 2 1 1 2 1 164
16659 1 1 1 130 7 168 1 170
16660 1 40 3 168 1 169
16661 4 1 4 15 1 21 1 23
16662 2 2 1 5 1 40
16663 1 2 1 40 2 168 1 169
16664 1 130 8 168 1 172
16665 2 1 1 3 3 15 2 20 1 21
16666 2 1 1 2 3 15 2 20 1 22
16667 3 1 3 15 2 20 1 23
16668 3 1 3 15 2 20 1 23
16669 1 1 1 2 2 15 3 20 1 21
16670 2 1 2 15 2 20 2 21
16671 1 1 1 65 6 168 1 170
16672 1 54 6 168 1 169
16673 2 1 3 2 3 168 1 173
16674 3 15 1 18 2 20 4 168 1 169
16675 2 15 1 18 3 20 4 168 1 169
16676 3 1 6 168 5 169
16677 3 1 3 2 1 3 1 4 2 29
16678 1 2 5 15 1 21 4 168 1 172
16679 1 1 14 2 1 29 4 168 1 170
16680 1 2 5 15 1 21 1 29 4 168 1 170
16681 1 2 1 29 1 108 4 168 1 170
16682 2 2 6 168 2 172
16683 1 2 5 15 1 21 1 29 5 168 1 170
16684 1 1 1 5 1 7 1 14
16685 1 1 13 2 4 15 1 21 1 30
16686 2 1 4 2 3 15 1 20 2 21
16687 4 1 2 2 2 3 3 15 1 20 2 21
16688 2 1 2 2 1 3 4 15 1 20 1 21
16689 5 1 3 15 2 22 1 26
16690 2 1 1 2 2 128 3 168 2 169 1 170
16691 3 1 1 9 5 15 1 21
16692 2 1 1 3 4 15 1 20 1 26
16693 2 1 1 8 3 15 1 18 2 20
16694 2 1 1 8 2 15 1 18 3 20
16695 2 1 2 2 1 8 3 15 1 18 2 20
16696 3 1 3 2 1 4 5 15 1 21
16697 3 1 2 2 3 15 1 20 1 21 1 22
16698 4 1 1 3 3 15 1 20 1 21 1 22
16699 5 1 3 15 1 20 1 22 1 23
16700 4 1 2 15 2 20 1 21 1 23
16701 5 1 1 2 3 15 1 20 1 22 1 23
16702 5 1 1 3 3 15 1 20 1 21 1 23
16703 6 1 3 15 1 21 1 22 1 23
16704 5 1 2 15 2 20 1 22 1 23
16705 4 1 1 2 1 3 3 15 2 20 1 23
16706 4 1 1 2 1 3 3 15 2 20 1 23
16707 4 1 1 4 4 15 2 21
16708 3 1 3 15 1 20 1 21 1 22
16709 7 1 3 15 1 21 2 23
16710 2 1 17 2 1 8 3 15 1 18 2 20
16711 1 1 8 2 3 15 2 20 1 21
16712 8 1 1 2 1 4 4 15 2 23
16713 1 1 4 15 1 21 1 27
16714 3 15 2 20 1 27
16715 1 15 4 20 1 27
16716 1 10 5 15 1 21
16717 1 2 1 10 5 15 1 21
16718 
16719 2 1 7 2 2 14
16720 2 1 8 2 3 14
16721 2 1 1 29 1 36 1 111
16722 1 1 1 7 1 35 2 130
16723 2 1 1 2 3 15 1 20 2 21
16724 3 1 3 15 1 20 1 21 1 22
16725 1 1 1 2 2 15 3 20 1 21
16726 2 1 2 15 2 20 2 21
16727 2 1 2 2 3 15 1 20 2 21
16728 3 1 1 3 3 15 1 20 2 21
16729 3 1 1 2 3 15 1 20 1 21 1 22
16730 4 1 3 15 1 20 2 22
16731 2 1 1 3 2 15 3 20 1 21
16732 1 1 5 2 4 15 1 20 1 21
16733 1 1 4 2 3 15 2 20 1 21
16734 3 1 1 2 1 3 3 15 1 20 2 21
16735 3 1 5 2 5 15 1 23
16736 4 1 3 2 1 3 5 15 1 23
16737 5 1 2 2 2 3 5 15 1 23
16738 6 1 2 15 1 20 3 22
16739 4 1 5 2 1 3 5 15 1 23
16740 4 1 5 2 1 3 5 15 1 23
16741 5 1 4 2 2 3 5 15 1 23
16742 5 1 5 2 2 3 5 15 1 23
16743 6 1 5 2 3 3 5 15 1 23
16744 1 1 14 2 3 15 2 20 1 21
16745 1 1 14 2 2 15 3 20 1 21
16746 2 1 1 2 1 29 1 110
16747 4 1 2 15 2 20 2 22
16748 4 1 1 3 4 15 1 21 1 22
16749 4 1 2 15 2 20 2 22
16750 3 1 10 2 3 15 1 20 1 21 1 22
16751 4 1 8 2 2 15 2 20 1 21 1 23
16752 3 1 14 2 5 15 1 23
16753 1 1 14 2 2 15 3 20 1 21
16754 2 1 16 2 4 15 2 21
16755 1 1 15 2 2 15 3 20 1 21
16756 
16757 12 15 2 16 1 18 1 37
16758 8 15 1 18 2 20 1 26
16759 1 1 2 15 3 20 1 53
16760 1 1 3 15 1 21 2 32
16761 2 15 3 20 1 21 1 40
16762 1 1 1 2 1 5 1 7 2 50
16763 3 1 2 2 1 3 2 50
16764 2 1 2 2 1 3 1 5 2 50
16765 2 1 16 2 4 15 2 21
16766 1 49 4 168 1 178
16767 2 1 21 2 1 41
16768 2 1 17 2 1 41
16769 3 1 3 2 1 3 2 50
16770 3 1 5 2 1 3 2 50
16771 2 1 4 15 1 20 1 23 1 29
16772 1 1 3 15 1 18 2 32 5 168 1 170
16773 2 1 12 2 1 3 5 15 1 21
16774 5 1 8 2 2 3 5 15 1 23
16775 3 1 2 15 2 20 1 23 1 24
16776 4 1 7 2 2 15 2 20 1 23 1 25
16777 5 1 2 2 4 15 1 22 1 23
16778 5 1 4 2 4 15 1 22 1 23
16779 3 1 7 2 4 15 1 20 1 23
16780 1 1 1 7 2 15 3 20 1 21
16781 4 1 3 15 1 20 1 23 1 26
16782 1 1 1 7 5 15 1 28
16783 5 1 1 2 3 15 1 20 1 22 1 23
16784 
16785 5 1 5 2 1 3 2 51
16786 4 1 5 15 1 22 2 51
16787 2 1 11 2 1 8 5 15 1 21
16788 1 50 1 118 2 119
16789 4 1 2 2 1 3 1 6 1 35
16790 3 1 1 2 1 4 1 33 1 34
16791 5 1 1 2 1 4 1 34 1 35
16792 4 2 14 15 4 21
16793 3 15 1 20 1 30 1 123
16794 4 1 7 2 2 3 1 34
16795 4 1 8 2 3 3 1 29
16796 4 1 5 2 3 3 1 29
16797 1 1 8 15 1 18 1 20 2 21
16798 7 15 1 18 3 20 1 21
16799 2 1 8 15 1 18 1 20 1 21 1 22
16800 3 1 2 2 1 4 10 15 1 18 1 22
16801 1 1 4 2 1 3 10 15 2 21
16802 1 1 5 15 1 18 2 168 2 172
16803 4 1 8 15 2 18 2 22
16804 3 1 3 2 1 4 1 33
16805 3 1 4 2 1 4 1 33
16806 2 1 1 2 1 3 15 15 2 18 1 23
16807 3 1 2 2 1 3 6 15 2 16 2 21
16808 2 1 1 15 3 20 2 21
16809 8 15 2 18 1 62 1 126
16810 8 15 2 18 1 123 1 126
16811 8 15 2 18 1 20 1 126
16812 3 2 1 7 10 15 2 21
16813 1 1 15 2 1 8 10 15 2 18
16814 1 1 8 15 2 18 1 20 1 21
16815 2 1 1 3 1 8 10 15 2 18
16816 2 1 2 2 1 3 1 41 1 130
16817 
16818 4 1 2 2 2 3 2 8 1 14 10 15 2 18
16819 3 1 1 4 8 15 1 18 2 20 1 22
16820 4 1 1 4 4 15 1 20 1 22 4 168 2 169
16821 4 1 6 15 2 20 2 21 2 22
16822 2 1 1 9 7 15 2 18 3 20
16823 
16824 1 1 6 2 11 15 6 16 1 21
16825 5 2 1 3 10 15 2 21 4 168 1 169
16826 10 15 1 18 1 22 3 168 1 169
16827 10 15 2 18 2 168 2 169 2 171
16828 15 15 2 21 1 22
16829 6 2 15 15 2 21 1 22
16830 3 1 15 15 3 18 3 168 3 170
16831 19 15 4 18 1 22
16832 1 8 20 15 3 18 1 22
16833 
16834 
16835 
16836 8 168 1 169 1 172
16837 6 1 2 3 8 168 2 169 2 170
16838 28 168 2 169
16839 1 2 1 4 20 168 4 169
16840 
16841 1 1 6 168 1 169 1 170
16842 2 1 4 168 4 169
16843 2 1 5 168 2 169 1 170
16844 1 1 7 168 1 169 1 170
16845 3 1 1 3 5 168 4 169
16846 1 1 7 168 3 169
16847 9 168 2 169
16848 3 1 1 2 5 168 5 169
16849 7 168 2 169 1 171
16850 2 1 1 2 3 168 2 169 1 170
16851 2 1 3 15 2 17 1 20 3 168 1 170
16852 4 1 2 2 2 3 4 15 2 17 2 168 2 169
16853 1 1 16 2 3 15 2 17 1 21 4 168
16854 
16855 4 15 2 17 3 168 1 174
16856 2 1 5 15 2 16 1 20 2 21
16857 
16858 4 15 2 17 7 168 1 169 1 172
16859 
16860 1 1 5 15 2 16 2 20 1 26
16861 
16862 2 2 1 29 3 168 1 172
16865 2 1 1 2 9 15 1 18 1 21 1 22
16867 1 1 2 2 1 3 10 15 2 21
16868 8 15 2 17 1 18 1 20 2 168 1 169
16869 8 15 2 17 2 21 3 168
16870 1 2 7 15 2 16 1 21 3 168 1 172
16871 1 1 7 15 2 16 1 18 4 168 1 173
16872 1 2 7 15 2 16 1 21 4 168 1 172
16873 2 2 8 15 2 17 2 21 4 168
16874 2 1 2 2 1 3 8 15 4 17 1 168 1 169
16875 4 1 4 2 2 3 8 15 4 17 2 169
16876 2 1 12 2 6 15 4 17 2 21 2 168
16877 1 14 4 15 2 17 6 168 2 172
16878 4 168 1 170 2 171
16879 3 2 1 5 5 168 1 169
16880 4 1 3 2 2 3 1 29 4 168 1 169 1 170
16881 2 1 1 3 10 15 1 21 1 22
16882 17 15 2 16 2 18 1 22
16883 3 15 1 18 2 20 5 168 1 169
16884 3 1 3 168 1 169 2 170 1 174
16885 
16886 3 15 1 18 2 20 2 168 1 169 1 171
16887 2 1 5 15 1 18 1 168 1 169 2 172
16888 8 2 1 3 13 168 3 169
16889 1 1 3 2 1 3 10 168 2 169
16890 2 1 2 2 2 3 10 168 2 169
16891 1 1 1 2 5 15 1 21 2 168 1 170 1 171
16892 1 1 5 15 1 21 4 168 1 173
16893 1 1 5 15 1 21 3 168 1 169 1 172
16894 1 1 4 15 1 18 1 20 3 168 1 169 1 172
16895 1 1 5 15 1 21 3 168 1 169 1 172
16896 
16897 
16898 2 1 5 15 1 18 2 168 2 169 1 172
16899 2 1 5 15 1 18 2 168 2 169 1 172
16901 2 1 4 2 10 168 2 170
16902 2 1 9 15 1 18 2 22 1 29
16903 2 1 5 15 1 18 3 168 1 169 1 170 1 174
16904 1 1 1 2 5 15 1 21 3 168 1 170 1 171
16905 3 15 2 20 1 21 5 168 1 169
16906 3 15 2 20 1 21 5 168 1 169
16907 4 1 2 2 1 7 3 168 2 169 2 170
16908 3 1 1 7 6 168 3 169 1 170
16909 2 1 1 7 5 15 1 18 2 168 1 172 1 173
16910 3 1 1 3 5 15 1 18 2 168 1 172 1 173
16911 2 1 5 15 1 18 3 168 1 169 2 170 1 174
16912 2 1 5 15 1 21 2 168 2 169 1 170 1 172
16913 3 1 5 15 1 18 3 168 2 169 2 170
16914 5 15 1 18 7 168 3 169
16915 2 1 1 7 5 15 1 18 3 168 3 169
16916 2 1 4 15 1 20 1 23 5 168 1 169
16917 3 1 1 3 5 15 1 18 3 168 3 169
16918 3 1 1 3 5 15 1 21 3 168 1 169 1 173
16919 
16920 2 1 1 7 5 15 1 21 2 168 3 169 1 174
16921 2 1 2 2 5 15 1 21 2 168 2 169 1 170 1 172
16922 2 1 3 2 5 15 1 21 2 168 2 169 1 170 1 172
16923 1 1 4 15 2 18 9 168 3 169
16924 6 1 8 15 2 21 2 23
16925 6 1 2 3 2 4 10 168 2 169
16926 4 2 1 3 10 15 2 21 5 168 1 169
16927 1 1 9 2 1 3 10 15 2 21
16928 1 1 13 2 1 3 10 168 2 169
16929 8 168 1 170 1 171
16930 1 1 5 15 1 18 3 168 1 169 1 172
16931 2 1 2 15 2 17 1 20 1 21 2 168 1 169
16932 3 1 1 2 4 168 5 169
16933 1 1 5 15 1 21 3 168 1 169 1 172
16934 2 1 8 15 2 18 1 20 1 22
16935 2 1 1 2 9 15 2 21 1 22
16936 8 15 2 16 2 18 4 20
16937 4 1 10 15 2 16 2 18 2 22
16938 2 1 4 2 8 168 2 170
16939 2 1 12 2 6 168 4 169
16940 1 1 10 168 1 169 1 170
16941 1 2 12 15 2 16 2 21
16942 1 2 6 15 4 20 2 21
16943 1 1 5 168 1 169 1 170
16944 2 1 4 168 2 169 1 170
16945 3 1 2 168 3 169 2 170
16946 8 168 2 172
16947 2 1 1 7 4 168 2 170 1 174
16948 8 168 4 169
16949 1 1 8 168 1 172 1 173
16950 10 168 2 172
16951 12 168 2 172
16952 4 2 8 15 2 20 2 21
16953 4 15 6 20 2 21
16954 1 1 15 2 9 168 3 169
16955 
16956 6 1 2 4 1 6
16957 14 15 1 18 3 21
16958 2 1 2 21 4 126
16959 4 1 1 2 1 4 1 55
16960 5 15 1 18 1 29 4 168 2 169
16961 8 15 2 18 1 19 1 20
16962 5 1 1 2 1 4 1 8
16963 2 1 1 3 3 15 1 20 1 21 1 30
16964 4 1 1 3 2 15 1 20 1 21 1 22 1 30
16965 4 1 2 3 2 15 1 20 2 21 1 30
16966 2 1 1 2 3 15 1 20 1 22 1 30
16967 3 1 1 2 2 3 1 31
16968 3 1 4 2 2 3 1 31
16969 3 1 4 2 2 3 1 31
16970 3 1 4 2 2 3 1 31
16971 5 1 4 3 1 31
16972 2 1 8 2 1 3 1 31
16973 3 1 10 2 2 3 1 31
16974 2 1 12 2 1 3 1 31
16975 2 1 12 2 1 3 1 31
16976 2 1 14 2 1 3 1 31
16977 1 8 1 128 2 129
16978 1 2 1 3 1 119 2 128
16979 1 2 1 3 1 119 2 128
16980 1 1 1 3 1 122 1 128
16981 1 1 1 110 1 119 1 128
16982 3 1 11 2 2 3 1 31
16983 2 1 11 2 1 3 1 31
16984 6 1 1 2 2 3 1 4 1 34
16985 3 1 5 2 1 3 1 34
16986 1 1 1 10 1 34
16987 2 1 1 10 1 35
16988 4 1 2 3 1 58
16989 4 1 1 2 1 3 1 59
16990 4 1 1 2 1 4 1 58
16991 3 1 2 2 1 3 1 58
16992 4 1 1 2 2 3 1 58
16993 4 1 2 2 2 3 1 55
16994 3 1 3 2 1 70
16995 3 1 4 2 1 70
16996 5 1 2 4 1 31
16997 7 1 4 2 3 4 1 29
16998 7 1 9 2 3 4 1 29
16999 4 1 8 2 1 4 1 34
17000 2 2 1 5 1 44
17001 2 1 4 2 1 3 1 82
17002 3 1 5 2 1 4 1 128
17003 2 1 4 2 1 3 1 83
17004 3 1 2 2 1 9 1 128
17005 1 1 16 2 1 7 1 128
17006 2 1 1 2 1 3 1 4 3 128
17007 1 1 3 2 1 4 3 128
17008 5 15 1 18 4 168 1 171 1 172
17009 1 1 2 15 4 17 6 168 1 172
17010 1 1 2 15 4 17 6 168 1 172
17011 1 1 1 2 2 15 4 17 6 168 1 172
17012 3 1 1 3 2 15 2 17 2 20 2 168 1 173
17013 2 1 2 2 6 15 2 16 2 17 3 168 1 170
17014 1 1 3 2 4 15 2 17 1 168 1 169 1 171
17015 3 1 3 15 2 17 1 21 3 168 1 170
17016 1 1 4 15 2 16 3 20 1 21
17017 2 1 1 2 2 15 2 17 2 21 4 168
17018 2 1 2 2 6 15 2 16 2 21
17019 3 1 1 2 6 15 2 16 1 21 1 22
17020 2 1 2 2 2 15 2 17 2 21 4 168
17021 2 1 3 2 6 15 2 16 2 21
17022 3 15 2 17 1 21 9 168 1 169
17023 2 1 3 2 2 15 2 17 2 21 4 168
17024 8 15 2 17 2 21 4 168
17025 2 1 4 2 6 15 2 16 2 21
17026 1 2 3 15 2 17 1 21 9 168 1 169
17027 2 1 4 2 2 15 2 17 2 21 4 168
17028 4 1 2 2 2 3 7 15 2 16 1 22
17029 2 2 3 15 2 17 1 21 9 168 1 169
17030 2 1 2 2 1 3 5 15 2 16 2 20 1 21
17031 4 1 4 2 1 3 7 15 2 16 1 23
17032 2 1 6 2 6 15 2 16 2 21
17033 3 2 3 15 2 17 1 21 9 168 1 169
17034 4 2 3 15 2 17 1 21 9 168 1 169
17035 2 1 8 2 2 15 2 17 2 21 4 168
17036 2 1 8 2 2 15 2 17 2 21 4 168
17037 2 1 8 2 2 15 2 17 2 21 4 168
17038 4 1 4 2 2 3 2 15 2 17 2 21 4 168
17039 1 1 11 2 7 15 2 16 1 21
17040 4 2 14 15 4 16 2 21
17041 3 1 12 2 7 15 2 16 1 23
17042 6 15 2 18 2 19 2 20
17043 2 2 5 15 1 21 1 108
17044 3 2 5 15 1 21 1 113
17045 1 1 2 2 4 15 1 21 1 123
17046 6 168 1 171 1 173
17047 8 15 1 18 2 20 1 28
17048 14 15 4 16 1 18 1 26
17049 14 15 4 16 1 18 1 26
17050 1 5 2 15 2 20 1 21 1 30
17051 1 1 1 3 2 119
17052 1 1 3 168 1 169 2 180
17053 3 168 3 180
17054 1 1 2 2 1 50 1 114
17055 3 1 1 3 1 7 1 50
17056 4 1 2 2 1 4 2 50
17057 6 1 2 3 1 4 2 50
17058 1 112 2 113 1 118
17059 2 1 1 2 1 4 2 108
17060 4 1 1 2 1 4 1 112
17061 2 2 1 40 1 111
17062 2 2 1 29 1 111
17063 1 1 2 2 1 8 2 130
17064 16 168 1 179 1 180
17065 4 1 2 3 4 15 2 45
17066 4 1 2 3 4 15 2 45
17067 1 2 1 7 2 49
17068 2 1 3 2 1 7 1 49 1 51
17069 2 49 3 168 1 173
17070 3 1 3 15 1 23 1 30 1 124
17071 2 1 9 15 1 18 1 23 1 30
17072 2 2 2 7 2 49
17073 1 49 1 130 3 168 1 169 1 172
17074 1 49 1 130 4 168 1 173
17075 3 1 2 2 1 7 1 51 1 109
17076 1 1 1 7 1 49 1 109
17077 1 1 1 2 1 7 1 50 1 128
17078 2 1 2 2 1 7 1 51 1 108
17079 1 1 1 7 1 50 1 108
17080 1 1 1 49 1 109
17081 1 2 1 49 1 127
17082 5 15 1 21 1 33 1 41
17083 1 1 1 2 5 15 1 22 1 33 1 48
17084 1 1 1 2 5 15 1 21 1 33 1 42
17085 2 1 4 2 1 33 1 42
17086 2 1 1 6 2 50
17087 4 1 5 2 2 3 1 12
17088 4 1 6 2 2 3 1 14
17089 4 1 5 2 2 3 1 12
17090 4 1 6 2 2 3 1 14
17091 
17092 
17093 2 1 1 3 6 168 1 172
17094 
17095 
17096 2 1 1 9 1 29 1 33
17097 2 1 1 2 2 3 2 33
17098 2 1 1 2 2 3 2 33
17099 3 1 1 3 1 7 1 50
17100 4 1 1 9 1 50
17101 2 1 1 2 1 3 1 7 1 49 1 50
17102 3 1 1 2 1 9 1 49 1 50
17103 2 1 1 3 1 7 1 50 1 108
17104 3 1 1 9 1 50 1 108
17105 4 1 2 2 1 3 1 7 1 51
17106 5 1 2 2 1 9 1 51
17107 2 1 1 3 1 7 5 15 1 53
17108 3 1 1 9 5 15 1 53
17109 1 1 1 2 1 34 1 41 1 129
17110 5 1 3 2 1 9 1 51
17111 1 1 1 2 1 7 5 15 1 18 1 50
17112 3 1 3 2 1 7 1 51
17113 
17114 2 1 1 3 1 7 1 81
17115 1 1 1 2 4 15 1 31 1 37 1 53
17116 1 2 4 15 1 20 1 31 1 37
17117 1 2 5 15 1 31 1 37
17118 2 1 1 8 1 68
17119 2 1 1 2 1 3 1 7 5 15 1 53
17120 2 1 1 2 1 3 1 7 4 15 1 20 1 53
17121 2 1 1 2 1 3 1 7 3 15 2 20 1 53
17122 1 1 1 2 1 7 5 15 1 154
17123 2 1 1 8 5 15 1 154
17124 3 1 1 4 1 33 1 34
17125 3 1 1 3 2 34
17127 3 1 1 3 1 7 1 144
17128 4 1 1 9 1 144
17129 2 1 1 2 1 7 1 144
17130 2 1 1 2 1 7 1 50 1 144
17131 3 1 1 8 1 50 1 144
17132 3 1 1 3 1 7 1 50 1 144
17133 2 1 1 2 1 7 2 144
17134 4 15 1 19 1 98 1 111
17135 4 15 1 19 1 98 1 113
17136 1 1 4 15 1 19 1 63 1 149
17137 9 15 1 19 1 63 1 154
17138 1 3 2 33 1 128
17139 2 2 1 33 1 41 1 128
17140 3 1 1 59 1 67 1 138
17141 3 1 3 2 3 15 3 21
17142 1 1 1 2 2 33 1 42
17143 1 1 1 2 1 3 2 33 1 41
17144 
17145 
17146 6 1 12 2 1 4 1 43
17147 1 1 3 15 1 21 1 48 2 80
17148 2 1 2 2 1 3 4 168 1 169
17149 4 1 1 2 1 3 4 15 1 20 1 23
17150 3 1 1 2 7 15 2 16 1 23
17151 2 1 1 2 1 3 1 8 10 15 2 18
17152 4 15 1 18 6 20 1 21
17153 2 1 8 2 5 168 4 169
17154 2 1 6 2 2 15 2 17 2 21 4 168
17155 3 1 2 2 1 4 1 40
17156 5 1 1 3 1 4 2 168 2 169 2 179
17157 
17158 1 1 4 15 1 21 1 124
17159 1 1 4 15 1 21 1 124
17160 
17161 2 1 6 168 2 170
17162 2 1 6 168 2 170
17163 2 1 6 168 2 170
17164 2 1 5 168 4 169 1 170
17165 1 7 4 15 1 20 1 21 1 49
17166 
17167 
17168 2 1 5 2 1 150
17169 3 1 2 3 1 29 1 58
17170 1 1 4 2 1 29 1 41
17171 2 1 2 2 1 3 1 33 1 50
17172 3 1 2 2 1 3 1 34 1 50
17173 3 1 3 2 1 3 1 34 1 50
17174 3 1 4 2 1 3 1 34 1 50
17175 2 1 9 2 1 8 5 15 1 18
17176 1 1 1 3 14 168 10 169
17177 7 1 2 2 2 3 2 4 1 29
17178 6 1 4 2 1 3 2 4 1 29
17179 6 1 5 2 1 3 2 4 1 29
17180 8 1 2 2 1 3 3 4 1 29
17181 7 1 4 2 3 4 1 29
17182 4 1 5 2 1 3 1 4 1 29
17183 5 1 2 2 4 3 1 29
17184 4 1 6 2 1 3 1 4 1 29
17185 6 1 3 2 1 3 2 4 1 29
17186 3 1 14 2 1 4 1 29
17187 2 1 6 2 1 4 2 29
17188 2 1 6 2 1 4 2 29
17189 3 1 5 2 1 3 1 4 2 29
17190 3 1 4 2 3 3 2 29
17191 3 1 4 2 3 3 2 29
17192 3 1 6 2 1 3 1 4 2 29
17193 5 1 3 2 1 3 2 4 2 29
17194 3 1 7 2 1 3 1 4 2 29
17195 2 1 10 2 1 4 2 29
17196 1 1 4 2 2 3 1 5 1 13 1 29
17197 2 1 4 2 1 3 1 11 1 29
17198 7 1 4 2 3 4 1 29
17199 1 1 2 2 1 5 1 6
17200 2 1 3 2 1 3 1 33
17201 1 1 3 15 2 20 1 22 1 29
17202 2 1 5 2 1 3 1 33
17203 2 1 3 2 4 15 1 22 1 30
17204 2 5 1 6
17205 1 1 3 2 5 15 1 25
17206 
17207 1 1 1 8 10 15 2 18
17208 1 1 5 2 9 168 3 169
17209 
17210 4 1 14 2 2 3 2 50
17211 3 1 1 3 1 4 2 40
17212 6 1 2 2 2 52
17213 
17214 1 1 4 15 1 24 1 37
17215 2 1 1 3 2 15 2 20 1 21 1 30
17216 3 1 9 2 1 3 1 41
17217 3 1 13 2 1 3 1 41
17218 3 1 16 2 1 3 1 41
17219 3 1 14 2 1 3 1 41
17220 3 1 15 2 1 3 1 41
17221 3 1 16 2 1 3 1 41
17222 3 1 19 2 1 3 1 41
17223 3 1 12 2 1 3 1 41
17224 3 1 18 2 1 3 1 41
17225 3 1 1 2 4 15 2 22 1 29
17226 3 1 2 2 1 4 1 128
17227 3 1 10 2 1 3 1 41
17228 3 1 6 2 1 3 1 41
17229 3 1 11 2 1 3 1 41
17230 3 1 8 2 1 3 1 41
17231 3 1 9 2 1 3 1 41
17232 3 1 10 2 1 3 1 41
17233 3 1 14 2 1 3 1 41
17234 3 1 13 2 1 3 1 41
17235 3 1 14 2 1 3 1 41
17236 3 1 15 2 1 3 1 41
17237 3 1 16 2 1 3 1 41
17238 3 1 17 2 1 3 1 41
17239 3 1 18 2 1 3 1 41
17240 3 1 19 2 1 3 1 41
17241 3 1 19 2 1 3 1 41
17242 3 1 17 2 1 3 1 41
17243 3 1 18 2 1 3 1 41
17244 3 1 16 2 1 3 1 41
17245 3 1 11 2 1 3 1 41
17246 1 15 3 20 2 21 2 128
17247 4 15 2 17 1 130 3 168 1 169
17248 3 20 3 123
17249 3 1 11 2 1 3 1 41
17250 3 1 2 2 2 3 1 5 2 168 2 169 1 171
17251 4 1 1 2 1 4 1 60
17252 4 15 2 16 1 19 2 20 1 123
17253 3 1 5 2 1 3 1 50
17254 1 29 1 114 1 115 1 118
17255 1 29 1 114 1 115 5 118
17256 2 89
17257 7 2 2 89
17258 4 2 2 89
17259 3 2 2 89
17260 2 2 2 89
17261 2 2 1 49 1 50 1 108
17262 2 1 8 2 2 50
17263 4 1 2 2 2 3 2 50
17264 2 1 10 2 2 50
17265 1 2 2 89
17266 4 15 1 18 1 20 4 168 1 172
17267 4 1 2 15 2 17 1 21 1 22 2 168 1 169
17268 2 1 1 3 1 49 1 88
17269 1 1 1 2 1 48 1 89
17270 2 1 2 2 1 48 1 61 1 81
17271 7 1 7 2 5 3
17272 10 15 6 16 2 20
17273 2 15 2 80 2 123
17274 
17275 2 1 7 2 2 15 2 17 2 21 4 168
17276 1 1 2 2 1 5 1 29 1 42
17277 6 1 2 2 2 4 1 41
17278 2 1 6 2 1 3 1 44
17279 1 2 9 15 1 18 1 20 1 23 2 29
17280 1 1 4 2 1 58 1 81
17281 4 1 1 3 1 4 1 40
17282 4 1 1 2 1 3 1 4 1 40
17283 1 29 1 114 1 115 3 118
17284 
17285 2 1 2 2 1 5 1 14 1 61
17286 1 1 3 2 3 15 2 19 1 34 1 97
17287 2 1 13 2 4 15 1 18 1 37 4 168 2 169
17288 1 1 6 2 1 41 1 117 3 118
17289 1 31 9 169 1 170
17290 1 1 7 2 3 50 1 134
17291 2 1 4 15 1 22 1 49 1 53
17292 1 1 1 3 1 29 5 168 1 169 1 170
17293 
17294 1 1 11 2 1 8 10 15 2 18
17295 1 1 5 15 2 16 2 17 1 53 1 171 2 180
17296 2 48 2 129
17297 2 1 7 2 1 109
17298 2 1 2 2 1 132
17299 1 1 5 2 1 41 1 117 3 118
17300 2 1 14 2 1 152
17301 1 1 6 2 10 15 1 18 1 22
17302 2 1 12 15 2 37 4 53
17303 1 5 3 168 1 169 2 179
17304 4 1 8 168 2 169 1 170
17305 4 15 1 63 1 80 1 81
17306 3 1 1 4 4 168 1 169 1 181
17307 18 168 2 170 4 179
17308 20 168 2 170 4 179
17309 22 168 2 170 4 179
17310 1 1 3 2 1 3 2 40
17311 5 2 2 40
17312 1 1 6 2 1 43 3 118 1 119 2 129
17313 1 1 7 2 1 43 3 118 1 119 2 129
17314 1 1 5 2 1 43 3 118 1 119 2 129
17315 2 5 4 15 2 21
17316 2 1 6 2 4 15 2 21
17317 1 1 8 15 2 18 1 20 1 21
17318 2 1 5 2 4 15 1 22 1 30
17319 2 1 5 2 4 15 1 22 1 30
17320 
17321 
17322 1 1 8 2 9 15 2 18 1 21
17323 15 15 1 18 1 22 1 37
17324 
17325 2 1 1 2 9 15 2 18 1 22
17326 2 1 16 2 1 3 1 29
17327 5 1 8 2 3 3
17328 1 1 1 2 8 168 3 169
17329 2 1 3 2 7 15 2 16 1 22
17330 2 1 3 2 1 3 5 15 1 21
17331 1 1 3 15 2 17 1 20 3 168 1 169
17332 1 1 3 2 2 130 1 168 1 169 1 170
17333 2 1 6 2 2 3 2 29
17334 2 1 1 2 7 15 2 16 1 22
17335 3 1 7 2 1 3
17336 3 1 3 2 2 3 1 33
17337 4 1 4 2 2 4 2 29
17338 3 1 2 2 2 3 1 5
17339 3 1 3 2 2 3 1 31
17340 4 1 6 2 1 43
17341 8 1 1 3 3 4 1 29
17342 7 1 1 2 3 4 1 29
17343 3 1 3 15 2 17 1 20 2 169 1 172
17344 7 1 3 2 1 3 2 4
17345 7 1 3 2 3 4 1 29
17346 3 1 2 2 1 3 1 4 2 128
17347 2 1 1 2 1 3 1 114
17348 6 1 6 2 2 4
17349 3 1 9 2 2 3 1 29
17350 2 1 10 2 1 3 1 29 1 50
17351 1 1 12 2 1 3 2 128
17352 4 1 6 2 3 3 1 31
17353 2 1 3 2 2 3 1 29 1 50 5 168 1 169
17354 8 1 3 2 2 3 2 4
17355 4 1 8 2 3 3 1 29
17356 3 1 1 2 1 3 1 8 1 29
17357 6 1 6 2 4 3
17358 2 1 7 2 4 168 2 169
17359 2 1 11 2 1 3 1 31
17360 2 1 1 2 1 29 2 168 3 169
17361 2 1 1 2 1 3 1 29 1 109
17362 1 1 10 2 1 3 2 29
17363 3 1 10 2 2 3 1 33
17364 4 1 10 2 1 4 1 34
17365 9 1 4 2 1 3 3 4
17366 2 1 2 2 2 3 10 168 2 169
17367 4 1 10 2 2 3 2 50
17368 4 1 10 2 3 3 1 33
17369 6 1 10 2 4 3
17370 4 1 14 2 2 3
17371 3 1 3 2 10 15 1 22 1 23
17372 5 1 2 3 1 110
17373 2 1 5 2 2 3 10 168 2 169
17374 4 1 14 2 2 3 2 144
17375 
17376 
17377 
17378 3 1 7 2 2 3 1 29
17379 4 1 6 2 1 3 1 4 1 29
17380 4 1 6 2 1 3 1 4 1 29
17381 3 1 2 2 2 3 1 38
17382 2 1 17 2 1 3 1 29
17383 2 1 16 2 1 3 1 29
17384 5 1 2 2 2 4 1 5
17385 5 1 2 2 1 3 1 4 1 7
17386 5 1 3 2 1 3 1 9
17387 4 1 2 2 2 3 1 7
17388 3 1 1 7 1 168 1 169 2 172
17389 2 1 5 2 1 3 1 33
17390 1 1 11 2 1 29 1 136
17391 1 1 13 2 1 29 1 136
17392 1 1 3 2 10 15 1 21 1 22
17393 6 1 6 2 1 3 2 4 1 29
17394 5 1 4 2 1 4 1 42
17395 2 1 5 2 2 3 1 5 1 29
17396 5 1 2 3 1 4 1 29
17397 4 1 6 2 1 3 1 4 1 29
17398 3 1 7 2 2 3 1 29
17399 7 1 1 2 2 3 2 4 1 29
17400 4 1 5 2 3 3 1 29
17401 2 1 4 2 4 168 2 169
17402 2 1 3 2 1 4 1 14 2 29
17403 4 1 5 2 2 3 1 41
17404 6 1 2 2 1 3 2 4 1 29
17405 6 1 2 2 1 3 2 4 1 29
17406 4 1 5 2 1 3 1 4 1 29
17407 4 1 3 2 1 3 1 4 1 33
17408 4 1 6 2 1 3 1 4 1 29
17409 3 1 1 2 1 61 4 168 2 169
17410 6 1 2 2 2 4 1 7
17411 4 1 7 2 1 3 1 4 1 29
17412 2 1 3 2 1 3 5 15 1 22 1 31
17413 2 1 6 2 4 168 2 169
17414 6 1 2 4 4 168 2 169
17415 1 1 5 2 1 6 1 128
17416 1 1 4 2 2 3 2 5 1 29
17417 3 1 6 2 1 8
17418 3 1 16 2 1 42
17419 3 1 2 2 1 42 1 50
17420 2 1 6 2 1 4 2 29
17421 2 1 7 2 1 4 2 29
17422 2 1 8 2 1 4 2 29
17423 1 1 8 2 1 3 2 29
17424 1 1 3 2 1 3 1 5 1 6 1 29
17425 2 1 3 2 1 3 1 6 1 7 1 29
17426 8 1 3 2 2 3 2 4
17427 4 1 2 3 4 15 2 17 2 169 1 171
17428 2 1 2 2 2 109
17429 2 1 7 2 1 4 2 29
17430 2 1 13 2 5 15 1 22
17431 2 1 13 2 5 15 1 22
17432 2 1 13 2 5 15 1 22
17433 2 1 13 2 5 15 1 22
17434 2 1 13 2 5 15 1 22
17435 2 1 2 2 4 15 1 20 1 22
17436 2 1 2 2 3 15 2 20 1 22
17437 2 1 2 2 3 15 2 20 1 22
17438 1 1 7 2 1 3 2 29
17439 1 1 9 2 1 3 2 29
17440 1 1 11 2 3 3 4 29
17441 2 1 5 2 2 3 2 29
17442 1 3 2 33 5 168 5 169
17443 1 1 1 4 2 33 6 168 3 169 1 170
17444 5 1 1 2 1 3 1 4 1 7
17445 3 1 1 3 2 168 1 169 1 172
17446 2 1 2 2 2 15 3 20 1 22
17447 2 1 1 3 3 168 1 169 1 171
17448 
17449 1 1 5 2 1 3 2 29
17450 1 1 1 130 3 168 2 169
17451 
17452 2 1 2 2 1 3 1 31 1 50
17453 1 109 1 119 1 121
17454 2 1 2 2 3 15 1 20 1 22 1 30
17455 6 1 1 3 1 4 1 35
17456 7 1 1 2 1 3 2 4
17457 3 1 5 2 2 3 1 29
17458 3 1 10 2 2 3 1 31
17459 2 1 1 6 3 15 2 20 1 22
17460 2 1 12 2 2 3 2 29
17461 4 1 1 2 1 3 1 4 1 5
17462 2 1 6 15 2 16 2 45
17463 2 1 1 2 9 15 2 18 1 22
17464 3 1 1 7 3 168 3 169
17465 3 1 1 7 3 168 3 169
17466 4 1 1 3 3 168 3 169
17467 4 1 1 3 3 168 3 169
17468 3 1 1 2 1 3 4 168 2 169
17469 3 1 1 3 1 168 1 169 1 171 1 172
17470 1 1 5 15 1 18 3 168 1 169 1 172
17471 2 1 2 2 1 3 4 168 1 172
17472 4 1 2 2 1 3 1 42
17473 4 1 6 2 1 4
17474 4 1 6 2 1 4
17475 4 1 6 2 2 3
17476 3 1 9 2 1 3
17477 2 1 7 2 4 15 1 22 1 30
17478 2 1 7 2 4 15 1 22 1 30
17479 2 1 7 2 4 15 1 22 1 30
17480 2 1 7 2 4 15 1 22 1 30
17481 1 1 1 3 1 10 1 29
17482 3 1 2 2 1 3 5 15 1 22
17483 1 1 5 2 1 109 1 113
17484 3 1 2 3 1 128
17485 4 1 3 2 2 3 1 4 1 13 1 29
17486 4 1 3 2 2 3 1 4 1 5 1 29
17487 5 1 4 2 2 3 1 4 1 29
17488 4 1 5 2 3 3 1 29
17489 4 1 10 2 2 3
17490 3 1 2 2 1 3 1 150
17491 2 1 1 2 1 168 2 169
17492 2 1 2 2 1 168 2 169
17493 3 1 2 3 5 15 1 21
17494 5 1 2 3 1 4 1 29
17495 2 1 9 2 1 3 1 31
17496 2 1 4 2 2 3 2 29
17497 2 1 3 2 1 4 1 6 2 29
17498 2 1 4 2 1 4 1 6 2 29
17499 3 1 5 2 2 3 1 29
17500 3 1 11 2 1 3 1 50
17501 2 1 1 3 4 15 2 17 2 168 1 169
17502 2 1 11 2 1 3 1 29
17503 3 1 9 2 2 3 1 31
17504 5 1 5 2 1 3 1 4 1 9 2 29
17505 2 1 5 2 1 69
17506 3 1 8 2 1 4 1 29
17507 2 1 13 2 1 3 1 29
17508 5 1 1 3 1 4 1 34
17509 5 1 1 2 2 3 1 4 1 29
17510 2 1 3 2 2 3 2 29
17511 3 1 4 2 2 3 5 15 1 21
17512 2 1 6 2 3 168 1 170 1 179
17513 2 1 2 2 2 3 2 128
17514 3 1 5 2 1 3 1 41
17515 3 1 2 2 1 3 3 168 1 170 1 179
17516 1 1 5 15 1 18 3 168 1 170 1 179
17517 3 1 3 2 2 3 1 33
17518 3 1 3 2 1 8 1 14
17519 1 1 2 2 1 29 1 109
17520 6 1 2 2 4 3
17521 3 1 22 2 1 3
17522 2 1 1 2 3 168 1 170 1 171
17523 4 1 1 2 2 3 1 7
17524 2 1 14 2 1 3 1 31
17525 2 1 1 2 1 3 1 50 1 128
17526 3 1 2 2 1 3 5 15 1 22
17527 1 1 2 2 1 3 1 29 1 128
17528 1 1 7 2 1 3 2 29
17529 3 1 2 2 1 4 1 127
17530 2 1 3 2 1 3 1 127
17531 3 1 1 3 1 108 1 110
17532 3 1 3 2 2 3 1 29
17533 3 1 7 2 1 42
17534 1 1 10 2 1 3 2 29 1 144
17535 1 1 14 2 1 3 2 29 1 144
17536 2 1 3 2 2 3 2 128
17537 3 1 1 2 1 3 1 4 2 29
17538 3 1 12 2 1 3 1 41
17539 5 1 1 2 4 15 1 22 1 23
17540 2 1 3 2 1 168 2 169
17541 5 1 4 2 3 15 1 21 2 22
17542 5 1 6 2 3 15 1 21 2 22
17543 3 1 7 2 1 42
17544 3 1 3 2 1 3 1 50
17545 2 1 2 2 1 3 1 127
17546 1 1 5 2 15 15 2 18 1 23
17547 2 1 12 2 1 3 1 31
17548 2 1 12 2 1 3 1 31
17549 2 1 13 2 1 3 1 29
17550 2 1 13 2 1 3 1 29
17551 2 1 13 2 1 3 1 29
17552 7 1 1 2 2 4 1 35
17553 3 1 15 2 1 4 1 29
17554 3 1 6 2 2 3 1 29
17555 4 1 1 2 1 168 2 170
17556 1 1 1 48 1 49 2 168 1 169 1 172
17557 1 1 1 49 3 168 1 173
17558 1 1 1 49 2 168 1 169 1 172
17559 2 1 1 48 4 168 1 173
17560 2 1 1 48 3 168 1 169 1 172
17561 1 1 1 48 1 49 3 168 1 169 1 172
17562 2 1 1 48 1 49 2 168 1 169 1 173
17563 2 1 1 48 1 49 2 168 1 169 1 173
17564 2 1 1 2 1 3 5 168 1 176
17565 1 1 2 2 1 29 1 109
17566 3 1 7 2 1 4 1 29
17567 2 1 3 2 4 15 1 22 1 30
17568 4 1 2 2 2 4 10 168 2 169
17569 3 1 4 2 2 3 1 29
17570 2 130 6 168 2 169
17571 1 108 1 130 1 144
17572 3 1 11 2 1 3
17573 3 1 15 2 1 3
17574 3 1 15 2 1 3
17575 3 1 15 2 1 3
17576 2 1 2 2 2 3 2 29
17577 4 1 1 2 1 3 1 4 1 33
17578 3 1 2 2 1 4 1 108 1 109
17579 3 1 5 2 2 3 1 29
17580 1 1 6 2 1 3 2 29
17581 
17582 3 1 5 2 1 3 1 34
17583 4 1 1 2 4 15 2 22
17584 2 1 1 2 4 15 1 19 1 22
17585 4 1 10 2 2 3
17586 2 1 2 168 2 169 1 171
17587 2 1 6 2 1 109
17588 3 1 1 2 1 3 1 4 2 128
17589 3 1 3 3 2 128
17590 3 1 2 2 2 3 1 33
17591 1 1 9 168 3 169
17592 1 1 1 3 5 15 1 21 1 127
17593 6 1 1 3 2 4 1 29
17594 5 1 3 2 2 4 1 29
17595 5 1 6 2 2 3 1 4 1 29
17596 2 1 2 2 7 15 2 16 1 22
17597 2 1 5 2 1 3 1 5 1 7
17598 4 1 4 2 3 15 1 20 2 22
17599 3 1 6 15 2 16 2 17 2 168 1 169 1 170
17600 4 1 9 2 2 3
17601 1 1 1 2 1 3 2 29 1 55
17602 2 1 3 2 1 3 1 127
17603 2 1 1 3 1 41 1 49
17604 4 1 2 168 1 169 1 170 1 172
17605 2 1 7 2 1 3 1 5
17606 3 1 6 2 1 3 1 29 1 61
17607 1 1 14 15 4 16 1 18 1 22
17608 3 1 2 2 2 3 1 29
17609 3 1 8 2 2 3 1 31
17610 5 1 2 3 1 8
17611 4 1 4 2 2 3 2 50
17612 2 1 2 5 4 169
17613 2 1 14 2 1 3 1 31
17614 2 1 2 168 2 169 1 179
17615 2 1 7 2 1 3 1 29
17616 1 5 10 15 1 21 1 22
17617 3 1 4 15 2 17 3 169
17618 3 1 1 2 1 109 1 110
17619 4 1 1 4 1 110 1 128
17620 2 1 3 2 1 4 2 29
17621 2 1 2 2 1 3 1 40 1 50
17622 4 1 2 2 3 3 1 29
17623 3 1 2 2 1 3 1 149
17624 7 129 1 169 3 170 2 179
17625 6 1 2 4 3 168 1 169 1 172
17626 2 1 2 2 4 168 1 169 1 176
17627 2 1 4 15 2 17 1 168 2 169 1 180
17628 2 1 1 130 4 168 1 169 1 170
17629 2 1 3 2 3 168 1 170 1 179
17630 3 1 3 2 1 3 1 4 2 128
17631 2 1 1 2 3 15 2 20 1 22
17632 1 1 1 2 5 15 1 23 2 128
17633 1 1 3 2 4 15 2 17 3 168 1 169
17634 1 1 6 168 1 169 1 170
17635 3 1 1 2 1 3 1 5 1 51
17636 1 1 9 15 1 18 1 20 1 22
17637 1 1 8 2 1 3 2 29
17638 3 1 3 2 4 15 1 21 1 22
17639 4 1 5 2 1 3 1 4 1 29
17640 2 1 12 2 1 3 1 29
17641 3 1 6 2 1 4 1 29
17642 2 1 7 2 1 3 1 29
17643 3 1 5 2 2 3 1 29
17644 2 1 6 2 1 4 1 5 1 29
17645 2 1 4 2 1 3 7 15 2 16 1 21
17646 1 1 1 142 4 168 2 169
17647 3 1 2 2 1 3 1 4 2 29
17648 3 1 4 2 1 3 1 4 2 29
17649 3 1 4 2 1 3 1 4 2 29
17650 1 1 3 2 4 15 2 17 2 168 1 169
17651 4 1 3 2 2 3 1 4 2 29
17652 4 1 1 2 2 3 1 4 2 29
17653 2 1 3 2 2 3 2 29
17654 1 1 11 2 1 3 2 29
17655 4 1 4 2 2 3 1 4 2 29
17656 4 1 2 2 2 3 1 4 2 29
17657 5 1 1 2 2 3 1 4 1 29
17658 2 1 11 2 4 168 2 169
17659 2 1 1 3 1 29 3 168 1 169 1 172
17660 3 1 1 2 2 3 1 33
17661 4 1 1 2 2 3 1 34
17662 4 1 1 2 2 3 1 34
17663 5 1 1 2 1 4 1 35
17664 
17665 5 1 2 2 1 4 1 51
17666 1 1 3 2 4 15 2 17 1 169 1 171
17667 1 1 6 2 1 3 2 29
17668 1 1 7 2 1 3 2 29
17669 3 1 4 2 2 3 1 33
17670 2 1 3 15 2 17 1 22 4 168
17671 1 1 8 2 1 3 2 29
17672 2 1 6 2 1 3 1 33
17673 2 1 1 2 3 15 1 20 1 22 1 30
17674 4 1 5 2 1 3 1 4 1 29
17675 5 1 3 2 2 3 1 4 1 29
17676 3 1 4 2 1 42
17677 3 1 5 2 1 42
17678 1 1 2 2 1 3 1 10 1 29
17679 1 1 1 2 1 3 1 49 1 108
17680 2 1 3 2 1 3 5 168 1 169
17681 1 1 7 2 1 3 2 29
17682 2 1 5 2 2 3 2 29
17683 3 1 3 2 2 3 1 31
17684 3 1 14 2 1 3 1 41
17685 2 1 4 2 2 3 2 29
17686 5 15 1 22 1 113 1 130
17687 3 1 3 2 2 3 1 33
17688 2 1 12 2 1 3 1 29
17689 3 1 7 2 1 3 1 50
17690 2 1 10 2 1 3 1 29
17691 2 1 1 2 1 5 5 15 1 23
17692 2 1 6 2 5 15 1 22
17693 3 1 6 2 1 3 1 41
17694 3 1 1 2 1 4 1 109 1 128
17695 1 1 3 168 1 169 1 174
17696 1 1 1 130 3 168 2 169
17697 2 1 13 2 1 3 1 31
17698 1 1 2 2 1 3 1 49 1 128
17699 2 1 5 168 2 169
17700 2 1 1 7 2 168 2 169 1 171
17701 2 1 1 7 2 168 2 169 1 171
17702 2 1 10 2 1 3 1 29
17703 2 1 9 2 1 3 1 29
17704 2 1 19 2 1 3 1 29
17705 3 1 2 2 1 3 1 4 1 5 1 29
17706 1 1 8 2 1 3 2 29 1 144
17707 1 1 6 2 1 3 2 29 1 144
17708 3 1 2 2 1 3 1 6
17709 2 1 1 2 2 3 1 13 1 29
17710 3 1 15 2 1 4 1 29
17711 3 1 5 2 1 3 1 50
17712 3 1 9 2 1 3 1 41
17713 3 1 12 2 1 3 1 41
17714 3 1 12 2 1 3 1 41
17715 4 1 2 2 3 3 1 29
17716 3 1 7 2 2 3 1 29
17717 2 1 1 29 4 168 1 169 1 170
17718 5 1 3 2 3 3 1 7
17719 4 1 4 2 1 3 1 4 1 29
17720 4 1 4 2 1 3 1 4 1 29
17721 3 1 4 2 2 3 1 33
17722 1 1 6 2 1 108 1 109
17723 4 1 3 2 2 3 1 4 2 29
17724 2 1 2 2 1 3 1 111
17725 2 1 2 168 1 169 1 172 1 174
17726 5 1 3 2 2 4 1 29
17727 4 1 2 2 1 3 1 4 1 29
17728 2 1 1 2 1 3 1 4 3 128
17729 1 1 4 2 1 3 2 29
17730 2 1 2 2 2 3 2 29
17731 3 1 10 2 2 3 1 31
17732 2 1 2 3 1 29 1 128
17733 5 1 2 2 2 3 1 4 1 29
17734 2 1 5 2 2 3 2 29
17735 4 15 2 17 7 168 2 169
17736 3 1 1 2 2 3 1 31
17737 4 1 2 2 3 3 1 29
17738 4 1 3 2 2 4 2 29
17739 2 1 3 2 4 168 1 169 1 176
17740 3 1 2 2 2 3 1 14 1 29
17741 4 1 3 3 1 14 1 29
17742 1 2 1 3 2 29 5 168 1 169
17743 4 1 2 2 1 4 1 8 1 29
17744 2 1 1 2 4 15 1 22 1 126
17745 1 1 1 2 1 3 1 5 1 127
17746 2 1 5 168 1 169 1 170 1 172
17747 2 1 2 2 2 3 1 5 1 29
17748 6 130 2 168 2 169 2 170
17749 3 1 3 15 2 17 1 20 1 168 1 169 1 170
17750 2 1 1 29 3 168 1 169 1 170
17751 3 1 5 2 2 3 1 29
17752 3 1 15 2 1 3 1 41
17753 4 1 3 168 1 169 1 170 1 176
17754 2 1 11 2 1 3 1 31
17755 2 2 1 3 1 110 4 128
17756 3 1 5 2 1 3 1 34
17757 1 1 1 72 1 168 2 169
17758 2 1 4 2 1 3 1 5 1 48
17759 1 1 5 15 1 18 1 51 5 168 1 169
17760 4 1 1 4 4 168 2 169
17761 2 49 3 168 1 169 1 172
17762 4 1 9 2 2 3
17763 4 1 10 2 2 3
17764 5 1 4 2 1 3 1 4
17765 5 1 4 2 1 3 1 4
17766 5 1 4 2 1 3 1 4
17767 6 1 2 2 2 3 1 4
17768 6 1 1 2 4 3
17769 6 1 3 2 2 4
17770 5 1 3 2 3 3
17771 2 1 2 2 1 3 1 108
17772 2 1 1 5 2 168 2 169 1 172
17773 8 1 2 3 2 4
17774 6 1 3 2 2 3 1 4
17775 7 1 1 2 3 3 1 4
17776 6 1 3 2 2 3 1 4
17777 7 1 2 2 1 3 2 4
17778 7 1 1 2 3 3 1 4
17779 4 1 1 2 1 3 4 15 1 21 1 22
17780 1 1 9 2 1 29 1 136
17781 1 1 5 2 1 3 2 29
17782 3 1 9 2 1 4 1 29
17783 3 1 9 2 1 4 1 29
17784 3 1 5 2 1 3 1 50
17785 3 1 15 2 1 3 1 41
17786 3 1 3 2 2 3 1 49
17787 3 1 2 2 1 3 1 4 2 29
17788 1 1 1 2 5 15 1 21 4 168 1 173
17789 3 1 3 2 1 3 1 34
17790 2 1 7 2 1 3 1 127
17791 2 1 2 168 2 169 1 179
17792 2 1 4 2 4 15 1 22 1 30
17793 3 1 5 2 1 3 1 50
17794 2 1 2 2 4 15 1 22 1 30
17795 4 1 1 2 2 3 1 41
17796 3 1 5 15 1 22 1 51
17797 2 2 10 15 2 22 2 29
17798 3 1 1 2 1 3 1 8 5 15 1 18
17799 5 1 1 3 3 15 2 17 1 20 1 168 2 170
17800 4 1 2 2 3 15 2 17 1 20 1 168 2 170
17801 5 1 1 3 3 15 2 17 1 23 2 168 1 169
17802 5 1 1 2 3 15 2 17 1 23 2 168 1 170
17803 5 1 1 2 3 15 2 17 1 23 2 168 1 170
17804 5 1 1 2 3 15 2 17 1 20 1 169 2 170
17805 1 1 6 2 4 15 2 17 1 169 1 171
17806 3 1 2 15 2 17 2 20 1 168 1 169 1 170
17807 3 1 2 15 2 17 2 20 1 168 1 169 1 170
17808 1 1 4 2 4 15 2 17 2 168 1 169
17809 4 1 3 15 2 17 1 21 1 168 1 169 1 170
17810 3 1 2 15 2 17 1 20 1 22 2 168 1 169
17811 1 1 4 2 4 15 2 17 1 169 1 171
17812 2 1 1 2 1 3 4 15 2 17 1 169 1 171
17813 2 1 1 2 1 3 4 15 2 17 1 169 1 171
17814 2 1 3 2 1 3 4 15 2 17 2 168 1 169
17815 5 1 3 15 2 17 1 22 1 168 1 169 1 170
17816 4 1 1 2 3 15 2 17 1 22 2 168 1 170
17817 1 1 2 2 9 168 3 169
17818 1 1 2 2 9 168 3 169
17819 4 1 2 15 2 17 1 20 1 22 1 168 2 169
17820 3 1 1 2 1 3 5 15 1 22
17821 2 1 8 2 6 168 4 169
17822 8 1 1 3 2 15 2 17 2 23 2 168 1 169
17823 1 1 7 2 4 15 2 17 3 168 1 169
17824 2 1 3 2 1 4 2 29
17825 3 1 2 3 1 77
17826 3 1 1 2 1 3 1 78
17827 2 1 3 2 1 3 5 168 1 169
17828 3 1 3 2 2 3 4 15 2 17 2 168 1 169
17829 2 1 4 2 1 3 3 15 2 17 1 21 3 168
17830 2 1 3 2 1 4 2 128
17831 2 1 4 2 1 4 2 128
17832 4 1 1 2 3 3 1 29
17833 4 1 1 2 3 3 1 29
17834 4 1 2 2 1 3 1 4 1 29
17835 3 1 1 168 1 169 1 170 1 171
17836 4 1 5 2 3 3 1 29
17837 1 1 1 2 1 3 1 5 1 127
17838 2 1 3 15 2 17 1 21 2 168 1 169
17839 2 1 3 15 2 17 1 20 1 168 2 169
17840 1 1 2 15 2 17 2 20 2 168 1 169
17841 2 1 1 2 2 3 2 127
17842 4 1 4 2 1 3 1 4 1 29
17843 4 1 3 2 3 3 1 29
17844 4 1 3 2 3 3 1 29
17845 3 1 5 2 2 3 1 29
17846 3 1 5 2 2 3 1 29
17847 3 1 5 2 2 3 1 29
17848 5 1 2 2 2 3 1 4 1 29
17849 5 1 2 2 2 3 1 4 1 29
17850 4 1 4 2 1 3 1 4 1 29
17851 6 1 3 3 1 4 1 29
17852 5 1 2 2 2 3 1 4 1 29
17853 4 1 4 2 1 3 1 4 1 29
17854 3 1 5 2 2 3 1 29
17855 4 1 3 2 1 3 1 4 1 29
17856 3 1 4 2 2 3 1 29
17857 3 1 4 2 2 3 1 29
17858 3 1 4 2 2 3 1 29
17859 3 1 4 2 2 3 1 29
17860 6 1 1 3 2 4 1 29
17861 5 1 1 2 2 3 1 4 1 29
17862 5 1 1 2 2 3 1 4 1 29
17863 5 1 1 2 2 3 1 4 1 29
17864 4 1 3 2 1 3 1 4 1 29
17865 4 1 3 2 1 3 1 4 1 29
17866 4 1 3 2 1 3 1 4 1 29
17867 3 1 4 2 2 3 1 29
17868 3 1 4 2 2 3 1 29
17870 1 1 1 2 9 168 3 169
17871 2 1 5 2 1 3 1 33
17872 4 1 2 3 1 6 1 34
17873 2 1 3 2 4 15 1 22 1 30
17874 4 1 1 2 2 4 2 29
17875 3 1 1 2 3 168 3 169
17876 4 1 13 2 2 3 2 41
17877 2 1 3 2 1 78
17878 4 1 1 4 2 168 2 169 1 179
17879 3 1 9 2 2 3 1 31
17880 2 1 1 2 3 168 2 169 1 180
17881 5 1 1 3 3 168 1 170 1 173
17882 4 1 2 2 2 3 1 4 2 29
17883 4 1 2 2 2 3 1 4 2 29
17884 3 1 1 168 1 169 1 170 2 175 1 181
17885 3 1 2 2 2 3 1 5
17886 4 1 1 4 4 168 2 169
17887 2 2 2 128 2 168 2 169
17888 2 1 6 2 2 3 2 29
17889 3 1 5 2 2 3 1 31
17890 4 1 3 2 1 4 1 8 1 29
17891 4 1 6 2 1 3 1 4 1 29
17892 2 1 1 2 3 15 2 20 1 22
17893 2 1 1 108 1 109 1 110
17894 2 1 3 6
17895 4 1 1 3 2 168 1 169 1 173
17896 3 1 5 2 2 3 1 38
17897 
17898 3 1 7 2 2 3 1 29
17899 2 1 3 2 1 69
17900 1 1 1 2 1 110 1 111 1 128
17901 2 1 10 2 1 3 1 29
17902 1 1 3 2 1 6 1 128
17903 2 1 13 2 1 3 1 31
17904 2 1 3 168 2 169 1 174
17905 3 1 4 15 2 17 2 168 1 169 1 170
17906 3 1 4 15 2 17 2 168 1 169 1 170
17907 4 1 2 2 2 4 1 5 1 29
17908 4 1 10 2 2 3
17909 3 1 8 2 1 3 1 41
17910 2 1 6 2 1 3 1 5 1 41
17911 1 1 5 2 4 15 1 20 1 21
17912 4 1 2 168 2 169 1 173
17913 6 1 2 4 3 168 1 169 1 172
17914 3 1 7 2 1 4 1 29
17915 3 1 9 2 1 168 1 169 1 170 2 179
17916 1 2 5 15 1 21 1 109 1 113
17917 4 1 9 2 3 3 1 128
17918 3 1 5 2 7 15 2 16 1 23
17919 2 1 5 2 4 15 1 22 1 30
17920 2 1 4 2 1 3 4 168 1 169
17921 1 2 1 3 1 8 1 108 1 113 2 130
17922 3 1 2 3 1 29 1 34
17923 2 128 2 169 3 171
17924 2 130 2 169 3 171
17925 4 1 9 2 3 3 1 29
17926 3 2 1 3 1 8 1 108 1 113 2 130
17927 4 1 8 2 2 3
17928 1 1 2 2 1 4 1 5 1 10 1 29
17929 1 1 7 2 1 3 2 29
17930 2 1 9 2 4 15 1 20 1 22
17931 2 1 12 2 1 3 1 29
17932 2 1 4 2 2 3 2 29
17933 2 1 4 2 2 3 2 29
17934 1 1 6 2 1 3 2 29
17935 2 1 4 2 1 3 1 48 1 119
17936 2 1 4 2 1 3 1 48 1 119
17937 2 1 2 2 1 3 1 48 1 119
17938 3 1 4 2 1 3 1 34
17939 3 1 4 2 2 3 1 31
17940 1 1 3 2 1 4 1 5 1 10 1 29
17941 2 1 6 2 2 3 2 29
17942 5 1 1 3 2 168 2 169 1 170
17943 4 1 2 2 2 168 2 169 1 170
17944 3 1 2 2 2 169 1 171 1 172
17945 3 1 2 2 1 168 1 169 2 172
17946 4 1 1 2 2 169 2 172
17947 4 1 1 3 1 168 1 169 2 172
17948 6 1 2 2 1 3 2 4 1 29
17949 6 1 2 2 1 3 2 4 1 29
17950 6 1 2 2 1 3 2 4 1 29
17951 7 1 1 2 3 4 1 29
17952 4 1 5 2 1 3 1 4 1 29
17953 4 1 1 2 2 168 2 169 1 170
17954 2 1 5 2 2 3 2 29
17955 3 1 3 2 2 3 1 38
17956 3 1 3 2 2 3 1 38
17957 4 1 2 2 1 3 1 4 1 38
17958 3 1 8 2 1 4 1 29
17959 3 1 7 2 1 3 1 50
17960 3 1 7 2 1 3 1 50
17961 3 1 7 2 1 3 1 50
17962 6 1 3 2 1 3 2 4 1 29
17963 7 1 2 2 3 4 1 29
17964 2 1 9 2 1 3 1 29
17965 4 1 2 2 2 168 4 169
17966 2 1 1 2 2 3 1 29 1 33
17967 3 1 7 2 1 4 1 68
17968 1 9 1 108 1 113 2 130
17969 3 1 4 2 1 3 1 50
17970 4 1 2 2 2 3 1 50
17971 5 1 1 2 1 3 1 4 1 50
17972 3 1 2 2 4 15 1 21 1 22
17973 2 1 3 2 1 3 5 15 1 21
17974 2 1 3 2 3 168 1 169 1 172
17975 2 1 3 2 3 168 1 169 1 172
17976 2 1 9 2 2 3 2 29
17977 3 1 8 2 1 4 1 86
17978 3 1 7 2 2 3 1 31
17979 2 1 2 2 3 168 1 170 1 179
17980 4 1 2 2 2 4 1 14 2 29
17981 4 1 5 2 2 169 2 172
17982 2 1 10 2 1 3 1 14 1 29
17983 3 1 9 2 1 4 1 68
17984 3 1 10 2 1 4 1 31
17985 3 1 9 2 2 3 1 31
17986 3 1 10 2 1 4 1 86
17987 3 1 11 2 1 3
17988 8 1 3 2 2 3 2 4
17989 7 1 5 2 1 3 2 4
17990 9 1 2 2 1 3 3 4
17991 4 1 9 2 2 3
17992 3 1 7 2 2 3 1 31
17993 2 1 3 15 2 17 1 21 3 168 1 169
17994 3 1 13 2 2 3 1 29
17995 3 1 1 2 1 168 3 169 1 179
17996 3 1 8 2 2 3 1 31
17997 4 1 6 2 3 3 1 31
17998 2 1 5 2 1 3 7 168 3 169
17999 3 1 4 2 1 4 7 168 3 169
18000 5 1 11 2 3 3
18001 2 1 6 2 3 15 2 17 1 22 4 168
18002 5 15 1 18 7 168 3 169
18003 3 1 3 15 1 22 1 50 1 53 1 80
18004 2 1 1 2 3 15 1 22 1 49 1 50 1 53 1 80
18005 2 1 3 15 1 22 1 50 1 53 1 80 1 108
18006 2 1 3 15 1 22 1 50 1 53 1 80 1 111
18007 2 1 3 15 1 22 1 49 1 53 1 80
18008 2 1 1 13 3 15 1 22 1 50 1 53 1 80
18009 4 1 4 15 1 22 1 50 1 64
18010 3 1 1 2 4 15 1 22 1 49 1 50 1 64
18011 3 1 4 15 1 22 1 50 1 64 1 108
18012 3 1 4 15 1 22 1 49 1 64
18013 4 1 2 2 4 15 1 22 1 50 1 64
18014 2 1 1 2 4 15 1 22 1 49 1 50 1 53
18015 2 1 4 15 1 22 1 50 1 53 1 108
18016 2 1 4 15 1 22 1 50 1 53 1 111
18017 2 1 1 13 4 15 1 22 1 50 1 53
18018 2 1 1 2 4 15 1 22 1 50 1 53 1 108
18019 2 1 3 15 1 22 1 29 1 53 1 126
18020 3 1 3 15 1 22 1 50 1 53 1 126
18021 2 1 3 15 1 22 1 49 1 53 1 126
18022 2 1 3 15 1 22 1 50 1 53 1 80 1 119
18023 3 1 4 15 1 22 1 50 1 64 1 119
18024 2 1 4 15 1 22 1 50 1 53 1 119
18025 2 1 3 15 1 22 1 50 1 53 1 119 1 126
18026 3 1 14 2 2 3 1 31
18027 5 1 9 2 1 3 1 4 1 107
18028 
18029 
18030 
18031 1 1 7 2 7 168 3 169
18032 2 1 5 2 1 3 7 168 3 169
18033 1 1 2 2 1 3 14 168 6 169
18034 1 1 4 2 1 3 14 168 6 169
18035 1 1 5 2 1 3 1 29 4 168 1 169
18036 3 1 6 2 2 3 1 31
18037 2 1 14 2 10 15 2 22
18038 2 1 11 2 1 69
18039 5 1 1 3 8 168 2 169 2 170
18040 2 1 15 2 1 3 1 29
18041 2 1 1 7 3 168 2 169
18042 3 1 2 2 1 168 1 169 1 170
18043 2 1 4 168 4 169
18044 3 1 1 2 3 168 1 170 1 172
18045 2 1 5 2 1 4 2 29
18046 3 1 3 2 1 3 1 4 2 29
18047 4 1 1 2 2 3 1 4 2 29
18048 2 1 4 2 1 3 1 29 1 50
18049 2 1 6 2 1 3 1 49
18050 2 1 6 2 1 3 1 29 1 144
18051 4 1 1 2 2 3 1 168 2 169
18052 3 1 4 2 1 168 1 169 1 170
18053 1 1 3 2 2 3 1 29 2 128
18054 3 1 3 2 2 3 1 4 1 29 2 128
18055 2 1 1 58 4 168 2 169
18056 2 1 1 60 4 168 2 169
18057 3 1 1 59 4 168 2 169
18058 2 1 2 2 1 58 4 168 2 169
18059 3 1 4 2 1 3 1 58 4 168 2 169
18060 2 1 3 2 1 4 1 29 2 168 1 169
18061 4 1 2 2 1 4 2 50
18062 1 1 2 2 1 31 1 79 1 81
18063 2 1 1 2 1 78 1 79 1 81
18064 3 1 6 2 1 3 1 41
18065 3 1 5 2 1 3 1 41
18066 6 1 2 2 1 3 2 4 1 29
18067 2 2 5 15 1 22 2 128
18068 4 1 4 2 3 3 1 29
18069 4 1 5 2 1 3 1 4 1 29
18070 3 1 6 2 2 3 1 29
18071 3 1 6 2 2 3 1 29
18072 3 1 6 2 2 3 1 29
18073 3 1 6 2 2 3 1 29
18074 2 1 5 2 1 3 1 44
18075 2 1 8 2 1 3 1 29
18076 2 1 4 2 1 3 1 40
18077 2 1 4 2 1 3 1 40
18078 4 1 1 2 1 3 1 4 1 40
18079 5 1 16 2 2 3 1 4 1 29
18080 3 1 3 2 2 3 1 40
18081 3 1 3 2 2 3 1 40
18082 2 1 5 2 1 3 1 40
18083 4 1 6 2 1 3 1 4 1 29
18084 4 1 6 2 1 3 1 4 1 29
18085 3 1 3 2 2 3 1 40
18086 3 1 3 2 2 3 1 40
18087 5 1 5 2 2 4 1 29
18088 6 1 3 2 1 3 2 4 1 29
18089 4 1 6 2 1 3 1 4 1 29
18090 4 1 5 2 3 3 1 29
18091 4 1 6 2 1 3 1 4 1 29
18092 6 1 3 2 1 3 2 4 1 29
18093 7 1 2 2 3 4 1 29
18094 3 1 3 2 2 3 1 40
18095 8 1 1 3 3 4 1 29
18096 7 1 1 2 2 3 2 4 1 29
18097 5 1 5 2 2 3 1 4 1 29
18098 6 1 4 2 1 3 2 4 1 29
18099 6 1 4 2 1 3 2 4 1 29
18100 4 1 3 2 2 3 1 41
18101 3 1 6 2 2 3 1 40
18102 4 1 2 2 1 3 1 4 1 40
18103 3 1 10 2 1 4 1 29
18104 5 1 7 2 2 4 1 29
18105 5 1 7 2 2 4 1 29
18106 4 1 22 2 2 3
18107 2 1 7 2 1 3 1 40
18108 5 1 7 2 2 3 1 4 1 29
18109 5 1 7 2 2 3 1 4 1 29
18110 4 1 9 2 1 3 1 4 1 29
18111 3 1 11 2 2 3 1 29
18112 3 1 11 2 2 3 1 29
18113 4 1 11 2 1 3 1 4 1 29
18114 5 1 9 2 2 3 1 4 1 29
18115 5 1 11 2 2 4 1 29
18116 3 1 14 2 1 4 1 29
18117 4 1 4 2 1 3 1 4 1 40
18118 4 1 4 2 1 3 1 4 1 40
18119 6 1 9 2 5 3 1 29
18120 3 1 19 2 1 4 1 29
18121 2 1 8 2 1 3 1 40
18122 3 1 6 2 2 3 1 40
18123 3 1 4 2 2 3 1 40
18124 9 1 1 2 1 3 3 4 1 41
18125 2 1 2 2 5 15 1 23 1 31
18126 2 1 1 2 1 3 4 15 1 19 1 45
18127 2 1 1 2 1 3 5 15 1 22 1 29
18128 4 1 7 2 1 3 1 4 1 29
18129 3 1 2 2 1 3 1 4 2 128
18130 4 1 2 3 1 4 2 128
18131 4 1 1 2 2 3 1 4 2 128
18132 4 1 1 2 2 3 1 4 2 128
18133 1 1 7 2 1 3 2 5
18134 4 1 4 2 2 4 2 5
18135 1 1 9 2 1 3 2 5
18136 4 1 2 2 1 4 1 109
18137 3 1 2 2 3 3 2 29
18138 4 1 1 2 1 29 2 168 1 169 2 170
18139 1 1 2 2 1 3 1 29 4 168 1 169
18140 1 1 2 2 1 5 1 55
18141 
18142 9 15 1 18 1 20 1 23 1 29 1 31
18143 9 15 1 18 1 20 1 22 1 38
18144 3 1 1 168 2 169 1 172
18145 
18146 
18147 
18148 4 1 2 2 1 3 5 15 1 23
18149 3 1 8 2 1 42
18150 4 1 2 2 1 3 5 15 1 23
18151 2 1 9 15 1 18 1 22 1 53
18152 1 1 1 3 1 49 9 168 3 169
18153 3 1 13 15 2 18 2 22 1 53
18154 2 1 2 3 1 49 13 168 5 169
18155 4 1 2 2 1 3 5 15 1 23
18156 1 3 1 29 1 31 5 168 1 169
18157 1 1 2 2 10 15 1 18 1 23 1 29
18158 2 1 4 2 10 15 2 22
18159 2 1 2 2 1 3 1 29 1 109
18160 1 1 5 15 1 18 5 168 1 170
18161 4 1 2 2 1 3 5 15 1 23
18162 5 1 1 2 1 4 5 15 1 23
18163 2 1 3 2 1 29 4 168 1 169 1 170
18164 4 1 9 2 2 3
18165 4 1 11 2 1 4
18166 4 1 18 2 2 3
18167 3 1 20 2 1 3
18168 4 1 21 2 1 4
18169 4 1 9 2 1 3 1 4 1 29
18170 2 1 4 2 1 3 1 40
18171 2 1 1 2 1 3 2 168 1 169 1 171
18172 3 1 8 2 1 3 1 41
18173 3 1 9 2 1 42
18174 3 1 9 2 1 42
18175 3 1 9 2 1 42
18176 4 1 7 2 1 3 1 42
18177 6 1 3 2 2 3 1 4 1 41
18178 5 1 5 2 1 3 1 4 1 41
18179 2 122 2 129 2 130 2 146
18180 1 115 1 119 1 129 1 149
18181 4 1 7 2 3 3 1 5 1 48
18182 3 1 1 3 4 15 1 18 1 20 1 29 3 168 2 169 1 170
18183 1 1 9 15 1 18 1 21 1 22 1 29
18184 4 1 2 2 8 15 2 18 2 22
18185 6 1 2 2 8 15 2 18 2 23
18186 
18187 
18188 5 1 5 2 3 3 3 50
18189 2 1 2 2 1 3 1 4 1 29 2 38
18190 3 1 2 2 2 3 2 29 1 61
18191 4 1 16 2 2 3
18192 4 1 16 2 2 3
18193 5 1 17 2 1 3 1 4
18194 2 1 5 2 5 15 1 22 1 50
18195 3 1 5 2 1 3 1 50
18196 2 1 5 2 1 3 5 15 1 21 1 50
18197 4 1 7 2 2 3 1 50
18198 3 1 15 2 1 4 1 29
18199 3 1 15 2 1 4 1 29
18200 3 1 15 2 1 4 1 29
18201 1 1 1 2 1 3 1 29 1 108
18202 1 1 1 2 1 3 1 29 1 108
18203 4 1 2 2 2 110
18204 2 1 7 2 1 3 1 128
18205 3 1 5 2 2 3 1 29
18206 3 1 5 2 2 3 1 128
18207 4 1 6 2 1 3 5 15 1 23
18208 7 1 1 3 2 4 1 7
18209 6 1 3 2 2 4 1 7
18210 6 1 3 2 1 3 2 4 1 5
18211 2 1 10 2 1 3 1 5
18212 2 1 11 2 1 3 1 44
18213 3 1 10 2 1 42
18214 2 1 11 2 1 3 1 40
18215 3 1 11 2 1 3 1 41
18216 3 1 10 2 1 3 1 41
18217 4 1 11 2 1 3 1 42
18218 3 1 15 2 1 3 1 41
18219 2 1 16 2 1 3 1 40
18220 2 1 1 50 1 109
18221 2 1 18 2 1 3 1 40
18222 4 1 17 2 1 3 1 42
18223 2 1 20 2 1 3 1 40
18224 4 1 5 2 2 3 5 15 1 22
18225 4 1 20 2 1 43
18226 3 1 21 2 1 3 1 41
18227 4 1 20 2 1 4 1 41
18228 2 1 22 2 1 3 1 40
18229 
18230 7 1 3 2 1 3 2 4 1 41
18231 5 1 7 2 1 4 1 42
18232 3 1 10 2 1 42
18233 1 1 23 2 1 3 1 29 1 31
18234 2 1 2 2 1 50 1 109
18235 1 49 1 108 1 109
18236 3 1 6 2 1 3 1 34
18237 5 1 2 2 1 3 1 4 1 34
18238 6 1 4 2 2 4
18239 2 1 9 2 1 3 1 128
18240 2 1 15 2 1 3 1 31
18241 4 1 1 2 2 3 1 8 1 29
18242 
18243 
18244 
18245 
18246 
18247 
18248 
18249 
18250 
18251 
18252 
18253 
18254 
18255 
18256 
18257 
18258 
18259 
18260 
18261 
18262 
18263 
18264 2 1 7 2 1 3 1 128
18265 2 2 4 3 6 128
18266 2 1 1 2 1 3 1 41 1 128
18267 2 1 2 2 1 3 1 41 1 128
18268 3 1 2 2 4 168 1 169 1 170
18269 4 1 1 2 3 168 2 169 1 170
18270 2 2 1 3 2 128 5 168 1 169
18271 2 1 4 2 1 3 5 168 1 169
18272 2 1 5 2 1 3 5 168 1 169
18273 4 1 2 2 2 3 4 168 2 169
18274 5 1 2 2 2 3 3 168 3 169
18275 6 1 1 2 2 3 3 168 2 169 1 170
18276 6 1 1 2 2 3 3 168 2 169 1 170
18277 3 1 5 2 2 3 5 168 1 169
18278 3 1 6 2 1 4 5 168 1 169
18279 2 1 1 7 4 168 2 169
18280 2 1 2 3 1 41 2 128
18281 2 1 19 2 1 3 5 168 1 169
18282 
18283 1 1 2 2 7 168 1 169
18284 2 1 8 2 1 3 5 168 1 169
18285 5 1 5 2 2 3 3 168 3 169
18286 5 1 1 2 1 4 1 168 1 169 1 170
18287 5 1 5 2 2 3 1 4 5 168 1 169
18288 2 1 11 2 1 3 5 168 1 169
18289 3 1 14 2 2 3 5 168 1 169
18290 4 1 15 2 2 168 4 169
18291 3 1 13 2 1 42
18292 3 1 13 2 1 42
18293 3 1 13 2 1 42
18294 3 1 13 2 1 42
18295 3 1 13 2 1 42
18296 3 1 13 2 1 42
18297 2 1 13 2 1 3 1 40
18298 2 1 13 2 1 3 1 40
18299 2 1 13 2 1 3 1 40
18300 2 1 13 2 1 3 1 40
18301 2 1 13 2 1 3 1 40
18302 2 1 13 2 1 3 1 40
18303 2 1 12 2 1 3 1 40
18304 3 1 4 2 1 3 1 41
18305 2 1 6 2 1 3 1 128
18306 2 1 11 2 1 3 1 31
18307 3 1 11 2 1 3 1 41
18308 2 1 15 2 1 3 1 31
18309 3 1 15 2 1 3 1 41
18310 2 1 12 2 1 3 1 128
18311 2 1 21 2 1 3 1 31
18312 3 1 21 2 1 3 1 41
18313 3 1 10 15 1 22 1 23
18314 1 1 1 3 1 5 1 49
18315 1 1 1 3 1 49 1 165
18316 1 1 1 2 3 3 4 128
18317 3 130 1 168 1 169 1 170
18318 1 1 2 2 1 3 1 31 1 49
18319 10 15 2 18 4 168 2 169
18320 2 1 2 2 1 3 1 7 1 29
18321 1 1 1 3 1 13 1 40
18322 2 1 1 2 1 4 1 5 1 40
18323 2 1 1 2 1 4 1 13 1 40
18324 2 1 6 2 1 29 1 42
18325 2 1 1 2 1 41 1 108 1 110
18326 3 1 2 2 2 3 1 40
18327 1 1 5 15 1 18 3 168 1 169 1 172
18328 1 1 5 15 1 18 4 168 2 169
18329 1 1 5 15 1 18 4 168 2 169
18330 2 1 2 2 1 50 1 69
18331 3 1 4 2 1 42 1 50
18332 3 1 6 2 1 42 1 50
18333 3 1 5 2 1 3 1 34 1 50
18334 3 1 1 2 2 3 1 40
18335 3 1 1 4 5 15 1 22 1 29
18336 2 1 1 2 1 3 5 15 1 22 1 29
18337 1 1 4 168 1 169 1 174
18338 1 1 1 5 4 168 2 169
18339 1 1 1 33 3 168 1 169 1 172
18340 2 1 1 2 2 15 3 20 1 22
18341 4 1 6 2 1 3 1 4 5 15 1 21
18342 2 1 3 15 2 17 1 21 3 168 1 169
18343 1 1 1 2 2 15 2 17 2 20 3 168 1 169
18344 3 1 3 15 2 17 1 20 1 168 1 169 1 173
18345 4 1 7 2 1 3 1 4 5 15 1 21
18346 2 1 2 15 2 17 2 20 2 168 2 169
18347 2 1 2 15 2 17 2 20 2 168 2 169
18348 3 1 3 15 2 17 1 20 2 168 1 169 1 170
18349 3 1 2 15 2 17 2 20 2 168 1 169 1 170
18350 3 1 2 15 2 17 2 20 2 168 1 169 1 170
18351 5 1 1 3 1 168 2 169 1 170
18352 4 1 2 2 4 169
18353 4 1 2 2 1 3 1 4 5 15 1 21
18354 2 1 3 2 3 168 2 169
18355 5 1 1 3 1 168 4 169
18356 5 1 2 3 2 168 3 169
18357 1 1 1 2 5 15 1 18 1 35 1 130
18358 1 1 3 2 2 3 3 128
18359 1 1 4 2 2 3 3 128
18360 1 1 2 2 1 3 1 4 4 128
18361 1 1 3 2 1 3 1 4 4 128
18362 1 1 4 2 1 3 1 4 4 128
18363 1 1 2 2 7 168 3 169
18364 1 1 3 2 1 3 10 15 1 18 1 22 1 29
18365 3 2 1 3 10 15 2 21 1 29
18366 4 1 3 2 1 3 1 4 5 15 1 21
18367 3 1 4 2 1 42 1 48
18368 3 1 1 2 1 3 1 168 2 169
18369 4 1 1 2 1 3 1 168 1 169 1 170
18370 3 1 2 2 1 3 3 168 1 169 1 172
18371 3 1 14 2 1 3 5 15 1 22
18372 2 1 5 2 6 168 4 169
18373 2 1 3 2 6 168 4 169
18374 2 1 1 2 1 7 4 168 2 169
18375 3 1 2 2 1 3 4 168 2 169
18376 4 1 1 2 1 3 3 168 3 169
18377 3 1 3 2 1 4 5 168 1 169
18378 4 1 3 2 1 3 1 4 5 168 1 169
18379 
18380 1 1 4 168 1 169 1 174
18381 2 1 1 168 1 169 1 172 1 174
18382 2 1 3 168 2 169 1 174
18383 2 1 2 2 2 168 1 169 1 172
18384 3 1 1 130 3 168 2 169 1 170
18385 3 1 1 29 2 168 4 169
18386 4 1 1 29 2 168 3 169 1 170
18387 4 1 1 130 2 168 3 169 1 170
18388 3 1 1 2 2 168 1 169 1 173
18389 4 1 1 3 1 168 2 169 1 172
18390 3 1 2 2 2 168 1 169 1 173
18391 3 1 1 128 3 168 2 169 1 170
18392 3 1 1 3 3 168 1 169 1 172
18393 4 1 2 168 1 169 1 170 1 172
18394 4 1 1 3 3 168 1 169 1 173
18395 4 1 1 2 1 3 3 168 1 169 1 173
18396 4 1 2 2 1 3 3 168 1 169 1 173
18397 5 1 1 2 2 4 3 168 1 169 1 171
18398 2 1 2 2 3 168 1 169 1 172
18399 2 1 2 2 3 168 1 169 1 172
18400 3 1 1 2 1 4 3 168 1 169 1 171
18401 3 1 2 2 3 168 1 170 1 172
18402 3 1 3 2 3 168 1 169 1 173
18403 3 1 2 168 1 169 1 170 1 171
18404 2 1 1 2 1 7 3 168 1 169 1 172
18405 3 1 1 3 3 168 2 169 1 174
18406 3 1 1 2 3 168 1 169 1 170 1 174
18407 3 1 2 2 3 168 1 169 1 170 1 174
18408 4 1 1 2 1 3 3 168 1 169 1 170 1 174
18409 2 1 1 2 1 5 3 168 1 170 1 172
18410 3 1 1 7 2 168 1 169 1 170 1 171
18411 5 1 1 2 1 3 1 8 3 168 3 169
18412 2 2 1 29 2 168 1 169 1 171
18413 5 1 1 3 1 168 1 169 1 170 1 172
18414 4 1 1 8 2 168 1 169 1 170 1 171
18415 4 1 1 3 1 7 2 168 1 169 1 170 1 171
18416 6 1 1 7 1 168 1 169 2 170 1 172
18417 2 1 2 2 1 168 1 169 1 171 1 172
18418 
18419 2 1 1 7 3 168 1 169 1 172
18420 3 1 1 5 1 169 1 170 1 171 1 172
18421 3 1 1 2 1 7 1 168 1 169 2 172
18422 4 1 1 5 1 169 1 170 2 172
18423 4 1 2 2 1 3 1 7 1 168 1 169 2 172
18424 2 1 17 2 2 168 1 169 1 172
18425 3 1 1 2 4 168 1 169 1 170
18426 4 1 3 168 2 169 1 170
18427 6 1 3 2 1 3 2 4 5 168 1 169
18428 2 1 1 168 1 169 1 171 1 172 1 174
18429 4 2 4 168 2 169 2 171
18430 1 40 4 168 1 169 1 174
18431 2 1 2 168 2 169 2 174
18432 3 1 3 168 1 169 1 170 1 180
18433 5 1 2 2 1 168 3 169 1 173
18434 1 5 5 15 1 22 1 130
18435 2 1 9 2 1 3 1 5 1 6
18436 2 1 3 2 1 8 5 15 1 21
18437 1 1 3 2 1 3 1 5 5 15 1 21
18438 1 2 1 3 1 13 2 29
18439 2 1 1 2 1 168 1 170 2 171
18440 2 1 3 2 4 15 1 20 1 22
18441 2 1 7 168 4 169
18442 3 1 3 2 1 109 1 110
18443 2 1 1 168 1 169 1 172 1 180
18444 3 1 1 4 4 168 1 169 1 180
18445 2 1 1 2 3 168 1 169 1 172
18446 2 1 1 2 3 168 1 169 1 172
18447 4 1 2 2 3 15 1 20 2 22
18448 3 1 2 2 1 3 5 15 1 22
18449 4 1 1 2 3 15 1 20 2 22
18450 5 1 1 2 1 3 1 4 5 15 1 22
18451 2 1 5 2 4 15 1 20 1 22
18452 2 1 14 2 3 168 2 169
18453 4 1 3 2 1 3 1 4 5 15 1 21
18454 3 1 5 2 4 15 1 21 1 22
18455 3 1 4 2 2 3 3 15 2 20 1 21
18456 2 1 1 4 1 29 1 111 1 112
18457 7 1 1 2 2 4 4 15 1 21 1 22
18458 5 1 1 2 3 15 1 20 1 22 1 23
18459 2 1 1 2 1 3 2 15 3 20 1 21
18460 3 1 3 2 1 3 4 15 1 20 1 22
18461 4 1 2 2 1 3 4 15 1 21 1 22
18462 3 1 6 2 5 15 1 23
18463 2 1 8 2 1 3 5 15 1 21
18464 5 1 6 2 2 3 5 15 1 23
18465 2 1 19 2 5 15 1 22
18466 
18467 1 2 5 15 1 22 1 29 1 130
18468 4 1 1 2 1 4 5 15 1 22
18469 
18470 2 1 15 2 4 15 1 20 1 22
18471 3 1 2 2 1 3 2 50
18472 1 1 4 15 1 20 1 22 1 128
18473 4 1 6 2 4 15 2 22
18474 1 1 4 2 1 5 5 15 1 22
18475 1 1 2 2 1 5 5 15 1 22
18476 3 1 1 3 1 4 1 29 1 33
18477 4 1 8 2 2 3 1 34
18478 4 1 9 2 2 3 1 34
18479 3 1 3 2 2 3 4 168 1 169 1 180
18480 3 1 3 2 2 3 1 33
18481 3 1 5 2 2 3 1 29 1 34
18482 2 1 3 2 2 3 1 29 1 33
18483 2 1 5 2 2 3 1 29 1 33
18484 4 1 4 2 1 3 1 35
18485 2 1 6 2 1 3 1 33
18486 2 1 5 2 1 3 15 15 2 18 1 23
18487 2 1 5 15 1 18 2 168 2 169 1 172
18488 1 1 1 2 7 15 1 18 3 20 1 22
18489 1 1 9 2 9 168 7 169
18490 1 1 7 2 11 168 7 169
18491 1 1 8 2 7 15 4 17 1 21 2 168 2 169
18492 1 2 10 15 1 18 1 21 1 168 2 169
18493 2 1 4 2 10 15 2 18 2 168 2 170
18494 
18495 1 1 1 2 8 168 2 169 1 172
18496 11 168 3 169 1 172
18497 2 1 6 168 4 169
18498 4 1 6 2 4 3 8 168 2 169
18499 2 1 8 168 4 169
18500 8 1 8 2 2 3 6 168 4 169 2 170
18501 1 1 11 2 8 168 5 169
18502 16 168 6 169
18503 2 1 3 168 2 169 1 170
18504 3 1 2 168 3 169 1 170
18505 2 1 3 168 4 169
18506 3 1 3 168 3 169 1 170
18507 1 1 6 168 3 169
18508 3 1 1 3 5 168 4 169
18509 3 1 1 2 6 168 3 169 1 170
18510 1 1 7 168 3 169
18511 4 1 1 2 1 3 5 168 5 169
18512 4 1 1 2 1 3 5 168 5 169
18513 14 168 2 169
18514 2 1 2 2 3 168 2 169 1 170
18515 3 1 1 3 3 168 2 169 1 170
18516 2 1 3 2 3 168 2 169 1 170
18517 3 1 3 2 2 3 1 33
18518 4 1 1 3 5 168 5 169
18519 4 1 1 3 5 168 5 169
18520 5 1 3 2 2 3 6 168 3 169 1 170
18521 
18522 
18523 
18524 
18525 1 1 2 15 4 17 7 168 1 169
18526 1 1 4 15 2 17 6 168 1 169 1 170
18527 1 1 2 15 2 17 2 20 6 168 1 169 1 170
18528 2 1 1 3 3 15 2 17 1 20 5 168 3 169
18529 
18530 
18531 
18532 
18533 
18534 3 1 1 3 6 168 2 169 1 170 1 174
18535 2 1 1 2 9 168 2 169 1 170
18536 2 1 1 2 5 168 4 169
18537 1 1 17 2 7 168 3 169
18538 2 1 6 168 4 169
18539 2 1 1 3 20 15 2 18 1 22 1 23
18540 6 1 1 3 3 168 1 169 3 170
18541 6 1 2 2 4 168 8 169
18542 4 1 2 2 1 3 4 15 1 23 1 30
18543 4 1 2 2 1 3 4 15 1 23 1 30
18544 4 1 2 2 1 3 4 15 1 23 1 30
18545 6 1 1 2 3 15 2 23 1 30
18546 12 1 4 4 1 36
18547 5 1 1 2 2 4 1 57
18548 6 1 1 2 2 4 1 60
18549 6 1 1 2 2 4 1 58
18550 6 1 2 2 2 4 1 58
18551 7 1 1 2 2 4 1 59
18552 7 1 2 2 2 4 1 59
18553 5 1 1 2 2 4 1 5 1 58
18554 3 1 6 2 1 70
18555 1 1 1 2 1 5 1 69
18556 1 1 2 2 1 5 1 69
18557 1 1 3 2 1 5 1 69
18558 2 1 1 2 1 3 1 5 1 69
18559 1 1 4 2 1 5 1 69
18560 7 1 3 2 3 4 1 29
18561 4 1 7 2 1 3 1 4 1 29
18562 3 1 4 2 2 3 1 128
18563 4 1 1 3 3 168 3 169
18564 4 1 4 2 1 3 1 110
18565 2 1 4 2 1 3 1 128
18566 2 1 4 2 2 3 2 128
18567 2 1 6 2 2 3 2 128
18568 2 1 3 3 3 128
18569 6 1 2 3 6 168 2 169 2 173
18570 
18571 
18572 2 1 4 15 2 17 4 168 2 169 1 173
18573 3 1 1 3 2 15 2 17 2 20 1 168 1 169 1 172
18574 2 1 1 2 6 15 2 16 2 17 3 168 1 170
18575 3 1 6 15 2 16 2 17 2 168 1 169 1 170
18576 2 1 2 2 1 3 4 15 2 17 3 168 1 169
18577 2 1 2 2 1 3 4 15 2 17 3 168 1 169
18578 3 1 1 2 1 4 4 15 2 17 3 168 1 169
18579 4 1 2 15 2 17 1 21 1 22 1 169 1 171
18580 4 1 2 2 1 3 7 15 2 16 1 23
18581 2 1 5 2 7 15 2 16 1 22
18582 2 1 5 2 7 15 2 16 1 22
18583 2 1 5 2 7 15 2 16 1 22
18584 1 1 7 2 4 15 2 17 1 168 1 169 1 171
18585 2 1 5 2 1 3 7 168 3 169
18586 2 1 7 2 7 15 2 16 1 22
18587 3 1 6 2 7 15 2 16 1 23
18588 2 1 9 2 7 15 2 16 1 22
18589 2 1 9 2 7 15 2 16 1 22
18590 1 1 11 2 4 15 2 17 3 168 1 169
18591 2 1 9 2 1 3 7 168 3 169
18592 1 1 12 2 4 15 2 17 1 168 1 169 1 171
18593 1 1 15 2 4 15 2 17 1 168 1 169 1 171
18594 2 1 1 3 5 15 1 18 1 168 2 169
18595 2 2 5 15 1 21 1 109 1 113
18596 10 15 1 21 1 22 1 130
18597 
18598 2 1 6 2 2 3 16 168 2 169 2 170
18599 1 1 1 3 1 7 1 29 1 130
18600 1 1 2 2 1 3 1 29 1 108
18601 2 1 1 2 1 5 3 168 1 169 1 170 1 180
18602 3 1 2 2 3 168 1 169 1 170 1 180
18603 1 1 1 108 1 110 1 113
18604 4 1 2 2 2 3 4 15 2 45
18605 4 1 4 2 2 3 4 15 2 45
18606 4 1 4 2 2 3 4 15 2 45
18607 4 1 4 2 2 3 4 15 2 45
18608 4 1 4 2 2 3 4 15 2 45
18609 4 1 4 2 2 3 4 15 2 45
18610 2 49 2 168 1 169 1 172
18611 2 168 2 169 2 171
18612 3 1 1 2 4 15 1 22 1 50 1 53
18613 3 1 2 2 4 15 1 22 1 50 1 53
18614 1 1 1 2 1 33 1 42 1 129
18615 3 1 2 2 1 3 1 33 1 42
18616 5 1 8 15 1 18 3 22
18617 3 1 5 2 1 4 1 5
18618 4 1 2 2 1 3 5 15 1 23
18619 2 1 1 7 3 168 1 169 1 172
18620 2 1 5 2 1 8 1 81
18621 2 1 4 2 1 8 1 81
18622 3 1 3 2 1 4 1 5 1 8 1 130
18623 7 1 2 2 2 4 1 8
18624 1 5 1 6 5 15 1 21
18625 3 1 1 2 1 7 1 8
18626 7 1 2 2 2 4 1 7 1 8
18627 2 1 1 6 1 7 1 41
18628 3 1 1 4 1 5 1 8 1 130
18629 5 1 1 4 1 8 4 15 1 21 1 26
18630 4 1 11 2 2 3 1 8 1 29
18631 2 1 1 2 1 8 1 128
18632 5 1 3 2 1 4 1 8
18633 3 1 2 3 1 5 1 6
18634 3 1 4 2 1 3 1 6
18635 3 1 7 2 1 8
18636 4 1 3 2 1 3 2 8 1 29
18637 4 1 5 2 1 3 1 8
18638 7 1 2 3 1 4 1 8
18639 
18640 2 1 2 2 1 6 1 8 5 15 1 18
18641 3 1 3 2 1 4 1 5 1 6
18642 5 1 1 4 1 7 1 8
18643 2 1 1 2 1 8 1 33
18644 5 1 11 2 3 3 1 8 1 29
18645 1 2 5 15 1 25 1 113
18646 4 1 2 2 2 8
18647 4 1 1 3 1 6 1 8
18648 4 1 2 2 2 8
18649 3 1 3 2 1 3 1 6
18650 4 1 2 8
18651 2 1 2 2 1 8 5 15 1 18
18652 5 1 1 2 2 3 1 8
18653 4 1 10 2 2 8
18654 
18655 
18656 2 1 1 2 1 5 1 8
18657 1 1 1 2 3 15 2 20 1 25
18658 1 2 10 15 1 21 1 25
18659 2 1 2 2 8 15 2 18 2 53 1 66
18660 2 1 4 2 8 15 2 18 2 53 1 66
18661 2 1 3 2 8 15 2 18 2 53 1 66
18662 2 1 4 2 8 15 2 18 2 53 1 66
18663 2 1 5 2 8 15 2 18 2 53 1 66
18664 2 1 6 2 8 15 2 18 2 53 1 66
18665 2 1 7 2 8 15 2 18 2 53 1 66
18666 2 1 8 2 8 15 2 18 2 53 1 66
18667 2 1 1 6 4 15 1 20 1 22
18668 2 1 1 6 3 15 2 20 1 22
18669 2 1 1 6 3 15 2 20 1 22
18670 2 1 1 6 2 15 3 20 1 22
18671 2 1 5 2 8 15 2 18 2 53 1 66
18672 2 1 10 2 8 15 2 18 2 53 1 66
18673 2 1 3 2 1 8 1 29 1 48
18674 4 1 1 4 1 8 1 29 1 48
18675 2 1 1 2 1 9 1 29 1 48 1 130
18676 3 1 2 2 1 9 1 29 1 48
18677 3 1 1 2 1 9 1 29 1 48
18678 2 1 1 2 1 3 5 15 1 25
18679 1 1 4 2 1 6 5 15 1 28
18680 4 1 3 2 2 3 1 6
18681 2 1 1 2 8 15 2 18 2 53 1 66
18682 3 1 1 2 1 8 1 9 2 130
18683 
18684 1 2 1 3 1 8 2 128 2 130
18685 1 1 1 3 1 8 1 128 2 130
18686 1 7 1 8 1 128 2 130
18687 1 1 2 5 1 8 1 14
18688 1 7 1 8 1 128 2 130
18689 1 1 1 2 1 9 1 128 2 130
18690 1 1 1 6 5 15 1 25
18691 2 1 1 3 5 15 1 25
18692 2 1 8 2 1 6
18693 3 1 1 8 1 50
18694 2 1 1 3 1 6 5 15 1 25
18695 2 2 1 9 2 128 2 130
18696 2 1 2 2 2 8 2 130
18697 2 1 1 8 3 15 1 18 2 20
18698 1 1 1 2 1 14 5 15 1 25
18699 2 1 12 2 1 6
18700 5 1 1 2 2 3 1 8 1 34
18701 2 1 2 2 1 4 1 6 2 29
18702 1 1 2 2 1 6 1 7 1 29
18703 2 15 1 18 3 20 1 66 5 168 1 169
18704 3 1 1 3 1 8 5 15 1 18
18706 1 1 1 2 1 8 2 128
18707 1 1 13 2 1 6 1 31
18708 2 1 7 2 1 6
18709 3 1 3 2 1 3 1 6
18710 2 1 1 2 1 3 1 6 1 128
18711 2 1 2 2 1 8 1 128
18712 2 1 3 2 1 8 1 128
18713 3 1 2 8 5 15 1 18
18714 3 1 2 8 4 15 1 18 1 20
18715 2 5 3 6
18716 2 5 4 6
18717 2 1 2 2 2 6
18718 1 1 19 2 1 6 1 29
18719 1 1 5 2 1 6 1 128
18720 2 1 10 2 2 6
18721 
18722 2 1 11 2 1 6
18723 2 1 12 2 1 6
18724 4 1 2 2 2 3 1 6
18725 3 1 4 15 1 22 1 25
18726 1 1 4 2 1 12 5 15 1 18
18727 1 1 5 2 1 12 5 15 1 18
18728 2 1 2 2 1 3 1 12 5 15 1 18
18729 2 1 1 2 1 3 1 12 5 15 1 18
18730 1 1 1 2 1 6 5 15 1 21
18731 4 1 2 2 2 3 1 6
18732 2 1 6 2 8 15 2 18 1 21 1 53 1 66
18733 1 1 2 2 1 12 4 15 1 18 1 20
18734 1 1 3 2 1 12 4 15 1 18 1 20
18735 2 1 1 2 1 3 1 12 4 15 1 18 1 20
18736 1 1 4 2 1 12 4 15 1 18 1 20
18737 2 1 1 7 1 8 5 15 1 18
18738 5 1 1 3 1 4 1 6
18739 2 1 1 2 1 8 7 15 2 16 1 18
18740 2 1 1 3 4 15 1 20 1 25
18741 1 1 7 2 5 15 1 25
18742 1 5 4 15 1 20 1 25
18743 1 1 7 2 1 5 1 6
18744 4 1 1 2 1 4 1 6
18745 2 1 3 2 2 6
18746 1 1 3 2 1 6 1 128
18747 1 1 4 2 1 6 1 128
18748 1 1 1 6 3 168 1 172
18749 4 1 2 8
18750 1 1 3 2 1 6 1 128
18751 1 1 4 2 1 6 1 128
18752 3 1 1 2 1 6 1 8 1 48
18753 2 1 2 6 1 41
18754 3 1 4 2 1 8
18755 5 1 2 2 1 4 1 8
18756 1 1 1 5 1 6 1 41
18757 1 1 3 15 2 20 1 25
18758 2 1 5 2 1 8 5 15 1 18
18759 1 1 4 2 1 6 1 128
18760 1 1 6 2 1 6 1 128
18761 2 1 2 2 1 8 2 168 1 169
18762 4 1 4 15 2 17 1 170 1 173
18763 2 1 4 15 2 17 2 168 1 173
18764 1 1 1 2 1 8 1 127 1 130
18765 2 1 3 2 1 8 5 15 1 18
18766 1 13 5 15 1 25
18767 4 1 3 2 1 3 1 8
18768 1 1 5 2 1 5 1 6
18769 1 8 5 15 1 25 2 130
18770 2 1 1 8 5 15 1 25
18771 2 1 2 2 1 5 1 8
18772 1 1 2 2 1 8 10 15 1 18 1 21
18773 2 1 3 2 1 9 2 29
18774 5 1 2 3 1 6 1 110
18775 4 1 1 2 3 3 1 6 1 29
18776 5 1 2 3 1 4 1 6 1 29
18777 1 2 1 5 1 8 1 130 5 168 1 176
18778 1 1 1 2 1 6 4 168 1 169
18779 1 1 4 2 1 5 1 6
18780 2 1 3 2 1 8 1 81
18781 2 1 1 2 1 8 1 81
18782 2 1 6 2 8 15 2 18 2 53 1 66
18783 3 1 1 4 1 6 1 130
18784 3 1 1 2 1 9 5 15 1 18
18785 2 2 2 6 2 128
18786 4 1 2 2 1 3 1 8
18787 2 1 1 2 1 8 1 13
18788 4 1 1 2 1 8 1 35
18789 1 5 4 15 1 20 1 25
18790 3 1 1 2 1 4 5 15 1 25
18791 3 1 4 2 1 3 1 6 1 34
18792 1 1 4 2 1 6 5 15 1 21
18793 4 1 1 2 2 3 1 6
18794 2 1 1 6 1 149
18795 1 1 9 2 1 6 1 128
18796 13 168 1 171
18797 4 1 1 2 2 3 1 6
18798 2 1 6 2 1 6
18799 2 1 1 2 1 5 1 8
18800 1 1 2 2 1 6 5 168 1 169
18801 
18802 1 1 1 6 3 168 1 169 1 179
18803 2 1 3 2 8 15 2 18 2 53 1 66
18804 2 1 7 2 8 15 2 18 2 53 1 66
18805 2 1 8 2 8 15 2 18 2 53 1 66
18806 2 1 2 8 2 49
18807 2 1 4 15 1 21 1 25
18808 3 1 1 2 1 6 1 8
18809 2 1 4 2 8 15 2 18 2 21 2 172 1 173 4 181
18810 3 1 7 2 1 3 1 41
18811 1 1 9 2 8 15 2 18 1 53 1 66 1 80
18812 1 1 6 2 1 6 1 128
18813 3 1 5 2 1 8
18814 2 1 1 2 1 9 1 29 1 48 1 128
18815 1 1 1 2 1 29 4 168 2 169
18816 2 1 1 3 1 6 1 128
18817 3 1 3 2 1 3 1 6
18818 4 1 4 2 2 8
18819 1 1 4 2 1 6 1 29
18820 1 1 5 2 1 6 1 128
18821 1 1 4 2 1 6 1 128
18822 3 1 1 2 1 3 1 6 1 109
18823 1 1 1 8 1 113 1 130
18824 4 1 2 3 1 6 1 109
18825 4 1 1 2 1 3 1 6 1 110
18826 3 1 2 2 1 3 1 6 1 109
18827 3 1 2 2 2 3 1 33
18828 3 1 1 2 1 3 1 6 1 7
18829 2 1 1 3 1 6 1 130 3 168 2 169
18830 4 1 2 2 2 4 1 6 2 29
18831 3 1 3 2 1 4 1 6 1 108
18832 4 1 4 2 2 4 2 29
18833 2 1 1 3 1 6 1 130 4 168 2 169
18834 
18835 3 1 8 2 1 8
18836 3 1 4 2 1 4 1 6 1 108
18837 6 1 1 3 1 4 1 6 1 110
18838 1 1 12 2 1 6 1 128
18839 1 1 8 2 1 3 1 6 2 29
18840 
18841 3 1 1 4 1 5 1 8 1 128
18842 3 1 1 4 1 5 1 8 1 127
18843 3 1 1 2 1 4 1 5 1 8 1 127
18844 3 1 1 2 1 6 1 8
18845 3 1 1 2 1 6 1 8
18846 2 1 2 2 1 6 1 7
18847 2 1 2 2 2 8 2 130
18848 3 1 2 2 1 4 1 5 1 8 1 128
18849 3 1 2 2 1 4 1 5 1 8 1 130
18850 2 1 5 2 1 8 1 29
18851 2 1 6 2 1 8 1 31
18852 1 1 1 8 5 15 1 53 1 128
18853 3 1 5 2 1 6 1 61
18854 3 1 5 2 1 6 1 61
18855 4 1 3 2 2 3 1 8 5 15 1 18
18856 4 1 2 2 2 3 1 8 5 15 1 18
18857 2 1 2 2 1 3 1 6 1 31
18858 1 1 4 15 1 20 1 25
18859 1 1 13 2 2 15 3 20 1 25
18860 3 1 2 2 1 3 1 8 5 15 1 18
18861 2 1 1 2 1 6 1 7 1 48
18862 3 1 1 6 1 8 1 48
18864 4 1 3 2 1 3 1 8
18865 4 1 4 2 1 3 1 8
18866 1 2 5 15 1 25 1 108
18867 5 1 4 2 1 4 1 8
18868 6 1 2 2 1 3 1 4 1 8
18869 5 1 5 2 1 4 1 8
18870 6 1 3 2 1 3 1 4 1 8
18871 4 1 2 2 1 8 5 15 1 23
18872 4 1 2 2 1 4 1 8 5 168 1 169
18873 4 1 1 6 1 52
18874 3 1 2 2 1 8 10 15 1 18 1 23
18875 2 1 1 2 1 5 1 8
18876 3 1 2 2 1 6 1 8
18877 4 1 1 2 2 8
18878 3 1 2 2 1 7 1 8
18879 4 1 1 2 1 6 1 9
18880 3 1 3 2 1 6 1 8
18881 3 1 3 2 1 7 1 8
18882 3 1 3 2 1 6 1 8
18883 4 1 2 2 2 8
18884 4 1 1 2 1 3 1 6 1 8
18885 3 1 2 2 1 3 1 6 1 7
18886 4 1 2 2 2 8
18887 5 1 1 2 1 8 1 9
18888 4 1 2 2 1 7 1 9
18889 2 1 5 2 1 6 1 7
18890 3 1 4 2 1 6 1 8
18891 4 1 2 2 1 3 1 5 1 9
18892 4 1 2 2 1 4 1 5 1 8
18893 4 1 4 2 2 8
18894 5 1 1 2 1 3 1 4 2 6
18895 2 1 5 2 1 3 1 5 1 6
18896 3 1 6 2 1 6 1 8
18897 1 1 1 6 1 130 1 149
18898 6 1 1 2 3 3 1 7 1 8
18899 2 1 10 2 2 6
18900 4 1 8 2 2 8
18901 10 1 2 3 2 4 2 8
18902 3 1 13 2 1 6 1 8
18903 4 1 5 2 2 8
18904 7 1 2 4 1 7 1 8
18905 1 1 9 2 1 5 1 6
18906 1 3 1 4 1 8 6 128
18907 18 15 5 18 1 25
18908 2 1 4 2 1 9 10 15 2 18
18909 4 1 6 2 2 8 1 14
18910 1 6 1 68 1 130
18911 1 6 1 72 1 108
18912 1 2 1 6 1 86 1 130
18913 1 6 1 86 1 108
18914 4 1 3 2 1 3 1 8
18915 5 1 1 2 1 3 1 4 1 6
18916 3 1 5 2 1 3 1 6
18917 4 1 3 2 1 3 1 8
18918 4 1 6 2 1 9
18919 3 1 7 2 1 8
18920 5 1 3 2 2 3 1 8
18921 4 1 6 2 1 3 1 8
18922 3 1 8 2 1 8
18923 7 1 2 2 1 3 2 4 1 6
18924 8 1 2 2 1 3 2 4 1 8
18925 5 1 7 2 1 3 1 4 1 6
18926 2 1 13 2 1 6
18927 3 1 13 2 1 8
18928 3 1 13 2 1 8
18929 3 1 14 2 1 8
18930 7 1 3 3 1 9
18931 2 1 5 2 1 5 1 8
18932 5 1 2 3 1 6 1 8
18933 5 1 7 2 1 8 1 9
18934 1 1 1 6 3 168 1 169 2 179
18935 3 1 2 2 1 3 1 8 1 33
18936 5 1 2 2 1 4 1 8
18937 3 1 1 7 1 8 1 14
18938 4 1 1 4 1 6 1 7
18939 6 1 1 7 2 9
18940 5 1 1 7 1 8 1 9
18941 4 1 2 7 1 9
18942 4 1 1 4 1 8 5 15 1 26
18943 4 1 1 2 1 7 1 9
18944 1 1 6 2 1 5 1 6
18945 2 1 4 2 1 3 1 5 1 6
18946 3 1 3 2 1 3 1 8 1 29
18947 3 1 2 2 1 6 1 8
18948 2 1 1 6 1 8 5 15 1 18
18949 2 1 1 6 1 8 7 15 2 16 1 18
18950 2 1 7 2 1 5 1 8 1 14
18951 3 1 2 3 1 6 1 29
18952 1 1 1 2 1 3 1 6 1 13 1 29
18953 3 1 2 2 1 3 1 8 1 14 1 29
18954 2 1 1 2 1 3 1 6 1 12 1 29
18955 3 1 4 2 1 8
18956 2 1 9 2 1 3 1 5 1 6
18957 2 1 1 2 1 6 1 41
18958 3 1 22 2 1 3 1 6
18959 2 1 1 5 1 6 1 8
18960 2 1 1 2 1 5 1 6 1 8
18961 1 1 4 2 2 5 1 8
18962 3 1 2 2 1 5 2 8
18963 2 1 1 2 1 8 1 128
18964 1 1 2 2 1 6 1 40
18965 2 1 3 2 1 8 1 29
18966 2 1 1 6 4 168 2 169
18967 2 1 1 6 4 168 2 169
18968 2 1 13 2 1 3 5 15 1 25
18969 2 1 1 2 1 8 2 168 1 169
18970 
18971 
18972 
18973 
18974 1 1 1 2 1 6 3 168 1 172
18975 4 1 1 2 1 6 2 168 1 169 1 170 1 172
18976 1 1 13 168 1 172
18977 2 1 3 2 1 8 1 14 4 168 1 172
18978 3 1 1 6 1 169 1 170 2 171
18979 2 1 18 2 4 168 2 169
18980 10 168 2 169
18981 1 1 1 2 4 15 1 20 1 25
18982 1 1 1 2 4 15 1 20 1 25
18983 1 1 3 15 2 20 1 25
18984 1 1 3 15 2 20 1 25
18985 1 1 2 2 1 6 5 15 1 21
18986 2 1 1 2 4 15 1 21 1 25
18987 1 1 1 2 3 15 2 20 1 25
18988 2 1 1 8 3 15 1 18 2 20
18989 1 1 2 15 3 20 1 25
18990 2 1 3 2 1 8 5 15 1 18
18991 2 1 1 2 1 3 1 6 5 15 1 21
18992 3 1 1 2 1 3 1 8 5 15 1 18
18993 3 1 1 2 1 3 1 8 5 15 1 18
18994 3 1 1 2 1 8 5 15 1 22
18995 4 1 1 4 1 8 5 15 1 18
18996 3 1 1 2 4 15 1 22 1 25
18997 3 1 3 15 1 20 1 22 1 25
18998 1 1 1 2 2 15 3 20 1 25
18999 3 1 1 2 3 15 1 20 1 22 1 25
19000 1 1 2 2 2 15 3 20 1 25
19001 2 1 5 2 1 8 5 15 1 18
19002 4 1 1 2 2 3 1 8 5 15 1 18
19003 1 1 4 2 2 15 3 20 1 25
19004 3 1 5 2 1 3 1 8 5 15 1 18
19005 1 1 13 2 3 15 2 20 1 25
19006 2 1 18 2 1 8 5 15 1 18
19007 
19008 1 1 1 5 1 8 5 15 1 18
19009 1 2 1 5 1 6 5 15 1 21
19010 2 1 1 8 5 15 1 25
19011 1 1 1 2 1 5 1 8 5 15 1 18
19012 1 1 2 2 1 6 5 15 1 26
19013 1 1 1 2 1 5 1 8 5 15 1 21
19014 2 1 1 2 1 3 1 6 5 15 1 25
19015 1 1 3 2 2 6 5 15 1 21
19016 3 1 2 2 1 3 1 8 5 15 1 25
19017 2 1 3 2 1 3 1 7 5 15 1 25
19018 3 1 3 2 1 3 1 8 5 15 1 25
19019 3 1 3 2 1 3 1 6 1 8 5 15 1 21
19020 2 1 4 15 2 25
19021 1 1 1 5 4 15 1 21 1 25
19022 2 1 7 2 2 6
19023 2 1 3 2 1 3 1 6 1 7 5 15 1 25
19024 1 1 7 2 4 6 5 15 1 21
19025 4 1 3 2 1 3 5 15 1 23
19026 2 1 3 2 1 3 3 15 2 20 1 25
19027 2 1 9 2 1 8 5 15 1 18
19028 2 1 1 2 1 8 5 15 1 28
19029 2 1 1 5 1 6 1 50 1 51
19030 1 1 5 2 3 6 5 15 1 21
19031 2 1 1 2 4 15 1 25 1 53
19032 
19033 1 1 4 2 4 15 1 25 1 30 1 48
19034 3 1 1 2 1 3 1 6 1 34
19035 4 1 2 2 2 8
19036 1 1 1 8 10 15 1 18 1 21
19037 2 1 1 2 1 9 10 15 2 18
19038 1 1 2 2 10 15 1 22 1 25
19039 3 1 2 2 1 4 1 8 10 15 2 18
19040 8 15 1 18 2 20 1 25
19041 1 1 1 2 1 8 13 15 1 18 2 20 1 21 1 22
19042 2 1 8 2 1 8 3 15 2 17 1 18 4 168
19043 
19044 3 1 2 2 1 3 1 8 4 15 2 17 1 169 1 171
19045 2 1 1 2 1 8 7 15 2 16 1 18
19046 2 1 16 2 1 8 7 15 2 16 1 18
19047 
19048 
19049 
19050 2 1 2 2 1 7 1 8 4 15 2 17 1 169 1 171
19051 3 1 2 2 1 3 1 7 1 8 1 31
19052 4 1 1 3 1 8 1 34
19053 3 1 2 2 1 3 1 6 1 34
19054 7 1 1 4 1 8 1 36
19055 3 1 5 2 1 3 1 6 1 34
19056 3 1 6 2 1 3 1 6 1 34
19057 3 1 7 2 1 3 1 6 1 34
19058 7 1 4 2 1 4 1 8 1 36
19059 3 1 8 2 1 3 1 6 1 34
19060 3 1 15 2 1 8 1 34
19061 7 1 1 2 2 4 1 8
19062 7 1 2 2 2 4 1 8
19063 1 1 1 2 1 6 1 128
19064 1 1 2 2 1 6 1 128
19065 2 1 2 2 1 3 1 6 1 128
19066 1 1 19 2 1 6 1 128
19067 3 1 1 2 1 3 1 8 7 15 2 16 1 18
19068 2 1 2 15 2 17 2 20 2 169 1 171
19069 1 1 1 2 1 8 1 29 1 130
19070 1 1 1 8 1 122 1 130
19071 2 1 2 2 1 8 1 29
19072 4 1 2 2 1 3 4 15 1 23 1 30
19073 1 1 1 2 1 6 1 31 1 48
19074 1 1 1 2 1 8 4 15 1 18 1 29 1 48 1 80
19075 1 1 1 2 1 8 4 15 1 18 1 29 1 48 1 123
19076 2 1 1 2 1 8 4 15 1 18 1 29 1 48 1 53
19077 1 1 1 2 1 8 5 15 1 18 1 29 1 48
19078 1 1 1 2 1 8 4 15 1 18 1 20 1 29 1 48
19079 2 1 1 2 1 8 4 15 1 18 1 29 1 48 1 53
19080 1 1 1 2 1 6 1 48 1 49
19081 1 1 1 6 1 41 1 49
19082 1 1 1 9 1 29 1 33 1 128
19083 2 1 3 2 1 9 1 29 1 48 1 130
19084 4 1 3 2 1 3 1 9 1 29 1 48
19085 3 1 3 2 1 9 1 29 1 48
19086 4 1 1 2 1 3 1 9 1 29 1 48
19087 1 1 1 2 1 8 1 29 1 48 1 119
19088 2 1 1 2 1 9 1 29 1 48 1 129
19089 3 1 4 2 1 9 1 29 1 48
19090 4 1 2 2 1 3 1 9 1 29 1 48
19091 2 1 1 2 1 9 1 29 1 33 1 48
19092 2 1 1 2 1 9 1 29 1 33 1 41
19093 3 1 1 8 1 29 1 35
19094 3 1 1 4 1 8 1 29 1 33
19095 2 1 1 2 1 8 1 29 1 34
19096 3 1 1 2 1 8 1 29 1 35
19097 4 1 1 2 1 8 1 29 1 36
19098 5 1 1 3 1 8 1 29 1 36
19099 3 1 1 8 1 29 1 91
19100 3 1 6 2 1 8
19101 4 1 5 2 1 3 1 8
19102 7 1 1 2 1 3 1 4 1 9
19103 7 1 1 2 2 4 1 8
19104 7 1 1 3 2 4 1 6
19105 7 1 1 2 1 3 1 4 1 9
19106 5 1 3 2 3 3 1 6
19107 7 1 5 2 2 4 1 8
19108 4 1 10 2 2 3 1 6
19109 1 1 3 2 1 6 1 29
19110 6 1 13 2 3 3 1 8
19111 3 1 5 15 2 16 3 45
19112 1 1 2 2 4 15 2 17 3 168 1 169
19113 1 1 4 2 3 15 1 47 1 71 1 124 6 168 2 170
19114 5 1 6 2 2 3 1 4 5 168 1 169
19115 5 1 2 168 1 169 2 170
19116 2 1 1 2 1 3 2 168 1 172 1 179
19117 1 1 1 2 2 168 1 172 1 179
19118 2 1 1 3 2 168 1 172 1 179
19119 3 1 3 2 1 3 1 41
19120 2 1 3 2 1 3 1 4 3 128
19121 2 1 1 2 1 3 1 4 1 5 1 10 1 29
19122 1 1 3 2 1 33 1 42 1 130
19123 6 1 2 2 2 3 1 4
19124 9 15 1 18 1 21 1 24
19125 3 1 1 2 3 15 2 17 1 20 1 168 1 169 1 173
19126 4 1 10 168 2 170 4 179
19127 3 1 4 2 2 3 1 127
19128 4 1 1 3 1 8 5 15 1 22
19129 2 1 16 2 2 88
19130 
19131 3 1 1 4 4 19 1 24
19132 
19133 
19134 1 49 1 114 1 118
19135 
19136 3 2 5 15 1 22 2 29
19137 
19138 2 1 6 15 2 16 1 20 1 22
19139 2 1 15 2 4 15 2 53
19140 4 1 4 2 1 4 1 50
19141 1 1 23 2 1 68
19142 1 1 6 2 1 12 5 15 1 18
19143 1 1 2 15 1 19 2 20 1 21
19144 2 1 1 48 2 168 1 169 1 172
19145 1 1 8 15 2 18 1 53 1 80
19146 1 1 1 12 5 15 1 21
19147 3 1 3 15 2 17 1 20 3 169
19148 4 15 1 63 1 80 1 81
19149 1 33 6 168 1 169
19150 1 1 6 2 4 15 1 19 1 45
19151 1 1 3 15 2 16 1 19 1 21 1 62 1 123 1 126
19152 4 1 4 168 4 169 1 170
19153 4 1 1 2 2 3 1 50
19154 1 1 1 8 5 15 1 18 5 168 1 169
19155 3 1 2 2 2 3 1 40
19156 4 1 2 168 2 169 1 170
19157 1 5 1 6 5 15 1 25
19158 4 1 9 2 1 4 1 41
19159 3 1 1 79 1 81 4 168 1 169 1 170
19160 
19161 
19162 4 1 3 15 2 22 1 80
19163 
19164 5 1 1 2 1 4 3 15 1 20 1 23 1 30
19165 13 15 5 18 5 168 1 169
19166 4 1 1 2 1 3 1 4 1 40
19167 2 1 3 2 1 8 5 15 1 25
19168 3 1 3 15 2 17 1 21 2 168 1 170
19169 1 5 4 15 1 20 1 25
19170 7 1 3 2 3 4 1 29
19171 2 1 2 15 2 17 2 20 1 168 2 169
19172 1 1 1 8 5 15 1 21 1 29 1 48
19173 2 1 2 2 1 8 1 29 1 48
19174 2 1 1 8 1 29 1 48
19175 2 1 1 2 1 7 1 50
19176 3 1 4 2 1 3 1 41
19177 3 1 2 3 1 4 3 29
19178 3 168 1 174 2 179
19179 3 1 3 2 1 3 1 50
19180 2 1 15 2 1 50
19181 2 1 2 2 1 7 1 50
19182 
19183 12 169
19184 5 15 1 53 1 65
19185 2 1 5 168 2 169 1 170
19186 1 1 3 2 1 6 1 128
19187 
19188 8 15 1 18 1 30 1 37 1 126
19189 7 15 1 18 3 20 1 37
19190 8 15 2 20 2 21
19191 1 1 1 2 3 168 1 169 2 180
19192 2 1 1 6 1 109
19193 1 9 2 108 2 130
19194 3 1 4 2 2 8 1 29
19195 1 1 5 2 9 15 2 18 1 53 1 66
19196 3 1 3 2 1 8 1 41 2 48
19197 1 1 7 2 1 6 1 31
19198 1 1 1 2 1 6 1 127
19199 4 1 2 2 1 3 1 4 1 6 1 31
19200 1 1 4 2 1 6 1 128
19201 2 1 5 2 1 8 1 81
19202 2 1 4 2 1 8 1 81
19203 2 1 4 2 1 8 1 81
19204 2 1 4 2 1 8 1 81
19205 2 1 4 2 1 8 1 81
19206 2 1 3 2 1 8 1 81
19207 
19208 2 1 4 2 1 3 1 6 1 33
19209 7 1 1 2 2 4 1 8
19210 2 1 1 8 1 31
19211 2 5 2 6
19212 1 5 5 15 1 25
19213 2 1 1 2 1 3 1 5 1 6
19214 2 1 2 2 1 8 1 29
19215 1 6 2 127
19216 5 1 2 2 1 4 1 8
19217 
19218 4 1 1 2 1 4 1 6
19219 
19220 3 1 2 2 1 3 1 6
19221 
19222 3 1 1 2 1 4 1 48 1 57 1 67 1 143
19223 2 1 5 2 1 8 1 81
19224 2 1 5 2 1 8 1 81
19225 
19226 
19227 2 1 5 2 1 8 1 81
19228 2 1 3 2 1 8 1 81
19229 2 1 2 2 1 8 1 81
19230 2 1 2 2 1 8 1 81
19231 2 1 1 2 1 8 1 81
19232 2 1 3 2 1 8 1 81
19233 2 1 2 2 1 132
19234 1 1 1 8 1 29 1 36 3 129
19235 3 1 1 2 1 6 1 35
19236 2 1 1 2 3 15 1 25 1 30 1 53
19237 6 1 1 2 4 3 1 8 1 38
19238 4 1 12 2 1 4 1 88
19239 3 1 1 2 1 4 1 5 1 8 1 128
19240 3 1 1 2 1 4 1 5 1 8 1 130
19241 5 1 1 3 1 4 1 6
19242 5 1 1 2 1 4 1 8
19243 
19244 
19245 
19246 
19247 
19248 
19249 
19250 
19251 
19252 1 1 1 34 1 127
19253 2 1 1 35 1 127
19254 
19255 3 1 3 2 1 6 1 8
19256 2 1 4 15 2 25
19257 2 1 1 6 1 14
19258 3 1 1 4 1 5 1 6
19259 1 1 1 8 1 29 1 33
19260 2 1 3 2 1 6 1 48
19261 3 1 2 2 1 8
19262 1 1 1 6 1 13
19263 3 1 1 2 1 3 2 6
19264 1 1 3 2 1 6 1 130
19265 1 1 4 2 1 6 1 130
19266 3 1 1 2 1 3 1 6 1 7
19267 
19268 
19269 
19270 
19271 
19272 
19273 
19274 
19275 
19276 
19277 
19278 
19279 
19280 
19281 
19282 
19283 
19284 
19285 
19286 
19287 
19288 
19289 
19290 
19291 
19292 
19293 
19294 
19295 
19296 
19297 
19298 
19299 
19300 
19301 
19302 
19303 
19304 
19305 
19306 
19307 
19308 
19309 
19310 
19311 
19312 
19313 
19314 
19315 
19316 
19317 
19318 
19319 
19320 
19321 
19322 
19323 
19324 
19325 
19326 
19327 
19328 
19329 
19330 
19331 
19332 
19333 
19334 
19335 
19336 
19337 
19338 
19339 
19340 
19341 
19342 
19343 
19344 
19345 
19346 
19347 
19348 
19349 
19350 
19351 
19352 
19353 
19354 
19355 
19356 
19357 
19358 
19359 
19360 
19361 
19362 
19363 
19364 
19365 
19366 
19367 
19368 
19369 
19370 
19371 
19373 
19374 
19375 
19376 
19377 
19378 
19379 
19380 
19381 
19382 
19383 
19384 
19385 
19386 
19387 
19388 
19389 
19390 
19391 
19392 
19393 
19394 
19395 
19396 
19397 
19398 
19399 
19400 
19401 
19402 
19403 
19404 
19405 
19406 
19407 
19408 
19409 
19410 
19411 
19412 
19413 
19414 
19415 
19416 
19417 
19418 
19419 
19420 
19421 
19422 
19423 
19424 
19425 
19426 
19427 
19428 
19429 
19430 
19431 
19432 
19433 
19434 
19435 
19436 
19437 
19438 
19439 
19440 
19441 
19442 
19443 
19444 
19445 
19446 
19447 
19448 
19449 
19450 
19451 
19452 
19454 
19455 
19456 
19457 
19458 
19459 
19460 
19461 
19462 
19463 
19464 
19465 
19466 
19467 
19468 
19469 
19470 
19471 
19472 
19473 
19474 
19476 
19477 
19478 
19479 
19480 
19481 
19482 
19483 
19484 
19485 
19486 
19487 
19488 
19489 
19490 
19491 
19492 
19493 
19494 
19495 
19496 
19497 
19498 
19499 
19500 
19501 
19502 
19503 
19504 
19505 
19506 
19507 
19508 
19509 
19510 
19511 
19512 
19513 
19514 
19515 
19516 
19517 
19518 
19519 
19520 
19521 
19522 
19523 
19524 
19525 
19526 
19527 
19528 
19529 
19530 
19531 
19532 
19533 
19534 
19535 
19536 
19537 
19538 
19539 
19540 
19541 
19542 
19543 
19544 
19545 
19546 
19547 
19548 
19549 
19550 
19551 
19552 
19553 
19555 
19556 
19557 
19558 
19559 
19560 
19563 
19564 
19565 
19566 
19567 
19568 
19569 
19570 
19571 
19572 
19573 
19574 
19575 
19576 
19577 
19578 
19579 
19581 
19582 
19583 
19584 
19585 
19586 
19588 
19589 
19590 
19591 
19592 
19593 
19594 
19595 
19596 
19597 
19598 
19599 
19602 
19603 
19604 
19605 
19606 
19607 
19608 
19609 
19610 
19611 
19612 
19613 
19614 
19615 
19616 
19617 
19618 
19619 
19620 
19621 
19622 
19623 
19624 
19625 
19626 
19627 
19628 
19629 
19630 
19631 
19632 
19633 
19634 
19635 
19636 
19637 
19638 
19639 
19640 
19641 
19642 
19643 
19644 
19645 
19646 
19647 
19648 
19649 
19650 
19651 
19652 
19653 
19654 
19655 
19656 
19657 
19658 
19659 
19660 
19661 
19662 
19663 
19664 
19665 
19666 
19667 
19668 
19669 
19670 
19671 
19672 
19673 
19674 
19675 
19676 
19677 
19678 
19679 
19680 
19681 
19682 
19683 
19684 
19685 
19686 
19687 
19688 
19689 
19690 
19691 
19692 
19693 
19694 
19695 
19696 
19697 
19698 
19699 
19700 
19701 
19702 
19703 
19704 
19705 
19706 
19707 
19708 
19709 
19710 
19711 
19712 
19713 
19714 
19715 
19716 
19717 
19718 
19719 
19720 
19721 
19722 
19723 
19724 
19725 
19726 
19727 
19728 
19729 
19730 
19731 
19732 
19733 
19734 
19735 
19736 
19737 
19738 
19739 
19740 
19741 
19742 
19743 
19744 
19745 
19746 
19747 
19748 
19749 
19750 
19751 
19752 
19753 
19754 
19757 
19758 
19759 
19760 
19761 
19762 
19763 
19765 
19766 
19767 
19768 
19769 
19770 
19771 
19772 
19773 
19774 
19775 
19776 
19777 
19778 
19779 
19780 
19781 
19782 
19783 
19784 
19785 
19786 
19787 
19788 
19789 
19790 
19791 
19792 
19793 
19794 
19795 
19796 
19797 
19798 
19799 
19800 
19801 
19802 
19803 
19804 
19805 
19806 
19807 3 1 1 2 1 3 1 42 1 65
19808 1 1 1 3 5 15 1 22 1 29 1 57
19809 
19810 1 1 2 65 1 67 1 107
19811 2 1 5 2 2 41
19812 
19813 
19814 
19815 1 1 7 2 4 15 1 19 1 21
19816 5 15 4 16 1 19 2 20 2 62
19817 2 1 2 2 1 3 8 15 4 17 1 60 2 168 1 176
19818 
19819 2 1 2 15 2 17 2 53 6 168 5 169 1 170 1 172 2 176 1 179 1 180
19820 1 1 3 2 7 15 4 17 1 60 1 123 1 176 1 181
19821 3 168 3 175
19822 1 15 1 19 1 20 2 21 2 29 1 30
19823 5 2 7 15 4 17 1 23 1 29 3 129 4 168 3 176 1 181
19824 4 1 1 2 4 15 1 22 1 50 1 64
19825 6 15 1 18 2 19 2 20 1 63
19826 2 2 1 31 1 54 1 55
19827 1 2 3 3 5 29 1 34
19828 1 1 2 2 8 15 1 18 1 19 1 22 1 60 1 126
19829 
19830 
19831 
19832 1 1 2 2 9 15 1 19 1 21 1 60 1 64
19833 3 1 1 2 4 15 1 22 1 50 1 64 1 108
19834 1 2 7 15 2 17 1 18 1 53 1 124 4 168 2 169 1 175 2 179
19835 1 1 1 2 10 15 1 18 1 22 1 50 1 60
19836 2 2 1 60 2 108
19837 3 1 4 2 1 3 5 15 2 16 1 19 1 61 1 63 1 123
19838 1 29 1 31
19839 5 15 1 37 4 168 1 169
19840 3 1 1 13 4 15 1 22 1 50 1 64
19841 
19842 
19843 1 1 10 2 4 15 1 19 1 21
19844 2 1 1 2 1 3 8 15 4 17 1 60 1 176 1 182
19846 2 1 11 2 1 168 1 171 1 172 1 176
19847 1 65 2 81 2 168 1 169 1 170
19848 8 168 4 176
19849 1 1 3 2 7 15 4 17 1 23 3 129 4 168 3 176 1 181
19850 3 1 4 15 1 22 1 50 1 64 1 111
19851 4 3 4 29 1 31 1 38
19852 1 1 3 2 8 15 4 17 1 60 1 176 1 181
19853 1 1 3 2 1 54 1 55 1 92
19854 
19855 1 108 1 117
19856 2 1 1 166
19857 1 1 5 15 1 25 1 48
19858 2 1 1 158
19859 3 1 5 168 2 169 1 170 1 172 1 174
19860 6 29 6 169
19861 1 2 4 29 1 168 4 169 1 179
19862 
19863 3 15 1 32 2 124
19864 1 2 4 29 1 49 5 169 1 179
19865 2 1 8 15 1 18 1 23 2 53 2 72
19866 2 1 1 3 3 168 1 169 1 170 1 174
19867 
19868 1 1 1 2 1 3 2 29
19869 7 168 2 169
19870 3 1 3 168 3 169 1 170
19871 3 1 2 168 3 169
19872 
19873 4 168 2 169 1 179 2 180
19874 3 1 2 168 3 169
19875 1 9 10 15 2 18 2 129
19876 
19877 1 1 2 2 1 55 1 92 1 143
19878 3 1 1 2 1 3 1 7 1 8 1 33
19879 14 15 1 18 1 37 2 63
19880 1 15 1 19 2 62 2 80
19881 1 1 4 2 1 49 1 50
19882 3 1 1 3 4 15 1 21 1 37
19883 
19884 
19885 2 1 1 8 1 31 2 130 2 169 1 170
19886 1 1 2 2 1 72 8 168 4 169
19887 2 1 5 2 3 50
19888 
19889 
19890 
19891 
19892 
19893 
19894 
19895 
19896 
19897 
19898 1 1 1 2 8 15 1 20 1 29 1 37 1 53 1 64
19899 6 1 2 4 2 168 2 169 2 181
19900 6 1 2 4 2 168 2 169 2 181
19901 1 1 1 5 2 6
19902 1 1 10 2 5 15 1 22 5 168 1 169
19903 3 1 3 168 1 169 2 170 1 180
19904 
19905 2 1 1 2 2 3 1 31 1 107 3 168 1 169 1 175
19906 1 117 5 118 1 119
19907 3 2 1 29 1 49
19908 2 1 1 2 1 6
19909 
19910 
19911 2 1 8 2 4 50
19912 
19913 
19914 6 1 2 15 1 20 2 23 1 30
19915 2 1 6 2 1 7 1 48
19916 1 81 1 83
19917 
19918 
19919 1 1 1 5 1 6
19920 8 169
19922 
19923 1 2 4 29 1 49 5 169 1 179
19924 
19925 
19926 1 1 7 2 1 29 2 50
19927 5 15 1 25 1 31
19928 3 1 2 168 1 170 1 172 1 180
19930 
19931 
19933 2 1 1 3 1 33 1 59 1 87
19934 
19935 
19936 1 3 1 29 2 108
19937 
19938 1 1 10 2 3 6 1 31
19939 1 1 4 168 3 169
19940 2 52 1 119 5 129
19941 
19943 3 1 4 2 1 3 1 8 1 29
19944 2 72
19945 1 1 1 33 1 59 1 86
19946 10 15 1 18 1 25
19947 
19948 2 2 1 29 7 118 1 119
19949 1 2 1 49 1 119
19950 5 15 1 25 1 38
19951 
19952 
19953 4 1 8 2 1 3 1 91
19954 
19955 
19956 
19957 1 1 1 2 8 15 2 18 1 21 1 23 1 53 5 124 2 129
19958 1 1 8 2 3 50 1 134
19959 2 1 2 2 1 3 1 29
19960 1 1 4 15 1 25 1 30 1 48
19961 1 49 1 116 2 119
19962 1 5 1 134
19963 
19964 
19965 1 110 1 119 1 122 1 129
19966 1 166 4 168 1 171
19967 2 1 1 3 1 29 1 31 1 42
19968 3 1 2 2 1 3 1 5 1 8
19970 1 1 7 2 4 15 1 32 1 53
19971 3 1 2 29 4 168 3 169 2 170 1 172 1 176 2 179 2 180
19972 
19973 6 29 6 169
19974 1 1 3 2 1 50
19977 1 1 10 2 4 6 1 31
19978 
19979 
19980 2 1 4 2 1 6
19981 2 1 3 15 1 25 1 30 1 53
19982 1 1 2 168 1 169 1 171 1 179
19983 1 1 1 2 1 29 1 136
19984 
19985 1 2 1 5 1 50 1 134
19986 3 1 2 168 1 169 2 170 2 180
19987 
19988 3 1 2 168 1 169 2 170 2 180
19989 3 15 1 80 2 126
19991 1 1 1 3 1 31 1 54 1 88 1 107
19992 1 52 1 112 1 118 1 120 1 122 2 129
19993 1 1 3 2 1 7 1 48 1 49 1 50
19994 1 3 4 15 1 21 1 30 1 31 1 54 1 88 1 107
19995 
19996 
19997 1 1 6 15 2 16 1 20 1 37
19998 6 1 2 15 2 23 1 30 1 39
19999 2 1 1 29 5 168 1 169 2 170 1 173 1 174 1 179 1 180
20000 2 2 4 31 2 61 4 168 2 169
20001 2 15 1 62 2 80 1 123
20002 2 1 2 2 1 152
20003 2 2 1 3 3 44
20004 
20005 
20006 
20007 5 15 2 16 2 17 1 30 1 171 2 180
20008 2 1 2 2 1 41 1 79 1 81
20009 1 1 7 15 4 17 1 123 4 168 1 175 2 176 1 178
20010 
20011 1 1 1 49 1 66
20012 3 1 2 2 1 8 8 15 3 18 1 48 1 53 1 66
20013 2 1 1 7 3 168 1 169 1 172
20014 
20015 1 1 1 15 4 19
20016 
20017 
20018 
20019 
20020 
20021 3 1 1 29 3 168 2 169 2 170
20022 
20023 
20024 1 1 1 14
20025 
20026 
20027 6 15 1 18 1 30 1 53 3 123
20028 8 15 2 18 2 19
20029 1 1 9 2 2 29 1 34 1 136 1 168 3 169 1 179
20030 2 2 4 3 6 29
20031 1 1 13 2 1 6 2 29 1 34 1 136 1 168 3 169 1 179
20032 
20033 
20034 2 1 1 8 1 130
20035 1 1 1 5 2 6
20036 3 1 1 2 1 8
20037 1 1 5 15 1 60 1 153
20038 
20039 3 1 1 2 1 31 1 168 1 169 1 170 1 172
20040 1 7 5 15 1 21 1 49
20041 1 1 1 8 5 15 1 18 1 49
20042 1 1 1 8 5 15 1 18 1 49
20043 3 1 1 4 7 15 2 19 1 35 1 53 1 123
20045 1 2 4 29 1 168 4 169 1 179
20046 
20047 1 52 5 118 3 119 1 129
20048 2 1 3 168 1 170 1 182
20049 1 1 5 15 1 22 1 49
20050 
20051 
20052 6 1 2 4 1 6
20053 
20054 4 1 1 15 2 17 1 22 2 30 1 31 5 168 1 169 2 170
20056 
20057 
20058 
20059 
20060 1 1 1 2 3 15 1 63 2 80
20061 
20062 5 15 1 21 1 70 2 72
20063 2 1 3 2 1 4 3 15 2 20 1 31 1 53
20064 1 1 9 15 1 21 1 47 1 53
20065 1 2 1 3 1 31 1 54 1 86 1 107
20066 1 1 1 6 1 108
20067 12 1 2 3 4 4 2 6
20068 
20069 
20070 12 168 2 175 4 179
20071 2 1 1 8 1 130
20072 1 29 6 168 7 169 1 170
20073 5 1 5 15 1 18 2 52
20074 
20075 
20078 
20079 
20080 
20081 
20082 
20083 
20084 
20085 
20086 
20087 
20088 
20089 
20090 
20091 
20092 
20093 
20094 
20095 
20096 
20097 
20098 
20099 
20100 
20101 
20102 
20103 
20104 
20105 
20106 
20107 
20108 
20109 
20110 
20111 
20112 
20114 
20115 
20116 
20117 
20118 
20121 
20122 
20123 
20124 
20125 
20126 
20127 
20128 
20129 
20130 
20131 
20132 
20133 
20134 
20135 
20137 
20138 
20139 4 15 1 22 1 30 1 31 1 65
20140 1 1 2 2 8 15 1 18 1 19 1 22 1 60 1 123
20141 
20143 
20144 
20145 
20146 
20147 
20148 
20149 
20150 
20151 
20152 
20154 
20155 
20156 
20157 
20158 
20159 
20160 
20161 
20162 
20163 
20165 
20166 
20167 
20169 
20170 
20171 
20172 
20173 
20174 
20175 
20176 
20177 
20178 
20179 
20180 
20181 
20182 
20183 
20184 
20185 
20186 
20187 
20188 
20189 
20190 
20191 
20192 
20193 
20194 
20195 
20196 
20197 
20198 
20199 
20200 
20201 
20202 
20203 
20204 
20206 
20207 
20208 
20209 
20211 
20212 
20213 
20214 
20215 
20216 
20217 
20218 
20219 
20220 
20222 
20223 
20224 
20225 
20226 
20227 
20228 
20229 
20230 
20231 
20232 
20233 
20234 
20235 
20236 
20237 
20238 
20239 
20240 
20242 
20243 
20244 
20245 
20246 
20247 
20248 
20249 
20250 
20251 
20252 
20253 
20254 
20255 
20257 
20258 
20259 
20260 
20261 
20262 
20263 
20264 
20265 
20266 
20267 
20268 
20269 
20270 
20271 
20272 
20273 
20275 
20276 
20277 
20278 
20279 
20280 
20281 
20282 
20285 
20286 
20287 
20288 
20289 
20290 
20291 
20292 
20293 
20294 
20295 
20296 
20297 
20298 
20299 
20300 
20302 
20303 
20304 
20305 
20306 
20308 
20310 
20311 
20312 
20313 
20314 
20315 
20316 
20317 
20318 
20319 
20320 
20323 
20324 
20325 
20326 
20327 
20328 
20329 
20330 
20331 
20332 
20333 
20334 
20335 
20336 
20337 
20338 
20339 
20340 
20341 
20342 
20343 
20344 
20345 
20346 
20347 
20348 
20349 
20350 
20351 
20352 
20353 
20354 
20355 
20356 
20357 
20358 
20359 
20360 
20361 
20362 
20363 
20364 
20365 
20366 
20367 
20368 
20369 
20370 
20371 
20372 
20373 
20374 
20375 
20376 
20378 
20379 
20380 
20381 
20382 
20383 
20384 
20385 
20386 
20387 
20388 
20390 
20391 
20392 
20393 
20394 
20395 
20396 
20397 
20398 
20400 
20401 
20402 
20403 
20404 
20405 
20406 
20407 
20408 
20409 
20410 
20411 
20412 
20413 
20414 
20415 
20416 
20418 
20419 
20420 
20421 
20422 
20423 
20425 
20426 
20427 
20428 
20429 
20430 
20431 
20432 
20433 
20434 
20435 
20436 
20437 
20438 
20439 
20440 
20441 
20442 
20443 
20444 
20445 
20446 
20448 
20449 
20450 
20451 
20452 
20453 
20454 
20455 
20456 
20457 
20458 
20459 
20460 
20461 
20462 
20463 
20464 
20465 
20467 
20468 
20469 
20471 
20473 
20474 
20475 
20476 
20477 
20479 
20480 
20481 
20482 
20483 
20484 
20485 
20486 
20487 
20488 
20489 
20490 
20491 
20492 
20493 
20494 
20495 
20496 
20497 
20498 
20499 
20500 
20501 
20502 
20503 
20504 
20505 
20506 
20507 
20508 
20511 
20512 
20513 
20514 
20515 
20516 
20518 
20519 
20520 
20521 
20522 
20523 
20524 
20525 
20527 
20528 
20529 
20530 
20531 
20532 
20533 
20534 
20535 
20536 
20537 
20538 
20539 
20540 
20542 
20543 
20544 
20545 
20546 
20547 
20548 
20549 
20550 
20551 
20552 
20553 
20554 
20555 
20556 
20557 
20558 
20559 
20560 
20562 
20563 
20564 
20566 
20568 
20569 
20570 
20571 
20572 
20573 
20574 
20576 
20577 
20578 
20579 
20580 
20581 
20582 
20584 
20586 
20587 
20588 
20590 
20591 
20593 
20594 
20596 
20597 
20598 
20599 
20600 
20601 
20602 
20603 
20604 
20605 
20607 
20608 
20609 
20610 
20611 
20612 
20613 
20614 
20615 
20616 
20617 
20618 
20619 
20620 
20621 
20622 
20623 
20624 
20625 
20626 
20627 
20628 
20629 
20630 
20631 
20632 
20633 
20635 
20636 
20637 
20638 
20639 
20640 
20641 
20643 
20644 
20645 
20646 
20647 
20648 
20649 
20650 
20652 
20653 
20654 
20655 
20656 
20657 
20658 
20659 
20661 
20662 
20663 
20664 
20665 
20666 
20667 
20669 
20670 
20671 
20672 
20673 
20674 
20675 
20676 
20677 
20678 
20679 
20680 
20682 
20683 
20684 
20685 
20686 
20687 
20688 
20689 
20690 
20691 
20692 
20693 
20694 
20695 
20696 
20697 
20698 
20699 
20700 
20701 
20702 
20703 
20704 
20705 
20706 
20707 
20708 
20709 
20710 
20711 
20712 
20713 
20714 
20715 
20716 
20717 
20718 
20719 
20720 
20721 
20722 
20725 
20726 
20728 
20729 
20730 
20731 
20732 
20733 
20734 
20735 
20736 
20738 
20739 
20740 
20741 
20742 
20743 
20744 
20746 
20748 
20749 
20750 
20751 
20752 
20753 
20756 
20757 
20759 
20760 
20761 
20762 
20763 
20765 
20766 
20767 
20768 
20769 
20770 
20771 
20772 
20773 
20774 
20775 
20776 
20777 
20778 
20779 
20780 
20781 
20782 
20783 
20784 
20785 
20786 
20787 
20788 
20789 
20790 
20791 
20792 
20793 
20794 
20795 
20796 
20797 
20798 
20799 
20800 
20802 
20803 
20804 
20805 
20806 
20807 
20808 
20812 
20813 
20814 
20815 
20816 
20818 
20819 
20820 
20821 
20822 
20823 
20824 
20825 
20827 
20828 
20829 
20830 
20831 
20832 
20833 
20834 
20835 
20836 
20837 
20838 
20839 
20840 
20841 
20842 
20843 
20844 
20845 
20846 
20847 
20848 
20849 
20850 
20851 
20853 
20854 
20855 
20856 
20857 
20858 
20861 
20862 
20864 
20865 
20866 
20867 
20868 
20869 
20870 
20871 
20872 
20873 
20874 
20875 
20876 
20878 
20879 
20880 
20881 
20882 
20883 
20884 
20887 
20888 
20889 
20890 
20892 
20893 
20894 
20895 
20896 
20898 
20899 
20900 
20901 
20902 
20903 
20904 
20905 
20906 
20907 
20908 
20909 
20910 
20911 
20912 
20913 
20914 
20915 
20916 
20917 
20918 
20919 
20920 
20921 
20922 
20923 
20924 
20925 
20926 
20927 
20928 
20929 
20930 
20931 
20932 
20933 
20934 
20935 
20936 
20937 
20938 
20939 
20940 
20941 
20942 
20943 
20944 
20945 
20947 
20948 
20949 
20950 
20951 
20952 
20953 
20955 
20956 
20957 
20958 
20960 
20962 
20963 
20964 
20965 
20966 
20967 
20968 
20969 
20970 
20972 
20973 
20974 
20975 
20976 
20978 
20979 
20980 
20981 
20982 
20983 
20984 
20986 
20987 
20988 
20989 
20990 
20991 
20992 
20994 
20995 
20996 
20997 
20998 
20999 
21000 
21001 
21002 
21003 
21004 
21006 
21007 
21008 
21009 
21010 
21011 
21013 
21014 
21015 
21016 
21017 
21018 
21019 
21020 
21021 
21022 
21024 
21025 
21026 
21027 
21028 
21029 
21030 
21031 
21032 
21033 
21034 
21035 
21037 
21038 
21039 
21041 
21042 
21043 
21044 
21046 
21047 
21048 
21050 
21051 
21052 
21053 
21054 
21055 
21056 
21057 
21058 
21059 
21060 
21061 
21063 
21064 
21066 
21067 
21068 
21069 
21070 
21071 
21072 
21073 
21074 
21075 
21076 
21077 
21078 
21079 
21080 
21081 
21082 
21083 
21087 
21091 
21092 
21093 
21094 
21097 
21098 
21099 
21100 
21101 
21102 
21103 
21104 
21105 
21106 
21107 
21108 
21109 
21110 
21111 
21112 
21113 
21114 
21115 
21116 
21117 
21118 
21119 
21120 
21121 
21122 
21123 
21124 1 1 1 3 5 15 1 22 1 29 1 57
21125 
21126 
21127 
21128 
21129 
21130 
21131 
21133 
21134 
21135 
21136 
21137 4 1 2 170 1 179
21138 
21139 1 1 1 2 1 68 1 69
21140 4 1 1 35 1 42
21141 
21142 
21143 
21144 
21145 
21146 
21147 
21148 
21149 
21150 
21151 
21152 
21153 
21154 
21155 
21156 
21157 
21158 2 15 1 20 1 62 2 80
21159 3 1 1 3 2 50 2 79 2 81
21160 2 1 1 2 2 50 2 79 2 81
21161 5 15 1 22 2 81
21162 3 15 1 20 2 80
21163 
21164 
21165 9 15 1 25 1 47 1 123
21166 2 1 2 2 1 66
21167 
21168 
21169 1 50 1 117 2 118 1 119
21170 3 15 2 30 1 80
21171 
21172 2 1 10 2 1 152
21173 3 1 2 168 2 169 1 170 1 172
21174 4 29 1 168 4 169 1 179
21175 8 15 4 17 2 169 2 175 2 179
21176 1 1 1 2 1 48 2 168 1 169
21177 
21179 2 1 1 29 4 168 1 169 1 170
21180 1 1 1 6 1 38
21181 4 15 1 25 1 30 1 31
21182 2 1 2 6
21183 2 1 10 2 3 6 1 41
21184 2 1 3 2 1 3 1 29
21185 3 1 3 2 3 168 3 169
21186 3 1 3 2 3 168 3 169
21187 4 1 2 3 1 6
21188 1 1 2 2 15 15 1 21 2 22
21189 1 1 17 2 4 15 2 17 3 168 1 169
21190 5 1 1 2 2 4 1 29
21191 4 1 1 3 1 4 1 29
21192 3 1 2 2 1 43 1 48 1 128
21193 2 1 1 2 1 15 2 16 4 19 1 21 1 62
21194 2 1 2 2 1 15 2 16 4 19 1 21 1 62
21195 10 15 1 18 1 21 1 102
21196 1 1 1 8 1 31 1 130
21197 
21198 9 130 5 169 3 170 1 173
21199 
21200 
21201 2 1 5 2 1 8 1 81
21202 
21203 3 1 1 2 2 3 1 31 1 55 1 107
21204 1 1 1 31 2 168 2 169 1 171
21205 2 1 3 2 8 15 2 18 1 21 1 53 1 66
21206 
21207 8 1 6 2 6 3
21208 
21209 
21210 
21211 
21212 3 1 4 15 1 22 1 26
21213 3 1 1 4 1 40 3 168 1 169 1 172
21214 
21215 3 1 3 2 1 3 1 50
21216 3 1 1 2 1 3 1 29 1 42
21217 
21218 4 1 2 3 2 48
21219 
21220 
21221 
21222 
21223 
21224 2 1 3 168 2 169 1 175
21225 
21226 
21227 8 15 2 20 2 45
21228 
21229 
21230 
21231 1 2 10 15 2 147
21232 
21233 6 15 2 16 1 125 1 126
21234 1 81 4 168 1 176 1 179
21235 2 81 3 168 2 176 1 179
21236 
21237 2 1 5 2 1 3 5 15 1 45
21238 
21239 1 1 7 2 1 3 2 29
21240 2 1 1 3 5 15 1 28 1 34
21241 5 15 1 25 1 72
21242 1 50 1 114 1 118 1 119
21243 
21244 
21245 
21246 2 1 9 2 8 15 2 18 1 21 1 53 1 66
21247 
21248 
21249 
21250 
21251 
21252 5 15 1 21 4 168 1 169 1 175
21253 
21254 
21255 1 1 3 15 1 53 2 123
21256 
21257 
21258 4 1 1 2 1 4 1 41
21259 1 1 3 2 1 49 1 136
21260 2 1 3 2 1 50 1 136
21261 2 1 4 2 1 50 1 136
21262 
21263 1 1 1 7 10 15 1 21 1 22
21264 1 1 10 2 7 15 2 16 1 29 1 99
21265 1 1 12 2 7 15 2 16 1 29 1 99
21266 12 15 2 16 1 21 1 29 1 99
21267 11 15 2 16 1 20 1 29 1 37 1 64
21268 11 15 2 16 1 20 1 29 1 37 1 64
21269 11 15 2 16 1 29 1 37 1 64 1 123
21270 11 15 2 16 1 29 1 37 1 64 1 80
21271 1 1 11 15 2 16 1 29 1 37 1 53 1 64
21272 1 1 11 15 2 16 1 29 1 37 1 53 1 64
21273 2 1 4 2 2 15 1 64 3 80
21274 2 168 2 169 1 171 1 174
21275 2 2 8 15 2 53 2 126
21276 7 15 2 18 3 80
21277 
21278 
21279 2 1 1 2 1 3 1 29 1 41
21280 2 1 5 2 8 15 2 18 1 21 1 53 1 66
21281 
21282 
21283 2 1 3 15 2 80 1 147 1 168 1 170 1 176
21284 
21285 
21286 
21287 
21288 
21289 2 1 3 2 7 15 1 18 1 30 1 37 2 53
21290 4 15 1 18 1 19 1 63 5 80
21291 
21292 6 15 1 18 1 19 1 63 3 80
21293 
21294 1 1 3 15 1 64 2 80 1 81
21295 1 1 1 15 3 19 1 63 1 81
21296 
21297 
21298 
21299 
21300 
21301 
21302 
21303 
21304 1 3 5 15 1 22 1 29 1 81 1 113
21305 
21306 
21307 4 15 2 16 1 62 3 80
21308 
21309 4 2 1 4 2 41 2 128 2 130
21310 
21311 4 15 1 19 1 23 3 129
21312 1 1 12 2 2 6 5 15 1 21 1 107
21313 1 15 5 80
21314 6 80
21315 2 1 1 2 1 3 5 15 1 22 1 29
21316 3 1 3 15 1 20 1 23 1 62
21317 2 8 4 127
21318 1 1 3 20 1 21 2 126
21319 
21320 14 15 4 16 1 18 1 63
21321 
21322 
21323 2 1 6 15 2 18 3 20 1 22
21324 6 1 5 21 1 37
21325 
21326 
21327 4 168 1 169
21328 5 168 1 169
21329 
21330 1 1 13 2 4 15 1 21 1 30
21331 
21332 
21333 
21334 1 1 1 2 4 15 1 37 1 41 1 80
21335 1 1 9 15 1 18 1 25 1 53
21336 
21337 
21338 
21339 
21340 
21341 
21342 
21343 
21344 
21345 
21346 
21347 2 1 7 15 1 18 1 22 1 25 2 80
21348 1 2 7 15 2 16 1 21 1 29
21349 6 1 3 170 6 179
21350 1 33 2 81 2 168 1 170 1 176
21351 
21352 
21353 
21354 
21355 2 1 2 2 1 6 1 48
21356 1 1 2 2 1 3 1 6 2 29
21357 3 1 13 2 1 3
21358 3 1 16 2 1 3
21359 3 1 17 2 1 3
21360 3 1 18 2 1 3
21361 3 1 19 2 1 3
21362 3 1 13 2 1 3
21363 3 1 17 2 1 3
21364 3 1 18 2 1 3
21365 3 1 19 2 1 3
21366 1 1 3 2 1 3 1 29 1 33
21367 
21368 
21369 
21370 
21371 
21372 
21373 
21374 
21375 
21376 3 1 14 2 1 3
21377 1 1 9 2 1 13 8 15 2 18 1 47 1 53
21378 3 1 14 2 1 3
21379 
21380 
21381 
21382 2 1 2 15 2 53 2 80
21383 6 2 2 83
21384 7 2 2 83
21385 8 2 2 83
21386 9 2 2 83
21387 10 2 2 83
21388 3 15 2 17 1 30 3 168 1 180
21389 1 1 7 15 1 18 1 30 1 37 1 53 1 124
21390 
21391 4 15 1 18 1 20 1 63 5 80
21392 1 1 7 15 1 18 1 30 1 37 1 53 1 124
21394 4 15 2 17 1 31 1 168 1 169 2 179
21395 
21396 
21397 1 15 1 62 4 80
21398 2 1 1 2 1 6 1 41
21399 1 1 2 2 1 3 8 15 2 32 2 53
21400 
21402 3 1 2 2 1 4 1 49
21403 4 15 2 18 6 20
21404 5 15 1 18 3 168 1 169 1 170 2 179
21405 
21406 1 1 1 2 1 6 1 31 1 48
21407 2 1 2 2 5 15 1 37 1 61
21408 
21409 5 15 1 25 1 49
21410 2 1 2 2 5 15 1 22 1 50
21411 2 1 3 2 1 61 1 81
21412 2 1 5 2 1 61 1 81
21413 2 2 2 60 2 81
21414 2 15 3 80 1 126
21415 
21416 
21417 14 15 2 18 1 64 1 80
21418 
21419 4 15 2 17 2 168 1 179 1 180
21420 
21421 
21422 
21423 5 15 1 21 1 29 4 168 1 169 1 176
21424 6 15 2 16 1 62 1 126
21425 9 168 1 169 1 175 1 176
21426 
21427 
21428 
21429 1 1 7 15 1 18 2 30 1 37 1 53
21430 5 1 2 2 1 3 2 51
21431 6 15 2 16 1 19 1 126
21432 
21433 
21434 1 1 3 2 4 15 1 18 1 29 1 53 1 66
21435 3 2 5 15 1 18 1 29 1 66
21436 4 15 1 65 1 80 1 154
21437 
21438 
21439 
21440 1 1 1 50 3 168 3 169 3 179
21441 9 168 1 179 1 180
21442 1 1 1 3 5 15 1 37 5 168 1 176
21443 
21444 
21445 3 81 4 168 3 176
21446 
21447 2 1 5 15 2 18 2 20 1 21 2 30 1 67
21448 2 1 6 15 2 18 1 21 2 30 1 67 1 80
21449 2 1 6 15 2 18 1 20 1 21 2 30 1 67
21450 1 2 5 15 1 18 1 49 2 168 2 169 2 179
21451 
21452 
21453 
21454 2 109 2 119
21455 2 115 2 122
21456 2 1 6 2 7 15 1 18 1 30 1 37 2 53
21457 2 1 7 15 1 18 1 30 1 37 2 53
21459 
21460 
21461 
21462 2 1 2 18 2 19 3 123 3 126
21463 
21464 4 1 24 2 2 3
21465 
21466 9 15 1 25 1 47 1 123
21467 
21468 
21469 
21470 2 1 1 3 1 29 1 78 1 109 1 112
21471 
21472 
21473 
21474 
21475 
21476 8 15 1 18 1 22 2 53 1 113 2 119
21477 
21478 1 1 7 2 1 29 1 41
21479 9 15 1 25 1 47 1 123
21480 
21481 
21482 
21483 
21484 
21485 
21486 
21488 
21489 
21490 
21491 4 1 10 2 2 3 1 158
21492 
21493 
21494 1 1 3 15 2 20 1 37
21495 9 2 1 5 1 29
21496 
21497 2 1 1 3 4 168 1 169 1 180
21498 
21499 
21500 
21501 2 1 1 2 1 9 2 128
21502 1 1 6 2 1 29 1 41
21503 4 1 1 3 1 169 2 172
21504 2 1 4 2 1 14 2 41
21505 4 1 2 2 3 3 1 29 1 34
21506 3 1 2 2 1 6 1 35
21507 1 1 7 2 11 168 7 169
21508 2 1 1 2 5 15 1 21 2 168 2 169 1 170 1 172
21509 2 1 1 2 5 15 1 28 2 168 2 169 1 170 1 172
21510 2 1 1 2 5 15 1 25 2 168 2 169 1 170 1 172
21511 4 1 2 2 1 3 1 4 7 168 3 169
21512 3 1 4 2 1 3 1 6
21513 2 1 2 2 2 109
21514 1 6 2 49
21515 4 1 4 2 1 3 1 159
21516 6 1 3 3 1 161
21517 5 1 5 21 1 123
21518 
21519 3 2 2 41 1 50 2 130
21520 
21521 2 1 2 2 1 3 1 134
21522 
21523 
21524 1 1 10 15 1 18 1 22 3 168 2 170 3 179
21525 1 2 5 15 1 25 1 29
21526 1 1 4 15 1 21 1 62
21527 
21528 
21529 2 1 10 2 1 3 1 31
21530 2 1 1 9 10 15 2 18
21531 
21532 9 15 1 25 1 31 1 37 1 53
21533 4 1 16 2 2 3
21534 
21535 4 1 2 2 2 67
21536 3 1 1 3 3 15 2 17 1 20 2 168 2 169
21537 3 1 1 4 4 15 1 21 1 32
21538 
21539 4 1 3 2 1 5 3 8
21540 1 2 5 15 1 22 2 128
21541 5 1 2 2 3 19 1 29 3 64
21542 8 2 6 15 4 17 2 21 6 168
21543 2 1 11 15 6 16 1 22
21544 2 1 1 2 1 4 1 33 1 40
21545 1 1 11 2 9 168 5 169
21546 2 1 3 15 1 20 1 53 1 64 1 87
21547 
21548 1 1 5 2 1 41 2 118 1 119
21549 11 129 1 169 5 170
21550 4 1 6 2 3 3 1 29
21551 4 1 10 15 2 18 2 52
21552 9 15 4 16 1 30
21553 1 1 1 2 1 29 1 55
21554 5 1 9 2 4 3 1 128
21555 7 1 2 2 1 4 1 29 2 52
21556 1 1 3 15 1 21 1 62 1 80
21557 1 2 1 13 4 15 1 19
21558 4 2 1 128 4 168 1 169
21559 3 1 1 3 2 168 2 169 1 171
21560 1 1 11 15 6 16 1 21
21561 
21562 4 15 1 53 1 119 1 123
21563 3 1 2 2 1 3 1 29 1 31 9 168 6 169 2 170
21564 4 15 2 17 2 168
21565 6 1 1 2 3 19 3 64
21566 2 1 1 4 1 29 5 168 1 169
21567 1 1 9 2 2 50 1 134
21568 2 1 5 15 1 21 1 31 1 107 3 169 1 170 1 176 1 180 1 181
21569 2 1 1 2 3 168 1 170 2 179
21570 3 1 4 2 1 3 1 50
21571 9 15 2 17 1 21 2 168 1 172
21572 10 15 2 18 1 168 2 169 1 171
21573 16 168 2 170 4 179
21574 3 1 1 3 1 50 1 88
21575 1 1 15 2 3 19 1 21 2 62
21576 1 1 11 2 2 168 1 169 1 171
21577 2 1 11 2 5 15 1 22
21578 12 2 10 15 2 21
21579 3 15 1 20 1 24 1 30
21580 3 1 1 2 1 7 1 29 1 43
21581 5 1 3 19 1 29 3 64
21582 4 1 3 2 2 3 4 168 2 169
21583 2 1 5 2 3 168 1 170 2 179
21584 1 1 2 168 1 172 2 179
21585 2 1 3 2 3 168 1 170 2 179
21586 1 1 1 7 4 168 1 172
21587 1 5 4 15 1 20 1 21
21588 1 8 5 15 1 18 2 130
21589 2 1 1 8 1 128
21590 2 1 1 8 1 128
21591 4 1 1 2 1 4 1 60
21592 2 1 4 2 1 8 1 130
21593 2 1 1 7 6 168 2 169 1 170 1 174
21594 1 1 6 2 4 15 2 17 2 168 1 169
21595 6 1 4 2 4 3
21596 1 1 3 2 1 3 1 29 4 168 1 169
21597 1 1 4 15 1 22 1 29 1 30
21598 1 1 4 15 1 20 1 22 1 29
21599 2 1 6 2 4 15 1 21 1 22 1 29
21600 2 1 2 2 4 15 1 21 1 22 1 29
21601 2 1 4 2 4 15 1 21 1 22 1 29
21602 2 1 4 2 1 3 1 29
21603 4 15 1 22 2 31 1 80
21604 4 15 1 22 2 31 1 80
21605 1 1 3 168 1 169 1 174
21606 4 1 1 2 1 3 1 4 1 31
21607 1 130 3 171 1 172
21608 4 1 1 2 1 29 1 51 1 52
21609 
21610 1 2 1 8 3 31
21611 1 1 12 2 4 15 1 21 1 24
21612 1 1 14 2 4 15 1 21 1 24
21613 1 1 16 2 4 15 1 21 1 24
21614 3 1 1 4 1 29 3 168 1 169 1 172
21615 4 1 4 2 2 3 4 15 2 45
21616 2 1 11 2 1 6
21617 2 1 2 168 2 169 1 170 1 171
21618 
21619 3 1 2 2 2 3 1 128
21620 2 1 1 2 1 3 4 15 1 32 1 45
21621 3 1 2 2 2 3 1 29
21622 3 1 3 2 1 3 1 41
21623 3 1 13 2 1 3
21624 2 1 5 15 1 22 1 60
21625 2 1 2 2 1 3 1 31
21626 2 1 1 3 5 15 1 22 1 29
21627 4 1 2 2 2 3 8 168 6 169
21628 2 1 1 3 5 15 1 22 1 40
21629 2 116 4 119
21630 
21631 2 1 1 8 7 15 2 16 1 18
21632 
21633 3 1 1 29 1 31 2 169 1 172 2 173 1 179 1 180
21634 
21635 
21636 
21637 
21638 4 1 4 2 8 15 2 18 2 64
21639 8 168 1 169 1 172 1 180
21640 4 1 2 169 1 170 2 179
21641 5 2 3 50 2 54
21642 
21643 2 2 2 29 1 102
21644 4 1 1 2 3 3 2 29 1 61
21645 2 15 1 30 1 32 2 80
21646 4 15 2 27
21647 2 1 4 2 1 8 5 15 1 28
21648 4 1 3 2 2 3 1 41
21649 
21650 2 2 4 3 6 40
21651 5 15 1 18 1 53 5 126
21652 9 168 2 169 1 173
21653 
21654 1 1 2 2 4 15 1 33 1 64 1 80
21655 4 1 14 2 4 15 2 22
21656 4 1 12 2 2 3 4 15 2 21
21657 1 1 2 2 1 5 5 168 1 170
21658 
21659 1 2 5 15 4 29 1 53 5 169 1 179
21660 2 15 3 80 1 124
21661 2 1 1 8 2 15 1 18 3 123 1 130 1 161
21662 4 15 1 53 1 119 1 124
21663 6 15 2 18 2 19 2 20
21664 1 2 3 29 3 169 1 179 1 180
21665 8 15 2 20 1 37 1 45
21666 1 2 2 3 5 29 3 169 1 179 1 180
21667 1 2 1 3 4 29 3 169 1 179 1 180
21669 
21671 2 15 2 18 6 20 2 80
21672 
21673 
21674 1 1 3 2 10 15 1 21 1 22
21675 1 1 4 2 1 43 1 118 1 119 2 129
21676 
21677 
21678 3 1 1 3 4 15 2 17 3 168 4 169
21679 
21680 1 130
21681 5 1 2 2 3 3 1 41
21682 12 1 9 2 3 3 4 4 1 29
21683 2 1 3 2 2 3 2 31
21684 4 1 1 168 2 169 1 170 2 179
21685 1 2 1 3 4 29 3 169 1 179 1 180
21686 
21687 
21688 3 1 1 168 3 169 1 171
21689 1 4 2 15 1 37 3 126 3 128
21690 3 1 1 2 1 7 1 40 1 43
21691 2 1 2 2 6 168 4 169
21692 3 1 1 4 4 168 1 169 1 182
21693 4 15 2 17 6 168
21694 4 72 1 168 6 169 2 170
21695 5 15 1 22 2 33 1 144
21696 5 15 1 21 2 33 1 145
21697 4 1 2 2 2 8
21698 3 1 3 2 2 3 1 29 1 34
21699 3 1 1 2 2 3 1 29 1 34
21700 3 1 2 2 2 3 1 29 1 34
21701 3 1 4 2 2 3 1 29 1 34
21702 5 1 1 2 2 3 1 4 1 29 1 34
21703 4 15 2 17 1 168 2 171
21704 1 1 1 2 1 6 1 134
21705 2 1 5 2 2 50
21706 1 1 4 2 1 5 2 50
21707 1 1 1 50 1 107 4 168 1 169
21708 17 15 2 16 3 18 1 103
21709 4 15 1 29 1 124 1 154
21710 4 15 1 29 1 124 1 154
21711 4 15 1 29 1 124 1 154
21712 1 1 1 6 4 168 1 172
21713 4 1 2 2 2 8
21714 1 1 1 2 5 15 1 21 1 33 1 61
21715 1 1 1 2 5 15 1 33 1 64
21716 1 1 2 2 5 15 1 33 1 64
21717 1 2 5 15 1 21 1 33 1 60
21718 1 2 4 15 1 20 1 21 1 33 1 60
21719 1 2 4 15 1 20 1 21 1 33 1 60
21720 1 1 3 2 5 15 1 21 1 33 1 61
21721 1 2 1 33 1 60 5 168 1 169
21722 1 2 10 15 1 21 1 33 1 64
21723 1 1 2 2 5 15 1 21 1 33 1 61
21724 1 1 3 2 3 15 2 17 1 21 4 168
21725 3 2 1 31 1 143
21726 3 1 4 2 5 15 1 23
21727 4 1 14 2 2 8
21728 1 1 7 2 1 3 2 29 1 58
21729 1 1 9 2 1 3 2 29 1 58
21730 1 1 13 2 1 3 2 29 1 58
21731 1 1 14 2 1 3 2 29 1 58
21732 1 1 7 2 1 3 2 29 1 144
21733 7 1 1 3 1 168 1 169 2 170 1 172
21734 2 1 1 6 1 7
21735 2 1 1 2 1 5 1 8
21736 1 6 2 130
21737 3 1 5 168 3 169 2 170 1 174
21738 3 1 1 3 2 168 2 169 1 170 1 180
21739 3 1 1 2 1 3 2 6
21740 2 1 1 2 1 8 2 168 1 169
21741 1 1 1 2 1 6 1 38
21742 2 1 1 2 1 8 1 128
21743 4 1 3 2 1 4 1 6
21744 2 1 1 4 1 5 1 6 1 29
21745 5 15 1 25 1 127
21746 2 1 1 8 5 15 1 18
21747 10 15 1 18 1 21 1 66
21748 
21749 3 1 1 2 1 8 1 48 1 50
21750 1 5 1 6 4 168 1 172
21751 1 2 10 15 1 21 1 25 1 48
21752 1 1 1 2 4 15 1 20 1 25 1 48
21753 1 1 1 8 1 108 1 130
21754 1 1 1 8 1 108 1 130
21755 1 1 1 14 5 15 1 28
21756 
21757 4 168 12 169 4 170
21758 
21760 
21761 
21762 
21763 
21764 
21765 
21766 
21767 
21768 
21769 
21770 
21771 
21772 
21773 
21774 
21775 5 15 1 21 1 78 1 81
21776 3 1 3 168 1 169 2 170 1 180
21777 2 2 10 15 2 18 2 66
21778 5 2 1 31 4 168 1 169
21779 6 130 1 168 4 169 1 170 2 173
21780 
21781 
21782 4 1 2 2 1 3 4 15 1 23 1 30
21783 
21784 4 1 3 2 2 8
21785 4 1 8 15 2 18 2 22
21786 4 15 2 18 6 20
21788 2 31 2 55 2 144
21789 
21790 2 1 2 130 2 169 1 170
21791 2 1 1 2 1 13 1 91 1 144
21792 
21793 2 1 2 2 1 13 1 91 1 144
21794 1 1 13 2 2 29 1 34 1 136 1 169 1 173 1 179 1 180
21795 
21796 
21797 1 1 17 2 3 168 1 172
21798 7 1 4 2 1 3 2 4 1 41
21799 
21800 8 1 2 2 3 4 1 6 1 58
21801 5 15 1 21 1 168 1 169 2 175 2 180
21802 1 2 7 15 2 16 1 31 1 53
21803 7 1 5 2 3 4 1 29
21804 8 15 2 18 2 20
21805 1 2 1 5 1 49 1 50
21806 
21807 3 15 1 32 2 124
21808 
21809 7 168 1 173
21810 4 1 1 2 2 3 2 169 2 175 2 180
21811 
21812 3 1 1 3 8 168 6 169
21813 
21814 
21815 5 1 1 4 2 168 1 169 1 170 2 179
21816 2 1 1 2 1 3 3 168 1 169 1 179
21817 
21818 3 1 2 3 1 40
21819 1 1 7 15 2 16 1 37
21820 3 2 1 50 2 108
21821 2 1 2 15 1 21 1 80 1 98 1 126
21822 
21823 2 1 4 2 4 168 2 169
21824 1 15 1 20 1 63 1 77 3 80
21825 
21826 3 1 1 3 1 13 1 91 1 144
21830 
21832 4 2 2 54 1 60
21833 2 168 1 171 2 179
21834 1 1 1 6 1 50 1 128
21835 1 1 1 3 1 29 4 168 1 172
21836 1 1 10 2 1 29 1 136
21837 1 1 2 2 1 3 2 49
21838 2 115 2 128
21839 1 2 1 49 1 118 1 119
21840 2 1 3 2 2 3 2 128
21841 
21842 1 2 1 5 1 14 5 168 1 176
21843 
21844 
21845 1 2 4 3 5 29 1 38
21846 4 1 6 168 2 170 4 179
21847 10 1 2 2 2 4 4 15 2 23
21848 5 15 1 22 1 72 5 168 1 176
21850 4 1 1 2 6 168 2 169 2 170 2 173
21851 1 1 1 2 1 6 1 49
21852 1 1 1 2 4 15 1 21 1 126
21853 3 1 3 15 2 17 1 20 1 168 1 169 1 170
21854 
21855 3 80 3 126
21856 5 1 3 2 2 3 10 168 5 169 2 170
21857 3 1 7 2 2 3 1 29
21858 2 1 2 2 1 3 1 38
21859 2 1 1 8 2 15 1 18 3 20
21860 2 1 4 2 1 3 1 7 5 15 1 21
21861 
21862 2 168 10 169
21863 1 2 4 29 1 129 5 169 1 179
21864 4 1 1 4 1 41
21865 8 15 3 18 1 21 2 171 2 176 4 180
21866 3 1 2 2 2 3 1 29
21867 3 1 6 2 2 3 1 29
21868 3 1 3 2 1 4 1 29
21869 2 1 6 2 1 3 1 29
21870 2 1 7 2 1 3 1 29
21871 2 1 3 2 1 3 1 29
21872 1 1 1 108 1 109
21873 2 1 8 2 2 88
21874 
21875 1 1 1 8 10 15 1 18 1 21
21876 
21877 
21878 
21879 6 1 1 15 4 17 1 22 4 168 2 170
21880 4 15 2 17 6 168 2 169
21881 3 15 2 17 1 18 7 168 1 169
21882 
21883 
21884 2 1 2 2 2 3 2 31
21885 5 168 2 179 1 182
21886 1 1 5 2 1 29 1 41
21887 2 1 5 15 1 18 3 168 1 169 2 170 1 174
21888 
21889 
21890 1 9 2 119 2 130
21891 5 15 1 29 1 53
21892 2 1 10 2 1 6
21893 12 15 2 18 3 20 1 22
21894 5 1 1 2 3 4 3 29
21895 
21896 
21897 1 1 4 2 1 3 2 128
21898 1 1 1 5 3 168 1 170 2 179
21899 4 15 1 37 1 119 1 123
21900 5 1 1 2 5 15 3 19 1 21 3 64
21901 
21902 
21903 3 1 4 2 1 3 1 41
21904 1 5 1 6 1 72
21905 
21906 1 1 11 2 8 15 2 18 1 53 1 66 1 80
21907 1 1 7 2 1 12 5 15 1 18
21908 
21909 
21910 
21911 2 1 12 2 2 88
21912 11 15 2 16 1 18 1 20 1 154
21913 
21914 
21915 1 1 1 7 1 12 4 15 1 20 1 21
21916 3 1 2 2 4 15 1 23 1 30
21917 
21918 4 1 1 18 3 19 2 64 6 168 1 176
21919 3 1 11 2 1 3 1 50
21920 4 168 2 169
21921 2 1 14 2 1 6
21922 3 1 10 2 1 3 1 41
21923 3 1 8 2 1 3 1 41
21924 1 1 2 2 1 41 2 79 3 81
21925 2 1 2 2 1 41 2 79 2 81
21926 
21927 
21928 2 1 2 2 1 3 5 15 1 50 1 53
21929 10 168 2 170 4 179
21930 2 1 12 2 1 152
21931 2 1 4 15 1 21 1 22 1 29
21932 2 15 1 18 3 20 5 168 1 169
21933 
21934 9 15 1 18 1 20 1 25
21935 1 1 2 15 2 20 1 21 1 30
21936 4 1 4 15 1 22 1 23 1 29
21937 2 50 2 79 4 81 1 118
21938 
21939 
21940 
21941 1 1 2 2 1 41 2 79 3 81
21942 2 1 2 2 1 41 2 79 2 81
21943 6 2 10 15 2 21
21944 
21945 2 1 4 15 1 18 1 22 2 168 1 169
21946 4 1 2 2 2 3 6 168 4 169
21947 4 1 1 6 1 36
21948 
21949 4 168 4 169 2 179
21950 3 1 5 168 3 169 2 170
21951 3 1 1 4 1 14 5 15 1 28
21952 1 1 8 2 1 43 3 118 1 119 2 129
21953 1 1 3 15 2 20 1 22 1 29
21954 2 13 3 14
21955 4 1 5 168 1 169 1 170 1 171 1 172
21956 1 1 6 2 1 58 5 168 1 169
21957 2 1 6 2 2 88
21958 2 130 1 168 2 169 2 170 1 171 1 179 2 180
21959 3 1 1 2 1 3 1 6 1 50
21960 2 2 1 4 4 29 2 115
21961 3 2 1 4 4 29 1 109
21962 3 2 1 4 4 29 1 115
21963 3 2 1 4 4 29 1 55
21964 2 2 1 4 4 29 2 55
21965 2 1 1 3 1 29 4 168 2 169
21966 1 1 1 7 1 12 5 15 1 21
21967 
21968 10 1 6 2 7 3 1 59
21969 1 8 15 15 2 18 1 21
21970 4 1 1 2 4 15 1 21 1 23
21971 2 1 22 2 1 152
21972 2 2 1 3 2 13 1 29
21973 2 1 2 2 1 3 1 29 1 34
21974 3 1 7 2 1 3 1 41
21975 2 1 12 2 4 15 2 21
21976 2 1 8 2 4 15 2 21
21977 1 116 2 119 11 129 6 170
21978 4 1 10 2 2 3 4 15 2 53
21979 1 1 2 2 4 15 1 21 1 126
21980 6 1 4 15 2 45 2 52
21981 2 1 10 2 2 48
21982 1 1 4 2 4 15 1 21 1 24
21983 1 1 8 168 1 169 1 170
21984 1 1 2 2 4 15 1 21 1 24
21985 2 1 7 2 2 50
21986 2 1 1 2 1 3 1 6 1 29
21987 1 2 1 61 2 79 5 81
21988 4 1 2 3 4 15 2 21
21989 1 1 9 15 2 18 1 26
21990 3 1 1 2 4 15 1 21 1 22
21991 
21992 
21993 1 1 3 2 5 15 1 21 1 58
21994 2 1 2 2 1 3 4 15 1 20 1 63
21995 6 2 2 44
21996 
21997 
21998 2 1 3 2 1 3 1 134
21999 
22000 3 29 1 49 1 168 4 169 1 179
22001 
22002 1 1 14 2 2 6 1 31
22003 4 175 2 180
22004 
22006 
22007 8 15 1 18 1 53 2 63 2 65
22008 2 1 2 2 2 3 2 31
22009 7 15 4 17 1 123 2 179
22010 2 1 6 15 2 16 1 22 1 31 1 53
22011 1 2 2 3 7 29 1 34 1 135 5 169 1 179
22012 
22013 
22014 2 1 2 2 2 3 2 31
22015 5 170 1 180
22016 
22017 2 1 8 2 2 3 10 168 2 169
22018 1 1 5 2 1 3 1 4 2 29 2 83
22019 3 1 3 168 1 169 2 170 1 179 1 180
22020 2 2 4 3 6 40
22021 1 1 3 168 3 169 1 171
22022 1 1 7 15 2 18 1 30 1 53 1 65 1 66 1 154
22023 2 1 2 15 1 30 2 53 1 123
22024 
22025 8 15 1 18 1 53 2 126
22026 3 168 1 174 1 179
22027 2 1 2 2 3 3 2 5 1 29
22028 8 181
22029 3 1 1 168 2 169 1 171 1 172
22030 
22031 
22032 
22033 3 1 3 168 3 169 1 170
22034 1 1 4 168 1 169 1 170
22035 1 1 1 2 1 5 1 8 1 60 1 130
22036 1 8 10 15 2 18 1 31
22037 5 1 3 2 2 3 1 44 8 168 5 169 2 170 1 172
22038 2 1 1 2 1 8 10 15 1 18 1 22
22039 7 168 1 169 1 172
22040 4 1 4 2 1 3 1 51
22041 4 1 8 2 1 3 1 51
22042 2 1 4 15 2 17 1 169 1 172
22043 
22044 2 1 3 2 6 168 2 169 1 173
22045 1 115 1 119 1 122
22046 1 1 14 2 4 15 1 20 1 37
22047 3 1 1 4 5 15 1 25
22048 16 15 8 16 2 19
22049 6 15 2 16 1 29 1 62 1 154
22050 2 1 4 2 8 15 1 18 1 25 2 53
22051 2 1 6 2 1 3 1 40
22052 1 1 1 2 8 15 2 18 1 20 1 21
22053 
22054 6 1 4 168 8 169
22055 2 1 14 2 8 168 4 169
22056 
22057 
22058 
22059 3 1 1 3 6 168 4 169
22060 2 1 4 2 1 3 1 29
22061 5 15 1 53 1 129
22062 5 1 2 2 1 3 1 168 2 169 2 170 1 171
22063 4 1 2 2 1 8 1 168 3 169 1 170 1 171
22064 10 15 2 18 2 132
22065 2 1 1 2 1 3 4 15 1 32 1 45
22066 1 1 1 2 1 3 2 29
22067 2 1 2 2 8 15 2 18 2 53 1 66
22068 2 1 3 2 1 41 1 67 1 101
22069 
22070 4 1 1 18 3 19 2 64 5 168 1 176
22071 1 1 1 2 1 35 1 41 2 129
22072 1 1 1 2 1 8 1 29 1 48 1 117
22073 
22074 1 5 5 15 1 18 2 168 2 169 1 171
22075 1 1 1 5 5 15 1 18 1 168 3 169 1 171
22076 1 1 1 5 5 15 1 18 2 168 2 169 1 172
22077 2 1 1 5 5 15 1 18 2 168 2 169 1 173
22078 2 1 4 168 2 169 1 170
22079 4 1 8 2 1 3 1 8 1 41
22080 4 1 1 2 1 3 4 15 1 22 1 25
22081 13 15 4 18 1 20
22082 2 1 12 2 2 8 10 15 2 18
22083 
22084 10 168 4 169 1 171
22085 3 1 2 2 1 4 1 33 1 41
22086 1 5 1 14 1 61 10 168 2 169
22087 1 1 3 2 5 15 1 18 1 102
22088 2 1 10 2 8 15 2 18 2 53 1 66
22089 2 1 2 2 2 6 2 48
22090 
22091 2 1 16 2 2 88
22092 2 1 18 2 2 88
22093 2 1 20 2 2 88
22094 1 1 5 2 13 15 4 18 1 21
22095 1 1 1 2 5 15 1 18 1 102
22096 
22097 3 1 3 2 1 4 1 29
22098 1 5 4 15 1 20 1 21
22099 6 1 14 2 3 3 1 61
22100 1 33
22101 
22102 2 1 12 2 2 88
22103 2 1 18 2 2 88
22104 
22105 2 1 1 3 5 15 1 22 1 29
22106 2 1 1 8 1 49
22107 2 1 2 15 4 17 6 168 1 170
22108 3 1 1 3 2 15 2 17 2 20 5 168 2 169 1 170
22109 4 15 2 17 5 168 2 169
22110 4 15 2 17 5 168 2 169
22111 2 1 2 2 5 15 1 37 1 103
22112 4 1 4 2 2 3 2 50
22113 3 2 1 5 1 29 1 50
22114 3 1 2 2 1 15 4 17 1 21 6 168 1 170
22115 4 1 2 2 4 17 2 21 6 168 1 170
22116 
22117 9 15 1 18 1 53 1 126
22118 
22119 1 1 1 29 4 168 1 170 1 179
22120 
22121 2 1 5 2 1 3 1 29
22122 
22123 2 15 2 17 2 20 5 168
22124 
22125 
22126 6 1 2 4 2 81 4 168 2 170 2 176
22127 4 81 4 168 2 170 2 176
22128 1 1 1 41 1 168 1 169 1 179 2 180
22129 2 1 1 2 1 3 4 15 1 20 1 45
22130 4 1 2 2 1 3 2 7 1 8
22131 1 1 2 2 8 15 2 18 1 32 1 53 1 66
22132 
22133 10 15 1 21 1 22 1 29
22134 1 33 1 143
22135 6 130 2 168 2 169 3 170 1 173 2 179 1 182
22136 
22137 1 5 4 15 1 20 1 21
22138 4 1 1 29 11 168 9 169 3 170 2 179
22139 8 1 8 168 4 170 4 179
22140 6 1 1 2 2 3 3 168 2 169 1 170
22141 2 1 8 2 1 152
22142 1 1 4 15 2 17 4 168 3 169
22143 
22144 1 1 1 3 2 33
22145 1 1 6 2 1 34 1 130
22146 8 2 2 73
22147 2 1 4 168 2 169 1 170
22148 
22149 
22150 
22151 2 1 8 2 2 88
22152 
22153 
22154 3 1 2 2 2 3 1 40
22155 8 1 8 2 2 3 2 4 2 50
22156 2 2 1 3 15 168 3 169
22157 2 1 13 2 1 3 1 29
22158 
22159 
22160 2 1 2 168 2 170
22161 6 1 2 2 2 4 1 7 3 168 1 169 1 172
22162 2 164 10 168 2 169
22163 3 1 4 2 1 3 1 4 1 31 1 128
22164 6 1 3 19 3 64
22165 4 15 1 24 1 123
22166 2 1 3 2 1 3 1 6 1 29
22167 2 1 1 33 1 167 7 168 3 169 2 170 1 172 1 180
22168 
22169 
22170 8 1 8 2 2 3 2 4 2 41
22171 2 1 2 29 2 42
22172 1 1 1 2 9 168 3 169
22173 
22174 
22176 1 2 3 15 1 22 1 29 2 30 1 57
22177 4 168 2 179 1 182
22178 
22179 3 1 2 168 2 169 1 170 1 172
22180 3 1 2 2 1 3 3 29 1 31 7 168 8 169 2 170
22181 
22182 6 2 3 29 1 58 1 61
22183 1 1 1 48 1 57 1 67 1 143
22184 
22185 
22186 
22187 
22188 1 1 1 13 3 15 2 17 1 29 1 30 6 168 3 169 2 170
22189 
22190 4 1 4 168 3 169 2 170 1 172
22191 5 1 7 2 2 3 1 4 1 29
22192 2 1 12 15 2 17 2 18 2 47 1 170 1 175 1 180
22193 3 1 2 2 1 3 1 5 1 14 1 170 1 175 1 176 3 180
22194 
22195 6 130 6 169
22196 
22197 4 1 2 2 1 3 1 8 1 168 1 169 1 171 1 172
22198 2 1 1 8 9 15 1 18 1 22 1 48 1 53 1 72 2 128 2 169 1 170
22199 2 1 5 2 1 3 1 29
22200 5 15 1 18 1 53 5 126
22201 2 1 2 29 2 42
22202 8 15 1 18 1 25 2 80
22203 
22204 1 1 2 2 5 15 1 23 2 29
22205 5 1 1 4 1 59
22206 3 1 1 5 2 7 3 168 2 169 1 170
22207 3 1 1 170 2 171 1 172
22208 1 36 1 118 3 119 1 129
22209 2 1 1 8 1 130
22210 1 1 1 2 3 15 2 17 1 30 1 41 10 168 5 169 1 170
22211 2 1 1 29 1 33 9 168 6 169 2 170
22212 2 1 1 2 1 41 12 168 5 169 2 170 1 172 1 180
22213 1 1 15 2 7 15 2 16 1 53
22214 1 1 15 2 7 15 2 16 1 53
22215 6 1 5 2 2 4 1 50
22216 2 1 1 2 1 8 1 128
22217 
22218 2 1 4 15 1 25 1 53
22219 3 1 1 3 3 168 1 169 1 172
22220 6 1 5 2 3 3 1 61
22221 2 2 10 15 2 25
22222 
22223 1 1 1 2 2 6 1 29
22224 2 1 1 2 1 8 1 29 1 48
22225 1 1 2 2 5 15 1 25 1 48
22226 1 1 3 15 2 17 1 25 1 168 2 179
22227 1 1 13 2 1 3 1 6 1 29 1 31
22229 1 1 1 6 1 31
22230 1 6 5 15 1 21 1 38
22231 3 1 2 15 2 17 1 20 1 22 3 168 1 169
22232 1 81 1 129
22233 4 15 2 17 1 128 1 168 1 169
22234 1 3 5 15 1 21 1 31 1 54 1 107
22235 4 1 4 2 4 15 2 22
22236 4 168 1 169 2 171 1 176
22237 1 1 3 2 1 3 2 31
22238 
22239 
22240 3 1 7 2 2 3 1 29
22241 2 168 4 169 2 171
22242 2 1 2 3 2 29
22243 4 1 7 15 1 18 1 20 1 22 1 23 1 30
22244 4 1 1 3 1 31 6 168 2 169 2 170 2 172
22245 3 1 2 168 1 169 2 170 1 179 2 180
22246 1 5 2 15 3 20 1 25
22247 2 1 6 2 1 3 1 40
22248 4 15 1 53 1 119 1 126
22249 
22250 2 1 1 2 1 3 1 31 1 55
22251 7 1 5 2 1 3 2 4 1 41
22252 6 15
22253 1 2 1 3 4 29 1 49 4 169 1 179
22254 5 2 8 15 2 32 2 53
22255 9 15 1 18 1 53 1 126
22256 4 1 3 15 2 17 1 20 1 170 1 173
22257 3 1 1 2 4 15 1 23 1 126
22258 
22259 4 15 1 24 1 123
22260 3 1 4 2 2 3 1 40
22261 4 15 1 18 1 126 2 168 1 169
22262 4 1 3 2 1 4 1 8 1 29
22263 3 1 1 3 1 29 3 168 3 169
22264 2 1 2 2 1 158
22265 2 1 1 2 1 3 1 33 1 59 1 86
22266 
22267 
22269 1 1 1 2 10 15 1 18 1 23 1 29
22270 2 50 2 79 2 81 1 118 2 129
22271 4 15 1 98 1 123 1 131
22272 1 1 1 2 2 3 3 29
22273 4 1 9 2 3 3 1 33
22274 8 15 1 18 1 37 2 123
22275 
22276 4 81 2 168 2 169 4 176
22277 1 1 8 2 7 168 1 169
22278 
22279 3 1 1 2 1 3 1 50 1 135
22280 
22281 1 1 4 15 2 17 1 49 1 168 1 169 1 172
22282 1 1 4 15 2 17 1 49 2 168 1 173
22283 1 1 2 15 1 21 1 62 1 80 1 126
22284 2 119 6 129 4 170
22285 
22286 2 1 1 4 1 29 9 168 3 169
22287 
22288 7 2 1 50 2 108
22289 2 1 2 2 2 3 2 128
22290 3 1 11 2 1 8
22291 1 1 1 2 1 8 10 15 1 18 1 21
22292 2 1 3 2 1 9 1 29 1 33
22293 1 1 1 9 1 29 1 33 1 130
22294 2 1 2 2 1 9 1 29 1 33
22295 3 1 1 2 1 3 1 9 1 29 1 33
22296 3 1 1 2 1 3 1 9 1 29 1 33
22297 
22298 1 1 1 2 1 3 1 10 1 29
22299 3 1 15 2 1 4 1 86
22301 
22302 9 1 1 3 2 4 1 36
22303 4 81 3 168 1 170 2 176
22304 2 1 1 2 1 29 2 168 2 169 1 170 1 172
22305 2 1 1 2 1 3 1 68
22306 
22307 
22308 1 5 1 14 1 29 5 168 1 170
22309 
22310 2 1 4 168 1 170 1 174
22311 2 1 1 2 4 15 2 17 3 168 1 170
22312 4 1 4 2 2 3 1 41
22313 1 1 2 15 2 17 1 20 1 21 4 168
22314 
22315 2 15 1 18 3 20 5 168 1 169
22316 
22317 3 1 1 29 1 52 1 135
22318 2 1 2 2 1 8 1 81
22319 2 1 1 8 1 81
22320 6 1 8 15 2 18 2 23
22321 10 1 2 2 4 52
22322 1 1 1 8 1 31 1 130
22323 
22324 6 181
22325 5 1 3 2 2 3 8 168 5 169 2 170 1 171
22326 4 15 2 16 3 19 1 29
22327 
22328 1 1 7 15 2 16 1 22 1 29
22329 1 1 6 2 1 29 1 41
22330 2 15 2 18 8 20
22331 
22332 4 1 1 18 3 19 2 64 4 168 1 176 1 181
22333 1 1 9 15 2 18 1 25
22334 3 2 1 61 1 81 2 83
22335 
22336 6 15 1 18 3 20 1 30 1 37
22337 3 1 3 168 3 169 1 170
22338 4 1 4 168 2 170 1 179 2 180
22339 
22340 1 1 25 2 1 127
22341 2 1 3 2 1 60 1 88
22342 10 15 2 25
22343 5 1 1 18 3 19 2 64 4 168 2 176
22344 2 1 14 2 2 88
22345 2 1 10 2 2 88
22346 2 1 14 2 2 88
22347 10 15 2 18 12 168 2 170
22348 1 29 1 31 2 168 2 169 1 175
22349 1 1 1 13 5 15 1 45 8 168 4 169 2 170 1 172 1 180
22350 2 1 1 9 10 15 2 18
22351 5 15 1 26 2 168 1 169
22352 9 15 3 18 3 168 1 169
22353 1 1 3 2 9 168 3 169
22354 9 15 2 18 1 37 1 119
22355 2 2 1 41 2 79 4 81
22356 
22357 2 1 1 3 1 29 1 109
22358 2 1 2 2 3 15 1 20 1 22 1 30
22359 2 1 3 2 3 15 1 20 1 22 1 30
22360 2 1 6 2 1 3 1 29
22361 4 1 1 3 4 168 4 169 1 172
22362 
22363 
22364 
22365 
22366 
22367 
22368 1 54 1 169 4 176
22369 3 1 1 2 3 3 2 128
22370 14 168 2 170 4 179
22371 3 1 5 2 2 3 1 33
22372 2 1 6 2 1 3 5 168 1 169
22373 2 1 1 2 1 8 1 41 1 130
22374 3 1 3 2 2 3 1 29
22376 4 1 1 2 1 4 1 7 1 41
22377 1 116 1 117 1 119 1 128
22378 1 114 1 116 1 119 1 128
22379 2 1 5 168 2 169 1 170 1 171
22380 3 1 15 2 1 4 1 31
22381 4 1 1 2 1 3 1 4 1 29
22382 
22383 1 1 1 2 1 109 1 111
22384 4 168 2 169 1 180
22385 
22388 2 1 2 3 2 40
22389 2 1 1 166
22390 2 1 15 2 1 34
22391 2 1 6 2 1 3 1 29
22392 2 1 18 2 1 152
22393 2 2 1 40 5 168 1 169
22394 4 1 1 3 5 168 1 170 1 172 1 173
22395 4 1 1 3 5 168 2 169 1 170 1 172
22396 7 1 3 2 2 3 2 4 1 29
22397 6 1 2 15 1 21 2 23 1 30 1 49
22398 4 15 2 17 3 168 2 169
22399 
22400 7 1 5 3
22401 4 1 18 2 1 42 1 159
22402 3 1 12 2 1 3 1 50
22403 2 1 1 2 6 168 4 169
22404 2 1 3 2 5 15 1 18 3 19 1 26 1 62 1 64
22405 2 1 2 15 2 17 1 30 1 80 1 168 1 170 1 179 1 180
22406 10 15 2 21 1 70 1 72
22407 
22408 8 15 4 16 1 20 1 30
22409 3 2 4 15 2 17 1 77 1 176 2 180
22410 3 2 8 15 2 53 2 126
22411 9 1 5 2 2 3 2 4 1 8
22412 
22413 1 1 2 2 2 29 4 168 1 169 1 170
22414 4 1 1 2 4 15 2 17 1 168 2 170
22415 1 1 4 2 3 15 1 20 1 21 1 30
22416 2 170 1 181
22417 2 1 15 2 1 3 5 168 5 169
22418 
22419 3 1 5 2 1 3
22420 1 1 6 15 2 16 2 17 5 168 1 169 1 170
22421 1 2 1 3 4 29 3 169 1 179 1 180
22422 
22423 2 1 16 2 1 6 1 41
22424 4 1 4 168 6 169 1 170
22425 7 168 4 169
22426 3 15 4 17 2 30 2 62 1 126 2 180
22427 4 15 1 18 5 20 1 30 1 37
22428 2 1 1 3 1 9 4 15 2 18 6 20 1 29
22429 1 1 1 2 1 9 4 15 2 18 6 20 1 29
22430 
22431 2 129 1 168 1 170 1 174
22432 
22433 
22434 2 1 15 2 1 6 1 41
22435 
22436 2 1 4 15 1 21 1 37
22437 
22438 1 1 7 2 4 15 1 21 1 24
22439 1 1 8 2 4 15 1 21 1 24
22440 8 15 1 18 1 53 2 126
22441 7 15 1 18 1 53 3 126
22442 7 15 1 18 1 53 3 126
22443 7 15 1 18 1 53 3 126
22444 7 15 1 18 1 53 3 126
22445 1 1 1 2 9 15 2 18 1 25
22446 6 168 2 169 1 171
22447 1 2 2 29 1 49 1 168 3 169 1 179
22448 3 1 5 2 1 70
22449 3 1 2 2 3 168 1 169 2 170 1 174
22450 5 15 1 25 5 168 1 169
22451 
22452 2 1 7 2 1 3 9 168 3 169
22453 1 1 1 5 5 15 1 22
22454 2 1 1 2 1 5 1 40 1 43
22455 3 1 2 2 1 3 1 4 2 128
22456 1 1 6 168 1 169 1 170 1 171
22457 
22458 4 168 4 169 1 171
22459 2 1 5 2 1 3 1 29
22460 
22461 8 15 4 17 1 170 2 171 2 179
22462 
22463 
22464 
22465 
22466 
22467 
22468 
22469 4 1 1 2 1 8 2 168 3 169 2 170
22470 6 168 4 169 1 173
22471 4 15 1 19 1 45 1 130
22472 6 15 4 17 2 20 1 168 1 180
22473 1 1 1 2 2 29 3 168 1 169 1 170 1 179
22474 
22475 
22476 
22477 
22478 2 1 7 2 6 6 1 41
22479 
22481 
22482 
22483 1 2 1 61 2 68 1 81
22484 1 2 3 50 2 79 2 81 2 129
22485 4 168 12 169 2 171
22486 2 1 5 2 8 15 2 18 1 21 1 53 1 66
22487 
22488 
22489 
22490 
22491 
22492 
22493 
22494 
22495 8 15 2 16 1 20 1 63 3 80 1 154
22496 4 15 1 18 1 30 1 131 1 132
22497 1 1 3 2 1 3 5 15 1 29 1 63 1 107
22498 1 2 4 19 1 60 1 80 1 81
22499 1 2 1 31 1 172 1 179 2 180
22500 1 31 1 168 1 172 1 179 2 180
22501 1 1 1 2 9 15 2 18 1 22 1 29
22502 2 1 9 15 2 18 1 23 1 29
22503 2 168 2 179 1 182
22504 
22505 
22506 10 168 1 173
22507 2 168 1 177 1 179
22508 4 15 2 17 3 168 1 171
22509 8 168 2 169 1 173
22510 3 15 2 17 1 20 7 168 1 170
22511 1 1 3 15 2 17 1 21 7 168 1 170
22512 4 1 10 2 2 3 2 34 2 144
22513 1 1 5 2 1 5 8 15 2 18 2 21
22514 1 1 5 2 1 5 8 15 2 18 2 21
22515 
22516 
22517 
22518 
22519 
22520 
22521 
22522 
22523 
22524 2 67 4 128
22525 
22526 
22527 
22528 
22529 4 181
22530 1 1 8 15 2 18 1 65 1 66 1 147 1 154
22531 4 168 4 169 1 179 1 181
22532 1 1 1 2 1 8 5 15 1 18 1 40
22533 
22534 6 1 4 15 2 45 2 52
22535 
22536 
22537 1 1 7 15 2 16 1 25
22538 
22539 2 1 1 4 5 15 1 22 1 29 1 31
22540 1 1 1 87 1 90
22541 1 1 14 2 1 6 1 86
22542 1 1 14 2 1 6 1 86
22543 
22544 8 169 1 171
22545 10 1 4 15 2 18 4 52
22547 
22548 
22549 
22550 1 1 1 3 1 33 1 58 1 87
22551 9 15 1 20 1 25 1 47
22552 9 15 1 20 1 25 1 47
22553 
22554 3 2 8 15 2 32 2 53
22555 18 15 5 18 1 21
22556 6 1 1 4 2 145
22557 1 137 8 168 1 169 1 170
22558 8 15 1 18 2 20 1 154
22559 3 1 1 2 1 3 1 6 1 48
22560 16 169
22561 9 15 1 19 1 37 1 63
22562 3 1 1 29 3 168 2 169 2 170
22563 
22564 
22565 3 2 4 15 1 53 1 64 3 165
22566 1 1 4 2 1 50 3 168 3 169 3 179
22567 1 1 8 2 1 50 3 168 3 169 3 179
22568 3 1 1 3 1 29 9 168 5 169 2 170 1 180
22569 1 1 7 2 8 15 1 37 2 53 1 80
22570 10 15 2 18 2 132
22571 
22572 
22573 4 169 3 171
22574 4 1 14 2 1 42 1 159
22575 4 1 5 2 1 4 2 144
22576 4 1 4 2 1 4 2 144
22577 
22578 
22579 1 1 8 15 2 18 1 53 1 65 1 66 1 154
22580 
22581 
22582 
22583 
22584 7 15 2 18 3 20
22585 2 13 8 15 2 18 2 47
22586 1 49 11 168 1 172
22587 3 1 2 2 1 7 1 8 3 168 1 169 1 172
22588 1 1 5 2 7 15 1 21 1 37 1 53 1 71 1 124
22589 1 1 1 2 7 15 1 21 1 37 1 53 1 71 1 124
22590 1 1 2 2 7 15 1 21 1 37 1 53 1 71 1 124
22591 1 1 3 2 7 15 1 21 1 37 1 53 1 71 1 124
22592 1 1 4 2 7 15 1 21 1 37 1 53 1 71 1 124
22593 1 1 5 2 7 15 1 21 1 37 1 53 1 71 1 124
22594 1 1 2 2 3 15 1 47 1 71 1 124 6 168 2 170
22595 1 1 3 2 3 15 1 47 1 71 1 124 6 168 2 170
22596 1 1 6 2 3 15 1 47 1 71 1 124 6 168 2 170
22597 
22598 
22599 
22600 6 15 1 18 1 53 4 126
22601 
22602 
22603 
22604 
22605 
22606 
22607 1 1 6 2 1 43 1 118 1 119 2 129
22608 1 1 9 2 1 43 1 118 1 119 2 129
22609 4 15 2 19 4 20
22610 4 1 1 170 2 172 1 179
22611 1 1 6 15 1 18 2 20 1 22 2 30
22612 
22613 6 1 5 2 3 3 1 42
22614 4 15 2 17 6 168 2 169
22615 10 15 6 16 2 17 3 168
22616 1 1 2 2 5 15 1 18 2 168 1 170 1 171
22617 5 168 4 169 1 171
22618 6 168 6 169
22619 1 1 1 2 5 15 1 21 3 168 1 173
22620 2 1 6 15 2 18 1 21 2 30 1 67 1 80
22621 1 1 9 15 2 17 1 18 3 168 1 170
22622 
22623 
22624 
22626 
22627 
22628 1 1 1 2 6 15 2 16 2 17 5 168 1 169 1 170
22629 1 1 3 2 6 15 2 16 2 17 5 168 1 169 1 170
22630 
22631 4 15 1 21 1 30 1 33 1 59 1 87
22632 5 15 1 21 1 168 1 169 3 179
22633 3 1 3 2 3 7 1 161
22634 4 1 1 168 1 169 1 170 1 172 1 173
22635 
22636 
22637 
22638 
22639 4 1 1 14 2 110
22640 
22641 4 2 1 4 3 29 1 43 1 119 2 129
22642 2 1 1 34 3 168 1 169 1 172
22643 1 1 3 2 8 168 1 169 1 173
22644 
22645 
22646 2 1 5 2 1 69
22647 5 1 3 3 1 4 2 128
22648 2 1 11 2 3 50
22649 3 1 4 168 5 169 1 170 1 174
22650 4 1 2 2 1 7 2 168 1 169 2 170 1 172
22651 3 1 1 7 5 168 2 169 1 170 1 172
22652 4 1 1 3 4 168 2 169 1 172 1 173
22653 
22654 2 1 15 2 2 6 1 41
22655 3 1 2 168 1 169 2 170 1 171
22656 8 168 4 169
22657 3 1 4 2 4 15 1 23 1 30
22658 
22659 2 1 4 2 1 3 1 31
22660 2 1 3 2 1 3 1 5
22661 2 1 5 2 1 50 1 136
22662 1 1 1 2 1 6 1 38
22663 3 1 4 2 1 4 1 29
22664 1 1 1 29 3 168 1 170 1 179 1 180
22665 5 15 1 53 2 130 1 156
22666 
22667 
22668 
22669 
22670 
22671 
22672 
22673 8 15 2 18 2 71
22674 2 49 3 168 1 170
22675 
22676 2 15 3 80 1 125
22677 
22678 24 169
22679 
22680 9 15 1 18 1 63 1 80
22681 
22682 1 1 5 15 1 18 1 102
22683 2 1 1 2 1 51
22684 7 15 2 16 1 28 1 31
22685 8 15 2 18 2 80
22686 
22687 1 168 2 175 1 180
22688 6 15 2 16 1 80 1 126
22689 2 1 1 79 1 128
22690 1 1 3 2 1 41 1 72
22691 1 1 10 15 1 18 1 23 1 31
22692 2 1 3 168 2 169 1 170 2 179
22693 4 15 1 21 1 30 1 168 1 169 2 175 2 180
22694 
22695 1 1 8 15 2 18 1 45 1 80
22696 3 1 3 15 1 20 1 23 1 30
22697 1 1 1 168 1 176 1 179 2 180
22698 3 1 2 3 1 31 1 55 2 107
22699 6 1 3 15 2 23 1 30
22700 2 1 3 15 1 64 2 80
22701 4 19 2 63 2 65
22702 
22703 
22704 
22705 
22706 
22707 
22708 
22709 2 15 1 21 1 29 3 80
22710 
22711 2 15 3 19 1 65
22712 10 15 2 18 4 168 2 170 4 179
22713 1 1 1 2 5 15 1 23 2 49
22714 
22715 
22716 
22717 3 15 2 16 3 19 1 29 1 123
22718 4 15 1 18 1 20 1 151 2 168 1 169 1 179
22719 1 1 1 2 1 6 1 72
22720 4 1 1 3 1 4 1 49
22721 5 15 1 18 1 131 1 132
22722 1 1 4 19 1 80
22723 1 1 1 15 3 19 1 80
22724 
22725 1 1 1 86 2 88
22726 3 15 2 32 1 123
22727 4 15 1 18 1 24 1 34 1 142
22728 10 15 1 18 1 64 1 72
22729 2 1 2 2 1 6 1 48
22730 
22731 2 1 1 2 1 6 1 41
22732 2 1 1 4 10 15 1 18 1 23 1 29 1 31
22733 3 1 1 3 1 4 10 15 1 18 1 23 1 29 1 31
22734 2 1 1 4 1 29 1 31 5 168 1 170
22735 2 1 5 15 1 21 1 36 1 142
22736 1 1 1 20 1 21 1 30 3 80
22737 1 1 5 15 1 23 2 40
22738 
22739 
22740 2 1 11 2 4 6 1 41
22741 
22742 1 1 1 3 10 15 1 18 1 23 1 29 1 31
22743 3 1 1 4 5 15 1 22 1 31
22744 
22745 
22746 1 1 1 2 1 8 1 29 1 33
22747 4 168 1 179 1 180
22748 
22749 2 2 4 3 1 29 5 83
22750 3 15 1 63 2 80 5 168 1 169
22751 3 1 5 2 4 15 1 23 1 30
22752 
22753 
22754 1 57 7 118 1 119 1 149
22755 
22756 
22757 5 1 1 2 1 3 1 9
22758 1 2 1 3 1 31 1 34 1 54 1 65
22759 3 15 2 17 1 80 2 168 1 175
22760 1 50 2 117
22761 2 1 1 4 2 40
22762 1 1 3 2 2 15 1 63 3 80
22763 1 1 2 2 2 15 1 63 3 80
22764 
22765 6 15 2 16 1 20 1 126
22766 4 15 1 18 1 57 1 123 4 168 1 170 1 180
22767 4 15 1 18 1 57 1 123 4 168 1 170 1 180
22768 2 1 3 15 1 53 1 80 1 98
22769 
22770 3 1 1 2 3 15 1 20 1 23 1 30
22771 2 1 1 3 5 15 1 23 1 29 1 31
22772 2 1 14 2 1 6 1 41
22773 1 1 1 29 4 168 1 170 1 179
22774 4 2 8 15 2 53 2 126
22775 3 1 4 2 1 3 1 41
22776 2 1 1 2 1 4 1 33 1 77
22777 
22778 1 113 9 130 5 170
22779 1 3 1 4 1 29 1 77 3 128
22780 2 1 1 4 10 15 1 21 1 23 1 29 1 31
22781 1 1 1 4 15 15 2 21 1 23 1 29 1 31
22782 1 1 1 3 10 15 1 21 1 23 1 29 1 31
22783 1 1 1 3 10 15 1 21 1 23 1 29 1 31
22784 15 15 3 18 1 169 1 170 1 179 1 180
22785 1 1 10 15 2 18 1 169 1 170 1 179 1 180
22786 3 1 1 4 10 15 2 18 1 169 1 170 1 179 1 180
22787 2 1 5 15 1 18 1 169 1 170 1 179 1 180
22788 2 1 10 15 2 18 2 170 1 179 1 180
22789 3 1 5 15 1 18 2 170 1 179 1 180
22790 2 1 10 15 1 18 1 21 2 170 1 179 1 180
22791 1 1 15 15 1 18 2 21 2 170 1 179 1 180
22792 2 1 5 15 1 18 1 169 1 170 1 179 1 180
22793 1 1 1 9 15 15 1 18 2 21
22794 1 1 3 2 7 15 2 16 1 29 1 99
22795 1 1 4 2 7 15 2 16 1 29 1 99
22796 1 1 8 2 7 15 2 16 1 29 1 99
22797 
22798 
22799 2 1 13 2 2 6 1 41
22800 3 1 3 2 1 3 1 4 2 29
22801 2 1 3 2 1 3 5 15 1 23 2 29
22802 
22803 
22804 6 15 1 18 1 25 4 80
22805 
22806 
22807 
22808 
22809 
22810 
22811 
22812 
22813 
22814 1 1 1 2 1 83 1 136
22815 1 3 1 29 1 33 3 168 1 169 1 171
22816 
22817 
22818 
22819 2 1 2 2 1 51
22820 2 1 2 2 1 51
22821 
22822 
22823 
22825 
22827 
22828 
22829 
22830 4 168 2 169 1 171
22831 3 168 2 169 1 171
22832 3 1 2 2 1 3 1 4 2 128
22833 6 1 2 36
22834 
22835 2 1 3 2 1 3 1 5 1 48
22836 2 1 1 3 1 38 3 168 1 169 1 172
22837 4 15 2 17 5 168 1 173
22838 6 1 2 2 2 9
22839 2 1 1 2 2 3 1 40 1 127
22840 4 1 1 3 1 4 1 40
22841 3 2 1 5 2 168 1 169 1 171
22842 4 1 2 2 3 168 1 170 1 173
22843 5 2 4 168 2 169 2 171
22844 3 1 1 5 1 168 1 170 2 172
22845 4 1 1 6 1 168 1 170 2 172
22846 1 1 9 2 1 50 1 134
22847 3 168 2 174
22848 6 1 2 2 2 3 6 168 6 169
22849 1 1 8 2 5 15 1 147
22850 1 1 15 2 5 15 1 147
22851 7 1 3 2 1 3 2 4 1 7
22852 
22853 5 1 4 2 1 4 1 159
22854 5 1 5 2 1 4 1 159
22855 8 15 2 18 1 30 1 123
22856 
22857 4 1 2 2 3 3 1 31 1 55 1 107
22858 9 15 1 29 1 37 1 64 1 123
22859 8 15 1 20 1 29 1 37 1 64 1 123
22860 
22861 
22862 
22864 10 15 2 21 1 115
22865 2 1 1 2 5 15 1 50 1 99
22866 
22867 2 1 1 3 5 168 3 169 2 174
22868 3 2 1 5 9 15 2 18 1 21
22869 5 2 1 5 9 15 2 18 1 21
22870 
22871 
22872 18 15 6 18
22873 5 2 9 15 2 18 1 21 1 128
22874 7 2 9 15 2 18 1 21 1 128
22875 2 1 2 2 1 166
22876 
22877 14 15 3 18 1 154
22878 1 1 4 2 8 15 3 18 1 53 1 117 4 168 2 169
22879 1 2 4 29 1 49 5 169 1 179
22881 4 1 1 18 3 19 2 64 4 168 1 176
22882 2 142
22883 1 1 7 2 3 15 2 19 1 34 1 97
22885 
22886 1 129
22887 2 1 1 3 1 168 1 169 2 175 2 180
22888 1 2 4 3 5 29 1 38
22889 
22890 1 2 1 3 4 29 3 169 1 179 1 180
22891 
22892 
22894 
22897 
22898 
22899 4 83 1 166 4 169
22900 
22901 
22902 2 29 4 169 2 179 2 180
22903 5 168 8 169 1 180
22904 1 29 5 168 9 169
22905 1 29 6 168 7 169 1 170
22906 3 1 2 2 4 15 1 23 1 30
22907 4 1 1 3 6 168 3 169 1 170
22908 4 1 6 2 1 43 2 48
22909 2 31 6 169 2 170
22910 
22911 
22912 
22913 
22914 
22915 2 1 10 2 4 15 2 21
22916 2 1 14 2 4 15 2 21
22917 2 1 5 2 8 15 2 18 2 53 1 66
22918 
22919 
22920 2 1 2 168 4 169 1 170
22921 8 15 2 18 1 20 1 126
22922 
22923 3 2 2 50 1 108 1 134
22924 4 15 2 17 3 168 2 169 1 171
22925 
22926 1 2 5 15 1 37 1 68
22927 6 15 1 18 1 53 4 126
22928 3 1 13 2 1 41 1 161
22929 
22930 4 15 2 18 4 168 2 169 4 179
22931 
22932 
22933 1 1 14 2 1 31 1 168 2 169
22934 2 1 17 2 1 6 1 41
22935 4 1 1 29 5 168 3 169 3 170
22936 1 1 7 2 1 3 1 4 2 29 2 83
22937 
22938 1 1 2 2 1 3 2 29
22939 7 15 2 63 3 80
22940 
22941 
22942 2 1 1 7 2 168 1 169 1 172 1 180
22943 5 1 1 3 2 145
22944 2 2 1 3 2 29 1 31 1 55 1 107
22946 2 1 17 2 1 8 5 15 1 18
22947 4 15 1 18 1 53 6 126
22948 
22949 
22950 2 1 6 2 8 15 2 28 2 47
22951 8 15 1 18 1 25 2 80
22952 
22953 
22954 
22955 2 1 2 3 5 15 1 21 1 31 1 55 1 107
22956 
22957 2 1 1 30 1 39 2 53 2 123
22958 
22959 2 1 1 15 1 30 2 53 2 123
22960 2 1 4 2 8 15 4 18 8 168 4 169
22961 3 1 2 2 2 4 6 15 3 19 1 21 1 29 1 123
22962 2 1 4 2 2 88
22963 1 2 1 31 1 40 1 65 1 168 2 169 1 173 1 176 1 180 1 181
22964 10 15 1 45 1 48 1 53
22965 
22966 1 2 1 31 1 168 1 169 1 179 2 180
22967 
22968 7 1 12 2 5 3
22969 
22970 5 15 2 16 2 17 1 20 2 168 2 169 2 171
22971 10 15 6 16 1 20 1 123
22972 2 1 5 2 1 8 1 14 4 168 1 172
22973 1 2 1 5 5 15 1 28
22974 4 15 2 17 8 168 1 170
22975 1 1 3 15 2 17 1 21 8 168 1 170
22976 2 1 6 15 2 16 2 17 4 168 2 169 1 170
22977 8 15 4 17 4 168 2 169
22978 2 1 3 168 1 169 1 170 1 172
22979 2 1 2 168 2 169 1 170 1 171
22980 5 168 1 169 1 171 1 172
22981 3 1 1 168 1 169 1 170 2 172
22982 3 1 1 168 3 169 1 170 1 171
22983 3 1 2 168 3 169 2 170
22984 2 1 3 168 3 169 1 172
22985 2 1 3 168 2 169 1 170 1 171
22986 1 1 5 168 1 169 1 170 1 171
22987 3 1 1 2 2 168 2 169 1 170 1 172
22988 4 1 2 168 1 169 2 170 1 172
22989 3 1 2 2 2 168 2 169 1 170 1 172
22990 3 1 3 168 2 169 1 170 1 171 1 172
22991 7 168 4 169 1 171
22992 3 1 3 2 2 168 2 169 1 170 1 172
22993 3 2 10 15 1 50 2 53
22994 3 1 8 2 4 15 1 23 1 30
22995 5 1 1 3 7 168 4 169 1 170 1 173
22996 5 1 1 3 8 168 4 169 2 170
22997 4 1 4 2 4 168 4 170 2 172
22998 1 15 4 17 1 20 6 168
22999 2 1 4 15 2 17 4 168 4 169
23000 2 1 3 15 2 17 1 20 4 168 4 169
23001 1 1 1 2 1 8 1 29 1 48 1 114
23002 2 1 1 2 4 15 1 37 1 41 1 53
23003 2 1 1 2 4 15 1 37 1 41 1 53
23004 4 1 1 2 1 4 1 48 4 168 2 169
23005 4 1 1 2 1 4 1 48 4 168 2 169
23007 2 1 1 2 1 60 1 67 1 138
23008 2 1 1 2 1 60 1 67 1 138
23009 1 1 2 2 1 3 2 33 1 41
23010 2 1 2 2 1 9 1 29 1 33 1 41
23011 1 6 1 72 1 130
23012 1 6 1 72 1 130
23013 
23014 
23015 6 1 4 2 2 4 1 50
23016 4 1 2 2 1 4 1 7
23017 
23018 
23019 1 1 1 6 2 49 1 51
23020 1 1 1 6 2 49 1 51
23021 2 1 1 6 2 49 1 52
23022 2 1 1 6 2 49 1 52
23023 
23024 1 166 5 168
23025 5 1 3 2 2 3 8 168 5 169 2 170 1 171
23026 2 168 2 169 1 171 1 179 2 180
23027 4 1 1 13 1 43 8 168 4 169 2 170 1 172 1 180
23028 2 1 2 168 2 169 1 171
23029 
23030 6 1 2 4 1 29 3 168 3 169
23031 6 1 2 4 1 29 3 168 3 169
23032 4 1 1 4 1 29 3 168 3 169
23033 
23034 3 1 1 168 3 169 2 181
23035 
23036 2 83 4 168 2 169
23037 2 1 1 29 3 168 3 169
23038 4 29 4 169 1 171
23039 
23040 2 1 1 29 3 168 3 169
23041 4 81 4 168 2 169 4 176
23042 4 81 4 168 2 169 4 176
23043 2 1 1 2 5 15 1 22
23044 3 1 3 168 1 169 2 170 1 180
23045 3 1 3 169
23046 2 2 2 49 1 166
23047 2 1 4 2 2 3 2 29
23048 2 1 1 29 1 33 4 168 4 169 2 170 1 171 2 172 1 180
23049 2 1 7 168 2 169 1 170
23050 4 1 14 2 4 15 2 22
23051 6 130 1 166 1 168 4 169 3 170 1 173
23052 6 130 2 169 3 170 1 173 1 179 2 180
23053 2 130 2 168 2 169 2 179
23054 5 1 1 168 5 169
23055 1 1 4 2 8 15 4 18 9 168 3 169
23056 2 1 4 2 8 15 4 18 8 168 4 169
23057 
23058 
23059 1 1 4 2 3 15 1 47 1 71 1 124 4 168 2 169
23060 1 1 2 2 3 15 1 47 1 71 1 124 8 168 4 169
23061 2 1 6 2 8 168 4 169
23062 4 1 2 168 2 169 1 173
23063 8 168 2 171
23064 6 15 2 16 2 17 5 168 2 169
23065 1 1 6 2 3 15 1 47 1 71 1 124 4 168 2 169
23066 5 15 1 18 1 29 4 168 2 169
23067 1 1 4 15 1 18 1 80 2 168 2 169 2 179
23068 1 1 4 15 1 18 1 80 2 168 2 169 2 179
23069 1 1 1 2 4 15 1 18 1 80 2 168 2 169 2 179
23070 1 1 1 2 4 15 1 18 1 80 2 168 2 169 2 179
23071 2 1 1 3 4 15 1 18 1 80 2 168 2 169 2 179
23072 2 1 1 3 4 15 1 18 1 80 2 168 2 169 2 179
23073 2 1 2 2 1 3 1 143 2 168 2 169 2 179
23074 2 1 2 2 1 3 1 143 2 168 2 169 2 179
23075 2 1 2 2 1 3 1 49 2 168 2 169 2 179
23076 3 1 2 2 1 3 1 148 2 168 2 169 2 179
23077 3 1 2 2 1 3 1 148 2 168 2 169 2 179
23078 3 1 2 2 1 3 1 149 2 168 2 169 2 179
23079 3 1 2 2 1 3 1 149 2 168 2 169 2 179
23081 
23082 
23084 2 1 5 15 1 18 1 168 3 169 2 179
23085 6 168 2 169 2 180
23086 2 29 5 168 2 169
23087 10 168 4 169
23088 3 1 1 168 3 169 2 181
23089 1 1 1 2 9 168 4 169 1 176
23090 
23091 2 1 2 109
23092 2 1 2 2 10 15 2 22
23093 2 1 1 2 2 3 2 29
23094 2 1 3 2 2 3 2 29
23095 2 15 3 20 1 21 1 128
23096 2 1 2 2 2 169 1 179 2 180
23097 6 130 6 169
23098 6 130 1 168 4 169 3 170 1 171 1 173
23099 1 31 8 168 1 169 1 170
23100 6 1 2 169 2 170 1 173
23101 2 1 4 15 1 18 1 23 3 129 1 168 3 169 2 179
23102 2 1 4 15 1 18 1 23 3 129 1 168 3 169 2 179
23103 3 1 2 168 3 169
23104 1 1 8 168 1 169 1 170
23105 4 1 1 168 4 169
23106 1 1 1 2 1 6 4 15 1 20 1 154
23107 4 1 2 3 2 168 2 169 2 181
23108 4 1 2 3 2 168 2 169 2 181
23109 5 1 1 3 1 4 2 168 2 169 2 181
23110 4 1 1 2 1 4 2 168 2 169 2 181
23111 4 1 1 2 1 4 2 168 2 169 2 181
23112 4 1 1 4 2 168 2 169 2 181
23113 4 1 1 4 2 168 2 169 2 181
23114 4 1 1 3 1 168 3 169 2 181
23115 3 1 1 168 3 169 2 179
23116 9 168 4 169 1 175
23117 4 1 1 168 4 169
23118 3 1 1 168 3 169 2 179
23119 1 1 5 168 3 169
23120 1 29 8 168 1 169 1 170
23121 1 1 2 2 4 15 1 18 1 53 1 117 4 168 2 169
23122 1 1 2 2 8 15 3 18 1 53 1 117 4 168 2 169
23123 1 1 2 2 4 15 1 18 1 53 1 117 8 168 4 169
23124 
23125 1 1 3 2 7 15 3 18 1 19 1 53 1 119 4 168 2 169
23126 1 1 3 2 7 15 3 18 1 19 1 117 1 147 4 168 2 169
23127 1 1 2 2 7 15 3 18 1 53 1 117 1 124 4 168 2 169
23128 1 1 2 2 4 15 1 18 1 53 1 117 7 168 3 169 1 172
23129 1 1 4 2 4 15 1 18 1 53 1 117 8 168 4 169
23130 1 1 3 2 6 15 3 18 2 19 1 53 1 119 4 168 2 169
23131 1 1 3 2 6 15 3 18 2 19 1 53 1 117 4 168 2 169
23132 1 1 3 2 6 15 3 18 2 19 1 117 1 147 4 168 2 169
23133 2 1 8 168 2 170
23134 8 168 2 171
23135 2 29 2 81 4 168 2 170
23136 3 1 4 15 1 23 1 124
23137 
23138 4 1 1 3 5 168 5 169
23139 
23140 
23141 1 1 2 168 1 172 1 179
23142 
23143 
23144 10 15 2 21 1 164
23145 2 1 6 2 2 58
23146 1 2 4 15 2 17 1 29 1 168 1 169 2 179
23147 4 15 1 32 1 71
23148 3 1 12 2 1 41 1 159
23149 2 1 3 15 1 20 1 22 1 30
23150 1 1 1 3 2 29
23151 12 169
23152 2 1 1 2 4 168 2 169
23153 2 1 1 29 3 168 3 169
23155 1 168 6 169 2 179 2 180
23156 2 1 2 48 4 168 2 169
23157 
23158 
23159 3 1 1 4 1 29 4 168 2 169
23160 
23161 2 1 1 4 10 15 2 147
23162 2 1 2 168 2 169 2 179
23164 
23165 3 1 1 36 1 111
23166 1 43 1 119 2 129 5 168 1 169
23167 4 15 1 20 1 47 1 118 1 119
23168 4 15 1 20 1 47 1 118 1 119
23169 1 1 9 15 1 21 1 53 1 147
23170 3 15 2 17 1 30 3 168 1 180
23171 2 1 2 2 2 50
23172 1 1 3 15 2 17 1 53 3 168 1 180
23173 1 1 1 86 3 88
23174 4 1 1 2 1 61 1 70
23175 1 52 2 121 2 129
23176 4 1 1 52 1 110 1 130
23177 2 1 4 2 8 15 2 18 2 53 1 66
23178 
23179 4 1 3 2 1 4 1 50
23180 
23181 
23182 
23183 2 1 2 2 2 48 4 168 2 169
23184 3 1 1 2 1 4 4 168 1 169
23185 1 1 4 2 4 15 2 17 3 168 1 169
23186 
23187 3 1 2 2 2 3 1 29
23188 2 1 1 15 2 16 4 19 1 21 1 62
23189 
23190 
23191 4 15 1 18 1 126 2 168 1 169
23192 2 1 2 2 1 115
23193 2 1 6 2 1 3 1 49
23195 3 1 1 2 1 48 1 59
23196 
23197 
23198 2 1 2 2 2 3 2 128
23200 2 1 1 6 1 50
23201 
23202 
23203 
23204 
23205 
23206 
23207 
23208 
23209 
23210 
23211 
23212 
23213 
23214 
23215 
23216 
23217 
23218 
23219 
23220 
23221 
23222 
23223 
23224 
23225 
23226 
23227 
23228 
23229 
23230 
23231 
23232 
23234 
23235 
23236 
23237 
23238 
23239 
23240 
23241 
23242 
23243 
23244 
23245 
23246 
23247 
23248 
23249 
23250 
23251 
23252 
23253 
23254 
23255 
23256 
23257 
23258 
23259 
23260 
23261 
23262 
23263 
23264 
23265 
23266 
23268 
23269 
23270 
23271 
23272 
23273 
23274 
23275 
23276 
23277 
23278 
23279 
23280 
23281 
23282 
23283 
23284 
23285 
23286 
23287 
23288 
23289 
23290 
23291 
23292 
23293 
23294 
23295 
23296 
23297 
23298 
23299 
23300 
23301 
23302 
23303 
23304 
23305 
23306 
23307 
23308 
23309 
23310 
23311 
23312 
23313 
23314 
23315 
23316 
23317 
23318 
23319 
23320 
23321 
23322 
23324 
23325 
23326 
23327 
23328 
23329 
23330 
23331 
23332 
23333 
23334 
23335 
23336 
23337 
23338 
23339 
23340 
23341 
23342 
23343 
23344 
23345 
23346 
23347 
23348 
23349 
23350 
23351 
23352 
23353 
23354 
23355 
23356 
23357 
23358 
23359 
23360 
23361 
23362 
23363 
23364 
23365 
23366 
23367 
23368 
23369 
23370 
23371 
23372 
23373 
23374 
23375 
23377 
23378 
23379 
23380 
23381 
23382 
23383 
23384 
23385 
23386 
23387 
23388 
23389 
23390 
23391 
23392 
23393 
23394 
23395 
23396 
23397 
23398 
23399 
23400 
23401 
23402 
23403 
23404 
23405 
23406 
23407 
23408 
23409 
23410 
23411 
23412 
23413 
23414 
23415 
23416 
23417 
23418 
23419 
23420 
23421 
23422 
23423 
23424 
23425 
23426 
23427 
23428 
23429 
23430 
23431 
23432 
23433 
23434 
23435 
23437 
23438 
23439 
23440 
23441 
23443 
23444 
23445 
23446 
23447 
23448 
23449 
23450 
23451 2 1 1 8 5 15 1 18
23452 6 15 4 17 2 123 2 179
23453 8 168 1 179 1 180
23454 
23455 4 15 2 17 2 168 1 179
23456 3 1 1 2 1 3 1 144
23457 
23458 
23459 
23460 
23461 
23462 
23463 
23465 
23466 
23467 
23468 
23469 
23470 
23471 
23472 
23473 
23474 
23475 
23476 
23477 
23478 
23479 
23480 
23481 
23482 
23483 
23484 
23485 2 2 1 29 4 168 1 169
23486 
23487 
23488 
23489 
23490 
23491 
23492 
23493 1 1 5 15 1 25 1 48
23494 
23495 
23496 
23497 
23498 
23499 
23500 
23501 
23502 
23503 
23504 
23505 
23506 
23507 
23508 
23509 
23510 
23511 
23512 
23513 
23514 
23515 
23516 
23517 
23518 
23519 
23520 
23521 
23522 
23523 
23524 
23525 1 1 1 3 5 15 1 21 1 57
23526 
23527 
23528 3 15 1 21 2 30 1 54
23529 
23530 
23531 
23532 
23533 
23534 
23535 
23537 
23538 
23539 
23541 
23542 
23543 
23544 
23545 
23546 
23547 
23548 
23549 
23550 
23551 
23552 
23553 
23554 
23555 
23556 
23557 
23558 
23559 
23560 
23561 
23562 
23563 
23564 
23565 
23566 
23567 
23568 
23569 
23570 
23571 
23572 
23573 
23574 
23575 
23576 
23577 
23578 
23579 
23580 
23581 
23582 
23583 
23584 
23585 
23586 
23587 
23588 
23589 
23590 
23591 
23592 
23593 
23594 
23595 
23596 
23597 
23598 
23599 
23600 
23601 
23602 
23603 
23604 
23605 
23606 
23607 
23608 
23609 
23610 
23611 
23612 
23613 
23614 
23615 
23616 
23617 
23618 
23619 
23620 
23621 
23622 
23623 
23624 
23625 
23626 
23627 
23628 
23629 
23630 
23631 
23632 
23633 
23634 
23635 
23636 
23637 
23638 
23639 
23640 
23641 
23642 
23643 
23644 
23645 
23646 
23647 
23648 
23649 
23650 
23651 
23653 
23654 
23655 
23656 
23657 
23658 
23659 
23660 
23661 
23662 
23663 
23665 
23666 
23667 
23668 
23669 
23670 
23671 
23672 
23673 
23674 
23675 
23676 
23677 
23678 
23679 
23680 
23681 
23682 
23683 
23684 
23685 
23686 
23687 
23688 
23689 
23690 
23691 
23692 
23693 
23694 
23695 
23696 
23697 
23698 
23699 
23700 
23701 
23702 
23703 
23704 
23705 
23706 
23707 
23708 
23709 
23710 
23711 
23712 
23713 
23714 
23715 
23716 
23717 
23718 
23719 
23720 
23721 
23722 
23723 
23724 
23725 
23726 
23727 
23728 
23729 
23730 
23731 
23732 
23733 
23734 12 15 2 18 4 53 2 119
23735 1 49 10 168 1 172
23736 5 15 1 25 1 128
23737 4 18 1 19
23738 2 1 1 2 2 3 2 128
23739 4 19 1 62 1 65
23740 1 128
23741 9 168 4 169
23742 
23743 
23744 
23745 
23746 
23747 
23748 
23749 
23750 
23751 
23753 
23754 
23755 
23756 
23757 
23758 
23759 4 1 4 15 2 64
23760 
23761 
23762 
23763 
23764 
23765 
23766 
23767 
23768 
23769 
23770 
23771 
23772 
23773 
23774 
23775 
23776 
23777 
23778 
23779 
23780 
23781 
23782 
23783 
23784 
23785 
23786 
23787 
23788 
23789 
23790 
23791 
23792 
23793 
23794 
23795 
23796 
23797 
23798 
23799 
23800 
23801 
23802 
23803 
23804 
23805 
23806 
23807 
23808 
23809 
23810 
23811 
23812 
23813 
23814 
23815 
23816 
23817 
23818 
23819 
23820 
23821 1 50 1 118 2 119
23822 
23823 
23824 
23825 
23826 
23827 
23828 
23829 
23830 
23831 
23832 
23833 
23834 
23835 
23836 
23837 
23838 
23839 
23840 
23841 
23842 
23843 
23844 
23845 
23846 
23847 
23848 
23849 
23850 
23851 
23852 
23853 
23854 
23855 
23856 
23857 2 81 2 168 1 170 1 175
23858 
23859 
23860 
23861 
23862 1 1 4 19 1 63 1 81
23863 
23864 1 1 4 19 1 63 1 81
23865 
23866 
23867 1 1 1 2 1 6 4 15 1 20 1 21
23868 1 1 1 6 1 38
23869 4 1 10 2 2 3 4 15 2 45
23870 
23871 
23872 
23873 
23874 
23875 
23877 
23878 
23879 
23880 
23881 
23882 
23883 
23884 
23885 
23886 
23887 
23888 
23889 
23890 
23891 
23892 
23893 
23894 
23895 
23896 
23897 
23898 
23899 
23900 
23901 
23902 
23903 
23904 
23905 
23906 
23907 
23908 
23909 
23910 
23911 
23912 
23913 
23914 
23915 
23916 
23917 
23918 
23919 
23920 
23921 
23922 
23923 
23924 
23925 
23926 2 58 14 168 4 169
23927 
23928 
23929 
23930 
23931 
23932 
23933 
23934 
23937 
23938 
23939 
23940 
23941 
23942 
23943 
23944 
23945 
23946 
23947 
23948 
23949 
23950 
23951 
23952 
23953 
23954 
23955 
23956 
23958 
23959 
23960 
23961 
23962 
23963 
23964 
23965 
23966 
23967 
23968 
23969 
23970 
23971 
23972 
23973 
23974 
23975 
23976 
23977 
23978 
23980 
23981 
23982 
23983 
23984 
23985 
23986 
23987 
23988 
23989 
23990 
23994 
23995 
23996 
23997 
23998 
23999 
24000 
24001 
24002 
24003 
24004 
24005 
24006 
24007 
24008 
24009 
24011 
24012 
24013 
24014 1 51 1 52 1 117 4 129
24015 3 52 2 117 6 129
24016 2 52 2 117 4 129
24017 1 50 1 117 1 119
24018 1 52 1 117 1 118 1 119 2 129
24019 2 129 1 149
24020 1 114 1 115 1 119
24021 1 115 2 117
24022 1 1 1 2 1 119
24023 
24024 
24025 
24026 
24027 
24028 1 9 2 119 2 129
24029 1 1 1 2 1 48 1 119
24030 2 121
24031 
24032 4 130 1 146
24033 1 1 2 130 1 156
24034 
24035 
24036 1 1 1 50 1 108
24037 
24038 
24039 3 2 1 29 1 119
24040 1 7 1 119 1 128
24041 1 6 2 119
24042 
24043 
24044 
24045 2 1 2 2 1 3 1 29 1 50
24046 3 1 1 3 1 29 1 42
24047 3 15 1 19 2 124
24048 3 1 1 54 1 65 3 168 1 169 2 170
24049 2 1 22 2 1 6 1 41
24050 
24051 
24052 2 1 1 2 1 3 1 41 1 49
24053 
24054 
24055 
24056 
24057 
24058 
24059 4 15 1 23 1 63 3 129 7 168 1 170 1 178 1 181
24060 4 15 1 63 1 126 7 168 1 170 1 178 1 181
24061 3 15 1 20 1 63 1 123 7 168 1 170 1 178 1 181
24062 1 1 4 15 1 53 1 63 7 168 1 170 1 178 1 181
24063 5 15 1 97 7 168 1 170 1 178 1 181
24064 1 1 4 15 1 37 1 63 7 168 1 170 1 178 1 181
24065 2 1 4 15 1 22 1 63 7 168 1 170 1 178 1 181
24066 1 1 4 15 1 21 1 63 7 168 1 170 1 178 1 181
24067 4 15 1 20 1 63 7 168 1 170 1 178 1 181
24068 5 15 1 63 7 168 1 170 1 178 1 181
24069 
24070 
24071 
24072 
24073 
24074 
24075 
24076 
24077 
24078 
24079 
24080 
24081 1 1 4 15 1 53 1 98 1 119
24082 
24083 
24084 
24085 
24086 
24087 
24088 
24089 
24090 
24091 
24092 
24093 
24094 
24095 
24096 
24097 
24098 
24099 
24100 
24102 1 5 1 38
24103 
24104 
24105 
24106 2 1 1 8 1 108
24107 4 1 5 168 2 170 1 179 2 180
24108 
24109 
24110 
24111 
24112 1 1 1 3 5 15 1 31 1 53
24113 2 1 6 15 2 16 1 37 1 53
24114 
24115 
24116 7 15 1 18 1 21 1 31 1 63 2 123
24117 
24118 
24119 
24120 
24121 
24122 
24123 
24124 
24125 
24126 1 1 2 2 1 3 2 31
24127 
24128 2 1 1 2 4 15 1 53 1 98
24129 
24130 
24131 
24132 
24133 
24134 2 1 7 2 2 4 4 29 1 50
24135 12 15 4 18 2 30 2 66
24136 
24137 
24138 
24139 1 2 1 31 1 127
24140 1 168 2 175 3 180
24141 
24142 
24143 
24144 
24145 
24146 1 29 1 40
24147 5 15 1 29 1 154
24148 1 110 2 128 1 129
24149 1 120 1 128
24150 1 114 1 127
24151 
24152 
24153 2 15 3 123 1 124
24154 2 15 2 123 2 124
24155 1 120 1 127
24156 1 122 1 127
24157 1 114 1 122
24158 1 111 1 114
24159 
24160 14 15 8 16
24161 
24162 
24163 
24164 
24165 
24166 
24167 
24168 
24169 14 15 8 16
24170 14 15 8 16
24171 
24172 
24173 
24174 10 15 6 16 2 17 1 168 1 171
24175 
24176 8 15 4 16 2 17 1 168 1 171
24177 14 15 8 16
24178 6 15 2 16 2 17 1 168 1 171
24179 8 15 4 16 2 17 1 168 1 171
24180 4 15 2 17 1 168 2 171 2 172
24181 8 15 4 16 2 17 1 168 1 171
24182 6 15 2 16 2 17 1 168 1 171
24183 
24184 
24185 
24186 
24187 5 123 1 124
24188 1 15 4 123 1 124
24189 1 15 3 123 2 124
24190 1 15 4 123 1 124
24191 4 129 4 130 4 170
24192 3 15 2 123 1 124
24193 1 1 1 2 1 117
24194 
24195 1 117 1 121
24196 3 15 1 20 1 124 1 125
24197 1 6 1 129 1 130
24198 1 3 2 127 1 128
24199 1 4 3 127 1 128
24200 4 129 1 130 1 168 1 169 2 170
24201 
24202 1 108 1 127
24203 1 3 1 127 2 128
24204 1 111 1 127
24205 1 112 2 128
24206 1 113 1 127
24207 1 112 2 127
24208 2 4 6 128
24209 
24210 1 1 1 2 1 3 2 127
24211 3 15 3 126
24212 1 30 5 126
24213 1 15 5 126
24214 3 15 3 126
24215 2 15 4 126
24216 1 109 2 127
24217 
24218 1 39 5 124
24219 1 13 1 119
24220 1 129 3 168 1 169
24221 1 1 18 2 1 114
24222 1 1 5 2 1 119
24223 2 129 1 170 2 176
24224 1 110 1 127 1 128 1 129
24225 1 118 1 127 1 128
24226 1 116 2 127 1 128
24227 
24228 1 1 10 2 1 119
24229 1 15 2 123 3 124
24230 1 15 1 123 4 124
24231 1 117 1 120
24232 1 1 3 2 1 111
24233 1 1 7 2 1 111
24234 1 1 11 2 1 111
24235 1 1 9 2 1 111
24236 1 1 13 2 1 111
24237 2 1 12 2 2 144
24238 3 123 3 124
24239 3 123 3 124
24240 4 15 2 16 4 18
24241 4 15 2 16 4 18
24242 2 1 11 2 1 34
24243 2 1 15 2 1 144
24244 4 123 2 124
24245 
24246 1 118 2 127
24247 1 128 2 168 1 169 1 180
24248 4 123 2 124
24249 2 18 4 123
24250 4 123 2 124
24251 2 123 4 124
24252 3 18 3 123
24253 2 123 4 124
24254 2 123 4 124
24255 3 18 3 124
24256 5 18 1 124
24257 3 15 2 123 1 124
24258 3 15 2 123 1 124
24259 2 9
24260 1 116 1 127 2 128
24261 1 1 17 2 1 114
24262 1 129 4 168 1 169
24263 1 117 1 127
24264 1 110 2 127 1 129
24265 1 116 3 127
24266 1 1 16 2 1 119
24267 1 115 1 127 1 128
24268 1 121 1 127
24269 1 1 4 15 1 53 1 71
24270 1 1 11 2 1 114
24271 1 1 15 2 1 114
24272 1 1 13 2 1 114
24273 1 38 1 44
24274 1 1 1 72 1 109
24275 1 1 16 2 1 114
24276 
24277 3 15 3 18
24278 1 5 1 6 1 130
24279 4 15 1 18 1 19
24280 2 1 8 2 2 144
24281 2 1 10 2 2 144
24282 2 1 16 2 2 144
24283 
24284 2 8
24285 
24286 
24287 
24288 
24289 2 1 4 168 2 169
24290 
24291 
24292 
24293 
24294 
24295 
24296 2 1 3 168 2 169
24298 
24299 4 15 1 23 1 124 3 130
24300 1 1 20 2 1 5
24301 1 1 21 2 1 5
24302 1 1 19 2 1 5
24303 
24304 
24305 2 52 3 118 3 119 3 129
24306 
24307 
24308 2 1 2 3 2 29
24309 3 15 1 30 2 126
24310 
24311 9 15 1 18 1 32 1 63
24312 2 1 1 2 1 29 1 42
24313 2 1 1 2 1 29 1 42
24314 
24315 
24316 
24317 
24318 
24319 
24320 9 15 4 16 1 19
24321 1 1 3 2 1 3 2 29
24322 
24323 
24324 
24325 
24326 
24327 2 1 4 2 2 88
24328 2 1 1 2 1 3 1 49 1 136
24329 2 1 1 2 1 3 8 15 4 17 1 60 1 176 1 181
24330 
24331 8 15 4 17 2 169 2 175 2 181
24332 
24333 
24334 
24335 
24336 
24337 4 2 1 29 1 149 4 168 1 176 1 179
24338 2 2 1 29 1 149 4 168 1 176 1 179
24339 2 2 1 3 2 29 1 149 4 168 1 176 1 179
24340 3 2 1 29 1 149 4 168 1 176 1 179
24341 1 1 3 2 1 29 1 60
24342 2 169 1 171 1 177 1 179
24343 1 1 14 2 7 168 3 169
24344 1 1 13 2 7 15 2 16 1 21
24345 
24346 
24347 
24348 
24349 
24350 
24351 1 1 4 15 1 37 1 123
24352 1 1 1 2 4 15 1 20 1 63
24353 9 15 1 21 1 30 1 53
24354 
24355 
24356 
24357 
24358 
24359 
24360 
24361 
24362 
24363 2 1 1 2 4 168 2 169
24364 
24365 
24366 
24367 
24368 
24369 3 1 1 29 3 168 2 169 2 170
24370 9 15 1 18 1 37 1 123
24371 5 1 2 2 1 3 1 6 2 8 2 29 3 168 1 170 1 173
24372 6 168 2 176 6 179
24373 1 31 3 168 1 169 1 175
24374 6 129 2 130 4 170
24375 3 15 1 20 1 62 1 124
24376 3 15 1 20 1 62 1 124
24377 3 15 1 20 1 62 1 124
24378 3 15 1 20 1 62 1 124
24379 3 15 1 20 1 62 1 124
24380 3 15 1 20 1 62 1 124
24381 3 15 1 20 1 62 1 124
24382 3 19 2 62 1 65
24383 15 15 6 18 3 19
24384 1 15 2 19 2 30 1 141
24385 12 168 3 169 3 176
24386 4 15 1 20 1 94
24387 1 1 4 15 1 53 1 125
24388 1 1 4 15 2 17 1 176 2 180
24389 2 15 3 19 1 65
24390 1 57 1 81
24391 2 1 2 3 2 31
24392 2 1 2 3 2 31
24393 3 1 3 168 3 169
24394 
24395 
24396 8 15 1 18 1 19 1 20
24397 8 15 4 17 3 168
24398 
24399 2 15 2 19 1 20 1 86
24400 1 7 2 49
24401 3 1 1 8 1 48
24402 8 2 4 31 2 61
24403 1 1 3 15 1 37 2 123
24404 1 1 3 15 1 37 2 123
24405 4 2 2 58 2 81
24406 
24407 1 1 3 15 1 37 2 123
24408 
24409 
24410 
24411 3 168 1 177
24412 
24413 
24414 1 1 1 169 1 175 1 177 1 180
24415 
24416 
24417 2 15 1 20 3 80
24418 4 19 2 62
24419 2 15 2 18 8 19 4 20
24420 3 1 3 2 1 8 1 48
24421 3 1 2 2 1 8 1 48
24422 1 1 2 15 1 19 1 20 1 71
24423 
24424 3 1 4 2 1 8 1 48
24425 2 2 1 50 1 61 2 79 3 81 2 129
24426 4 81 4 168 2 169 4 176
24427 4 81 4 168 2 169 4 176
24428 1 15 1 18 6 19 2 20 1 62
24429 
24430 6 1 2 15 2 23 2 30
24431 5 168 1 170
24432 4 1 1 2 1 3 1 8 1 48
24433 
24434 2 1 2 3 2 40
24435 
24436 
24437 
24438 2 1 6 2 6 15 4 17 2 63 2 180
24439 
24440 3 15 1 80 2 124
24441 3 15 1 80 2 124
24442 3 15 1 80 2 124
24443 1 2 5 40 5 169 1 179
24444 
24445 
24446 1 2 5 40 5 169 1 179
24447 
24448 
24449 
24450 
24451 
24452 
24453 
24454 
24455 
24456 
24457 
24458 
24459 
24460 4 2 1 108 1 128
24461 5 2 1 108 1 128
24462 11 2 2 128
24463 12 2 2 128
24464 1 1 3 15 1 25 1 30 1 31 1 53
24465 2 1 3 168 2 169 1 175
24466 
24467 
24468 4 15 1 20 1 94
24469 4 15 1 20 1 94
24470 1 2 10 15 2 63
24471 
24472 3 15 1 30 2 126
24473 
24474 3 1 1 2 1 8 1 48
24475 9 15 1 18 1 20 1 37
24476 
24477 9 15 1 18 1 30 1 53
24478 9 15 4 16 1 32
24479 2 1 1 173 1 179 2 180
24480 1 1 4 15 1 53 1 125
24481 2 1 1 29 3 168 3 169
24482 7 168 2 169 1 175
24483 4 15 2 17 1 137 3 168 1 169
24484 1 137 7 168 3 169
24485 2 1 1 2 1 41 1 50
24486 9 15 1 18 1 30 1 53
24487 2 1 9 15 1 18 1 21 1 22
24488 2 2 2 79 4 81 1 100
24489 2 168 1 175 1 180
24490 1 1 1 171 1 176 2 180
24491 2 1 1 2 3 168 2 169
24492 
24493 5 15 1 18 1 31 1 168 2 169
24494 1 1 1 2 5 15 1 18 1 48 1 168 2 169
24495 9 15 1 18 1 37 1 123
24496 4 2 2 65 2 107
24497 
24498 2 1 2 130 2 169 1 170
24499 1 1 2 168 1 176 2 180
24500 1 1 1 8 5 15 1 37 1 65
24501 10 15 2 18 1 168 2 169
24502 10 15 2 18 1 168 2 169
24503 
24504 
24505 
24506 
24507 3 1 7 15 4 17 1 80 2 170 1 171 1 176 1 179
24508 1 89 6 168 3 169 1 170
24509 2 1 1 2 1 42 1 72
24510 2 1 4 15 1 26 1 53
24511 3 1 5 15 1 23 1 50
24512 
24513 
24514 15 15 3 18 3 19 3 53
24515 3 1 3 15 1 23 2 30
24516 1 1 4 168 1 169 1 175 1 180
24517 
24518 1 1 4 15 2 17 1 176 2 180
24519 1 1 4 15 1 37 1 123
24520 1 1 4 15 1 20 1 97
24521 7 15 2 16 1 18 3 19 1 20 1 30
24522 2 1 1 2 5 15 1 22 1 48
24523 
24524 
24525 2 1 5 2 1 88
24526 2 1 3 15 1 32 2 53
24527 8 15 1 18 2 20 1 26
24528 4 15 1 62 1 65 1 154
24529 1 2 5 15 1 29 1 37 1 135
24530 
24531 1 15 1 62 4 123
24532 
24533 
24534 3 1 1 2 3 3 2 49 2 50
24535 
24536 
24539 1 9 1 118 3 119 1 129
24541 
24542 
24543 
24544 
24545 
24546 
24547 
24548 
24549 1 1 1 2 1 5 1 6
24550 
24551 
24552 
24553 
24554 
24555 
24556 
24557 3 1 12 15 2 18 3 53 1 163
24558 
24559 
24560 
24561 
24562 2 1 2 168 1 170 2 179 1 180
24563 1 2 4 3 5 29 1 38
24564 2 1 1 2 10 15 2 18 1 104
24565 8 15 1 18 1 19 1 80
24566 1 1 1 6 1 72
24567 2 15 2 30 2 71
24569 9 15 1 18 1 37 1 123
24570 3 168 1 175 1 179 1 180
24571 4 15 2 17 1 168 1 175 1 180 1 181
24572 3 1 3 2 1 3 1 50 1 136
24573 3 15 1 20 1 30 1 80
24574 
24575 
24576 
24577 
24578 
24579 8 15 1 18 1 19 1 62
24580 4 1 1 43 1 48
24581 
24582 2 1 3 15 1 19 2 53
24583 3 1 3 2 1 42 2 48
24584 3 1 5 15 1 47 1 52
24585 
24586 2 1 1 41 1 60
24588 1 81 6 168 3 169 1 170
24589 
24590 3 1 3 2 1 4 1 33 1 50
24591 2 1 1 52 1 67 3 81
24592 
24593 1 15 2 19 3 20
24594 
24595 5 1 1 2 1 50 1 52 1 61
24596 3 1 1 50 1 52 5 168 1 176
24597 
24598 
24599 
24600 
24601 
24602 
24603 3 118 1 119 7 129 4 170 1 179
24604 
24605 2 15 1 19 3 123
24606 
24607 
24608 6 168 2 170
24609 10 15 2 37 1 60
24610 3 1 1 4 1 89
24611 6 168 2 170
24612 4 1 1 3 1 8 1 48
24613 2 1 1 3 1 50 1 79 2 81
24614 12 15 1 18 3 20 1 21 1 22
24615 4 29 1 168 4 169 1 179
24616 2 1 1 2 1 173 1 175 2 180
24617 4 1 1 4 5 15 1 23 1 57
24618 5 1 1 4 5 15 1 23 1 60
24619 6 168 4 169
24620 2 1 5 15 1 22 1 48
24621 2 1 1 2 1 41 1 60
24622 8 15 1 18 1 19 1 80
24623 1 1 1 49 1 69
24624 
24625 
24626 4 1 1 4 2 34
24627 4 168 1 171 2 172 1 180
24628 1 1 1 2 1 50 1 86
24629 
24630 
24631 1 81 5 168 5 169
24632 3 1 2 2 5 15 1 23 1 50
24633 2 1 2 168 1 170 1 175 1 179 1 180
24634 2 1 1 2 1 3 9 168 3 169
24635 4 1 3 3 5 168 1 169
24636 1 1 2 2 9 15 1 18 2 21
24637 1 1 2 2 9 15 1 18 2 21
24638 5 1 1 2 2 3 1 43 1 72
24639 2 1 1 2 9 15 1 18 1 21 1 22
24640 10 15 8 16
24641 6 1 4 15 1 18 1 26 2 52
24642 2 1 1 2 1 34 1 50
24643 2 1 1 49 1 70
24644 8 15 1 18 1 19 1 124
24645 1 1 4 2 1 61 1 81 1 83
24646 5 168 2 170 2 171
24647 1 1 3 2 1 61 1 81 1 83
24648 1 1 2 2 1 61 1 81 1 83
24649 1 1 5 2 1 61 1 81 1 83
24650 2 81 5 168 4 169 1 170
24651 
24652 3 1 1 50 1 52 4 168 1 176 1 179
24653 8 15 1 18 1 19 1 125
24654 
24655 1 1 1 3 5 15 2 49 1 64
24656 2 14 4 168 2 169
24657 1 72 1 81 5 168 4 169 1 170
24658 7 168 4 170
24659 1 1 1 50 9 168 3 169 1 170 3 179
24660 3 1 1 42 1 60
24661 4 1 1 43 1 60
24662 2 2 2 79 4 81 1 103 1 129
24663 2 2 2 79 5 81 1 103
24664 7 168 2 169 2 170
24665 7 168 2 169 1 170
24666 
24667 2 1 2 2 1 49 1 70
24668 3 1 1 4 1 49 1 69
24669 12 1 2 3 4 4 2 6
24670 3 1 1 3 5 15 1 23 1 57
24671 4 1 1 3 5 15 1 23 1 60
24672 8 168 2 169 1 170
24673 
24674 
24675 8 168 2 169 2 170
24676 
24677 
24678 2 1 1 2 1 3 4 15 2 17 3 168 1 169
24679 4 1 2 8 2 29 2 67 4 168 2 169
24680 2 1 2 8 10 15 2 18 2 29 2 67 4 168 2 169
24681 1 1 6 2 1 57 1 60
24682 9 168 3 169 3 176
24683 
24684 2 2 1 3 1 29 2 83
24685 2 2 1 3 1 29 2 83
24686 
24687 
24688 
24689 4 15 1 21 1 29 1 30
24690 3 168 4 169
24691 
24692 
24693 4 15 1 71 1 124
24694 4 15 1 71 1 124
24695 
24696 1 168 2 175 2 180
24697 4 15 1 21 1 29 1 30
24698 
24699 2 1 1 168 2 176 3 180
24700 16 15 2 16 4 18
24701 16 15 2 16 4 18
24702 1 1 3 15 1 19 1 39
24703 4 15 1 71 1 124
24705 
24706 
24707 2 2 8 15 2 18 2 19 2 66
24708 
24709 
24710 3 1 1 4 3 15 1 21 1 22 2 29 1 30 1 58
24711 
24712 
24713 
24714 
24715 
24716 
24717 
24718 
24719 
24720 
24721 3 1 1 2 1 3 1 135 1 136
24722 
24723 4 1 7 2 2 42 1 50
24724 
24725 
24726 2 1 16 2 1 6 2 48
24727 
24728 
24729 
24730 
24731 
24732 
24733 
24734 3 1 2 2 4 15 1 18 2 48 1 50 1 54 1 123 1 169 2 173 1 175
24735 
24736 
24737 
24738 2 1 9 2 3 50
24739 
24740 
24741 
24742 
24744 1 1 2 2 1 50 1 54
24745 
24746 
24747 2 1 4 2 1 6 2 48
24748 
24749 
24751 
24752 
24753 
24754 
24755 
24756 3 15 1 20 1 29 1 80 1 154
24757 
24758 
24759 
24760 
24761 
24762 
24763 
24764 
24765 
24766 
24767 
24768 
24769 
24770 2 15 1 18 2 124 1 126 1 171 1 176 2 180
24771 
24772 
24773 
24774 2 2 8 15 2 18 2 30 2 66
24775 1 2 1 29 2 168 1 169 2 179
24776 
24777 
24778 
24779 
24780 1 29 9 168 3 169
24781 
24782 
24783 
24784 
24785 
24786 
24787 
24788 
24789 
24790 
24791 
24792 
24793 6 15 1 18 1 19 2 20 1 80
24794 4 2 2 31 2 107
24795 1 2 5 15 1 21 1 31 1 58
24796 1 2 1 31 1 55 1 86
24797 
24798 2 2 2 40 2 41
24799 
24800 1 3 3 40 1 81 1 169 1 170 1 171 1 179
24801 8 15 1 18 1 19 1 123
24802 
24803 
24804 1 31 4 168 1 169 1 175
24805 
24806 5 2 2 29 1 149 4 168 2 176
24807 
24808 
24809 
24810 
24811 
24812 
24813 2 1 2 2 1 54 1 61
24814 1 31 4 168 1 169 1 175
24815 1 31 4 168 1 169 1 175
24816 1 2 1 3 1 15 2 19 1 20 1 29 1 80 1 108
24817 
24818 2 1 10 2 1 6 2 48
24819 
24820 
24821 
24822 
24823 
24824 1 2 1 38 1 68
24825 
24826 
24827 2 1 1 3 1 6 1 31
24828 1 1 2 2 1 6 1 31
24829 2 1 14 2 1 6 2 48
24830 4 1 8 2 2 3 2 41
24831 4 1 6 2 2 3 2 41
24832 2 1 1 31 1 55 1 140
24833 5 1 9 2 3 3 1 29 1 51
24834 
24835 
24836 
24837 
24838 
24839 
24840 
24841 
24842 
24843 
24844 
24845 
24846 
24847 1 1 13 2 1 5 4 15 1 21 1 47
24848 
24849 4 170 1 179
24850 
24851 
24852 
24853 3 1 6 2 1 3 3 15 1 21 1 30 1 53 1 107
24854 
24855 
24856 
24857 
24858 
24859 1 1 2 2 1 31 1 41
24860 
24861 
24862 1 1 3 2 8 15 4 17 1 60 2 168 1 176
24863 
24864 
24865 
24866 
24867 2 1 8 2 1 7 1 48
24868 6 1 2 2 4 15 2 23
24869 
24870 
24871 
24872 
24873 
24874 
24875 
24876 
24877 1 2 1 86 3 168 1 176 1 180
24878 
24879 
24880 
24881 
24882 
24883 
24884 
24885 
24886 
24887 1 1 3 2 1 31 1 55
24888 
24889 
24890 
24891 
24892 
24893 1 1 1 2 1 7 1 48 3 168 1 169 1 179
24894 
24897 
24898 1 1 1 2 1 3 3 15 1 31 1 63 2 80
24899 
24900 2 1 2 2 2 7 2 48
24901 
24902 
24903 
24904 
24905 
24906 
24907 
24908 
24909 
24910 
24911 
24912 
24913 
24914 2 2 2 3 4 29
24915 2 2 2 3 4 29
24916 3 1 1 4 1 5 1 29 2 168 1 169 1 170 1 179
24917 
24918 
24919 3 15 2 19 1 62
24920 
24921 
24922 
24923 
24924 
24925 2 15 2 19 1 62 1 123
24926 
24927 7 15 1 18 2 20 1 32 1 63
24928 
24929 
24930 
24931 4 1 5 2 3 8 1 29
24932 2 2 2 15 1 53 3 123 1 128
24933 4 1 2 2 1 4 2 7 2 48
24934 
24935 
24936 2 1 1 2 2 3 4 15 1 21 1 29 1 53 1 58 1 86
24937 6 1 2 4 2 48
24938 
24939 2 1 2 48 2 168 2 169 2 180
24940 
24941 
24942 
24943 1 1 2 2 1 7 5 15 1 48 1 53
24944 4 2 1 31 2 168 1 169 2 181
24945 
24946 
24947 1 15 2 30 2 80 1 123
24948 
24949 
24950 
24951 
24952 
24953 
24954 
24955 
24956 
24957 
24958 1 1 3 2 4 15 1 30 1 45
24959 
24960 
24961 
24962 2 1 3 2 2 7 2 48 1 50
24963 2 1 4 2 2 7 2 48 2 50
24964 4 2 2 3 4 29 1 62 2 97 3 125
24965 
24966 
24967 
24968 
24969 2 1 2 2 3 15 1 53 1 65 1 97 1 154 3 168 1 169 1 176
24970 
24971 
24972 
24973 
24974 3 1 1 2 3 15 2 20 1 23
24975 3 1 1 2 3 15 2 20 1 23
24976 3 1 2 2 2 3 1 86
24977 3 1 2 2 2 3 1 86
24978 
24979 
24980 3 2 1 33 1 54 1 59 1 86
24981 
24982 
24983 
24984 
24985 
24986 
24987 
24988 
24989 
24990 1 31 3 168 1 169 1 175
24991 
24992 1 2 1 29 1 31 1 55
24993 
24994 
24995 
24996 
24997 
24998 
24999 
25000 
25001 
25002 
25003 
25004 
25005 
25006 2 1 1 2 5 15 1 31 1 53 1 107 3 169 1 170 1 176 1 180 1 181
25007 
25008 
25009 
25010 
25011 
25012 
25013 
25014 
25015 
25016 
25017 
25018 
25019 
25020 
25021 
25022 
25023 
25024 
25025 
25026 
25027 
25028 
25029 
25030 
25031 
25032 
25033 
25034 
25035 
25036 
25037 
25038 
25039 
25040 
25041 
25042 
25043 
25044 
25045 
25046 
25047 
25048 
25049 
25050 2 1 4 168 2 169
25051 2 2 4 3 6 29
25053 
25054 1 1 1 3 1 29 1 54
25055 
25056 4 1 2 168 2 169 1 170
25057 1 1 1 3 1 29 1 31 1 55
25058 2 1 4 15 1 22 1 30 1 31 1 65 1 107 3 169 1 170 1 176 1 180 1 181
25059 4 29 1 168 4 169 1 179
25060 
25061 
25062 
25063 
25064 
25065 1 65 11 168 1 169
25066 2 1 7 2 2 41
25067 
25068 
25069 
25070 1 1 1 2 1 54 1 58
25071 
25072 
25073 6 1 2 2 2 4 2 41
25074 1 1 9 2 2 15 2 19 1 20
25075 9 15 1 29 1 37 1 64 1 80
25076 4 1 1 3 1 4 1 33
25077 5 15 1 22 1 31 1 65
25078 
25079 2 2 3 3 8 29 1 38 1 51 5 169 1 179
25080 
25081 
25082 
25083 
25084 
25085 2 1 1 2 2 3 2 29
25086 
25087 
25088 2 29 4 168 2 169
25089 2 29 4 168 2 169
25090 1 1 2 2 7 15 1 21 1 37 1 53 1 71 1 124
25091 1 1 1 2 5 15 1 25
25092 3 1 1 3 3 168 2 169 1 180
25093 1 38 1 119
25094 3 168 2 169
25095 1 36 1 129 3 130
25096 
25097 
25099 
25100 
25101 
25102 
25103 
25104 2 1 1 2 1 3 1 33 1 59 1 87
25105 
25106 
25107 
25108 
25109 2 1 1 31 1 55 1 140
25110 
25112 3 15 2 30 1 80
25113 
25114 
25115 
25116 
25119 1 34 1 129 1 130
25120 1 35 1 129 2 130
25121 1 38 1 117
25123 1 1 3 2 4 15 1 19
25125 1 1 1 2 5 15 1 106
25126 2 1 1 2 2 3 1 31 1 54 1 88 1 107
25127 
25128 20 15 4 18 1 104
25129 1 1 4 2 4 15 1 19
25130 
25131 
25132 22 15 8 18
25133 
25136 
25137 1 1 5 15 1 106
25138 6 71
25139 
25140 22 15 8 18
25141 1 34 2 129
25142 1 38 1 114
25143 
25144 
25145 
25146 
25147 
25148 
25149 2 72 2 168 1 170
25150 
25151 2 2 1 33 1 59 2 86
25153 3 1 9 2 1 3 1 41
25154 
25155 
25156 2 1 1 2 1 31 1 33 1 168 2 169 1 170
25157 2 1 1 2 1 31 1 33 1 168 2 169 1 170
25158 
25159 
25160 
25162 1 1 1 2 1 7 1 38
25163 1 1 6 15 2 16 1 19 1 21
25164 1 1 4 168 3 169
25165 5 15 2 16 1 19 2 20
25166 
25167 
25168 1 1 1 2 1 3 1 29 1 77
25169 
25170 
25171 
25172 
25174 3 1 1 2 5 15 1 22 1 51
25175 
25176 
25177 
25179 5 15 1 21 1 33 1 59 1 87
25180 1 65 6 168 1 169
25181 2 1 1 2 3 168 1 169 1 172
25182 
25183 17 15 3 18 2 19 1 22
25184 
25185 4 15 1 63 1 123 7 168 1 170 1 178 1 181
25186 
25187 
25188 
25189 
25190 
25191 
25192 1 1 5 15 1 21 1 31 1 59
25193 5 15 1 21 1 31 1 55
25194 
25195 
25196 1 1 1 15 2 19 2 71
25197 
25198 
25199 
25200 
25201 
25204 
25205 
25206 2 1 2 3 2 128
25207 
25208 2 1 1 2 3 168 2 169
25209 
25210 2 1 5 2 4 15 1 45 1 60 1 63
25211 
25212 
25213 4 15 1 18 1 19
25214 1 15 1 123 4 124
25215 
25216 1 1 11 2 4 50 1 134
25217 1 1 4 15 1 45 1 62
25218 
25219 
25220 
25221 
25222 1 1 1 3 1 29 1 31 1 55 1 88
25223 4 1 1 170 2 176 3 180
25224 
25225 
25226 1 1 3 2 1 31 1 55
25227 8 15 2 18 2 30 2 66 4 168 2 169
25228 
25229 
25230 
25234 
25235 2 1 2 3 2 29
25236 
25238 9 15 4 16 1 32
25239 
25240 
25241 
25242 
25243 2 1 1 2 4 168 2 169
25244 
25245 
25246 
25247 
25248 
25249 
25250 
25251 2 1 1 2 1 3 5 15 1 21 1 50
25252 
25253 2 1 12 2 2 88
25254 
25255 
25256 
25257 1 2 1 5 1 48 3 168 1 169 1 179
25258 1 1 1 33 1 59 1 87
25259 1 1 1 33 1 59 1 87
25260 3 1 1 44 3 168 2 169 2 170
25261 
25262 9 15 1 20 1 29 1 37 1 64
25263 4 15 1 94 1 124
25265 2 1 2 2 3 168 2 169
25266 
25268 
25269 
25270 1 89
25271 
25272 
25273 1 1 4 2 5 15 2 16 2 19
25274 
25275 
25276 4 1 2 168 2 169 1 170
25277 2 2 1 5 5 15 1 48 1 53
25279 
25280 7 15 1 18 1 20 1 32 1 63 1 123
25281 
25282 2 1 2 2 1 4 2 5 2 48
25283 
25284 
25285 1 115 2 128
25286 2 5 2 6
25287 1 1 6 15 2 16 1 19 1 21
25288 
25289 8 15 2 18 2 123
25290 1 1 12 2 1 138
25291 2 15 1 123 3 124
25292 
25293 10 168 4 169
25294 10 168 4 169
25295 9 15 2 18 1 126
25296 
25297 
25298 1 1 5 2 1 101
25299 1 18 5 123
25300 2 173 2 180
25301 2 15 2 123 2 124
25302 
25303 
25304 3 15 2 123 1 124
25305 
25306 
25307 
25308 
25309 2 2 2 31 1 55
25310 
25311 
25312 
25313 
25314 1 1 6 2 1 111
25315 
25316 2 1 5 2 2 7 2 48 3 50
25317 
25318 
25319 
25320 
25321 2 1 3 168 2 169 1 170 1 174
25322 1 1 13 2 2 6 1 29
25323 
25324 
25325 
25326 2 128 6 129 4 170
25327 
25328 
25329 1 1 4 2 1 29 2 60
25330 4 1 2 2 2 42
25331 
25332 
25333 
25334 
25335 
25336 2 1 1 2 1 8 1 31
25337 
25338 
25339 
25340 
25341 
25342 
25343 2 2 5 15 2 16 2 19 1 49
25344 
25345 2 1 1 2 4 15 1 18 1 29 1 53 1 60 4 168 1 169 1 170
25346 
25347 2 1 10 15 2 22
25348 2 1 2 2 3 168 2 169
25349 2 1 2 2 1 29 1 42
25350 
25351 
25352 1 5 3 118 1 119
25353 
25354 2 1 2 2 8 15 2 18 2 80 1 104
25355 2 2 2 3 4 31 2 58
25356 
25357 
25358 
25359 
25360 
25361 
25362 1 1 2 2 1 117
25363 2 15 1 123 3 124
25364 2 15 1 123 3 124
25365 2 15 2 123 2 124
25366 1 15 2 123 3 124
25367 5 15 1 18
25368 4 15 1 18 1 20
25369 5 15 2 16 1 19 2 20
25370 
25371 5 15 2 16 1 19 2 20
25372 1 5
25373 
25374 
25375 
25376 
25377 1 15 4 123 1 124
25378 1 8 2 129 1 130
25379 2 1 11 2 1 144
25380 1 5 1 9 3 130
25381 1 1 8 2 4 168 1 169
25382 1 1 14 2 1 138
25383 1 35 3 129
25384 8 15 2 18 2 123
25385 8 15 2 18 2 123
25386 2 15 4 80
25387 2 15 4 80
25388 
25390 10 15 2 21 1 31 1 48 1 59
25391 
25392 1 1 1 3 3 15 1 31 1 63 2 80
25393 4 1 1 29 10 168 8 169 3 170 1 172 2 179
25394 
25395 3 1 1 2 5 15 1 23 1 50
25396 8 15 4 17 1 86 1 169 1 179
25397 2 1 1 2 1 3 1 41 1 130
25398 
25399 
25400 
25401 2 130 4 168 2 169
25402 
25403 
25404 
25405 1 1 8 2 1 29 3 50
25406 1 1 2 2 1 5 1 6
25407 3 1 2 168 3 169
25408 8 168 12 169 2 170
25409 4 1 1 168 4 169
25410 4 1 5 15 1 22 1 52 1 107
25411 
25412 2 2 4 15 2 45 2 108
25413 1 1 1 2 1 3 1 31 1 55 1 86 1 107
25414 
25415 2 1 9 2 1 3 1 29
25416 1 1 9 15 1 18 1 63 1 147
25417 
25418 
25419 
25420 
25421 
25422 2 3 2 29 2 31
25423 
25424 
25425 2 1 1 2 1 168 2 169
25426 
25427 2 1 2 2 1 8 1 130
25428 2 115 1 118 2 119
25429 2 1 1 2 2 3 3 15 1 31 1 63 2 80
25430 
25431 
25432 1 1 1 2 1 7 1 48 1 117 3 118
25433 2 2 4 15 1 49 1 53 1 126
25434 8 168 4 170
25435 
25436 1 1 1 49 1 50 1 65 1 86 1 168 3 169 1 170 2 173 1 175 1 176 2 180
25437 
25438 1 2 3 3 5 29 1 34
25439 1 2 3 3 5 29 1 34
25440 1 2 3 3 5 29 1 34
25441 4 1 1 4 1 41 4 168 2 169
25442 
25443 
25444 1 1 1 3 1 31 1 54 1 107
25445 2 1 4 15 1 19 1 64
25446 2 1 1 8 5 15 1 18
25447 2 1 2 169 2 179 2 180
25448 2 1 2 169 2 179 2 180
25449 
25450 1 1 1 5 2 6
25451 2 1 3 2 4 15 1 22 1 30
25452 
25453 
25454 
25455 
25456 
25457 
25458 
25459 
25460 
25461 1 1 4 15 1 18 1 21
25462 1 1 4 15 1 18 1 21
25463 1 1 4 15 1 18 1 21
25464 
25465 
25467 2 1 1 3 1 40 1 109
25468 
25469 
25470 3 1 3 15 1 23 2 30
25471 1 1 4 2 8 15 3 18 1 117 1 147 4 168 2 169
25472 
25473 1 5 1 50 1 119
25474 2 1 1 2 1 3 3 15 1 20 1 53 1 126
25475 1 72 5 168 1 169 1 170
25476 
25477 
25478 
25479 2 1 1 33 1 40 7 168 4 169 2 170 2 172
25480 
25481 1 1 1 2 4 15 1 20 1 26
25482 3 1 3 168 3 169
25484 
25485 
25486 1 15 2 123 3 124
25487 1 15 2 123 3 124
25488 1 15 2 123 3 124
25489 
25490 
25491 
25492 
25493 
25494 
25495 
25496 
25497 
25498 
25499 
25500 
25501 
25502 
25503 
25504 
25505 
25506 1 15 2 19 3 62
25507 
25508 
25509 
25510 
25511 
25513 2 1 2 2 1 84
25514 3 1 1 15 2 17 1 49 2 53 1 123 1 168 1 169 1 170 1 172 1 179 2 180
25515 
25516 3 1 2 31 2 168 1 169 2 170
25517 1 1 1 2 1 29 1 88
25518 2 1 1 168 2 169 1 179
25519 1 1 1 2 1 49 1 135
25520 
25521 2 1 2 2 3 168 2 169
25522 1 1 1 29 4 168 2 169
25523 3 23 3 124 9 129
25524 2 1 1 104
25525 
25526 2 1 7 2 4 48 3 50
25527 
25528 1 1 5 2 3 168 1 169
25529 1 2 6 15 1 21 4 30 1 37
25530 1 1 6 2 3 168 1 169
25531 1 1 7 2 3 168 1 169
25532 1 1 9 2 3 168 1 169
25533 1 1 11 2 3 168 1 169
25534 1 1 12 2 3 168 1 169
25535 1 1 13 2 3 168 1 169
25536 1 1 14 2 3 168 1 169
25537 1 1 16 2 3 168 1 169
25538 1 1 17 2 3 168 1 169
25539 
25540 
25541 
25542 
25543 2 129 1 168 1 173
25544 1 129 1 169 1 171
25545 1 129 1 168 1 172
25546 1 114 2 168 1 169
25547 6 72 3 170
25548 5 72 1 169 2 170
25549 4 72 2 169 1 170
25550 4 72 2 169 1 170
25551 3 72 3 169
25552 3 72 3 169
25553 3 72 1 168 1 169 1 170
25554 2 72 1 168 2 169
25555 2 72 1 168 2 169
25556 3 129 1 169 1 173
25557 2 129 1 169 1 172
25558 2 15 3 123 1 124
25559 2 15 3 123 1 124
25560 5 18 1 123
25561 
25562 
25563 
25564 
25565 
25566 
25567 
25568 22 15 8 18
25569 4 15 1 18 1 20
25570 2 6 2 130
25571 2 6 2 130
25572 2 6 2 130
25573 1 1 11 2 1 143
25574 2 1 8 2 1 144
25575 1 1 7 2 1 143
25576 6 1 6 168 2 169 2 170 4 175
25577 2 5 2 6
25578 
25579 4 15 1 18 1 19
25580 
25581 4 129 1 168 2 170
25582 
25583 3 18 3 123
25584 1 128 2 168 1 169
25585 1 1 4 2 3 118 1 119
25586 
25587 3 168 8 169
25588 3 2 3 68 1 156
25589 2 1 14 2 2 144
25590 
25591 2 1 2 2 1 3 1 49 2 168 2 169 2 179
25592 
25593 
25594 
25595 
25596 2 115 2 122
25597 
25598 2 1 1 8 9 15 1 18 1 21 1 48 1 53 2 130 2 169 1 170
25599 2 1 1 8 9 15 1 18 1 21 1 48 1 53 2 130 2 169 1 170
25600 
25601 
25602 2 1 4 2 2 3 2 29 2 58
25603 
25604 1 2 1 117 1 127
25605 3 1 1 3 4 168 3 169 1 172 1 174
25606 
25607 
25608 2 128 4 168 2 169
25609 
25610 
25611 
25612 
25613 
25614 
25615 
25616 2 1 6 2 1 3 1 29
25617 2 1 6 2 1 3 1 29
25618 2 1 1 8 9 15 1 18 1 21 1 48 1 53 2 130 2 169 1 170
25619 1 1 10 15 1 18 1 21 1 169 1 170 1 179 1 180
25620 
25621 
25622 
25623 
25624 1 1 1 2 7 15 1 19 3 21 1 53 1 169 1 175 2 180 1 181
25625 
25626 1 33 1 113
25627 
25628 
25629 1 36 1 113 3 130
25630 
25631 
25632 
25633 1 1 3 15 1 20 1 30 1 37
25634 2 1 14 15 2 18 1 22 1 162
25635 6 1 3 3 3 168 3 169
25637 1 29 1 169 2 171 1 180
25638 4 1 5 2 2 8 2 15 2 21 2 30
25639 
25640 
25641 1 128 7 168 9 169 2 170
25642 2 1 1 29 1 34 1 40 5 168 3 169 3 170 1 171 1 172 2 180
25643 1 1 9 15 1 18 1 37 1 53
25644 2 1 2 2 1 135
25646 
25647 6 15 2 18 2 20 2 62
25648 4 15 1 25 1 30 1 31
25649 
25650 2 83 4 168 2 169
25651 20 169
25652 
25653 
25654 
25655 
25656 
25657 
25658 1 1 14 2 4 168 1 169
25659 
25660 
25661 4 1 1 2 1 43 1 60
25662 2 1 1 8 1 72
25663 1 1 6 2 1 113
25664 
25665 
25666 1 1 1 48 3 168 1 169 1 171
25667 2 168 1 180
25668 1 15 1 123 4 124
25669 1 1 9 2 1 138
25670 15 15 3 18 1 103
25671 6 15 2 16 2 17 2 168 1 171
25672 
25673 
25674 
25675 
25676 1 1 5 15 1 18 4 168 1 173
25677 
25678 
25679 
25680 
25681 
25682 1 1 12 2 4 168 1 169
25683 
25684 
25685 
25686 
25687 
25688 
25689 
25690 
25691 
25692 
25693 
25694 4 130 1 170 1 173
25695 1 68 2 168 1 169
25696 2 170 1 179
25697 
25698 1 1 10 2 4 168 1 169
25699 
25700 1 1 15 2 3 168 1 169
25701 
25702 1 142 3 168 1 169
25703 1 142 2 168 1 169
25704 
25705 1 2 1 128 2 168 1 169
25706 
25707 
25708 
25709 5 1 2 2 3 3
25710 1 1 10 2 1 143
25711 1 1 13 2 1 143
25712 5 18 1 19
25713 2 1 5 2 1 144
25714 1 1 6 15 2 16 1 19 1 21
25715 1 29 1 130
25716 1 1 5 168 1 169 1 170
25717 3 15 3 71
25718 3 168 1 169 1 170
25719 3 15 1 20 1 124 1 125
25720 6 15 2 16 2 126
25721 1 8 1 129 2 130
25722 1 8 1 129 2 130
25723 4 15 2 17 1 168 2 171 2 172
25724 2 1 7 2 1 139
25725 
25726 
25727 
25728 1 15 3 123 2 124
25729 1 15 3 123 2 124
25730 
25731 1 1 3 15 2 20 1 45
25732 
25733 
25734 
25735 
25736 
25737 
25738 1 4 2 127 2 128
25739 1 4 1 127 3 128
25740 1 110 3 127
25741 2 1 9 2 1 139
25742 
25743 4 1 4 2 2 3
25744 
25745 
25746 
25747 
25748 
25749 1 1 3 15 2 20 1 45
25750 
25751 1 1 3 15 2 20 1 45
25752 
25753 
25754 
25755 1 119 1 128 1 149
25756 1 130
25758 
25759 
25760 8 15 2 18 2 126
25761 8 15 2 18 2 126
25762 
25763 
25764 8 15 2 18 2 123
25765 
25766 
25767 1 168 1 169 1 170
25768 1 168 1 173
25769 
25770 
25771 2 1 9 2 1 144
25772 2 1 13 2 1 144
25773 2 1 7 2 1 144
25774 
25775 3 15 2 18 1 19
25776 4 1 6 2 1 4
25777 1 1 9 2 1 101
25778 1 1 4 2 1 113
25779 1 14 1 38 1 128
25780 
25781 2 1 17 2 1 144
25782 
25783 2 1 12 2 1 34
25784 1 1 6 15 2 16 1 19 1 21
25785 1 128 1 168 2 170 1 180
25786 
25787 
25788 2 1 11 2 1 144
25789 2 1 9 2 1 144
25790 
25791 1 1 1 69 1 128
25792 1 1 11 2 1 138
25793 4 1 13 2 1 4
25794 1 6 1 119 1 130
25795 3 1 2 2 1 3 1 6
25796 
25797 
25798 
25799 
25800 
25801 
25802 
25803 
25804 8 15 2 80 2 147
25805 4 15 1 22 1 30 1 31 1 65
25806 1 2 4 15 1 30 1 31 1 63
25808 3 1 4 15 1 36 1 53 1 109 1 123
25809 
25810 
25811 2 15 2 20 2 30
25812 1 1 1 3 1 6 2 49
25813 2 50 1 51
25814 
25815 1 1 3 15 2 17 1 30 1 172 2 180
25816 
25817 
25818 
25819 3 1 1 3 4 15 1 21 1 22 1 31
25820 2 168 4 169
25821 
25823 
25824 1 1 1 29 4 168 2 169
25825 1 1 4 2 1 3 1 5 1 29
25826 
25827 4 15 4 17 4 62 2 180
25828 
25829 
25830 
25831 6 15 2 16 2 17 2 168 1 171
25832 5 1 3 2 1 3 1 4
25833 5 1 3 2 1 3 1 4
25834 5 1 2 2 3 3
25835 1 1 5 2 1 143
25836 1 1 6 2 1 143
25837 5 1 3 2 1 3 1 4
25838 5 1 3 2 1 3 1 4
25839 1 14 1 38 1 127
25840 
25841 4 15 2 17 6 168 2 169
25842 3 1 1 3 1 69
25843 3 1 1 2 1 70
25844 5 15 2 16 1 19 2 20
25845 5 15 2 16 1 19 2 20
25846 5 15 2 16 1 19 2 20
25847 1 130 2 168 1 169 1 180
25848 1 130 1 168 2 170 1 180
25849 
25850 
25851 2 1 2 2 2 3 2 29
25853 
25854 1 54 4 168 1 169
25855 2 1 1 2 2 3 2 128
25856 
25857 1 2 2 117
25858 3 1 1 51 3 168 2 169 1 179
25859 1 5 2 15 2 19 1 20
25860 9 15 4 16 1 21 1 29
25861 2 1 2 169 2 179 2 180
25862 1 1 9 2 1 143
25863 4 15 1 18 1 20
25864 
25865 
25866 
25867 1 8 1 9 5 130
25868 2 15 4 126
25869 
25870 
25871 
25872 1 1 3 15 2 20 1 45
25873 
25874 4 1 1 3 2 168 3 169
25875 2 1 5 168 2 169
25876 2 1 4 2 1 3 1 40
25877 
25878 2 1 1 166
25879 4 169 2 171
25880 
25881 2 1 6 2 1 144
25882 2 1 6 2 1 144
25883 2 1 6 2 1 144
25884 2 1 7 2 1 144
25885 
25886 1 1 3 15 2 20 1 45
25887 1 1 13 2 1 138
25888 1 170 1 171
25889 1 170 1 173
25890 2 1 4 2 1 144
25891 1 1 8 2 1 119
25892 
25893 
25894 
25895 10 168 4 169
25896 10 168 4 169
25897 10 168 4 169
25898 1 1 15 2 1 143
25899 1 1 8 2 1 101
25900 2 1 3 168 4 169
25901 
25902 2 1 1 2 1 3 1 127
25903 2 1 1 168 2 169 1 171
25904 1 8 2 129 1 130
25905 
25906 1 7 1 114 1 130
25907 
25908 2 121
25909 1 2 1 127 2 168 1 169
25910 2 121
25911 8 15 2 18 2 123
25912 1 109 1 127 1 128
25913 3 129 1 170 1 172
25914 2 15 1 71 3 126
25915 2 8 4 130
25916 2 14 2 128
25917 2 15 3 123 1 124
25918 2 15 3 123 1 124
25919 2 15 3 123 1 124
25920 2 15 2 123 2 124
25921 2 15 2 123 2 124
25922 2 15 2 123 2 124
25923 2 15 2 123 2 124
25924 2 15 1 123 3 124
25925 2 15 1 123 3 124
25926 3 15 1 123 2 124
25927 3 15 2 123 1 124
25928 2 15 2 123 2 124
25929 2 15 2 123 2 124
25930 2 15 2 123 2 124
25931 2 1 3 168 4 169
25932 
25933 7 15 2 18 3 123
25934 7 15 2 18 3 123
25935 7 15 2 18 3 123
25936 
25937 3 15 1 123 2 124
25938 3 1 1 2 1 3 1 109
25939 6 15 2 16 2 17 2 168 1 171
25940 1 1 3 15 2 20 1 45
25941 7 15 2 18 3 123
25942 7 15 2 18 3 123
25943 7 15 2 18 3 123
25944 7 15 2 18 3 123
25945 7 15 2 18 3 123
25946 7 15 2 18 3 123
25947 7 15 2 18 3 123
25948 7 15 2 18 3 123
25949 7 15 2 18 3 123
25950 7 15 2 18 3 123
25951 3 15 3 71
25952 2 15 4 71
25953 2 15 4 71
25954 1 15 5 71
25955 3 15 1 18 2 20
25956 3 15 1 18 2 20
25957 3 15 1 18 2 20
25958 3 15 1 18 2 20
25959 3 15 1 18 2 20
25960 1 1 4 2 1 101
25961 2 15 1 123 3 124
25962 1 14 1 38 1 130
25963 1 1 2 14 1 127
25964 1 1 2 14 1 128
25965 1 1 17 2 1 143
25966 1 1 2 14 1 130
25967 1 5 1 8
25968 1 112 1 127 1 128
25969 1 110 1 127 2 128
25970 1 110 2 127 1 128
25971 2 1 8 2 1 144
25972 5 15 2 16 1 19 2 20
25973 
25974 2 1 17 2 1 144
25975 3 1 3 15 3 21
25976 
25977 1 1 6 2 1 101
25978 1 15 3 123 2 124
25979 1 15 3 123 2 124
25980 1 15 3 123 2 124
25981 4 1 9 2 1 4
25982 8 15 2 18 2 126
25983 8 15 2 18 2 126
25984 
25985 3 15 2 18 1 19
25986 1 1 9 2 4 15 1 19
25987 1 1 7 2 4 15 1 19
25988 2 14 2 130
25989 
25990 5 1 1 2 3 3
25991 5 1 1 2 3 3
25992 4 1 4 2 2 3
25993 4 1 4 2 2 3
25994 4 1 4 2 2 3
25995 4 1 4 2 2 3
25996 5 1 3 2 1 3 1 4
25997 5 1 3 2 1 3 1 4
25998 5 1 2 2 3 3
25999 5 1 2 2 3 3
26000 5 1 3 2 1 3 1 4
26001 5 1 3 2 1 3 1 4
26002 5 1 3 2 1 3 1 4
26003 4 1 2 2 2 3
26004 3 18 3 126
26005 1 1 2 2 1 3 2 127
26006 1 1 15 2 1 138
26007 1 1 17 2 1 138
26008 2 1 1 168 2 169 1 171
26009 1 129
26010 1 1 6 2 1 119
26011 3 1 1 2 1 3 1 109
26012 3 1 1 2 1 3 1 109
26013 1 7 1 114 1 128
26014 7 15 2 18 3 123
26015 8 15 2 18 2 126
26016 4 1 14 2 1 4
26017 1 1 1 2 5 18 1 45
26018 7 15 2 18 3 123
26019 7 15 2 18 3 123
26020 4 1 4 2 2 3
26021 4 1 2 2 2 3
26022 7 15 2 18 3 123
26023 7 15 2 18 3 123
26024 6 15 2 16 2 17 2 168 1 171
26025 8 15 2 18 2 126
26026 8 15 2 18 2 126
26027 6 15 2 16 2 17 2 168 1 171
26028 8 15 2 18 2 126
26029 4 1 11 2 1 4
26030 1 1 8 2 1 143
26031 2 1 8 2 1 144
26032 
26033 8 15 2 18 2 126
26034 1 1 6 2 1 117
26035 2 1 1 168 2 169 1 171
26036 4 1 10 2 1 4
26037 4 1 12 2 1 4
26038 4 1 15 2 1 4
26039 1 1 17 2 1 108
26040 1 1 4 2 1 111
26041 1 1 10 2 1 111
26042 1 1 12 2 1 111
26043 1 1 14 2 1 111
26044 1 1 16 2 1 111
26045 1 1 17 2 1 111
26046 1 1 18 2 1 111
26047 1 1 15 2 1 111
26048 2 1 9 2 1 144
26049 1 1 10 2 1 113
26050 1 1 12 2 1 113
26051 1 1 14 2 1 113
26052 1 1 16 2 1 113
26053 1 1 17 2 1 113
26054 1 1 18 2 1 113
26055 1 1 15 2 1 119
26056 1 1 17 2 1 119
26057 1 1 18 2 1 119
26058 1 1 9 2 1 119
26059 1 1 11 2 1 119
26060 1 1 12 2 1 119
26061 1 1 13 2 1 119
26062 1 1 14 2 1 119
26063 1 1 11 2 1 117
26064 1 1 12 2 1 117
26065 1 1 13 2 1 117
26066 1 1 14 2 1 117
26067 1 1 15 2 1 117
26068 1 1 16 2 1 117
26069 1 1 17 2 1 117
26070 1 1 18 2 1 117
26071 1 1 3 2 1 117
26072 1 1 4 2 1 117
26073 1 1 7 2 1 117
26074 1 1 8 2 1 117
26075 1 1 9 2 1 117
26076 1 1 10 2 1 117
26077 2 1 8 2 1 139
26078 2 1 10 2 1 139
26079 2 1 11 2 1 139
26080 2 1 12 2 1 139
26081 2 1 15 2 1 139
26082 2 1 16 2 1 139
26083 2 1 17 2 1 139
26084 1 1 12 2 1 143
26085 1 1 14 2 1 143
26086 1 1 16 2 1 143
26087 1 1 18 2 1 143
26088 2 1 2 168 1 169 1 172
26089 
26090 4 15 2 17 6 168 2 169
26091 2 168 2 170
26092 2 169 2 170
26093 2 1 14 2 1 144
26094 1 168 3 171 2 172
26095 2 1 13 2 1 139
26096 2 1 13 2 1 144
26097 2 1 13 2 1 144
26098 
26099 2 1 12 2 1 144
26100 2 1 12 2 1 144
26101 2 1 12 2 1 144
26102 2 1 15 2 1 144
26103 2 1 15 2 1 144
26104 2 1 15 2 1 144
26105 
26106 2 1 16 2 1 144
26107 2 1 16 2 1 144
26108 2 1 16 2 1 144
26109 2 1 17 2 1 144
26110 2 1 10 2 1 144
26111 2 1 10 2 1 144
26112 2 1 10 2 1 144
26113 2 1 14 2 1 139
26114 2 1 14 2 1 144
26115 2 1 14 2 1 144
26116 1 1 4 2 3 168 1 169
26117 2 1 11 2 1 144
26118 
26119 
26120 1 169 2 170
26121 
26122 2 15 3 18 1 19
26123 2 15 3 18 1 19
26124 1 15 4 18 1 19
26125 4 15 2 17 6 168 2 169
26126 
26127 
26128 
26129 
26130 
26131 
26132 
26133 
26134 
26135 
26136 
26137 
26138 1 1 6 2 4 15 1 19
26139 
26140 
26141 
26142 
26143 
26144 2 1 1 2 1 8 1 128
26145 
26146 
26147 1 65 1 168 1 178 1 180 1 181
26148 
26149 
26150 1 1 5 2 1 89
26151 2 1 2 2 1 168 2 169
26152 2 1 1 2 3 168 2 169
26153 
26154 
26155 2 1 1 2 1 3 1 5 1 50
26156 
26157 
26158 
26159 
26160 
26161 
26162 
26163 
26164 
26165 
26166 
26167 
26168 
26169 
26170 
26171 
26172 1 1 8 2 4 15 1 19
26173 1 1 10 2 3 168 1 169
26174 
26175 
26176 8 15 2 18 2 126
26177 
26178 
26179 
26180 
26181 
26182 1 1 8 2 3 168 1 169
26183 3 168 2 170
26184 
26185 
26187 
26188 
26190 
26191 3 15 1 18 2 20
26192 4 1 1 6 2 8
26193 2 15 2 123 2 124
26194 
26195 1 18 1 53 10 126
26196 
26197 2 1 1 2 1 4 1 5 1 33 1 107
26198 1 1 1 3 1 29 4 168 1 169
26199 3 2 2 3 3 29 1 31 1 55 2 107
26200 1 1 1 3 1 29 1 31 1 55
26201 3 1 1 4 1 5 1 6
26202 
26203 
26204 
26205 
26206 1 52 3 118 2 119 2 129
26207 2 130 1 168 2 169
26208 
26209 
26210 
26212 2 29 6 168 2 169
26213 
26214 
26215 1 1 1 29 4 168 2 169
26216 
26217 2 1 1 2 2 109
26218 8 15 4 17 2 168 4 169
26219 10 168 4 169
26220 1 8 1 113 1 129 1 130
26221 3 1 2 168 3 169
26222 
26224 2 1 12 2 1 6 1 41
26225 4 168 2 169 4 179
26226 
26227 6 168 3 170
26228 4 1 2 20 1 23 1 37 2 80
26229 2 1 1 7 4 168 2 169
26230 2 1 1 29 2 168 3 169 1 170 1 174
26231 5 168 2 169 1 180
26232 1 1 1 33 3 168 2 169
26233 10 1 8 15 4 23
26234 2 128 3 168 2 169
26236 2 1 2 2 3 168 2 169 1 180
26237 2 1 2 29 3 168 2 170
26238 
26239 
26240 3 15 2 17 1 30 1 171 2 180
26241 3 1 1 3 1 29 3 168 3 169
26242 
26243 
26244 
26245 2 81 2 168 2 169
26246 2 1 2 169 1 181
26247 4 1 1 4 5 15 1 23 1 29
26248 1 2 3 3 4 29 1 38
26249 2 1 3 2 2 3 2 31
26250 2 1 2 2 2 48 4 168 2 169
26251 
26252 
26253 2 129 1 168 2 169
26254 2 1 4 15 2 18 6 168 2 170
26255 2 31 3 168 2 169
26256 3 1 3 169
26257 
26258 
26259 
26260 3 1 1 4 1 29 4 168 2 169
26262 3 1 3 29 1 34 1 129 4 168 4 169 4 170 1 171 1 172 1 180
26263 5 2 4 49 1 50 2 91
26264 
26265 2 2 5 15 1 21 1 54
26266 2 1 4 15 1 18 1 20 1 103
26267 1 1 5 168 3 169
26268 1 116 2 119 1 128
26269 3 1 1 2 2 3 1 29
26270 
26271 
26272 
26273 4 15 3 19 3 20 1 154
26274 1 82 1 128 4 168 2 169
26275 1 20 2 62 3 80
26276 1 29 1 128 4 168 2 169
26277 
26278 
26279 1 1 1 2 1 14 1 31
26280 
26281 
26282 1 1 2 168 1 169 1 182
26283 2 1 1 7 1 29 3 168 3 169
26284 
26285 2 1 1 2 2 3 7 15 2 16 1 29 1 53 1 58
26286 
26287 2 5 2 168 2 169
26288 
26289 1 1 1 142 4 168 2 169
26290 1 1 7 168 1 169 1 170
26291 4 15 1 29 1 45 1 123
26292 4 15 1 30 1 126
26293 2 1 4 2 4 168 2 169
26294 4 1 1 3 2 168 1 169 1 170 2 179
26295 
26296 
26297 
26298 
26299 14 15 2 18 1 21 1 80 1 170 1 175 1 176 2 180
26300 2 2 1 4 10 15 2 21 2 29
26301 
26302 3 1 1 4 1 29 4 168 2 169
26303 1 1 1 8 5 15 1 33 1 63
26304 1 29 5 168 7 169
26305 1 29 5 168 7 169
26306 
26307 
26308 6 1 2 3 2 4 8 168 2 172
26309 1 1 4 15 1 20 1 37 1 60
26310 5 1 5 2 3 15 1 21 2 22
26311 2 1 6 2 4 15 2 21
26312 2 1 17 2 1 6 1 41
26313 7 168 2 169 1 180
26314 7 168 2 169 1 180
26315 2 1 1 2 1 35 1 130
26316 12 1 2 3 4 4
26317 
26318 8 168 4 169 1 171 2 176 1 180
26321 4 1 1 168 2 169 1 170 2 179
26322 4 1 1 2 2 3
26323 1 1 6 168 1 169 1 170 1 180
26325 5 15 1 129 1 154
26326 1 1 1 48 1 168 7 169 1 170
26327 2 29 3 168 2 169
26328 
26329 
26330 2 2 2 119 1 150
26331 
26332 2 1 2 2 4 168 2 169
26333 2 1 1 2 2 3 2 128
26334 2 1 1 2 2 15 2 19 1 21 1 168 2 169 1 179 1 180
26335 
26336 2 1 9 2 3 6 1 41
26337 
26338 2 1 13 2 1 3 1 6 1 29 1 41
26340 2 1 3 2 3 168 2 169
26341 2 1 3 2 3 168 2 169
26342 10 168 2 170
26343 1 1 1 2 9 168 4 169 1 176
26344 1 1 1 2 1 29 4 168 2 169
26345 4 83 4 169 1 171
26346 2 168 2 169 2 171
26347 3 1 3 168 3 169
26348 
26349 2 1 1 168 1 170 3 179
26350 
26352 6 168 2 169 1 180
26353 6 1 2 4 4 168 2 169
26354 2 1 3 2 1 168 2 169 1 179 1 180
26355 
26356 1 2 1 5 1 48 1 117 3 118
26358 2 15 3 20 1 21 1 128
26359 
26360 1 1 1 4 1 29 2 108
26361 
26362 
26363 6 168 4 169
26364 2 1 7 2 4 15 2 17 1 168 2 169
26365 6 1 3 2 3 3 1 29 8 168 5 169 2 170 1 172
26366 11 15 2 16 2 18 1 39
26367 
26368 3 1 3 168 3 169 1 170
26369 
26370 5 15 1 18 1 29 4 168 2 169
26371 1 29 5 168 7 169
26373 2 1 7 168 2 169 1 170
26375 
26377 
26378 2 2 2 29 4 168 2 169
26379 2 1 2 168 2 169 1 179
26380 1 1 1 6 5 15 1 21 1 48
26381 
26382 2 1 1 2 4 168 2 169
26383 2 1 2 2 2 3 2 29
26384 2 1 1 2 1 3 1 6 1 8 3 31 1 168 3 169 1 175
26385 
26386 2 1 1 8 1 29
26387 8 15 1 18 1 32 1 37 1 123
26388 
26389 
26390 
26392 1 1 3 168 3 169 1 179
26393 2 1 2 48 4 168 2 169
26396 5 15 1 18 1 72 4 168 4 169
26397 3 1 1 3 3 168 2 169
26398 1 1 1 2 1 6 1 130
26399 
26400 2 1 1 48 3 168 2 169 1 179
26401 
26402 
26403 4 1 2 2 2 70
26404 
26405 2 2 10 15 2 26
26407 2 1 2 168 1 170 1 179 2 180
26408 2 15 1 20 1 30 2 126
26410 4 15 2 18
26411 
26412 1 1 1 72 2 168 4 169 1 171
26413 1 72 3 168 3 169 1 171
26414 1 72 3 168 3 169 1 171
26415 6 168 2 169 1 171
26416 4 81 4 168 2 169 4 176
26417 4 81 4 168 2 169 4 176
26418 1 168 2 171 1 180
26419 2 1 1 41 3 168 4 169 4 176 4 180
26420 2 1 1 2 1 8 1 29 1 48
26421 1 1 5 168 3 169 1 170
26423 1 1 7 168 3 169
26424 5 15 1 26 1 49
26425 1 5 1 6 1 29
26426 9 168 4 169 1 175
26427 9 168 4 169 1 175
26429 
26430 
26431 
26432 1 7 1 13 1 29
26433 
26434 10 168 4 169 2 176 1 180
26435 10 15 2 18 2 169 3 179
26438 
26439 6 168 2 169 1 174
26440 2 1 4 2 2 58
26441 
26442 
26444 4 168 2 174
26445 
26446 
26448 2 1 1 7 2 168 2 169 1 171
26449 
26450 2 168 1 173
26451 
26452 
26453 1 5 1 7 1 29
26454 
26456 
26457 
26458 
26459 
26460 
26461 
26462 
26463 2 1 2 2 2 3 2 29
26464 
26466 
26467 2 1 1 31 1 55 1 140
26468 3 15 2 30 1 80
26470 
26471 
26472 6 1 1 2 2 4 2 41
26473 8 15 1 20 1 29 1 37 1 64 1 80
26474 1 1 8 2 2 15 2 19 1 20
26475 
26476 
26477 1 1 2 2 1 3 1 29 1 77
26478 
26479 
26480 3 1 1 2 5 15 1 22 1 51
26481 
26482 
26483 5 15 1 21 1 33 1 59 1 87
26484 3 1 10 2 1 3 1 41
26485 3 1 1 2 1 3 1 4 3 15 2 17 3 29 1 53 1 58 2 168 2 169
26486 4 1 2 3 1 8 3 15 2 17 1 18 1 72 1 91 1 168 2 179
26487 
26490 
26491 3 1 1 170 1 175 1 176 3 180
26492 
26493 
26494 
26495 
26496 
26497 3 2 8 15 2 18 2 30 2 66
26498 16 15 2 16 4 18
26500 9 15 4 16 1 39
26501 
26502 
26503 
26504 
26505 
26506 1 1 1 8 5 15 1 18 1 33
26507 2 1 8 2 2 88
26508 
26509 3 1 1 40 3 168 2 169 2 170
26510 
26511 4 15 1 94 1 124
26512 
26514 
26515 
26516 1 1 3 2 5 15 2 16 2 19
26517 2 1 1 3 5 15 1 23 2 33
26520 8 15 1 18 1 23 1 32 1 63 3 129
26521 
26522 
26523 
26524 
26525 
26526 
26527 
26528 
26529 1 9 1 118 1 127 2 129 1 130
26530 
26531 2 1 6 2 2 41
26532 
26533 2 1 3 2 1 8 1 31
26534 
26535 
26536 
26537 4 2 3 15 2 19 1 49 2 50
26538 
26539 
26540 
26541 
26542 
26543 
26544 1 5 7 118 1 119
26545 2 1 2 3 10 168 2 169
26546 
26547 
26548 
26550 
26551 8 15 4 17 1 31 1 169 1 179
26552 2 1 2 2 3 168 2 169
26553 
26554 1 2 1 29 8 118 1 119
26555 1 1 6 2 1 29 2 50
26556 4 1 1 168 4 169
26557 4 1 4 2 1 43 1 48
26558 
26559 1 1 9 15 1 18 1 53 1 63
26560 
26561 17 15 2 18 2 19 1 23 1 123
26562 
26563 
26564 4 1 2 168 2 169 1 170
26565 2 115 1 118 2 119
26566 2 1 2 3 3 15 1 31 1 63 2 80
26567 
26568 
26569 2 1 2 2 2 109
26570 
26571 
26572 3 2 4 15 1 49 1 50 1 53 1 126
26573 1 1 6 2 5 168 1 169 3 170
26574 
26575 
26576 
26577 4 1 1 43 4 168 2 169
26578 
26579 6 15 1 16 2 19
26580 
26581 2 72 1 168 4 169 1 171
26582 
26584 
26585 2 1 2 2 1 168 2 169
26586 4 1 1 3 1 9 5 15 1 18
26587 1 52 1 110 1 122 1 128 3 129
26588 
26589 2 1 1 2 1 3 4 15 1 53 1 126
26590 
26591 
26592 2 15 2 19 2 62
26593 
26594 
26596 1 1 1 29 4 168 2 169
26597 1 1 1 2 1 49 1 88
26598 1 1 1 2 1 49 1 136
26599 
26600 4 15 2 23 6 129
26601 2 1 5 2 4 48 1 50
26602 
26603 2 1 1 104
26604 1 1 7 2 3 118 1 119
26605 2 109 2 119
26606 1 3 1 117 2 128
26607 
26608 
26609 
26610 
26611 
26612 1 1 2 29 3 168 1 169 1 170
26613 3 1 3 2 1 7 2 15 1 18 1 21 2 30 2 168 2 169 1 172
26614 1 128 6 168 7 169 1 170
26615 
26616 2 83 4 168 2 169
26617 1 33 3 168 1 169 1 171
26618 
26619 
26620 
26621 
26622 4 1 2 2 1 42 1 61
26623 
26624 
26625 1 2 1 3 1 5 2 49
26626 
26628 
26629 
26630 1 5 2 15 2 19 1 20
26631 2 1 1 50 3 168 2 169 1 179
26632 2 1 4 2 1 3 1 40
26633 
26634 
26635 1 1 3 2 1 89
26636 3 1 1 2 2 168 3 169
26637 2 1 5 15 1 52 1 98 2 118 1 119
26638 2 1 1 2 1 166
26639 4 1 3 3 1 31 1 55 3 107
26640 
26641 
26642 
26643 2 128 6 168 2 169
26644 2 1 1 2 2 109
26645 2 1 2 2 4 168 2 169
26646 12 15 6 17 6 169
26647 1 29 1 130 4 168 2 169
26648 2 1 10 2 1 6 1 41
26649 1 7 1 122 1 129
26650 2 1 1 2 1 29 3 168 3 169 1 170
26651 3 1 1 2 2 3 1 29
26652 
26653 5 168 2 169 1 180
26654 10 1 4 2 8 15 4 23
26655 1 1 1 31 3 168 2 169
26656 2 1 1 2 3 168 2 169 1 180
26657 2 1 1 2 3 168 2 169 1 180
26658 
26659 
26660 3 1 3 15 1 18 2 98 3 168 1 170
26661 2 1 2 48 4 168 2 169
26662 
26663 
26664 
26665 1 1 5 168 3 169
26666 3 1 1 5 2 7 3 168 2 169 1 170
26667 1 20 1 62 4 80
26668 1 82 1 130 4 168 2 169
26669 1 2 1 13 1 31
26670 
26671 4 15 1 21 1 30 1 31 1 55
26672 1 1 3 15 2 20 1 98 4 168 1 169 1 176
26673 
26674 
26675 
26676 
26677 
26678 2 1 4 2 4 168 2 169
26679 14 15 2 18 1 21 1 126 1 170 1 175 1 176 2 180
26680 3 1 1 4 1 29 4 168 2 169
26681 1 1 4 15 1 37 1 60 1 80
26682 1 1 1 8 10 15 1 37 1 63
26683 4 1 4 169 2 179
26684 
26685 1 1 6 168 1 169 1 170 1 180
26686 4 1 1 2 1 3 1 4 1 29
26687 
26689 1 31 1 168 7 169 1 170
26690 
26691 1 1 9 168 4 169 1 176
26692 2 168 4 169 1 171
26693 2 1 9 2 3 6 1 41
26694 1 1 1 168 1 169 3 179
26695 1 1 1 31 4 168 2 169
26697 4 15 2 17 3 168 2 169
26698 
26699 2 1 1 2 2 3 2 128
26700 2 1 3 2 1 168 2 169 1 179 1 180
26702 8 1 2 3 2 4
26703 2 1 7 2 4 15 2 17 1 168 2 169
26704 1 1 10 15 2 16 2 18 1 39 1 53
26705 
26706 
26707 1 2 1 5 1 48 3 118 1 119
26708 
26709 2 168 4 169 2 171
26710 
26711 2 1 1 48 3 168 2 169 1 179
26712 
26713 1 1 3 168 3 169 1 179
26714 1 1 2 2 1 130 1 170 2 176
26715 
26716 2 1 1 8 1 29
26717 5 15 1 18 1 72 4 168 4 169
26718 
26719 
26720 3 2 10 15 2 26
26721 8 1 4 2 4 3 2 70
26723 3 15 1 32 2 126
26724 1 15 1 20 1 30 3 126
26725 4 15 2 18
26726 1 5 1 6 1 29
26727 
26728 
26729 
26731 
26732 1 168 2 171 1 180
26733 
26734 1 1 5 168 3 169 1 170
26735 5 15 1 26 1 29
26736 6 168 2 169 1 171
26737 
26738 
26739 
26740 
26741 1 1 4 15 1 32 1 37
26745 
26746 5 15 1 22 1 31 1 65
26748 1 1 10 2 1 29 1 50 1 149
26749 4 1 1 2 2 3 1 42 1 65
26750 
26751 2 171 1 173 4 181
26752 
26753 1 1 6 168 7 169 1 170
26754 1 1 5 168 9 169
26755 1 1 6 168 7 169 1 170
26756 6 168 4 169
26757 
26758 4 168 2 169 1 179 1 180
26759 2 1 2 2 1 3 1 13
26760 
26761 
26762 
26763 
26764 
26765 
26766 
26767 
26768 
26769 
26770 
26771 6 15 1 18 1 19 1 20 1 23 1 32 1 63 3 129
26772 2 2 4 3 5 29 1 57
26773 2 1 2 2 2 3 2 29
26774 2 1 1 2 2 3 2 29
26775 1 1 12 2 3 50 1 134
26776 1 1 11 2 2 50 1 134
26777 1 1 13 2 4 50 1 134
26778 1 1 10 2 1 50 1 134
26779 1 1 1 6 1 31 1 48
26780 3 15 2 30 1 80
26782 
26783 
26784 
26785 
26786 
26787 
26788 
26789 
26790 
26791 
26792 
26793 
26794 
26795 
26796 
26797 
26798 
26799 2 1 6 2 4 41
26800 6 2 2 40 2 41
26801 2 1 6 2 4 41
26802 
26803 
26804 
26805 
26806 
26807 
26808 
26809 
26810 
26811 
26812 
26813 
26814 
26815 
26816 
26817 
26818 
26819 
26820 
26821 
26822 3 15 1 19 1 63 2 65 1 97
26823 1 1 4 15 1 19 1 97 1 107
26824 1 1 8 2 4 15 1 19 1 97 1 107
26825 
26826 
26827 
26828 
26829 2 1 2 2 4 15 2 16 2 19 1 147
26830 
26831 
26832 
26833 
26834 14 15 2 16 2 19 2 21 1 147
26835 
26836 
26837 
26838 
26839 
26840 
26841 
26842 
26843 
26844 
26845 
26846 
26847 
26848 
26849 6 1 2 4 2 41
26850 4 1 2 3 1 41 1 48
26851 1 2 3 15 1 31 1 63 2 80
26852 
26853 
26854 
26855 
26856 
26857 
26858 
26859 
26860 
26861 
26862 
26863 
26864 1 1 4 2 2 15 2 19 1 20
26865 1 1 5 2 2 15 2 19 1 20
26866 2 1 4 2 2 88
26867 1 1 1 2 2 15 2 19 1 20
26868 1 1 3 2 2 15 2 19 1 20
26869 1 1 7 2 2 15 2 19 1 20
26870 1 1 6 2 2 15 2 19 1 20
26871 1 1 2 2 2 15 2 19 1 20
26872 3 1 1 3 1 29 1 79
26873 1 1 3 2 1 3 1 29 1 77
26874 3 1 1 2 1 3 1 29 1 79
26875 
26876 
26877 
26879 
26880 
26881 
26882 
26883 1 1 1 2 1 33 1 59 1 87
26884 1 1 3 2 1 33 1 59 1 87
26885 1 33 1 87 3 168 1 169 1 176
26886 2 1 1 2 1 3 1 33 1 59 1 87
26887 
26888 3 1 13 2 1 3 1 6 1 41
26889 
26890 2 3 5 29 1 38 1 135 1 168 4 169 1 179
26891 
26892 3 2 5 15 2 16 2 19 1 49 1 50
26893 4 2 5 15 2 16 2 19 1 49 2 50
26894 2 2 3 15 2 19 1 49
26895 3 2 3 15 2 19 1 49 1 50
26896 1 1 5 15 2 16 2 19
26897 1 1 1 2 5 15 2 16 2 19
26898 1 1 2 2 5 15 2 16 2 19
26902 8 15 4 17 1 29 1 169 1 179
26903 
26904 
26905 
26906 
26907 
26908 1 2 1 29 5 118 1 119
26909 1 2 1 29 6 118 1 119
26910 1 2 1 29 7 118 1 119
26911 
26912 
26913 6 15 1 30 1 37 1 63 1 80 2 123
26914 
26915 
26916 
26917 1 1 1 15 2 19 2 123
26918 
26919 
26920 
26921 2 1 21 2 1 6 1 41
26922 2 1 20 2 1 6 1 41
26923 2 1 18 2 1 6 1 41
26925 4 1 1 4 4 15 1 25 1 53 1 107
26926 1 1 1 2 4 15 1 25 1 88 1 123
26927 
26928 2 1 2 2 5 15 1 25 1 91
26929 3 15 2 17 1 25 1 107 6 168 1 169 2 179
26931 
26932 2 1 4 2 3 15 2 17 1 25 1 91 1 168 2 179
26933 
26934 2 1 1 8 5 15 1 18 1 72 1 91
26935 2 1 5 15 1 25 1 91
26936 2 1 1 2 1 3 3 15 2 17 1 25 1 88 1 168 2 179
26937 4 1 2 3 3 15 2 17 1 25 1 91 1 168 2 179
26938 4 1 2 2 2 3 5 15 1 25 1 91
26939 
26940 2 1 1 3 1 8 4 15 1 18 1 72 1 107 1 123
26941 2 1 3 2 4 15 1 25 1 53 1 88
26942 3 1 1 4 1 8 3 15 2 17 1 18 1 72 1 107 1 168 2 179
26943 3 1 1 8 4 15 1 18 1 53 1 72 1 91
26944 1 1 4 15 1 25 1 53 1 89
26945 2 1 6 2 5 15 1 25 1 91
26946 2 1 2 2 1 8 3 15 2 17 1 18 1 72 1 91 1 168 2 179
26947 2 1 1 3 1 8 5 15 1 18 1 72 1 88
26948 
26949 2 1 2 2 1 168 2 176 3 180
26950 3 1 1 169 2 176 3 180
26951 1 8 3 15 2 17 1 18 1 72 1 107 6 168 1 169 2 179
26952 1 1 3 2 1 8 4 15 1 18 1 72 1 88 1 123
26953 2 1 4 2 5 15 1 25 1 91
26954 2 1 2 2 3 15 2 17 1 25 1 91 1 168 2 179
26955 2 1 1 3 4 15 1 25 1 88 1 123
26956 2 1 1 2 1 3 5 15 1 25 1 88
26957 3 1 1 4 1 8 5 15 1 18 1 72 1 107
26958 1 1 4 15 1 25 1 53 1 87
26959 1 1 2 2 3 15 2 17 1 25 1 88 1 168 2 179
26960 2 1 1 2 1 3 1 8 3 15 2 17 1 18 1 72 1 88 1 168 2 179
26961 2 1 1 8 4 15 1 18 1 53 1 72 1 88
26962 3 1 1 3 1 8 4 15 1 18 1 53 1 72 1 88
26963 2 1 1 2 1 3 1 8 4 15 1 18 1 72 1 88 1 123
26964 2 1 3 2 1 8 4 15 1 18 1 53 1 72 1 88
26965 1 1 1 8 5 15 1 18 1 72 1 88
26966 
26967 
26968 2 1 1 3 1 8 4 15 1 18 1 72 1 88 1 123
26969 3 1 1 3 4 15 1 25 1 53 1 88
26970 1 1 1 8 4 15 1 18 1 72 1 88 1 123
26971 1 1 2 2 4 15 1 25 1 88 1 123
26972 1 1 1 2 3 15 2 17 1 25 1 88 1 168 2 179
26973 
26974 2 1 4 15 1 25 1 53 1 88
26975 
26976 1 1 1 2 5 15 1 25 1 88
26977 5 15 1 25 1 107 5 168 1 169
26978 1 1 3 2 4 15 1 25 1 88 1 123
26979 2 1 1 2 1 3 4 15 1 25 1 88 1 123
26980 1 1 5 2 3 118 1 119
26981 2 1 1 2 1 8 4 15 1 18 1 53 1 72 1 88
26982 3 1 1 4 4 15 1 25 1 107 1 123
26983 3 1 1 2 1 3 4 15 1 25 1 53 1 88
26984 
26985 2 1 1 2 1 3 1 8 5 15 1 18 1 72 1 88
26986 3 1 1 4 1 8 4 15 1 18 1 72 1 107 1 123
26987 
26988 1 8 5 15 1 18 1 72 1 87
26989 
26990 
26991 
26992 
26993 
26994 6 168 1 176 1 178
26995 8 168 1 176 1 178
26996 
26997 
26998 2 2 2 44
26999 6 1 2 2 2 43
27000 4 1 4 2 2 42
27001 11 15 2 16 2 18 1 32
27002 2 1 10 15 2 16 2 18 2 53
27003 4 1 12 15 2 16 4 18 4 53
27004 1 1 5 15 1 25 1 88
27005 1 1 2 2 1 8 5 15 1 18 1 72 1 88
27006 1 1 2 2 1 8 4 15 1 18 1 72 1 88 1 123
27007 3 1 2 2 4 15 1 25 1 53 1 91
27008 1 1 2 2 1 8 3 15 2 17 1 18 1 72 1 88 1 168 2 179
27009 
27010 3 1 1 3 1 8 4 15 1 18 1 53 1 72 1 107
27011 3 1 2 2 1 8 4 15 1 18 1 53 1 72 1 91
27012 5 15 1 25 1 89
27013 2 1 1 3 3 15 2 17 1 25 1 88 1 168 2 179
27014 1 8 4 15 1 18 1 72 1 87 1 123
27015 3 1 4 15 1 25 1 53 1 91
27016 1 1 1 8 4 15 1 18 1 53 1 72 1 87
27017 1 1 1 8 4 15 1 18 1 53 1 72 1 89
27018 1 1 4 15 1 25 1 53 1 107 5 168 1 169
27019 3 1 1 4 5 15 1 25 1 107
27020 4 1 1 4 1 8 4 15 1 18 1 53 1 72 1 107
27021 1 1 1 8 4 15 1 18 1 53 1 72 1 107 5 168 1 169
27022 4 15 1 25 1 87 1 123
27023 1 1 3 2 1 8 5 15 1 18 1 72 1 88
27024 2 1 2 2 1 8 4 15 1 18 1 53 1 72 1 88
27025 3 1 1 2 1 3 1 8 4 15 1 18 1 53 1 72 1 88
27026 1 8 5 15 1 18 1 72 1 89
27027 1 1 1 2 1 8 5 15 1 18 1 72 1 88
27028 5 15 1 25 1 87
27029 1 1 3 2 5 15 1 25 1 88
27030 2 1 4 15 1 25 1 91 1 123
27031 2 1 1 3 4 15 1 25 1 107 1 123
27032 2 1 1 3 5 15 1 25 1 107
27033 4 15 1 25 1 89 1 123
27034 3 1 1 3 4 15 1 25 1 53 1 107
27035 1 8 4 15 1 18 1 72 1 107 1 123 5 168 1 169
27036 2 1 1 3 5 15 1 25 1 88
27037 1 1 2 2 5 15 1 25 1 88
27038 3 1 1 4 3 15 2 17 1 25 1 107 1 168 2 179
27039 1 1 4 15 1 25 1 88 1 123
27040 2 1 2 2 1 8 5 15 1 18 1 72 1 91
27041 
27042 1 1 1 2 1 8 4 15 1 18 1 72 1 88 1 123
27043 2 1 2 2 4 15 1 25 1 53 1 88
27044 1 8 4 15 1 18 1 72 1 89 1 123
27045 2 1 1 3 1 8 3 15 2 17 1 18 1 72 1 88 1 168 2 179
27046 1 8 5 15 1 18 1 72 1 107 5 168 1 169
27047 2 1 4 2 1 8 3 15 2 17 1 18 1 72 1 91 1 168 2 179
27048 2 1 1 2 4 15 1 25 1 53 1 88
27049 1 1 1 2 10 15 1 18 1 21 1 170 1 175 1 176 2 180
27050 1 1 1 2 9 15 1 18 1 20 1 21 1 170 1 175 1 176 2 180
27051 1 1 1 2 9 15 1 18 1 21 1 123 1 170 1 175 1 176 2 180
27052 1 1 1 2 9 15 1 18 1 21 1 126 1 170 1 175 1 176 2 180
27053 1 1 1 2 9 15 1 18 1 21 1 80 1 170 1 175 1 176 2 180
27054 15 15 2 18 1 21 1 170 1 175 1 176 2 180
27055 14 15 2 18 1 20 1 21 1 170 1 175 1 176 2 180
27056 14 15 2 18 1 21 1 123 1 170 1 175 1 176 2 180
27057 
27058 
27059 
27060 
27061 
27062 
27063 
27064 
27065 
27066 
27067 
27068 
27069 
27070 
27071 
27072 
27073 
27074 
27075 
27076 
27077 
27078 
27079 
27080 
27081 
27082 
27083 
27084 
27085 
27086 
27087 
27088 
27089 
27090 
27091 
27092 
27093 
27094 
27095 
27096 
27097 
27098 
27099 
27100 
27101 4 15 1 94 1 124
27102 
27103 
27104 
27105 
27106 
27107 
27108 
27109 
27110 
27111 
27112 
27113 
27114 
27115 
27116 
27117 
27118 
27119 
27120 
27121 
27122 
27125 3 1 1 29 2 168 2 169 2 170 1 180
27126 3 1 1 29 2 168 4 169 1 170
27127 
27128 2 1 6 2 1 41 1 48 1 50
27129 2 1 10 2 1 41 1 48 1 50
27130 2 1 14 2 1 41 1 48 1 50
27131 2 1 18 2 1 41 1 48 1 50
27132 
27134 6 1 3 2 3 3 1 161
27136 6 1 6 2 3 3 1 161
27137 6 1 6 2 3 3 1 161
27138 6 1 6 2 3 3 1 161
27140 3 1 12 2 1 161
27142 3 1 15 2 1 161
27143 
27144 
27145 
27146 
27147 2 1 2 2 6 15 2 18 1 20 2 30 1 64 1 66
27148 
27149 
27150 
27151 
27152 
27153 
27154 2 1 2 2 6 15 2 18 2 30 1 64 1 66 1 123
27155 
27156 
27158 
27159 
27160 
27161 
27162 
27163 
27164 
27165 
27166 
27167 
27168 
27169 
27170 
27171 
27172 6 15 2 16 1 32 1 126
27173 
27174 3 1 1 2 1 3 1 29 1 42
27175 
27176 
27177 3 1 2 2 1 3 1 29 1 42
27178 
27179 
27180 
27181 
27182 
27183 
27184 
27185 
27186 
27187 
27188 
27189 
27190 
27191 
27192 
27193 
27194 
27195 
27198 1 110 1 118 1 122 2 128
27199 1 9 1 118 1 127 3 129
27200 1 9 1 122 3 129
27201 1 9 1 122 2 129 1 130
27202 1 9 1 119 2 129 1 130
27203 1 112 2 122
27204 5 15 1 23 1 129 2 130
27205 5 15 1 23 2 129 1 130
27206 1 110 1 119 1 120 1 129
27207 1 116 1 118 1 122 2 128
27208 4 15 1 21 1 126 1 128
27209 
27210 
27211 
27212 
27213 2 115 1 118 2 119
27214 2 115 1 118 2 119
27215 2 115 1 118 2 119
27216 2 115 1 118 2 119
27218 
27219 
27220 1 1 9 2 3 3 3 29 1 34 1 38 1 136
27221 
27222 
27223 
27224 
27225 2 1 3 2 1 50 1 136
27228 
27229 
27230 1 1 1 2 1 29 4 168 2 169
27231 1 1 1 2 1 29 4 168 2 169
27232 2 1 2 2 2 109
27233 4 2 4 15 1 49 2 50 1 53 1 126
27234 2 1 1 2 1 41 4 168 2 169
27235 7 1 1 3 2 4 1 41
27236 6 1 1 2 2 4 1 41
27237 2 1 1 41 4 168 2 169
27238 6 1 1 2 1 3 1 4 1 42
27239 6 1 2 2 1 4 1 43
27240 3 1 1 43 5 168 1 169
27241 4 1 3 2 1 3 1 4 1 40
27242 4 1 1 3 1 4 1 40
27243 2 1 1 2 1 41 4 168 2 169
27244 1 1 1 40 5 168 1 170
27245 5 1 1 2 1 3 1 4 1 41
27246 6 1 1 3 1 4 1 42
27247 2 1 1 41 4 168 2 169
27248 6 1 2 2 2 4 1 41
27249 3 1 2 2 1 4 1 40
27250 7 1 1 2 1 3 2 4 1 41
27251 2 1 1 41 5 168 1 170
27252 2 1 1 2 1 41 5 168 1 170
27253 3 1 1 42 4 168 2 169
27254 5 1 1 2 1 4 1 42
27255 7 1 3 2 1 3 1 4 1 43
27256 2 1 1 42 5 168 1 169
27257 5 1 3 2 1 3 1 4 1 41
27258 6 1 1 2 1 4 1 43
27259 7 1 1 3 1 4 1 43
27260 3 1 1 4 1 41 5 168 1 169
27261 6 1 3 2 1 3 1 4 1 42
27262 1 1 1 40 4 168 2 169
27263 7 1 3 2 1 3 2 4 1 41
27264 7 1 1 2 1 3 1 4 1 43
27265 1 1 1 40 4 168 2 169
27266 4 1 2 2 1 4 1 41
27267 4 1 1 2 1 3 1 4 1 40
27268 5 1 1 3 1 4 1 41
27269 5 1 2 2 1 4 1 42
27270 
27271 
27272 8 130 1 168 4 169 3 170 1 173
27273 2 1 2 2 1 168 2 169
27274 
27275 2 1 3 168 2 169 1 174
27276 1 52 1 110 1 117 1 128 3 129
27277 1 52 1 120 1 121 2 129
27278 1 52 1 115 1 121 1 128 2 129
27279 1 50 1 118 1 121 1 129
27280 1 51 1 119 1 122 1 130
27281 1 52 2 120 2 129
27282 1 52 2 117 2 129
27283 1 50 1 119 1 121
27284 1 52 1 111 1 117 2 129
27285 1 52 1 117 1 120 2 129
27286 1 52 1 113 1 121 2 129
27287 1 52 1 121 1 122 2 129
27288 1 52 1 117 1 122 2 129
27289 1 52 1 113 1 117 2 129
27290 1 51 1 119 1 120 1 130
27291 1 52 1 117 1 121 2 129
27292 1 52 1 120 1 122 2 129
27293 1 52 1 117 1 120 2 129
27294 1 52 2 122 2 129
27295 1 52 1 115 1 117 1 128 2 129
27296 1 52 1 115 1 120 1 128 2 129
27297 1 52 1 120 1 121 2 129
27298 1 50 1 119 1 122
27299 1 52 1 115 1 122 1 128 2 129
27300 1 52 1 110 1 120 1 128 3 129
27301 1 50 1 119 1 120
27302 1 50 1 118 1 120 1 129
27303 
27304 2 1 1 2 1 3 4 15 1 53 1 126
27305 
27306 2 1 1 2 1 3 4 15 1 53 1 126
27307 
27308 1 87 1 108
27309 1 1 2 2 1 29 1 136
27310 2 1 2 169 1 179 2 180
27311 4 15 2 23 6 129
27318 1 1 1 2 1 29 1 41
27321 
27322 
27323 
27324 1 1 1 2 1 42 2 129
27325 1 1 1 41 1 117
27326 1 1 1 2 1 41 1 129
27327 
27328 2 1 2 2 1 3 1 127
27329 
27330 2 1 2 2 1 3 1 50 1 134
27331 1 1 1 49 2 168 2 169 2 179
27332 1 1 1 49 2 168 2 169 2 179
27333 1 128 5 168 5 169
27334 1 2 1 29 2 168 1 169
27337 
27338 
27339 1 128 6 168 7 169 1 170
27340 
27341 
27342 1 38 4 168 1 172
27343 2 1 2 168 2 169 2 181
27344 4 1 1 4 2 168 2 169 2 181
27345 4 1 1 4 2 168 2 169 2 181
27346 3 1 1 3 2 168 2 169 2 181
27347 1 81 3 168 1 169 1 171
27348 3 1 1 3 2 168 2 169 2 181
27349 2 1 1 7 3 168 2 169
27350 2 1 1 2 2 168 2 169 2 181
27351 
27352 
27353 
27354 
27355 
27356 2 1 1 2 2 3 2 128
27357 2 1 2 3 2 128
27358 1 1 7 168 3 169
27359 1 1 7 168 3 169
27360 1 1 7 168 3 169
27361 1 1 7 168 3 169
27362 1 1 7 168 3 169
27363 1 1 7 168 3 169
27364 4 1 1 4 2 168 2 169 2 179
27365 4 1 1 4 2 168 2 169 2 179
27366 2 1 1 2 2 168 2 169 2 179
27367 4 1 1 168 2 169 1 170 2 179
27368 2 1 1 2 2 168 2 169 2 179
27369 1 1 1 5 2 168 2 169 2 179
27370 1 1 1 5 2 168 2 169 2 179
27371 2 1 15 2 1 3 5 168 3 169
27372 1 1 3 2 9 168 5 169
27373 12 168 8 169
27374 14 168 6 169
27375 1 1 7 2 2 15 4 17 9 168 3 169
27376 1 1 7 2 11 168 7 169
27377 18 168 10 169
27378 
27379 
27380 
27381 
27382 
27383 
27384 
27385 
27386 8 15 4 17 2 168 2 169
27387 1 1 7 2 11 168 7 169
27388 5 2 1 3 10 15 2 21 4 168 1 169
27389 4 1 2 2 1 4 1 8 1 29 3 168 1 169 1 172
27390 1 1 6 2 7 15 4 16 2 17 1 21 4 168
27392 
27393 
27394 4 1 2 2 1 43 1 60
27395 2 1 1 2 1 3 1 29 1 58
27396 2 1 2 2 4 168 2 169
27397 2 1 2 2 4 168 2 169
27398 6 1 1 2 1 4 1 9
27399 6 1 1 3 1 4 1 8
27400 6 1 1 3 1 4 1 8
27401 2 1 4 2 1 3 1 86
27402 3 1 2 2 2 3 1 86
27403 3 1 2 2 2 3 1 86
27404 
27405 8 15 2 123 2 147
27406 4 33 4 168 4 176
27407 3 33 3 168 3 176
27408 
27409 
27410 
27411 
27412 
27413 
27415 2 1 7 168 2 169 1 170
27416 
27417 3 1 1 168 3 169 1 171
27418 
27419 1 1 1 2 1 34 1 41 1 119
27420 
27421 2 1 1 49 1 67
27422 1 1 1 2 1 8 1 29 1 41 1 119
27423 8 15 1 18 1 62 1 80 1 147
27424 3 1 1 3 1 9 1 29 1 33
27425 2 1 1 2 1 9 1 29 1 33
27426 
27427 
27428 
27429 
27430 
27431 
27432 3 2 1 29 3 118 1 119
27433 1 31 4 118 1 119
27435 1 1 1 2 1 43 5 118 1 119 2 129
27436 1 31 2 52 1 118 1 119 4 129
27437 6 130 6 169
27438 
27439 
27440 
27441 
27442 
27443 
27444 
27449 
27450 
27451 
27452 
27453 
27455 
27456 
27457 
27458 
27459 
27460 
27462 
27463 
27464 
27465 
27466 
27467 
27468 4 1 2 2 2 3 2 50 1 136
27469 
27470 
27471 
27472 
27473 
27474 
27475 
27476 12 15 12 16
27477 
27478 
27479 
27480 
27481 2 1 1 2 1 3 1 33 1 59 1 87
27482 2 1 1 2 1 3 1 33 1 59 1 87
27483 1 1 2 2 1 33 1 59 1 87
27484 2 1 1 3 1 33 1 59 1 87
27485 1 33 1 87 3 168 1 169 1 176
27486 1 1 1 8 4 15 1 33 1 63 1 80
27487 1 1 1 8 5 15 1 37 1 57
27489 4 15 2 17 1 168 2 169 1 171
27490 6 168 2 170 1 171
27491 4 168 2 170 2 171
27492 2 168 2 170 4 171
27493 4 168 2 170 3 171
27494 6 168 2 170 2 171
27495 9 168 2 170
27496 7 168 2 170 1 171
27497 6 168 2 170 1 171
27498 2 1 4 15 1 37 1 53 1 60
27499 1 1 4 15 1 37 1 60 1 123
27500 10 15 2 18 5 168 2 170
27501 2 1 1 3 1 8 1 29 1 113
27502 
27503 8 1 10 2 6 8
27504 1 1 1 2 1 130 1 170 2 176
27505 1 1 1 130 1 170 2 176
27506 
27508 
27509 1 1 1 72 2 168 4 169 1 171
27510 1 1 1 72 2 168 4 169 1 171
27511 1 1 1 72 2 168 4 169 1 171
27512 2 1 1 8 1 29
27513 3 1 1 9 1 29
27515 
27518 1 1 7 168 3 169
27519 
27520 
27521 
27522 
27523 
27524 
27525 
27526 
27527 
27528 3 15 1 22 1 29 2 30 1 54
27529 4 15 1 21 1 30 1 54
27530 2 168 4 169 1 171
27531 2 168 6 169
27532 1 1 3 168 3 169 1 171
27533 
27534 
27535 1 1 1 2 3 168 3 169 1 171
27536 1 1 3 168 3 169 1 171
27537 1 1 1 2 3 168 3 169 1 171
27538 
27539 
27540 2 1 1 3 3 168 3 169 1 171
27541 2 1 1 3 3 168 3 169 1 171
27542 1 5 3 168 3 169 1 171
27543 1 5 3 168 3 169 1 171
27544 4 168 4 169 1 171
27545 1 1 1 20 1 64 4 80 1 81
27546 1 1 1 20 1 64 4 80 1 81
27547 1 1 2 15 1 20 1 63 2 80
27548 1 1 2 15 1 20 1 63 2 80
27549 1 1 2 15 1 20 2 80 1 98
27550 1 20 1 62 4 80
27551 1 20 1 62 4 80
27552 4 1 1 50 5 168 4 169 3 170 6 179
27553 3 1 2 2 2 8 1 50 4 168 1 169 1 179
27554 1 1 6 2 1 50 4 168 1 169 1 179
27555 5 15 1 25 1 50 4 168 1 169 1 179
27556 2 1 8 2 5 6 1 41
27557 2 1 12 2 3 6 1 41
27558 
27559 
27560 3 1 1 2 2 3 1 29
27561 
27562 3 15 1 20 2 76
27563 2 1 9 2 3 6 1 41
27564 2 1 9 2 3 6 1 41
27565 2 1 9 2 3 6 1 41
27566 2 1 9 2 3 6 1 41
27567 2 1 9 2 3 6 1 41
27568 1 2 1 5 1 48 1 117 1 118
27569 4 15 1 62 1 94
27570 4 15 1 62 1 94
27571 4 15 1 62 1 94
27572 2 1 7 168 2 169 1 170
27573 2 1 7 168 2 169 1 170
27574 2 1 7 168 2 169 1 170
27575 2 1 7 168 2 169 1 170
27576 2 1 7 168 2 169 1 170
27577 2 1 7 168 2 169 1 170
27578 2 1 7 168 2 169 1 170
27579 2 1 7 168 2 169 1 170
27580 2 1 7 168 2 169 1 170
27581 2 1 7 168 2 169 1 170
27582 
27583 
27584 
27585 
27586 
27587 
27602 
27603 
27604 
27605 
27606 
27607 
27609 1 1 10 15 1 18 1 21 1 169 1 170 1 179 1 180
27610 2 1 3 168 4 169
27611 2 1 1 2 1 6 1 48
27612 4 1 1 4 1 29 4 168 1 169 1 170
27613 4 1 1 2 1 8 1 29 1 36
27614 
27615 3 1 5 2 1 3 1 41
27616 
27617 
27618 2 1 1 49 1 168 1 169 1 170
27619 2 1 2 2 1 3 1 29
27620 2 1 2 2 1 3 1 29
27621 2 1 1 3 7 168 3 169
27622 8 1 10 15 4 18 4 22
27623 2 1 12 2 8 168 4 169
27624 
27625 2 2 1 5 3 168 1 169 1 171
27626 2 168 3 179
27627 
27628 1 29 1 130 4 168 2 169
27629 6 1 1 2 3 3 1 4 1 29
27630 1 1 3 2 11 15 6 16 1 21
27631 1 9 10 15 2 18 2 128
27632 1 9 10 15 2 18 2 128
27633 2 1 2 2 4 168 2 169
27634 1 1 2 2 1 89
27635 
27636 
27637 
27638 3 1 1 3 1 29 3 168 3 169
27639 1 1 1 3 5 15 1 22 2 128
27640 1 1 7 168 3 169
27641 1 1 2 29 3 168 1 169 1 170
27642 2 1 1 2 10 15 1 21 1 23
27643 2 1 15 2 1 3 5 168 3 169
27644 3 1 4 2 1 3 1 41
27645 2 29 8 168 2 169
27646 1 1 1 2 7 168 3 169
27647 1 1 1 2 7 168 3 169
27648 4 1 18 2 2 3
27649 5 1 4 2 1 3 1 4
27650 2 1 3 2 2 3 2 128
27651 2 1 13 2 1 3 1 31
27652 3 1 3 2 2 3 1 33
27653 3 1 1 2 1 4 1 33 1 41
27654 2 1 1 7 3 168 1 169 1 172
27655 6 168 2 169 1 171
27656 2 1 2 2 1 3 1 31
27657 2 1 1 2 1 3 1 127
27658 2 1 2 2 1 3 1 31
27659 2 2 1 29 2 168 1 176 1 179 1 180
27660 4 1 1 2 2 3 1 50 1 136
27661 4 1 2 3 1 50 1 136
27662 
27664 
27665 
27666 
27667 
27670 4 1 1 3 2 168 1 169 1 170 2 179
27671 3 1 1 2 2 168 1 169 1 170 2 179
27672 3 1 1 2 2 168 1 169 1 170 2 179
27673 4 1 4 169 2 179
27674 4 1 1 168 2 169 1 170 2 179
27675 3 1 5 168 3 169 2 170
27676 3 1 5 168 3 169 2 170
27677 4 29 1 166 4 169
27678 2 1 2 2 4 168 2 169
27679 3 1 1 3 4 168 2 169
27680 3 1 1 3 4 168 2 169
27681 1 1 5 168 3 169
27682 1 1 5 168 3 169
27683 4 1 1 3 4 168 3 169 1 170 2 180
27684 2 1 8 2 4 15 2 17 1 168 2 169
27685 2 1 4 2 4 15 2 17 1 168 2 169
27686 3 1 1 2 2 168 3 169
27687 3 1 1 2 2 168 3 169
27688 2 1 2 31 2 168 4 169
27689 10 15 2 98 4 168 2 169
27690 
27691 5 1 3 3 2 50 1 136
27692 1 1 1 110 1 122 1 129
27693 1 8 1 119 2 129
27694 1 1 1 8 2 129
27695 2 1 4 15 1 18 1 98 3 168 1 170
27696 1 1 8 168 1 169 1 170
27697 1 1 1 82 4 168 2 169
27698 1 1 1 82 4 168 2 169
27699 1 82 5 168 1 169
27700 2 1 1 2 1 168 2 169 1 179 1 180
27701 2 1 1 2 1 168 2 169 1 179 1 180
27702 2 1 2 2 1 168 2 169 1 179 1 180
27703 2 1 2 2 1 168 2 169 1 179 1 180
27704 1 1 5 15 1 18 1 168 2 169 1 179 1 180
27705 1 1 5 15 1 18 1 168 2 169 1 179 1 180
27706 10 15 2 18 1 168 2 169 1 179 1 180
27707 10 15 2 18 1 168 2 169 1 179 1 180
27708 6 1 2 4 1 168 2 169 1 179 1 180
27709 6 1 2 4 1 168 2 169 1 179 1 180
27710 2 1 1 168 2 169 1 179 1 180
27711 2 1 1 168 2 169 1 179 1 180
27712 3 1 1 3 1 168 2 169 2 179
27713 2 1 5 15 1 18 1 168 3 169 2 179
27714 2 1 1 50 2 168 2 169 2 179
27715 2 1 1 50 2 168 2 169 2 179
27716 2 1 2 50 3 168 2 169 1 179
27717 1 1 1 143 3 168 2 169 1 179
27718 3 1 1 13 1 52 3 168 2 169 1 179
27719 1 1 1 50 1 119 3 168 2 169 1 179
27720 4 1 1 52 3 168 2 169 1 179
27721 2 1 1 50 3 168 2 169 1 179
27722 1 1 1 49 3 168 2 169 1 179
27723 1 1 1 49 3 168 2 169 1 179
27724 4 1 1 146 3 168 2 169 1 179
27725 2 1 1 48 3 168 2 169 1 179
27726 2 1 1 48 3 168 2 169 1 179
27727 4 1 1 4 1 48 3 168 2 169 1 179
27728 4 1 1 4 1 48 3 168 2 169 1 179
27729 2 1 1 48 3 168 2 169 1 179
27730 2 1 1 48 3 168 2 169 1 179
27731 1 1 7 168 1 169 1 170
27732 1 1 6 168 3 169
27733 2 1 2 2 3 168 2 169
27734 2 1 4 2 3 168 2 169
27735 4 1 1 4 3 168 2 169
27736 4 1 1 4 3 168 2 169
27737 4 1 1 2 1 3 3 168 3 169
27738 3 1 3 2 1 3 3 168 2 169
27739 2 1 4 2 3 168 2 169
27740 2 1 5 2 3 168 2 169
27741 2 1 5 2 3 168 2 169
27742 4 1 1 3 2 168 3 169
27743 1 1 2 2 4 15 1 20 1 50 1 98
27744 1 1 2 2 4 15 1 20 1 50 1 98
27745 4 1 2 2 3 15 1 20 2 51 2 98
27746 4 1 2 3 3 15 1 20 2 50 2 98
27747 2 1 4 2 3 15 1 20 2 50 2 98
27748 2 1 1 2 4 15 1 20 1 51 1 98
27749 2 1 1 3 4 15 1 20 1 50 1 98
27750 2 1 1 2 4 15 1 20 1 51 1 98
27751 2 1 1 3 4 15 1 20 1 50 1 98
27752 1 1 2 2 4 15 1 20 1 50 1 98
27753 2 1 1 2 4 15 1 20 1 51 1 98
27754 2 1 1 3 4 15 1 20 1 50 1 98
27755 2 1 1 3 5 15 1 50 1 98
27756 1 1 1 2 5 15 1 51 1 98 2 118 1 119
27757 10 15 1 22 1 48 1 63 2 118 1 119
27758 1 128 7 129 4 169 2 170
27759 1 1 2 3 2 118 1 119 2 128
27760 1 1 1 6 2 118 1 119
27761 
27762 
27763 1 36 3 118 2 119 2 129
27764 1 1 1 4 1 29 1 34 4 118 2 119
27765 5 15 1 22 1 29 2 118 1 119
27766 2 1 1 4 1 29 2 118 1 119
27767 1 1 1 2 1 3 1 29 2 118 1 119
27768 2 2 2 29 3 168 2 169
27770 3 15 2 19 1 30
27771 
27772 
27773 2 1 5 168 4 169 1 170
27774 2 1 5 168 4 169 1 170
27775 1 1 1 2 1 29 3 168 2 169
27776 2 2 2 40 3 168 2 169
27777 2 31 3 168 2 169
27778 
27779 3 15 1 19 1 30 1 123
27780 1 1 7 168 3 169
27781 1 1 7 168 3 169
27782 2 1 3 2 3 168 2 169
27783 1 1 1 2 7 168 3 169
27784 1 1 1 2 7 168 3 169
27785 6 1 2 4 3 168 2 169 1 180
27786 6 1 2 4 3 168 2 169 1 180
27787 5 1 1 3 1 4 3 168 2 169 1 180
27788 5 1 1 3 1 4 3 168 2 169 1 180
27789 4 1 1 2 1 4 3 168 2 169 1 180
27790 4 1 1 2 1 4 3 168 2 169 1 180
27791 6 1 2 4 1 168 2 169 2 179
27792 6 1 2 4 1 168 2 169 2 179
27793 4 1 1 2 1 4 1 168 2 169 2 179
27794 4 1 1 2 1 4 1 168 2 169 2 179
27795 2 1 1 2 1 168 2 169 2 179
27796 2 1 1 2 1 168 2 169 2 179
27797 2 1 1 2 1 168 2 169 2 179
27798 2 1 1 2 1 168 2 169 2 179
27799 
27800 
27801 
27802 
27803 
27804 
27805 
27806 
27807 
27808 
27809 5 15 2 17 1 18 1 29 4 30 1 168 2 169 1 179
27810 
27811 
27812 1 8 1 119 2 129
27813 
27814 1 8 1 119 2 129
27815 
27816 1 9 1 117 3 129
27817 1 8 1 118 1 119 2 129
27818 1 1 1 9 3 129
27819 1 8 1 117 2 129
27820 1 9 1 114 3 129
27821 1 8 1 118 1 119 2 129
27822 1 9 2 119 2 129
27823 1 9 2 119 2 129
27824 1 9 1 115 1 119 3 129
27825 1 8 1 117 2 129
27826 1 8 2 119 1 129
27827 1 6 1 119 1 129
27828 1 8 1 114 2 129
27829 1 6 1 118 1 119 1 129
27830 1 9 1 116 2 119 3 129
27831 1 9 1 118 2 119 2 129
27832 1 8 1 117 2 129
27833 1 9 1 119 2 129 1 130
27834 1 8 1 122 2 129
27835 1 9 1 119 2 129 1 130
27836 1 9 1 119 2 129 1 130
27837 1 9 1 118 1 128 3 129
27838 1 9 1 52 1 119 5 129
27839 1 7 1 52 4 129
27840 1 9 1 52 1 119 5 129
27841 1 9 1 52 1 119 5 129
27842 1 9 1 51 5 129
27843 4 129 1 170 1 173 2 179
27844 1 9 2 52 8 129
27845 6 129 2 170 1 173 1 179
27846 
27847 
27848 
27849 
27850 2 119 2 129 1 146
27851 
27852 
27853 
27854 
27855 
27856 
27857 
27858 
27859 
27860 
27861 
27862 
27863 
27864 
27865 2 1 4 15 1 18 1 23 2 30 4 126
27866 2 2 1 5 1 29 1 136
27867 
27868 
27869 
27870 
27871 
27872 
27873 
27874 
27875 
27876 1 5 1 52 3 129
27877 
27878 
27879 
27880 
27881 
27882 
27883 
27884 
27885 
27886 
27887 
27888 
27889 
27890 
27891 
27892 
27893 
27894 
27895 
27896 
27897 
27898 
27899 
27900 
27902 6 1 2 15 2 23 2 80
27903 
27904 
27905 
27906 
27907 
27908 
27909 
27910 
27911 
27912 
27913 
27914 
27915 
27916 
27917 
27918 
27919 
27920 
27921 
27922 
27923 
27924 
27925 
27926 
27927 
27928 
27929 
27930 
27931 
27932 
27933 
27934 
27936 
27937 
27938 
27945 2 1 2 48 2 168 14 169 4 170
27946 2 1 2 48 18 169 2 170
27949 
27950 
27951 
27952 
27953 
27954 
27955 
27956 
27957 
27958 
27959 
27960 
27961 
27962 
27964 
27965 
27966 
27967 
27968 
27970 
27972 
27973 
27976 
27977 
27978 
27979 
27980 
27981 
27982 
27983 
27984 
27985 
27986 
27987 6 130 1 168 4 169 1 170 2 173
27988 8 130 1 168 4 169 3 170 1 173
27993 
27994 
27995 
27996 
27997 
27998 
27999 
28000 1 1 5 15 1 21 1 55
28002 1 1 1 31 1 55 1 107 3 168 2 169 1 171 1 172 1 173 1 176 1 180 1 181
28004 3 1 13 2 1 3
28005 4 15 1 21 1 30 1 31 1 55
28008 
28009 
28011 
28012 8 15 1 18 1 63 2 80
28013 
28017 
28019 
28020 1 3 3 29 1 31 3 169 1 179 1 180
28021 
28027 
28028 
28029 
28030 
28031 
28032 
28033 
28034 
28035 
28036 
28037 
28038 
28039 
28040 
28041 
28042 
28043 2 15 1 30 3 80
28044 2 15 1 20 3 80
28045 1 1 5 168 3 169
28046 1 1 5 168 3 169
28047 
28048 
28049 
28050 
28051 
28052 
28053 
28054 
28055 
28056 
28057 2 1 2 3 2 31
28058 
28059 
28060 
28061 
28062 2 2 5 29 3 169 1 170 1 179
28063 2 1 2 3 1 29 1 128
28064 2 1 2 3 1 29 1 128
28065 3 1 6 2 1 3
28066 3 1 6 2 1 3
28067 2 1 6 2 1 3 1 5
28068 2 1 4 2 1 3 1 31
28069 2 1 1 2 1 166
28070 2 1 1 2 2 3 2 29
28071 2 1 1 2 2 3 2 29
28072 3 1 1 2 1 4 1 14 1 29
28073 3 1 1 2 1 4 1 6 1 29
28074 2 1 1 3 1 29 1 109
28075 10 168 2 169 1 173
28076 8 168 2 169 1 173 1 180
28077 
28078 6 1 2 4 1 29 3 168 3 169
28079 6 1 2 4 1 29 3 168 3 169
28080 6 1 2 4 1 29 3 168 3 169
28081 6 1 2 4 1 29 3 168 3 169
28082 2 1 4 15 1 18 1 126 1 168 3 169 2 179
28083 2 1 4 15 1 18 1 124 1 168 3 169 2 179
28084 2 1 1 3 1 29 1 109
28085 3 1 1 3 1 29 3 168 3 169
28086 3 1 1 3 1 29 3 168 3 169
28087 4 1 1 4 1 29 3 168 3 169
28088 2 1 1 3 1 29 4 168 2 169
28089 2 1 1 3 1 29 4 168 2 169
28090 2 1 1 3 1 29 4 168 2 169
28091 2 1 1 3 1 29 4 168 2 169
28092 
28094 
28097 1 1 1 48 2 128 3 168 3 169
28098 1 1 1 48 2 128 3 168 3 169
28099 3 1 1 4 2 128 3 168 3 169
28100 3 1 1 4 2 128 3 168 3 169
28101 1 1 2 128 3 168 3 169
28102 1 1 2 128 3 168 3 169
28103 2 1 1 2 2 168 2 169 2 181
28104 2 1 2 168 2 169 2 181
28105 3 1 1 2 1 168 3 169 2 181
28106 5 1 1 4 1 168 3 169 2 181
28107 5 1 1 168 5 169
28108 6 1 6 169
28109 6 1 6 169
28110 6 1 6 169
28111 6 1 6 169
28112 2 1 6 2 1 3 1 31
28113 2 1 5 2 1 3 1 31
28114 2 1 4 2 1 3 1 31
28115 2 1 3 2 1 3 1 31
28116 3 1 5 2 2 168 3 169
28117 3 1 5 2 2 168 3 169
28118 3 1 5 2 2 168 3 169
28119 3 1 5 2 2 168 3 169
28120 3 1 1 2 2 168 3 169
28121 3 1 1 2 2 168 3 169
28122 2 1 8 2 1 3 1 29
28123 3 1 8 2 1 42
28124 3 1 6 2 1 42
28125 
28126 2 1 9 2 1 3 1 128
28127 2 1 8 2 1 3 1 128
28128 2 1 7 2 1 3 1 128
28129 2 1 6 2 1 3 1 128
28130 2 1 6 2 1 3 1 128
28131 1 1 6 168 3 169
28132 1 1 6 168 3 169
28133 1 1 6 168 3 169
28134 1 1 6 168 3 169
28135 1 1 6 168 3 169
28137 1 1 6 168 3 169
28138 1 1 6 168 3 169
28139 1 1 6 168 3 169
28140 1 1 6 168 3 169
28141 1 1 6 168 3 169
28142 1 1 6 168 3 169
28143 3 1 4 2 1 3 1 41
28144 3 1 7 2 1 42
28145 2 1 6 2 1 3 1 31
28146 2 1 5 2 1 3 1 31
28147 3 1 3 2 2 3 1 31
28148 2 1 5 2 1 3 1 31
28149 3 1 2 2 2 3 1 31
28150 2 1 4 2 1 3 1 31
28151 3 1 2 2 2 3 1 31
28152 3 1 5 2 1 3
28153 2 1 7 2 1 3 1 128
28154 2 1 7 2 1 3 1 128
28155 2 1 6 2 1 3 1 128
28156 2 1 6 2 1 3 1 128
28157 2 1 5 2 1 3 1 128
28158 2 1 3 2 1 3 1 128
28159 2 1 4 2 1 3 1 68
28160 2 1 3 2 1 3 1 68
28161 2 1 5 2 1 3 1 54
28162 2 1 4 2 1 3 1 54
28163 2 1 3 2 1 3 1 54
28164 2 1 2 2 1 3 1 54
28165 2 1 6 2 1 3 1 31
28166 2 1 4 2 1 3 1 31
28167 2 1 3 2 1 3 1 31
28168 3 1 6 2 1 42
28169 9 1 3 4 3 169 2 179
28170 9 1 3 4 3 169 2 179
28171 8 1 1 3 2 4 3 169 2 179
28172 8 1 1 3 2 4 3 169 2 179
28173 7 1 1 2 2 4 3 169 2 179
28174 7 1 1 2 2 4 3 169 2 179
28175 7 1 2 4 3 169 2 179
28176 7 1 2 4 3 169 2 179
28177 7 1 2 3 1 4 3 169 2 179
28178 7 1 2 3 1 4 3 169 2 179
28179 6 1 3 3 3 169 2 179
28180 6 1 3 3 3 169 2 179
28181 5 1 1 2 2 3 3 169 2 179
28182 5 1 1 2 2 3 3 169 2 179
28183 5 1 2 2 1 4 3 169 2 179
28184 5 1 2 2 1 4 3 169 2 179
28185 3 1 2 2 3 169 2 179
28186 3 1 2 2 3 169 2 179
28187 2 1 5 15 1 18 3 169 2 179
28188 2 1 5 15 1 18 3 169 2 179
28189 5 1 1 4 3 169 2 179
28190 5 1 1 4 3 169 2 179
28191 4 1 1 3 3 169 2 179
28192 4 1 1 3 3 169 2 179
28193 3 1 1 2 3 169 2 179
28194 3 1 1 2 3 169 2 179
28195 3 1 3 169 2 179
28196 3 1 3 169 2 179
28197 2 1 6 168 4 169
28198 2 1 6 168 4 169
28199 
28200 
28201 
28202 
28203 2 1 6 168 4 169
28204 
28205 2 1 6 168 4 169
28206 2 1 6 168 4 169
28207 
28208 2 1 6 168 4 169
28209 
28210 
28211 2 1 6 168 4 169
28212 
28213 2 1 6 168 4 169
28214 2 1 6 168 4 169
28215 
28216 2 1 6 168 4 169
28217 2 1 6 168 4 169
28218 2 1 6 168 4 169
28219 2 1 6 168 4 169
28220 2 1 6 168 4 169
28222 
28223 
28224 3 1 5 168 5 169
28225 
28226 
28227 
28228 
28229 
28230 
28231 3 1 5 168 5 169
28232 3 1 5 168 5 169
28233 3 1 5 168 5 169
28234 3 1 5 168 5 169
28235 3 1 5 168 5 169
28236 3 1 5 168 5 169
28237 3 1 5 168 5 169
28238 3 1 5 168 5 169
28239 3 1 5 168 5 169
28240 3 1 5 168 5 169
28241 3 1 5 168 5 169
28242 3 1 5 168 5 169
28243 3 1 5 168 5 169
28244 3 1 5 168 5 169
28245 3 1 5 168 5 169
28246 
28247 
28248 
28249 
28250 
28251 
28252 
28253 3 1 1 3 3 15 2 17 1 20 2 168 2 169
28254 
28255 
28256 
28257 
28258 
28259 
28260 
28261 
28262 
28263 
28264 
28265 
28266 
28267 
28268 
28269 
28270 
28271 
28272 
28273 
28274 
28275 
28276 
28277 
28278 
28279 
28280 
28281 
28282 
28283 
28284 
28285 
28286 
28287 
28290 
28291 
28292 
28293 
28294 
28295 
28296 
28297 
28302 
28303 
28304 
28305 
28306 
28307 
28308 
28309 
28310 
28311 
28312 
28313 
28314 
28315 2 1 7 2 8 15 2 18 2 53 1 66
28316 2 1 9 2 8 15 2 18 2 53 1 66
28317 2 1 11 2 8 15 2 18 2 53 1 66
28318 2 1 12 2 8 15 2 18 2 53 1 66
28319 
28320 
28321 
28322 
28323 
28324 
28325 2 29 4 168 2 169
28326 
28333 
28334 
28335 
28336 
28337 
28338 
28339 
28340 
28341 
28342 
28343 
28344 
28345 1 2 1 29 1 33 1 59 1 87
28346 
28347 
28348 
28349 
28350 
28351 
28352 
28353 
28354 
28355 
28356 
28357 1 1 8 15 1 18 2 20 1 22
28358 1 1 8 15 1 18 2 20 1 22
28359 1 1 8 15 1 18 2 20 1 22
28360 1 1 8 15 1 18 2 20 1 22
28361 2 1 1 2 8 15 1 18 2 20 1 23
28362 2 1 1 2 8 15 1 18 2 20 1 23
28363 3 1 2 2 8 15 1 18 1 20 1 21 1 23
28364 2 1 1 2 8 15 1 18 1 20 1 21 1 22
28365 
28366 
28367 
28368 
28369 
28370 
28371 
28372 
28373 
28374 
28375 
28377 
28378 
28379 
28380 
28381 
28386 
28387 
28388 
28389 
28390 
28391 
28392 
28393 2 1 3 2 1 3 1 31 1 55 1 107
28394 
28395 
28396 
28397 
28398 
28399 
28402 
28403 
28405 
28406 
28407 2 1 6 168 4 169
28408 2 1 6 168 4 169
28409 1 1 6 168 3 169
28410 1 1 6 168 3 169
28411 
28412 4 15 1 20 1 130 1 154
28413 1 1 4 15 1 30 1 45
28414 
28415 1 129 1 130 1 149
28417 5 15 1 37 1 108
28418 4 15 1 37 1 108 1 123
28419 
28420 
28421 
28426 
28429 3 1 3 2 1 3 1 4 1 5 1 29
28430 
28431 
28432 
28433 
28434 
28435 
28436 
28437 
28438 
28439 
28440 
28441 
28442 
28443 
28444 
28445 
28446 
28447 
28448 
28449 
28450 
28451 9 15 4 16 1 126
28452 
28453 
28454 
28455 1 1 1 3 1 29 1 31 1 55
28456 1 1 1 2 4 15 1 63 1 80
28457 2 2 4 15 1 40 1 63 1 80
28459 
28460 
28461 1 1 1 2 1 15 3 19 1 80
28462 
28463 
28464 
28465 
28466 
28467 
28468 
28469 
28470 
28471 
28472 
28473 
28474 
28475 
28476 
28477 
28478 
28479 
28480 2 2 4 15 1 53 1 123 1 128
28481 1 1 4 15 1 45 1 124
28482 1 1 4 15 1 45 1 123
28484 
28485 
28486 
28487 1 1 4 15 1 45 1 126
28488 
28489 
28490 
28491 
28492 
28493 1 2 1 29 3 168 1 169 1 175
28494 
28495 
28496 
28497 
28498 
28499 
28500 
28501 
28502 
28503 
28504 
28505 
28506 
28507 3 1 4 2 1 3 4 48
28508 3 1 6 2 1 3 4 48
28509 3 1 3 34 3 168 3 176
28510 3 34 3 108 3 168 3 176
28511 
28512 15 15 3 37 3 168 3 176
28513 5 1 1 145 1 146
28514 3 1 1 143 1 146
28515 2 1 1 143 1 145
28516 1 1 1 143 1 144
28517 
28518 2 1 1 2 1 3 1 29 1 60
28519 
28520 
28521 
28522 
28523 
28524 
28525 
28526 
28527 
28528 
28529 
28530 
28531 
28532 
28533 
28534 
28535 
28536 
28537 
28538 
28539 
28540 5 15 1 47 1 49
28541 
28542 
28543 
28545 
28546 8 15 1 20 1 29 1 37 1 64 1 80
28547 8 15 1 20 1 29 1 37 1 64 1 80
28548 
28549 
28550 
28551 
28552 3 1 2 2 1 42 1 48 1 107
28553 
28554 1 7 1 119 1 130
28555 
28556 
28557 
28558 
28559 
28560 
28561 
28562 
28563 
28564 
28565 3 1 1 168 2 169 1 170 1 172 1 180
28566 
28567 3 1 1 29 1 168 3 169 1 170 1 172
28568 
28569 
28570 
28571 
28572 
28573 
28574 
28575 
28576 
28577 
28578 5 15 4 17 1 21 1 29 2 30 2 180
28579 1 1 1 55 6 168 3 169 1 170
28580 2 1 5 15 1 21 1 56
28581 5 15 1 18 1 65 1 168 2 169
28582 4 15 2 17 1 31 1 168 1 169 1 175
28583 6 15 1 18 3 19 1 63 1 66 1 123
28584 1 1 6 15 1 18 3 19 1 53 1 67 1 123
28585 9 15 1 18 1 19 1 63 1 66
28586 9 15 1 18 1 19 1 63 1 66
28587 8 15 1 18 2 19 1 63 1 66
28588 
28589 1 1 10 15 2 16 1 18 2 19 1 63 1 67
28590 13 15 2 16 1 18 3 19 1 21 1 53 1 63 1 66
28591 16 15 2 16 2 18 1 19 1 63 1 67
28592 1 1 1 2 9 15 2 16 1 18 3 19 1 63 1 67
28593 1 1 9 15 2 16 1 18 3 19 1 63 1 67
28594 10 15 2 16 1 18 2 19 1 63 1 66
28595 8 15 1 18 2 19 1 63 1 66
28596 11 15 2 18 3 19 1 63 1 67 1 123
28597 11 15 2 18 3 19 1 63 1 67 1 123
28598 12 15 1 18 2 19 1 21 1 53 1 63 1 66
28599 13 15 2 16 1 18 3 19 1 21 1 53 1 63 1 66
28600 10 15 1 18 3 19 1 21 1 53 1 63 1 66 1 123
28601 1 1 1 2 6 15 1 18 3 19 1 63 1 67 1 123
28602 1 1 6 15 1 18 3 19 1 63 1 67 1 123
28603 
28604 
28605 
28606 4 2 2 29 1 149 4 168 2 176
28607 1 1 1 2 1 13 1 29 8 168 4 169 2 170 1 172 1 180
28608 3 1 1 33 1 40 6 168 3 169 3 170 2 172 1 180
28609 
28610 
28611 
28612 
28613 
28614 
28615 
28616 
28617 
28618 
28619 
28620 
28621 
28622 
28623 2 1 8 168 3 169 2 170 1 172 2 180
28624 1 2 2 31 1 139
28625 4 15 1 23 1 124 3 130
28626 
28627 2 1 4 2 1 60 1 88
28628 
28629 
28630 
28631 2 1 1 9 5 15 1 29 1 37
28632 
28633 
28634 1 1 1 8 5 15 1 29 1 37
28635 1 1 1 9 5 15 1 21 1 29 1 33
28636 4 168 1 169 1 172
28637 2 1 4 15 1 18 1 124 1 168 3 169 2 179
28638 
28639 1 5 2 15 1 98 2 124 1 126
28640 
28641 
28642 
28643 
28644 
28645 
28646 2 1 8 2 1 41 1 48 1 50
28647 2 1 12 2 1 41 1 48 1 50
28648 2 1 16 2 1 41 1 48 1 50
28649 
28650 
28651 
28652 
28653 
28654 
28655 
28656 
28657 3 108 3 130 1 168 4 169 2 170
28658 
28659 1 1 2 111 4 130 5 169 2 170
28660 3 108 4 130 1 168 3 169 3 170
28661 
28662 3 108 5 130 4 169 3 170
28663 2 108 1 111 4 130 1 168 3 169 3 170
28664 2 108 1 111 4 130 1 168 3 169 3 170
28665 2 108 1 111 4 130 5 169 2 170
28666 1 108 2 111 4 130 5 169 2 170
28667 1 108 2 111 4 130 5 169 2 170
28668 1 108 2 111 5 130 1 168 2 169 4 170
28669 1 1 2 111 3 130 2 168 2 169 3 170
28670 1 1 1 108 1 111 4 130 2 168 1 169 4 170
28671 3 108 4 130 5 169 2 170
28672 2 108 1 111 4 130 5 169 2 170
28673 2 108 1 111 3 130 1 168 4 169 2 170
28674 1 108 2 111 3 130 2 168 2 169 3 170
28675 1 1 2 111 5 130 1 168 2 169 4 170
28676 1 108 2 111 4 130 2 168 1 169 4 170
28677 
28678 
28679 
28680 6 15 4 17 2 30 1 168 1 180
28681 1 1 6 15 4 17 1 21 1 30 1 168 1 180
28682 1 5 5 15 4 17 1 21 2 30 1 168 1 180
28683 6 15 4 17 1 20 1 30 1 168 1 180
28684 5 15 4 17 2 20 1 30 1 168 1 180
28685 
28686 
28687 
28688 
28689 
28690 
28691 
28692 
28693 3 15 1 19 1 30 1 123
28694 3 15 1 19 1 30 1 123
28695 2 15 2 19 1 20 1 62
28696 1 15 2 19 2 20 1 62
28697 1 15 2 19 2 20 1 62
28698 
28699 
28700 
28701 
28702 
28703 
28704 
28705 
28706 
28707 
28708 
28709 
28710 
28711 
28712 
28713 
28714 
28715 
28716 
28717 
28718 
28719 
28720 
28721 
28722 
28723 
28724 
28725 
28726 
28727 
28728 
28729 
28730 
28731 3 1 2 3 1 31 1 55 1 107
28732 3 1 1 2 2 3 1 31 1 55 1 107
28733 
28734 
28735 
28736 
28737 
28738 
28739 
28740 1 1 2 2 1 3 1 40 1 49
28741 
28742 
28743 
28744 1 4 1 49 2 118 3 119
28745 
28746 1 2 3 3 4 29 1 38
28747 18 15 6 18
28748 22 15 8 18
28749 
28750 
28751 1 1 4 2 1 3 2 31
28752 
28753 
28754 
28755 
28756 
28757 1 1 4 15 1 22 1 30 1 31 1 65 1 107 1 168 2 169 1 173 1 176 1 180 1 181
28758 1 29 1 31 2 168 2 169 1 175
28759 
28760 
28761 
28762 
28763 
28764 
28765 
28766 1 1 8 15 1 22 2 80 1 97
28767 1 1 8 15 1 22 2 80 1 97
28768 
28769 
28770 
28771 
28772 
28773 
28774 
28775 1 1 1 168 1 169 2 175 2 180
28776 1 1 1 168 1 169 2 175 2 180
28777 
28778 
28779 
28780 
28781 
28782 
28783 
28784 
28785 
28786 
28787 
28788 
28789 
28790 
28791 
28792 
28793 
28794 
28795 
28796 
28797 
28798 
28799 
28800 
28801 
28802 
28803 
28804 
28805 
28806 
28807 
28808 
28809 
28810 
28811 
28812 
28813 
28814 
28815 
28816 
28817 1 1 1 2 1 33 1 41
28818 
28819 
28820 4 2 4 15 2 18 4 19 2 31
28821 
28822 
28823 
28824 
28825 
28826 
28827 
28828 
28829 
28830 
28831 
28832 
28833 
28834 
28835 
28836 
28837 
28838 
28839 
28840 
28841 
28842 
28843 
28844 2 2 1 29 5 118 1 119
28845 
28846 
28847 4 15 1 71 1 125
28848 4 15 1 71 1 125
28849 4 15 1 71 1 125
28850 4 15 1 71 1 126
28851 4 15 1 71 1 126
28852 4 15 1 71 1 126
28853 
28854 
28855 1 1 1 2 1 3 1 29 1 49
28856 2 1 1 2 1 3 1 29 1 50
28857 2 1 2 2 1 3 1 29 1 50
28858 
28859 1 1 2 2 1 3 1 29 1 49
28860 2 1 2 2 1 3 1 29 1 50
28861 2 1 3 2 1 3 1 29 1 50
28862 1 1 5 2 1 3 1 29 1 49
28863 2 1 5 2 1 3 1 29 1 50
28864 2 1 2 2 1 3 1 29 1 49 1 51
28865 3 1 2 2 1 3 1 29 1 50 1 51
28866 3 1 3 2 1 3 1 29 1 50 1 51
28867 2 1 4 2 1 3 1 29 1 49 1 51
28868 2 1 6 2 1 3 1 29 1 50
28869 3 1 4 2 1 3 1 29 1 50 1 51
28870 
28871 
28872 3 1 5 2 1 3 1 29 1 50 1 51
28873 2 1 10 2 1 3 1 29 1 49 1 51
28874 3 1 10 2 1 3 1 29 1 50 1 51
28875 
28876 
28877 3 1 11 2 1 3 1 29 1 50 1 51
28878 3 1 3 2 1 3 1 29 1 49 2 51
28879 4 1 3 2 1 3 1 29 1 50 2 51
28880 4 1 4 2 1 3 1 29 1 50 2 51
28881 3 1 6 2 1 3 1 29 1 49 2 51
28882 4 1 6 2 1 3 1 29 1 50 2 51
28883 4 1 7 2 1 3 1 29 1 50 2 51
28884 3 1 15 2 1 3 1 29 1 49 2 51
28885 4 1 15 2 1 3 1 29 1 50 2 51
28886 4 1 16 2 1 3 1 29 1 50 2 51
28887 1 1 1 110 1 119 1 129
28888 1 1 1 2 9 15 1 18 1 50 2 53 1 88
28889 4 1 4 2 1 4 4 48
28890 4 1 4 2 1 4 2 41 2 48
28891 
28892 1 1 2 2 1 33 1 41
28893 1 1 4 2 1 33 1 41
28894 
28895 
28896 
28897 
28898 
28899 
28900 2 1 19 2 1 6
28901 6 1 1 2 1 3 2 8 1 13 1 48 2 169 1 170
28902 2 1 19 2 1 6
28906 
28907 
28908 
28909 
28910 
28911 
28912 
28913 
28914 
28915 
28916 
28917 2 1 3 15 1 19 1 45
28918 4 15 2 17 1 168 1 179 1 180
28919 4 15 2 17 1 168 1 179 1 180
28920 
28921 8 1 4 2 1 4 2 43
28922 8 1 4 2 1 4 2 43
28923 7 1 2 2 1 3 2 43
28924 
28925 
28926 2 2 4 15 2 53 6 126
28927 
28928 
28929 
28930 
28931 
28932 
28933 
28934 
28935 2 1 2 2 1 7 1 48 1 50
28936 
28937 
28938 
28939 
28940 
28941 
28942 
28943 
28944 1 1 5 15 1 18 1 132
28945 
28946 
28947 
28948 
28949 
28950 
28951 
28952 
28953 
28954 
28955 
28956 
28957 
28958 9 1 3 15 3 45 3 52
28959 
28960 1 1 8 15 1 30 1 37 1 53 1 98
28961 
28962 
28963 
28964 
28967 
28968 
28969 
28970 
28971 14 15 2 16 4 18 2 30 2 66
28972 
28973 
28974 
28975 
28976 
28977 1 1 1 3 1 29 1 49
28978 2 1 1 3 1 29 1 50
28979 2 1 1 2 1 3 1 29 1 50
28980 2 1 1 3 1 29 1 49 1 51
28981 3 1 1 3 1 29 1 50 1 51
28982 3 1 1 2 1 3 1 29 1 50 1 51
28983 3 1 1 3 1 29 1 49 2 51
28984 4 1 1 3 1 29 1 50 2 51
28985 4 1 1 2 1 3 1 29 1 50 2 51
28986 
28987 
28988 1 1 1 2 4 15 2 53 1 86 1 136
28989 
28990 
28991 
28992 1 31 1 33 1 59 1 138
28993 
28994 
28995 
28996 
28997 12 15 2 18 3 20 1 162
28998 
28999 
29000 
29001 
29002 
29003 
29004 
29005 
29006 
29007 
29008 
29009 
29010 7 15 1 20 1 62 1 63 1 123 1 154
29011 7 15 1 20 1 62 1 63 1 123 1 154
29012 6 15 1 62 1 63 3 123 1 154
29013 7 15 1 62 1 63 2 123 1 154
29014 7 15 1 62 1 63 2 123 1 154
29015 7 15 1 20 1 62 1 63 1 123 1 154
29016 7 15 1 20 1 62 1 63 1 123 1 154
29017 7 15 1 20 1 62 1 63 1 80 1 154
29018 7 15 1 20 1 62 1 63 1 123 1 154
29019 
29020 
29021 
29022 
29023 
29024 
29025 
29026 
29027 
29028 
29029 
29030 
29031 
29032 
29033 4 168 1 175 1 181
29034 
29035 
29036 
29037 
29038 
29039 
29040 3 15 1 18 2 80 2 81 2 168 1 170 1 176
29041 
29052 
29053 
29054 
29055 
29056 
29057 
29058 2 116 2 118 4 119
29059 
29060 
29061 
29062 
29063 
29064 
29065 
29066 
29067 
29068 
29069 
29070 
29071 
29072 
29073 
29074 
29075 
29076 
29077 
29078 
29079 
29080 
29081 
29082 
29083 
29084 
29085 2 2 1 3 4 15 1 20 2 29 1 53
29086 4 15 1 80 1 94
29087 4 15 1 80 1 94
29088 
29089 
29090 
29091 2 2 7 15 6 19 1 23 1 29 2 124
29092 
29093 
29094 
29095 
29096 
29097 
29098 
29099 
29100 
29101 
29102 
29103 
29104 
29105 
29106 
29107 
29108 1 2 1 3 4 29 1 169 1 173 1 179 1 180
29109 
29110 3 2 1 29 1 42 1 65 5 118 1 119
29111 
29112 1 1 2 2 1 42 1 65 5 118 1 119
29113 
29114 3 2 1 29 1 42 1 65 5 118 1 119
29115 
29116 1 1 2 2 1 42 1 65 5 118 1 119
29117 
29118 1 1 12 2 1 29 1 42 1 65
29119 
29120 1 1 12 2 1 29 1 42 1 65
29121 
29122 2 1 11 2 1 42 1 65
29123 
29124 2 1 11 2 1 42 1 65
29125 
29126 
29127 
29128 
29129 
29130 
29131 
29132 
29133 
29134 
29135 
29136 
29139 
29140 
29141 
29142 
29143 
29144 
29145 
29146 
29147 
29151 
29153 
29154 3 1 1 8 5 15 1 21 1 25 3 30 1 37 1 53
29155 
29156 
29157 
29158 
29159 
29160 
29161 5 1 1 2 1 3 1 48 6 168 2 169 2 170 2 172
29162 2 1 1 2 7 15 2 17 1 21 2 53 5 168 2 169 1 176 1 180
29163 
29164 2 1 2 17 1 20 2 30 1 33 1 37 1 169 1 170 1 172 1 179 2 180
29165 
29166 
29167 2 2 1 15 2 19 1 20 1 29 1 80
29168 1 3 15 15 1 22 2 37 1 77
29169 1 3 15 15 1 22 2 37 1 77
29170 1 1 2 15 2 17 2 20 3 168 1 169
29171 4 15 1 18 6 20 1 21
29172 
29173 1 1 1 2 5 15 1 21 1 31 1 42 1 55 1 107
29174 1 2 7 15 1 18 1 21 1 31 1 48 1 63 2 123
29175 
29176 2 1 3 2 3 3 5 15 1 21 1 31 1 38 1 59 2 107 1 143
29177 1 1 4 15 1 124 1 154
29178 
29179 
29181 
29182 
29183 
29184 
29185 
29186 
29187 
29188 
29189 
29190 
29191 
29192 
29193 
29194 4 1 10 2 2 3 4 15 2 45
29195 
29196 
29197 3 1 1 56 1 65 4 168 1 169 1 170
29198 1 1 2 2 1 3 2 5 2 48
29199 3 1 2 2 1 3 2 7 2 48
29200 
29201 
29202 
29203 1 2 1 31 2 168 1 169
29204 2 1 1 8 1 29 1 48
29205 1 2 1 33 1 38
29206 5 1 3 2 1 3 1 31 4 168 2 169 2 170 1 172
29207 1 29 1 168 1 169 1 179 2 180
29208 
29210 
29211 
29212 
29213 
29214 
29215 
29216 
29217 
29218 
29219 
29220 
29221 
29222 
29223 
29224 
29225 
29226 
29227 
29228 
29229 
29230 
29231 
29232 
29233 4 1 2 15 1 25 3 53
29234 
29235 2 1 2 2 1 6 1 41
29236 
29237 
29238 
29239 
29240 1 1 1 2 1 31 1 48
29241 1 1 1 31 1 48
29242 
29243 
29244 3 2 3 108 1 161
29245 3 1 3 3 3 108 1 161
29246 3 3 6 108 1 161
29247 2 1 5 2 1 3 10 15 1 18 1 162
29248 
29249 2 1 11 2 1 34 1 41 1 136
29250 2 1 15 2 1 34 1 41 1 136
29251 1 1 6 2 1 29 1 34 1 136
29252 5 1 9 2 3 3 1 15 2 17 2 20 1 30 2 168 1 170 1 179
29253 5 1 9 2 3 3 1 15 2 17 2 20 1 30 2 168 1 170 1 179
29254 
29255 1 15 2 19 1 62 2 123
29256 2 1 1 2 1 29 1 168 1 169 1 170 2 179
29257 
29258 2 1 3 2 8 168 4 169
29259 2 1 5 2 8 168 4 169
29260 3 1 3 2 2 15 1 53 1 61 1 62 1 97 1 123
29261 
29262 
29263 
29264 7 2 2 49 5 50
29265 4 168 2 169 4 175
29266 
29267 
29268 
29269 
29270 
29271 2 1 2 169 2 175 2 176 2 180
29272 2 1 2 2 2 169 2 175 2 176 2 180
29273 
29274 
29275 
29276 
29277 
29278 
29279 
29280 
29281 
29282 
29283 
29284 
29285 
29286 
29287 
29288 
29289 
29290 
29293 
29294 
29295 
29296 
29297 
29298 
29299 
29300 
29301 3 1 1 29 1 33 7 168 4 169 3 170 1 172 1 180
29302 
29303 
29304 
29305 
29306 
29307 
29308 
29309 
29310 
29311 
29312 
29313 1 2 15 15 1 18 1 22 1 25 4 168 2 176
29314 
29315 
29316 1 1 4 15 1 53 1 94
29317 1 1 4 15 1 53 1 94
29318 1 1 4 15 1 53 1 94
29319 
29320 
29321 
29322 
29323 
29324 
29325 
29326 
29327 
29328 
29329 2 1 2 17 3 20 1 30 2 168 1 170 1 179
29330 1 1 2 17 3 20 1 30 1 31 2 168 1 170 1 179
29331 1 1 3 2 1 5 1 48 2 50
29332 1 1 4 15 1 18 1 123 2 168 1 169 1 176 1 180 1 182
29333 1 2 3 15 2 20 1 53 1 168 1 169 1 175 1 179 1 180
29334 
29335 1 1 8 15 4 17 4 168 1 171 1 173 1 176
29336 1 1 3 2 2 168 1 169 1 179 1 180
29337 1 1 6 2 2 168 1 169 1 179 1 180
29338 1 1 5 2 3 168 1 169 1 179 1 180
29339 1 1 7 2 2 168 1 169 1 179 1 180
29340 
29341 
29342 1 1 6 2 3 168 1 169 1 179 1 180
29343 
29344 
29345 
29346 
29347 
29348 
29349 2 2 1 31 1 55 1 86
29350 
29351 
29352 
29353 
29354 
29355 
29356 
29357 
29358 
29359 
29360 
29361 
29362 
29363 
29365 
29366 
29367 
29368 
29369 
29370 
29371 
29372 
29373 3 15 2 17 1 20 2 168 1 179 1 180
29374 
29375 
29376 6 15 2 18 4 123
29378 3 2 2 5 2 48 1 50
29379 1 1 4 15 1 22 1 65 1 123
29380 1 2 1 3 1 29 2 31
29381 1 1 2 2 1 3 2 31
29382 1 1 2 2 1 3 2 31
29383 1 1 1 2 1 3 2 31
29384 1 1 1 2 1 3 2 31
29385 1 1 1 2 1 4 1 29 2 31
29386 1 1 1 2 1 4 1 29 2 31
29387 
29388 
29389 
29390 
29391 1 2 15 15 2 18 1 23 1 31
29392 1 2 10 15 1 18 1 22 1 31
29393 
29394 
29395 
29396 3 1 1 4 5 15 1 21 1 31 1 48 1 59
29397 
29398 
29399 
29400 
29401 
29402 
29403 
29404 1 1 2 2 1 29 1 55
29405 1 1 2 2 1 29 1 55
29406 2 1 4 2 1 55
29407 1 1 4 15 1 22 1 65 1 123
29408 2 1 5 2 1 55
29409 2 1 5 2 1 55
29410 2 1 4 2 1 55
29411 1 1 4 15 1 22 1 65 1 124
29412 2 1 3 2 1 55
29413 2 1 3 2 1 55
29414 2 1 6 2 1 55
29415 1 1 4 15 1 22 1 65 1 124
29416 2 1 6 2 1 55
29417 
29418 9 15 2 21 1 31 1 53
29419 
29420 
29421 1 65 7 168 1 170 1 178 1 181
29422 1 57 7 168 1 170 1 178 1 181
29423 1 1 1 58 7 168 1 170 1 178 1 181
29424 2 1 4 2 1 3 1 29
29425 1 2 1 3 2 29 1 108
29426 1 2 1 3 2 29 1 108
29427 2 1 6 2 1 3 1 29
29428 
29429 
29430 
29431 4 2 7 15 2 16 1 18 2 19 1 27 2 49 2 53 1 63
29432 
29433 
29434 
29435 
29436 1 1 2 49 1 172 1 173 2 180
29437 
29438 2 1 2 49 2 173 2 180
29439 1 1 4 2 1 29 1 58
29440 
29441 
29442 
29443 
29444 
29445 
29446 
29447 
29448 
29449 
29450 
29451 
29452 
29453 
29454 
29455 
29456 
29457 1 1 6 2 1 50
29458 1 1 7 2 1 50
29459 1 1 5 2 1 50
29460 1 1 4 2 1 50
29461 
29463 
29464 1 1 8 2 4 3 5 29 1 58
29465 
29466 2 1 2 15 2 53 1 62 1 123
29467 2 1 2 15 2 53 1 80 1 123
29468 
29469 
29470 
29471 
29472 
29473 
29474 
29475 
29476 
29477 
29478 
29479 
29480 
29481 
29482 
29483 4 1 4 2 2 169 4 176 2 180
29484 1 2 1 31 1 54 5 168 1 170
29485 
29486 
29487 
29488 
29489 
29490 
29491 
29492 
29493 
29494 
29495 
29496 
29497 
29498 
29499 
29500 
29501 
29502 
29503 
29504 
29505 1 1 4 2 10 15 2 21 1 61
29506 1 1 1 3 10 15 2 21 1 60
29507 1 1 1 2 1 3 1 13 5 15 1 21 1 60
29508 
29509 1 1 4 15 1 18 1 19 2 168 1 169 1 176 1 180
29510 4 1 2 2 2 3 3 15 1 20 2 53
29511 2 2 13 15 1 20 2 21 2 53
29512 4 1 2 3 3 15 1 20 2 53
29513 2 1 6 2 3 15 1 20 2 53
29514 2 1 6 2 3 15 1 20 2 47
29515 6 1 2 4 3 15 1 20 2 47
29516 
29517 
29518 
29519 
29520 
29521 4 1 1 7 1 48 3 168 2 169 2 170
29523 
29525 
29526 
29527 
29528 
29529 
29530 
29531 
29532 
29533 
29534 
29535 
29536 
29537 
29538 
29539 
29540 
29541 
29542 3 1 5 2 1 3 1 7 1 48
29543 
29544 
29545 
29546 
29547 
29548 
29549 10 15 1 21 1 47
29550 10 15 2 21 1 48
29551 
29552 
29553 
29554 
29555 
29556 
29557 
29558 
29559 
29560 
29561 
29562 
29563 
29564 
29565 
29566 
29567 
29568 
29569 1 1 4 15 1 98 1 126
29570 
29571 
29572 
29573 9 15 3 18 2 19 1 20 1 23 1 65 3 129 1 154
29574 
29575 
29576 
29577 8 15 2 18 1 21 1 71 1 128
29578 1 1 4 3 4 29 1 38
29579 
29580 
29581 
29582 2 2 1 29 1 31
29583 
29584 
29585 4 2 2 50 2 87
29586 
29587 
29588 
29589 
29590 
29591 
29592 
29593 
29594 
29595 1 1 1 9 1 58 1 65 2 81
29596 1 31 1 68
29597 
29598 
29599 
29600 
29601 
29604 
29605 3 1 1 2 1 159
29606 3 1 3 2 1 159
29607 3 1 4 2 1 159
29608 3 1 3 2 1 157
29609 
29610 
29611 
29612 
29613 
29614 
29615 
29616 
29617 3 1 9 15 1 18 1 23 1 53
29618 
29619 
29620 
29621 9 15 1 63 1 123 1 154
29622 8 15 1 63 2 123 1 154
29623 9 15 1 63 1 123 1 154
29624 9 15 1 63 1 80 1 154
29625 8 15 1 63 2 126 1 154
29626 9 15 1 63 1 80 1 154
29627 8 15 1 19 1 63 1 123 1 154
29628 8 15 1 19 1 63 1 123 1 154
29629 1 1 1 2 8 15 1 19 1 45 1 63 1 154
29630 1 1 1 2 8 15 1 53 1 63 1 80 1 154
29631 
29632 1 1 7 15 1 19 1 63 1 80 1 98 1 154
29633 8 15 1 62 1 63 1 123 1 154
29634 7 15 1 62 1 63 2 123 1 154
29635 7 15 1 62 1 63 2 123 1 154
29636 7 15 1 62 1 63 2 123 1 154
29637 7 15 1 19 1 20 1 63 1 80 1 154
29638 8 15 1 62 1 63 1 80 1 154
29639 1 1 8 15 1 21 1 62 1 63 1 154
29640 1 168 2 169 1 171 2 179 1 180
29641 8 15 1 62 1 63 1 125 1 154
29642 1 1 8 15 1 53 1 62 1 63 1 154
29643 8 15 1 62 1 63 1 71 1 154
29644 7 15 1 20 1 62 1 63 1 123 1 154
29645 1 1 7 15 1 53 1 62 1 63 1 123 1 154
29646 7 15 1 62 1 63 1 80 1 126 1 154
29647 1 1 1 2 4 15 1 48 1 58 1 62 1 154
29648 2 1 1 2 4 15 1 61 1 62 1 154
29649 1 1 4 15 1 60 1 62 1 154
29650 4 15 1 57 1 62 1 154
29651 
29652 
29653 
29654 
29655 
29656 
29657 
29658 
29659 10 15 1 63 1 154
29660 14 15 1 18 1 62 1 64 1 154
29661 
29662 
29663 
29664 
29665 
29666 
29667 
29668 
29669 
29670 
29671 
29672 
29673 
29674 
29675 2 1 1 34 1 40 8 168 4 169 2 170 1 172 1 180
29676 
29677 
29678 
29679 
29680 
29684 1 1 20 2 1 6 1 31
29685 1 1 16 2 1 6 1 31
29686 
29687 
29688 
29689 
29690 1 1 8 2 1 3 1 29 1 49
29691 2 1 16 2 1 3 1 29 1 49 1 51
29692 2 1 8 2 1 3 1 29 1 50
29693 3 1 16 2 1 3 1 29 1 50 1 51
29694 2 1 9 2 1 3 1 29 1 50
29695 3 1 17 2 1 3 1 29 1 50 1 51
29696 1 2 1 3 5 15 1 21 1 29 1 49
29697 2 2 1 3 10 15 2 21 1 29 1 49 1 51
29698 1 1 1 2 1 3 5 15 1 21 1 29 1 50
29699 1 1 2 2 1 3 10 15 2 21 1 29 1 50 1 51
29700 1 1 2 2 1 3 5 15 1 21 1 29 1 50
29701 1 1 3 2 1 3 10 15 2 21 1 29 1 50 1 51
29702 
29703 
29704 
29705 
29706 13 15 2 16 2 18 2 19 1 53 1 63 1 123
29707 13 15 2 16 2 18 2 19 1 20 1 53 1 63
29708 13 15 2 16 2 18 2 19 1 53 1 63 1 124
29709 13 15 2 16 2 18 2 19 1 23 1 53 1 63 3 129
29710 12 15 2 16 2 18 2 19 1 53 1 63 1 123 1 124
29711 
29712 
29713 
29714 
29715 4 2 1 31 1 168 3 169 2 175 1 180 1 181
29716 
29717 4 15 1 18 1 19 4 168 1 169 1 175
29718 
29719 
29720 
29721 
29722 
29723 
29724 
29725 
29726 
29727 
29728 
29729 
29730 
29731 
29732 
29733 
29734 
29735 
29736 
29737 
29738 
29739 
29740 
29741 
29742 
29743 
29744 
29745 
29746 
29747 1 1 4 15 1 37 1 126
29748 1 1 4 15 1 37 1 126
29749 
29750 
29751 
29752 
29753 
29754 
29755 
29756 3 1 2 2 1 3 2 29 1 31 8 168 7 169 2 170
29757 
29758 
29759 
29760 
29761 
29762 
29763 
29764 
29765 
29766 
29767 
29768 
29769 
29770 
29773 
29774 3 15 2 17 1 32 1 179 2 180
29775 1 1 10 15 2 16 2 18 1 19
29776 1 1 1 2 10 15 2 16 2 18 1 19
29777 
29778 3 1 13 2 1 3 2 41
29779 4 15 1 123 1 125
29780 
29781 
29782 
29783 
29784 
29785 
29786 
29787 
29788 
29789 
29790 
29791 
29792 
29793 
29794 
29795 
29796 
29797 
29798 
29799 
29800 
29801 
29802 6 1 2 4 2 172 2 180
29803 6 1 2 4 2 172 2 180
29804 
29805 
29806 
29807 
29808 2 1 11 2 4 15 1 19 1 99
29809 
29810 
29811 
29812 3 1 3 2 1 3 1 29 1 61
29813 
29814 
29815 
29816 
29817 
29818 
29819 
29820 
29821 
29822 
29823 
29824 
29825 1 2 2 49 1 50
29826 1 2 2 49 2 50
29827 2 1 1 29 1 168 1 169 1 170 1 179 1 180
29828 1 1 11 2 3 15 2 19
29829 5 2 6 15 4 19 3 50
29830 
29831 
29832 4 15 1 23 1 123 3 129
29833 4 15 1 23 1 124 3 129
29834 9 2 1 31 1 68
29835 
29836 
29838 
29839 
29840 
29841 
29842 1 1 14 2 4 15 1 21 1 30 1 88
29843 1 1 12 2 4 15 1 21 1 30 1 88
29844 1 1 10 2 4 15 1 21 1 30 1 88
29845 1 1 8 2 4 15 1 21 1 30 1 88
29846 
29847 
29848 
29849 2 1 1 2 1 42 1 65
29850 
29851 
29852 
29853 
29854 
29855 
29856 
29857 
29860 
29861 
29862 
29863 
29864 
29865 
29866 
29867 1 1 1 15 3 19 1 80
29868 
29869 
29870 
29871 
29872 
29873 3 1 3 168 3 169 1 170
29874 
29875 
29876 
29877 
29878 
29879 
29882 
29883 
29885 
29886 
29887 
29888 
29889 
29890 
29891 
29892 
29893 
29894 
29895 2 1 7 2 1 6
29896 2 1 8 2 1 6
29897 2 1 8 2 1 6
29898 2 1 8 2 1 6
29899 2 1 7 2 1 6
29900 2 1 7 2 1 6
29901 2 1 7 2 1 6
29902 2 1 7 2 1 6
29903 2 1 7 2 1 6
29904 2 1 8 2 1 6
29905 2 1 8 2 1 6
29906 2 1 8 2 1 6
29907 2 1 7 2 1 6
29908 2 1 7 2 1 6
29909 
29910 
29911 
29912 2 1 6 2 1 158
29913 3 1 8 2 1 159
29914 3 1 10 2 1 159
29915 3 1 11 2 1 159
29916 3 1 13 2 1 159
29917 3 1 11 2 1 159
29918 3 1 12 2 1 159
29919 3 1 13 2 1 159
29920 5 1 7 2 2 3 1 159
29921 5 1 8 2 2 3 1 159
29922 5 1 9 2 2 3 1 159
29923 
29924 
29925 
29926 
29927 
29928 
29929 
29930 
29931 
29932 
29933 
29934 
29935 
29936 
29937 
29938 
29939 
29940 
29941 
29942 
29943 1 1 5 15 1 22 1 31 1 65 1 107 1 168 2 169 1 173 1 176 1 180 1 181
29944 7 15 1 18 1 32 1 63 2 123
29945 
29946 
29947 1 1 3 2 3 15 2 19
29948 1 1 7 2 3 15 2 19
29951 1 1 2 2 3 15 2 19
29952 1 1 4 2 3 15 2 19
29953 1 1 5 2 3 15 2 19
29954 1 1 6 2 3 15 2 19
29955 1 1 8 2 3 15 2 19
29956 1 1 9 2 3 15 2 19
29957 1 1 10 2 3 15 2 19
29958 
29959 
29960 
29961 
29962 
29963 
29964 
29965 3 1 4 15 1 20 1 23 2 50
29966 3 1 4 15 1 20 1 23 2 50
29967 
29968 
29969 
29970 2 1 4 2 1 41 1 48
29971 2 1 5 2 1 41 1 48
29972 2 1 6 2 1 41 1 48
29973 2 1 7 2 1 41 1 48
29974 2 1 8 2 1 41 1 48
29975 
29976 
29977 
29978 
29979 
29980 
29981 
29982 
29983 
29984 
29985 
29986 
29987 
29988 
29989 
29990 
29991 
29992 
29993 2 1 5 2 2 41 2 48 3 50
29994 2 1 3 2 2 41 2 48 1 50
29995 
29996 
29998 
29999 
30000 
30001 
30002 
30003 
30004 
30005 3 1 1 4 1 29 3 168 1 170 2 179
30006 1 2 1 29 3 168 1 169 2 179
30007 
30008 
30009 2 70 4 72
30010 1 1 12 2 2 6 1 31
30011 
30012 1 1 6 2 4 15 1 21 1 32
30013 
30014 
30015 
30016 
30017 2 1 11 2 1 6 1 41
30018 7 2 1 31 1 54
30019 1 1 3 2 1 31 1 55
30020 1 1 3 2 1 31 1 55
30021 
30022 
30023 
30024 
30025 
30026 
30027 
30028 
30029 
30030 
30031 
30032 5 2 2 34 2 142
30033 1 2 5 15 1 31 1 63
30034 2 1 2 81 1 104
30035 2 1 1 2 2 144
30036 10 15 2 23 2 49 2 72
30037 5 15 1 22 1 49 1 72
30038 
30039 
30040 
30041 
30042 3 1 1 29 8 168 3 169 3 170 1 172 1 180
30043 
30044 
30045 
30046 
30047 
30048 
30049 
30050 
30051 
30052 
30053 
30054 
30055 9 15 1 18 1 37 1 80
30056 9 15 1 18 1 37 1 80
30057 8 15 1 18 1 37 2 80
30058 
30059 12 1 2 15 4 23
30060 1 6 10 15 2 18 2 144
30061 1 6 10 15 2 18 2 144
30062 
30063 
30064 
30065 
30066 3 1 2 168 1 169 1 170 2 179
30067 3 1 2 168 1 169 1 170 2 179
30068 4 15 1 18 1 20 2 168 1 169
30069 3 15 1 18 2 20 2 168 1 169
30070 1 52 1 112 3 118 1 120 1 122 2 129
30072 
30073 
30074 
30075 
30076 
30077 2 1 10 15 2 23 2 49
30078 4 1 4 2 2 4 2 49
30079 
30080 
30081 
30082 
30083 
30084 5 15 1 21 1 101
30085 4 29 1 31 2 168 3 169 1 170
30086 1 1 1 5 5 15 2 16 1 19 1 22 1 29 1 53 4 168 3 169 1 176
30087 
30088 
30089 1 2 2 4 4 29 2 119
30090 
30091 
30092 
30093 
30094 
30095 15 15 2 18 1 37 1 93
30096 5 15 1 33 1 97
30097 2 1 2 2 1 92
30098 4 175 4 181
30099 
30100 
30101 
30102 2 1 1 57 1 67
30103 3 1 1 2 1 58 1 67
30104 4 1 1 59 1 67
30105 2 1 2 2 1 58 1 66
30106 4 1 2 3 1 58 1 66
30107 3 1 4 2 1 61 1 66
30108 2 1 4 2 1 58 1 66
30109 
30110 5 1 1 3 1 61 1 67
30111 4 1 3 2 1 61 1 67
30112 3 1 5 2 1 58 1 67
30113 1 1 1 2 3 19 1 63 2 123
30114 
30115 
30116 
30117 
30118 
30119 
30121 1 3 5 15 1 21 1 31 1 54 1 88 1 107
30122 2 1 2 3 1 31 1 54 1 88 1 107
30123 2 2 1 3 1 31 1 54 1 88 1 107 1 143
30124 2 1 1 2 2 3 1 31 1 54 1 88 1 107
30125 1 31 1 34 1 65 1 88 3 168 1 169 1 176
30126 2 1 1 2 2 3 1 31 1 54 1 88 1 107
30129 
30130 
30131 
30132 
30133 2 1 1 2 1 3 8 15 2 18 1 21 1 71
30134 2 1 1 29 1 169 1 173 1 179 1 180
30135 
30136 
30137 
30138 
30139 
30140 4 1 1 2 1 29 1 168 3 169 3 170 5 179
30141 
30142 3 15 1 62 2 80
30143 3 15 1 62 2 80
30144 3 15 1 62 2 80
30145 2 31 1 34
30146 3 1 2 2 1 33 3 168 1 170 1 173
30147 4 1 2 2 1 6 1 8 1 33 3 168 1 170 1 173
30148 4 1 2 2 1 3 1 13 3 168 1 170 1 173
30153 2 1 1 3 1 168 1 169 1 179 1 180
30154 1 1 2 2 1 168 1 169 1 179 1 180
30158 1 1 7 2 2 6 1 29
30159 
30160 
30161 
30162 
30163 
30164 
30165 
30166 
30167 
30168 
30169 
30170 3 1 14 2 1 3 1 41 1 166
30171 2 1 16 2 1 41 1 166
30172 2 1 20 2 1 41 1 166
30173 3 1 18 2 1 3 1 41 1 166
30174 2 1 11 2 1 41 2 166
30175 2 1 13 2 1 41 1 166
30176 3 1 14 2 1 3 1 6 1 41
30177 2 1 14 2 1 41 1 166
30178 3 1 18 2 1 3 1 6 1 41
30179 3 1 13 2 1 3 1 41 1 166
30180 2 1 15 2 1 41 1 166
30181 
30182 
30183 
30184 
30185 1 1 4 15 1 19 1 97
30186 1 1 4 15 1 19 1 37 1 60
30187 
30188 
30189 
30190 
30191 
30192 
30193 
30194 
30195 
30196 3 168 2 171 2 172
30197 5 168 2 170 2 171
30198 1 1 2 14 2 168 1 169
30199 
30200 3 1 1 52 1 86
30201 
30202 
30203 
30204 
30205 4 15 2 39
30206 
30207 1 1 2 2 1 61 2 81
30208 1 60 2 81
30209 6 2 2 60 2 81
30210 1 1 1 61 2 81
30211 1 1 1 2 1 61 2 81
30212 
30213 
30214 
30215 
30216 
30217 
30218 12 15 2 18 3 20 1 64
30219 12 15 2 18 3 20 1 64
30220 12 15 2 18 3 20 1 64
30221 
30222 
30223 
30224 
30225 
30226 
30227 
30228 
30229 
30230 
30231 1 1 2 2 1 41 4 168 1 175 1 176
30232 
30233 
30234 
30235 
30236 
30237 
30238 
30239 
30240 
30241 
30242 
30243 
30244 
30245 
30246 
30247 
30248 
30249 
30250 
30251 
30252 
30253 3 15 2 17 1 124 1 179 2 180
30254 
30255 
30256 
30257 
30258 
30259 
30260 
30261 
30262 
30263 
30264 
30265 
30266 
30267 
30268 
30269 
30270 
30271 
30272 
30273 
30274 
30275 3 15 1 22 1 29 1 31 1 123 1 124
30276 3 15 1 22 1 29 1 31 1 123 1 124
30277 3 15 1 22 1 29 1 31 1 123 1 124
30278 4 15 1 22 1 29 1 31 1 125
30279 3 15 1 22 1 29 1 31 1 123 1 124
30280 4 15 1 20 1 22 1 29 1 31
30281 
30282 
30283 4 15 1 22 1 29 1 31 1 126
30284 4 15 1 22 1 29 1 31 1 125
30285 4 15 1 20 1 22 1 29 1 31
30286 4 15 1 22 1 29 1 31 1 123
30287 4 15 1 20 1 22 1 29 1 31
30288 4 15 1 22 1 29 1 31 1 125
30289 4 15 1 20 1 22 1 29 1 31
30290 
30291 4 15 1 22 1 29 1 31 1 126
30292 
30293 4 15 1 22 1 29 1 31 1 126
30294 4 15 1 22 1 29 1 31 1 126
30295 4 15 1 20 1 22 1 29 1 31
30296 4 15 1 22 1 29 1 31 1 126
30297 4 15 1 22 1 29 1 31 1 126
30298 4 15 1 22 1 29 1 31 1 123
30299 
30300 
30301 
30302 
30303 
30304 
30305 1 9 1 29 1 119 2 129
30306 1 9 1 29 1 119 2 129
30307 1 9 1 29 1 119 2 129
30308 
30309 1 50 1 119 1 129
30310 
30311 2 1 2 2 1 88
30312 1 1 1 2 1 85
30313 3 1 1 2 2 72 2 169 1 170 1 176 2 180
30314 3 1 2 72 2 169 1 170 1 176 2 180
30315 3 1 1 2 2 72 2 169 1 170 1 176 2 180
30316 2 1 1 2 2 72 2 169 1 170 1 175 2 180
30317 2 1 1 2 2 72 3 170 1 175 2 180
30318 3 1 2 72 3 170 1 176 2 180
30319 3 1 1 2 2 72 3 170 1 176 2 180
30320 3 1 1 2 2 72 3 170 1 176 2 180
30321 
30322 
30323 
30324 
30325 
30326 
30327 
30328 
30329 
30330 
30331 
30332 
30333 
30334 
30335 
30336 
30337 
30338 3 1 1 168 1 169 2 176 2 180
30339 1 1 1 65 2 168 1 176 1 178 1 180
30340 2 1 2 168 2 176 2 180
30341 2 168 2 175 2 180
30342 4 2 4 15 1 18 1 23 1 49 1 50 1 54 1 67 3 129
30343 
30344 3 1 1 3 2 172 2 180
30345 1 1 1 2 1 50 1 51
30346 1 1 3 2 1 50 1 51
30347 
30348 2 1 1 31 1 168 2 169 1 170 1 176 1 180 1 182
30349 9 2 2 29 3 50
30350 
30351 
30352 
30353 
30354 
30355 
30356 
30358 
30359 
30360 
30361 1 1 5 2 5 15 2 16 2 19
30362 1 1 7 2 5 15 2 16 2 19
30363 1 1 9 2 5 15 2 16 2 19
30364 1 1 11 2 5 15 2 16 2 19
30365 1 2 1 5 1 33 1 41
30366 
30367 
30368 
30369 
30370 
30371 
30372 
30373 
30374 
30375 
30376 
30377 
30378 
30379 
30380 4 129 2 170 1 181
30381 1 51 3 129
30382 
30383 1 51 1 119 2 129
30384 
30385 1 51 1 52 5 129
30386 1 50 2 129
30387 1 9 1 52 6 129
30388 
30389 
30390 
30391 
30392 
30393 
30394 1 1 1 6 1 68
30395 
30396 
30397 
30398 
30399 
30400 
30401 
30402 
30403 
30404 
30405 
30406 
30407 
30408 
30409 
30410 
30411 
30412 
30413 6 2 2 48 2 49 2 50
30414 2 1 6 2 2 48 4 50
30415 2 1 10 2 2 48 4 50
30416 
30417 
30418 
30420 
30421 
30422 
30423 
30424 
30425 
30426 
30427 
30428 
30429 
30430 
30432 1 1 2 2 10 15 1 22 1 29 1 37 3 168 2 169 1 176
30434 1 9 1 52 1 119 5 129
30435 1 9 1 117 1 119 2 129
30436 
30437 
30438 
30439 
30440 
30441 
30442 
30443 
30444 
30445 1 1 2 2 1 54 1 55
30446 1 1 2 2 1 3 2 54
30447 
30448 
30449 
30450 
30451 
30452 
30453 
30454 
30455 
30456 
30457 
30458 
30459 
30460 
30461 
30462 
30463 
30464 
30465 
30466 
30467 
30468 
30469 
30470 
30471 
30472 
30473 
30474 
30475 
30476 
30477 
30478 1 1 9 15 4 18 2 19 1 20 1 123 1 154
30479 
30480 
30481 
30482 
30483 
30484 
30485 
30486 5 1 2 2 2 3 5 15 1 23
30487 
30488 
30489 
30490 
30491 
30492 
30493 
30494 
30495 1 1 3 2 1 49 1 50
30496 
30498 
30499 
30500 1 2 4 3 5 29 1 38
30501 3 1 1 4 1 5 1 107
30502 
30503 1 1 1 29 1 31 6 168 5 169 3 170 1 174 1 179 1 180
30504 
30505 
30506 
30507 
30509 
30510 
30511 
30512 
30513 
30514 
30515 
30516 
30517 
30518 1 1 2 2 1 49 1 50
30519 1 1 1 31 2 168 1 169 1 175 1 178
30520 3 2 1 31 1 55 1 101
30521 1 1 4 15 1 19 1 48
30522 
30523 
30524 
30525 6 15 1 18 1 19 2 20 1 39
30526 
30527 5 15 1 18 1 19 2 20 2 123
30528 4 1 1 2 2 3 1 50 1 135 1 136
30529 8 15 1 18 2 30 1 154
30530 8 15 1 18 1 21 2 30
30531 1 1 13 15 2 18 1 23 2 30
30532 1 1 8 15 1 18 1 22 2 30
30533 
30534 
30535 
30536 
30537 
30538 1 1 9 2 4 3 5 29 1 90
30539 
30540 
30541 1 2 1 86 1 87
30542 1 1 4 2 1 3 2 31
30543 2 15 1 20 1 29 1 62 1 123 1 154
30544 2 15 1 20 1 29 1 80 1 123 1 154
30545 3 1 4 2 1 3 1 8 1 29
30546 1 2 4 15 1 22 1 29 1 30 1 57
30547 1 1 4 15 1 22 1 29 1 30 1 55
30548 
30549 
30550 
30551 
30552 
30553 
30554 
30555 1 1 4 15 1 37 1 71
30556 
30557 
30558 
30559 
30560 
30561 
30562 
30563 
30564 
30565 
30566 
30567 
30568 
30569 
30570 
30571 
30572 1 1 4 15 1 18 3 19 1 53 2 80
30573 1 1 4 15 3 19 1 21 1 53 2 80
30574 
30575 
30576 
30577 
30578 
30579 
30580 
30581 
30582 
30583 2 1 7 2 2 41
30584 2 1 9 2 2 41
30585 2 1 9 2 2 41
30586 2 1 11 2 2 41
30587 1 1 5 15 1 21 1 34
30588 1 1 1 2 5 15 1 21 1 34
30589 1 1 1 2 5 15 1 21 1 34
30590 1 1 2 2 5 15 1 21 1 34
30591 
30592 
30593 
30594 
30595 
30596 
30597 
30598 
30599 
30600 
30601 
30602 
30603 
30604 
30605 
30606 
30607 
30608 
30609 1 1 4 2 6 15 3 19 1 23 1 72 1 123
30610 14 15 2 18 2 63
30611 6 130 1 170 2 173
30612 4 15 1 20 1 29 1 154
30613 2 1 2 48 4 168 2 169
30614 
30615 4 15 1 29 1 123 1 154
30616 3 15 2 20 1 80
30617 8 1 1 3 2 4 2 50 1 51
30618 2 1 5 15 1 22 1 135
30619 1 1 1 2 1 60 1 138
30620 5 1 1 2 1 4 1 51 1 136
30621 2 1 1 2 2 3 1 40 1 49 1 50
30622 2 1 2 2 1 61 1 138
30623 6 1 2 4 1 50 1 136
30624 4 1 1 2 2 3 2 50 1 135
30625 2 1 11 2 1 6
30626 1 1 5 2 4 15 2 17 3 168 1 169
30627 
30628 4 1 2 3 1 61 1 138
30629 3 2 1 29 1 50 3 168 1 169 1 179
30630 2 1 1 3 4 15 1 21 1 24
30631 
30632 
30633 1 1 2 15 3 20 1 21
30634 2 1 16 2 1 6
30635 2 1 16 2 1 6
30636 2 1 8 15 4 21
30637 3 1 1 5 1 50 1 52
30638 2 1 1 2 1 29 1 168 1 169 1 170 2 179
30639 2 1 1 2 1 3 1 40 1 50
30640 1 1 10 2 1 3 2 128
30641 
30642 
30643 
30644 3 1 10 2 1 3
30645 1 2 5 15 1 33 1 98
30646 5 1 1 3 1 4 1 50 1 136
30647 2 1 6 15 2 16 2 21
30648 3 15 1 76 2 123
30649 2 2 2 29 4 168 2 169
30650 1 2 1 5 1 50 1 165
30651 2 2 1 50 1 54 4 168 1 176 1 179
30652 2 1 11 2 1 3 1 29
30653 1 1 1 2 1 5 1 136
30654 5 1 1 2 3 3 2 50 1 135 1 136
30655 
30656 2 1 8 15 1 18 1 25 2 53
30657 1 1 4 2 2 50 1 134
30658 5 2 1 49 3 50 1 134
30659 1 1 1 3 1 5 1 31 1 48
30660 8 1 1 3 2 4 1 140
30661 3 1 5 2 1 140
30662 3 1 1 2 2 3 1 49 1 50 1 135
30663 3 2 1 29 1 38
30664 2 1 2 168 4 169 2 172
30665 2 1 5 2 1 3 1 5
30666 
30667 2 1 11 2 1 3 1 29
30668 1 1 1 2 1 29 4 168 2 169
30669 
30670 2 1 18 2 1 6 1 41
30671 1 1 1 2 1 3 1 29 1 38
30672 1 1 1 8 1 108 1 130
30673 
30674 
30675 
30676 
30677 2 2 1 49 4 168 1 176 1 179
30678 
30679 
30680 
30681 
30682 3 1 1 2 1 4 1 143
30683 
30684 1 2 1 31 1 40
30685 1 1 1 2 2 168 3 169 1 171
30686 1 1 4 15 1 24 1 26
30687 
30688 
30689 2 1 4 2 1 3 1 38
30690 1 1 1 2 3 15 2 20 1 21
30691 
30692 1 1 1 5 3 168 1 169 1 172
30693 3 1 1 43 1 49
30694 
30695 
30696 
30697 2 1 1 2 1 135
30698 2 1 1 3 4 15 1 20 1 53
30699 4 2 2 54 4 168 2 176
30700 1 61 2 68 1 72
30701 
30702 1 31 5 168 3 169
30703 1 1 9 15 3 21
30704 
30705 
30706 
30707 
30708 
30709 
30710 
30711 
30712 
30713 
30714 
30715 2 1 5 2 1 3 1 38
30716 1 1 4 2 3 50 1 134
30717 3 1 1 5 1 31 7 168 2 169 3 170 1 172
30718 1 1 4 15 2 17 1 168 1 169 1 181
30719 1 86 2 168 1 169
30720 5 2 1 29 1 54
30721 6 1 2 4 2 58
30722 
30723 1 1 4 15 1 26 1 30
30724 
30725 1 5 1 168 1 169 2 179 1 180
30726 1 1 3 2 1 137
30727 
30728 4 1 2 29 2 169 2 170
30729 
30730 6 15 2 16 2 76
30731 2 2 1 38 1 143
30732 3 1 1 5 1 43
30733 
30734 1 1 4 15 1 37 1 45 1 134
30735 4 1 1 2 2 4 2 29 1 34
30736 1 1 5 15 1 47 1 50
30737 3 1 1 3 1 136
30738 1 2 1 54 4 168 1 176 1 179
30739 3 2 1 54 1 68
30740 2 1 15 2 1 7 1 48
30741 
30742 2 1 5 2 1 3 1 38
30743 1 2 1 50 2 54
30744 
30745 1 1 1 41 1 138
30746 
30747 
30748 1 2 1 31 4 168 1 169
30749 4 15 1 32 1 37 1 134
30750 
30751 5 2 1 29 1 31
30752 
30753 
30754 
30755 2 1 14 2 3 15 2 21 1 30
30756 4 1 3 15 2 17 1 22 1 54 5 168 1 169 2 170
30757 1 1 1 2 3 168 1 169 1 181
30758 1 1 4 15 1 39 1 45
30759 1 2 1 29 3 168 1 169 1 171
30760 4 1 3 15 2 17 1 22 1 31 5 168 1 169 2 170
30761 3 1 4 15 1 23 1 24
30762 
30763 3 1 4 2 1 8 2 29 5 168 2 169 2 170 1 174
30764 4 1 1 3 1 31 7 168 1 169 2 170 1 172 1 173
30765 
30766 
30767 
30768 2 1 3 2 1 3 1 38
30769 4 15 2 37 2 134
30770 
30771 
30772 2 2 2 5 1 6 2 48
30773 1 2 2 5 1 48
30774 3 15 2 20 1 123
30775 2 31 4 168 2 169
30776 2 31 4 168 2 169
30777 4 15 2 39
30778 1 58 1 68 1 72
30779 2 29 2 168 4 169 2 179
30780 2 2 1 5 1 29 1 48
30781 2 1 1 40 1 168 3 169 2 179
30782 3 15 1 23 2 123 3 129
30783 4 2 1 54 1 86
30785 1 86 1 130
30786 
30787 2 1 3 15 1 30 1 37 1 53
30788 1 1 1 6 1 31
30789 1 2 1 31 1 33
30790 
30791 4 1 1 4 1 7 1 48
30792 1 9 1 128 3 129
30793 1 29 1 68
30794 1 1 14 2 1 6 1 29 1 34 1 136
30795 
30796 3 15 1 23 1 80 1 123 3 129
30797 
30798 2 1 2 15 1 30 1 39 2 53
30799 5 1 1 2 1 4 1 140
30800 4 1 10 2 2 3 1 6 2 48
30801 
30802 
30803 1 1 1 3 1 5 1 134
30804 1 1 5 2 7 168 3 169
30805 1 1 5 2 7 168 3 169
30806 4 1 9 2 2 3 1 58
30807 6 168 2 169 2 179
30808 13 15 2 18 1 64 2 80
30809 4 1 3 2 1 4 2 29 1 43
30810 3 1 2 2 1 4 1 31
30812 
30813 3 1 1 5 1 31 7 168 2 169 3 170 1 172
30814 6 2 2 5 2 48
30815 2 1 1 7 1 29 4 168 1 169 1 170
30816 
30817 1 1 2 2 1 29 1 50 1 149
30818 2 1 1 135
30819 3 1 3 2 1 8 1 29 1 38 5 168 2 169 2 170 1 174
30820 2 1 1 3 2 31 1 51
30821 2 1 14 2 4 15 2 45
30822 1 1 2 2 1 7 1 33 1 41 1 48
30823 1 2 1 6 1 68 1 72
30824 1 2 1 6 1 68 1 72
30825 1 2 1 50 2 138
30826 2 2 2 5 2 48
30827 
30828 3 1 1 2 1 3 2 136
30829 1 2 3 3 4 29 1 38
30830 4 1 4 15 1 22 1 23 1 137
30831 3 1 1 2 1 3 1 50 1 136
30832 1 1 5 15 1 22 1 137
30833 2 2 1 134 4 168 1 176 1 179
30834 1 1 1 2 1 49 1 55
30835 4 2 2 54 4 58
30836 
30837 1 1 1 29 1 50 1 149
30838 3 1 1 4 2 29 4 168 1 169 1 170
30839 3 1 1 4 2 29 4 168 1 169 1 170
30840 1 5 1 29 1 69
30841 4 15 1 20 1 21 1 29
30842 2 2 5 15 1 21 1 137
30843 
30844 1 1 1 2 1 6 1 40
30845 3 2 3 108 1 159
30846 
30847 2 1 1 2 10 15 1 23 1 26
30848 2 1 16 2 4 15 2 45
30849 2 2 4 15 2 29 2 37 2 136
30850 8 1 1 2 2 3 1 4 2 42
30851 
30852 
30853 1 29 2 168 1 169 1 179 1 180
30854 1 29 2 168 1 169 1 179 1 180
30855 
30856 
30857 6 1 1 2 2 3 1 4 1 29 1 42
30858 1 1 5 15 1 22 1 44
30859 3 1 1 3 1 29 1 31 2 42
30860 3 1 1 4 1 137 4 168 2 169
30861 2 1 8 15 1 18 1 23 2 30
30862 2 1 5 15 1 22 1 136
30863 4 1 12 2 2 42 2 50
30864 4 1 1 4 1 135
30865 4 1 4 15 1 22 1 23 1 137
30866 3 2 5 15 1 21 1 137
30867 2 1 1 2 1 3 4 15 1 32 1 53
30868 2 1 1 2 1 3 4 15 1 32 1 53
30869 2 1 1 2 1 3 4 15 1 32 1 53
30870 
30871 
30872 
30873 
30874 1 1 1 50 4 168 1 169
30875 1 44 4 168 1 169
30876 1 1 1 50 5 168 1 169
30877 1 127 4 168 1 169
30878 7 2 2 127
30879 8 2 2 127
30880 9 2 2 127
30881 1 1 1 2 2 6 1 40
30882 1 1 2 2 5 15 1 21 1 41
30883 1 1 4 2 1 5 1 41
30884 3 1 4 2 1 3 1 8 1 40
30885 1 1 4 2 5 15 1 21 1 41
30886 2 1 4 2 1 6 1 41
30887 2 1 3 2 1 6 1 41
30888 3 1 4 2 1 6 1 42
30889 2 1 5 2 1 6 1 41
30890 
30891 
30892 3 1 7 2 1 4 1 138
30893 
30894 8 15 4 17 1 29 2 168 1 169
30895 8 15 4 17 1 29 1 169 1 171
30896 
30897 
30898 
30899 
30900 
30901 
30902 
30903 
30904 
30905 4 1 2 170 2 179 2 180
30906 10 15 2 18 2 176 2 180
30907 1 29 4 168 1 169 1 179
30908 2 1 4 168 2 170 3 179
30909 
30910 
30911 2 1 21 2 1 34
30912 2 1 25 2 1 34
30913 
30914 
30915 2 1 1 29 1 168 1 169 1 170 1 179 1 180
30916 2 1 1 168 1 170 1 179 2 180
30917 2 1 2 48 6 169 2 170
30918 2 31 6 169 2 170
30919 1 2 1 61 2 78 3 81
30920 
30921 2 2 2 61 2 78 4 81
30922 
30924 2 1 2 2 1 4 2 83
30925 2 2 2 15 1 64 3 80 1 81 1 83
30926 1 34 1 60 1 81 1 83
30927 
30928 
30929 
30930 
30931 
30932 
30933 4 1 1 2 1 43 1 48
30934 2 1 2 48 2 168 1 170
30935 2 1 2 48 3 168 1 170
30936 4 1 4 2 1 43 1 48
30937 4 1 2 2 1 43 1 48
30938 4 1 2 2 1 43 1 48
30939 2 1 2 48 5 168 1 170
30940 2 1 2 48 4 168 1 170
30941 4 1 3 2 1 43 1 48
30942 1 2 3 3 4 29 1 38
30943 1 1 9 2 1 13 1 41
30944 2 1 4 2 1 14 2 48
30945 4 1 2 3 1 14 2 48
30946 2 1 6 2 1 14 2 48
30947 1 1 1 13 1 41
30948 1 1 1 2 1 13 1 41
30949 2 1 8 2 1 14 2 48
30950 1 1 6 2 1 13 1 41
30951 1 1 2 2 5 15 1 28 1 48
30952 4 1 4 2 2 3 1 14 2 48
30953 1 1 7 2 1 13 1 41
30954 1 1 3 2 1 13 1 41
30955 1 1 2 2 1 13 1 41
30956 1 1 3 2 5 15 1 28 1 48
30957 2 1 1 29 1 42
30958 1 1 1 3 1 29 1 54
30959 
30960 7 168 2 169 1 174
30961 3 1 2 41 4 168 1 169 1 170
30962 3 1 2 2 2 41 4 168 1 169 1 170
30963 3 1 1 2 1 3 1 42 1 72
30964 3 1 2 2 1 3 1 42 1 72
30965 3 1 3 2 1 3 1 42 1 72
30966 3 1 5 2 1 3 1 42 1 72
30967 3 1 3 2 1 3 1 42 1 72
30968 3 1 4 2 1 3 1 42 1 72
30969 3 1 2 2 1 9 1 48 1 72
30970 3 1 3 2 1 9 1 48 1 72
30971 3 1 3 2 1 9 1 48 1 72
30972 3 1 5 2 1 9 1 48 1 72
30973 3 1 4 2 1 9 1 48 1 72
30974 
30975 1 1 11 15 3 18 1 20 1 30 1 53 1 126 1 168 1 169 1 176 1 178
30976 2 2 1 50 1 54 1 134
30977 1 1 4 15 2 17 2 168 1 176
30978 1 2 3 3 4 29 1 38
30979 
30980 1 1 1 2 1 54 1 60
30981 2 2 3 54 1 61
30982 1 2 1 29 1 165
30983 1 2 1 29 1 165
30984 
30985 4 1 1 2 1 4 2 41
30986 4 1 2 2 1 4 2 41
30987 3 1 1 3 2 41
30988 4 1 1 4 2 41
30989 2 1 2 41 4 168 1 170
30990 2 1 2 41 5 168 1 170
30991 4 1 2 2 1 4 2 41
30992 2 1 2 2 2 41 5 168 1 170
30993 2 1 2 2 2 41 4 168 1 170
30994 4 1 3 2 1 4 2 41
30995 4 1 4 2 1 4 2 41
30996 4 1 2 2 1 4 2 41
30997 3 1 2 41 3 168 1 169 1 170
30998 3 1 2 41 4 168 1 169 1 170
30999 3 1 2 2 2 41 4 168 1 169 1 170
31000 2 1 2 41 7 168 2 169 1 170
31001 2 1 2 41 6 168 2 169 1 170
31002 3 1 2 2 2 41 3 168 1 169 1 170
31003 3 1 2 2 2 41 4 168 1 169 1 170
31004 3 1 2 41 4 168 1 169 1 170
31005 2 1 2 2 2 41 7 168 2 169 1 170
31006 2 1 2 2 2 41 6 168 2 169 1 170
31007 
31008 
31009 3 29 1 31 1 168 3 169 1 172
31010 4 18 2 123
31011 5 18 1 126
31012 1 50 1 117 6 118 1 121
31013 1 50 1 117 4 118 1 121
31014 1 50 1 117 2 118 1 121
31015 
31016 
31017 
31018 1 50 1 115 1 117 4 118 1 119
31019 4 1 1 2 1 8 1 38 2 168 1 169 1 170 1 172
31020 1 1 1 4 1 5 1 13 1 29
31021 1 1 1 2 1 8 1 13 1 29
31022 1 2 1 57 1 68
31023 2 1 4 2 3 60
31024 
31025 
31026 
31027 
31028 
31029 
31030 1 1 5 2 5 15 1 147
31031 1 1 4 2 5 15 1 147
31032 1 1 2 2 1 57 1 60
31033 
31034 
31035 
31036 
31039 
31040 
31041 
31042 
31043 
31044 
31045 1 1 7 2 3 168 1 176 1 180
31046 1 1 2 2 5 15 1 21 1 48
31047 1 1 3 2 5 15 1 21 1 48
31048 1 1 5 15 1 21 1 41
31049 1 1 2 2 5 15 1 21 1 41
31050 1 1 3 2 5 15 1 21 1 41
31051 
31052 
31053 4 1 2 2 2 3 2 144
31054 
31055 2 1 2 2 1 151
31056 2 1 1 2 1 3 1 143
31057 4 1 2 2 2 3 1 150
31058 4 1 4 2 2 3 1 150
31059 
31060 
31061 
31062 1 1 2 2 1 41 1 128
31063 1 1 3 2 1 41 1 128
31064 1 2 5 15 1 21 1 127
31065 1 1 3 2 1 41 1 127
31066 1 1 2 2 1 41 1 127
31067 1 2 1 128 3 168 1 169 1 179
31068 1 2 5 15 1 29 1 37
31069 
31070 
31071 
31072 
31073 
31074 
31075 
31076 
31077 
31078 
31079 
31080 
31081 
31082 
31083 
31084 
31085 
31086 
31087 4 15 4 17 2 62 2 123 2 180
31088 4 15 4 17 2 30 2 80 2 180
31089 4 15 2 17 1 18 1 29 5 30 2 169 1 179 1 180
31090 1 1 7 15 1 18 1 19 1 30 1 53 1 66 1 97
31091 8 15 1 18 1 19 1 30 1 66 1 97
31092 2 1 12 2 2 41
31093 2 1 20 2 2 41
31094 
31095 
31096 4 1 3 2 1 4 3 41
31097 4 1 6 2 1 4 3 41
31098 4 1 9 2 1 4 3 41
31099 
31100 
31101 
31102 
31103 
31104 4 2 1 4 4 40
31105 4 1 4 2 1 4 4 41
31106 
31107 
31108 
31109 
31110 
31111 
31112 
31113 
31114 
31115 
31116 
31117 
31118 
31119 
31120 
31121 
31122 
31123 
31124 
31125 
31126 
31127 
31128 
31129 
31130 
31131 1 1 8 15 4 17 1 176 1 181
31132 
31133 
31134 5 15 1 25 1 31
31135 
31136 
31137 
31138 
31139 
31141 
31142 
31143 
31144 
31145 
31146 2 1 4 2 2 48 3 168 1 170
31147 1 1 3 2 1 48 2 168 1 169
31148 1 1 2 2 1 48 2 168 1 169
31149 1 1 4 2 1 48 2 168 1 169
31150 2 1 6 2 2 48 3 168 1 170
31151 1 1 2 2 1 48 3 168 1 169
31152 1 1 4 2 1 48 3 168 1 169
31153 1 1 3 2 1 48 3 168 1 169
31154 2 1 4 2 2 48 2 168 1 170
31155 
31156 
31157 2 1 2 2 1 14 2 41
31158 2 1 6 2 1 14 2 41
31159 2 1 8 2 1 14 2 41
31160 2 2 1 14 2 40
31161 2 1 4 2 1 14 2 41
31162 1 1 1 2 1 13 1 41
31163 1 1 2 2 1 13 1 41
31164 1 1 4 2 1 13 1 41
31165 1 1 5 2 1 13 1 41
31166 1 2 1 13 1 44
31167 2 2 1 14 2 44
31168 1 1 3 2 1 13 1 41
31169 2 1 10 2 1 14 2 41
31171 
31172 
31173 
31174 
31175 
31176 
31177 
31178 
31179 
31180 
31181 
31182 
31183 
31184 
31185 
31186 
31187 
31188 
31189 
31190 
31191 
31192 
31193 4 29 1 168 4 169 1 179
31194 
31195 
31196 1 1 4 15 1 37 1 125
31197 2 1 2 168 3 169 1 172 1 179 1 180
31198 2 1 2 168 3 169 1 172 1 179 1 180
31199 1 2 1 5 1 13 1 48
31200 1 1 1 2 1 7 1 13 1 48
31201 
31202 
31203 
31204 
31205 
31206 
31207 
31208 
31209 
31210 4 1 2 2 2 3 2 41
31211 2 1 4 15 1 47 1 53
31212 
31213 2 1 1 3 1 169 2 175 3 180
31214 
31215 2 1 2 169 2 175 2 176 2 180
31216 1 1 2 169 3 175 1 176 2 180
31217 3 1 2 169 1 175 3 176 2 180
31218 1 1 1 5 1 41
31219 1 1 1 2 1 5 1 41
31220 1 1 2 2 1 5 1 41
31221 1 1 3 2 1 5 1 41
31222 1 1 4 2 1 5 1 41
31223 1 1 8 2 1 5 1 41
31224 1 1 9 2 1 5 1 41
31225 1 1 10 2 1 5 1 41
31226 2 2 2 5 2 41
31227 2 1 7 2 1 5 1 42 1 48
31228 2 1 8 2 1 6 2 48
31229 3 1 4 2 1 8 2 48
31230 2 1 1 2 1 5 1 42 1 48
31231 
31232 
31233 2 1 4 2 1 6 1 48
31234 2 1 3 2 1 5 1 42 1 48
31235 2 1 5 2 1 5 1 42 1 48
31236 1 1 2 2 1 5 1 41
31237 4 1 2 2 2 3 1 6 2 48
31238 2 1 8 2 1 6 2 48
31239 4 1 4 2 2 3 1 6 2 48
31240 2 1 4 2 1 6 2 48
31241 4 1 2 2 2 3 1 6 2 48
31242 4 1 4 2 2 3 1 6 2 48
31243 3 1 4 2 1 8 2 48
31244 3 1 1 41 1 42
31245 3 1 2 2 1 41 1 42
31246 3 1 4 2 1 41 1 42
31247 
31248 
31249 
31250 
31251 
31252 2 1 6 15 2 16 1 21 1 53 1 88
31253 
31254 
31255 
31256 
31257 
31258 
31259 1 2 1 29 3 118 1 119
31260 
31261 
31262 3 1 5 2 1 3 1 29 1 42
31263 
31264 
31265 
31266 
31267 
31268 
31269 
31270 
31271 
31272 
31273 
31274 2 1 3 15 1 39 2 53
31275 1 1 4 15 1 25 1 38 1 53
31276 
31277 
31278 
31279 
31280 
31281 
31282 
31283 1 1 4 15 1 45 1 80
31284 1 1 4 15 1 45 1 71
31285 2 1 4 15 1 45 1 63
31286 1 65 5 168 5 169
31287 
31288 
31289 
31290 3 1 6 2 1 3 3 50
31291 
31292 
31293 1 1 5 2 1 82
31294 
31295 1 1 3 2 1 48 1 113
31296 1 1 1 2 1 72 1 144
31297 
31298 1 1 2 2 1 48 1 113
31299 1 1 3 2 1 48 1 111
31300 1 1 2 2 1 48 1 111
31301 
31302 3 1 3 2 1 3 3 50
31303 1 1 2 2 1 72 1 144
31304 
31305 5 1 2 6 2 8 1 31 3 168 1 170 1 173
31306 
31307 
31308 
31309 
31310 
31311 
31312 
31313 
31314 
31315 
31316 
31317 
31318 
31319 
31320 
31321 
31322 
31323 
31324 
31325 
31326 3 1 6 2 1 157
31327 3 1 6 2 1 159
31328 2 1 14 2 1 158
31329 2 1 8 2 1 158
31330 2 1 4 2 1 158
31331 3 1 12 2 1 157
31332 3 1 7 2 1 159
31333 3 1 12 2 3 50 1 157
31334 3 1 21 2 1 157
31335 6 2 3 49 1 157
31336 3 1 18 2 1 161
31337 3 1 15 2 1 157
31338 3 1 18 2 1 157
31339 2 1 10 2 1 158
31340 2 1 12 2 2 50 1 158
31341 3 1 11 2 1 159
31342 3 1 10 2 1 159
31343 3 1 9 2 1 159
31344 3 1 8 2 1 159
31345 3 1 15 2 1 159
31346 3 1 11 2 1 159
31347 2 1 10 2 2 50 1 158
31348 2 1 14 2 2 50 1 158
31349 3 1 6 2 3 50 1 161
31350 3 1 5 2 1 159
31351 3 1 9 2 3 50 1 157
31352 3 1 13 2 1 159
31353 3 1 9 2 1 159
31354 2 1 4 2 2 50 1 158
31355 4 2 2 49 1 158
31356 3 1 15 2 3 50 1 157
31357 
31358 2 1 12 2 1 158
31359 3 1 7 2 1 159
31360 3 1 6 2 3 50 1 157
31361 2 1 8 2 2 50 1 158
31362 3 1 4 2 1 159
31363 2 1 6 2 2 50 1 158
31364 
31365 
31366 
31367 
31368 
31369 
31370 4 2 3 49 1 161
31371 3 1 4 2 3 50 1 161
31372 1 2 3 15 2 19 2 168 1 169
31373 1 2 3 15 2 19 5 168 1 169
31374 3 15 2 19 4 168 1 169
31375 3 1 1 4 3 15 2 19
31376 2 1 1 2 1 3 3 15 2 19
31377 2 1 1 2 1 3 3 15 2 19
31378 2 1 1 3 3 15 2 19
31379 
31380 2 1 1 40 8 168 4 169 2 170 1 172 1 180
31381 5 15 1 37 2 81 2 168 1 170 1 176
31382 
31383 
31384 
31385 
31386 
31387 
31388 
31389 
31390 
31391 
31392 
31393 2 1 4 15 1 32 1 64
31394 1 1 4 15 1 32 1 63
31395 
31396 1 1 8 15 2 18 1 22 1 31 1 124
31397 
31398 
31399 
31400 
31401 
31402 
31404 
31405 
31406 
31407 1 1 1 31 3 168 1 170 1 175
31408 
31409 3 1 2 2 1 3 3 29 1 107 1 109 1 143 2 168 7 169 1 176 1 179
31410 1 6 2 119
31411 
31412 4 81 3 168 4 169 2 170
31413 1 83 6 168 3 169 1 170
31414 4 168 4 169 2 180
31415 2 83 6 168 2 169 2 170
31416 2 81 6 168 2 169 2 170
31417 3 168 4 169 2 180
31418 4 83 6 168 4 170
31420 1 79 2 81 1 83 6 168 2 169 2 170
31421 1 1 2 168 1 169 1 175 1 180
31422 
31423 
31424 
31425 
31426 
31427 1 2 2 15 2 16 4 19 3 29 1 30 4 169 1 179
31428 
31429 
31430 
31431 4 2 3 15 1 31 1 55 1 63 2 80
31432 
31433 
31434 
31435 
31436 
31437 5 15 1 16 3 19
31439 
31440 
31441 
31442 2 1 2 2 2 3 1 31 1 54
31444 
31445 
31446 
31447 
31448 
31449 7 15 2 16 1 21 1 29
31450 7 15 2 16 1 21 1 29
31451 3 15 2 19 1 20
31452 
31453 
31454 
31455 
31456 
31457 
31458 
31459 1 31 1 55 1 138
31461 
31462 
31463 
31464 
31465 
31466 
31467 
31468 
31469 
31470 
31471 
31472 
31473 
31474 
31475 
31476 
31477 
31478 
31479 1 1 6 15 2 16 1 20 1 37
31480 1 1 6 15 2 16 1 20 1 37
31481 3 1 1 2 1 91
31482 1 1 5 15 1 22 1 48 1 65
31483 
31484 1 1 16 2 1 31 1 41
31485 1 1 8 2 1 31 1 41
31486 1 1 22 2 1 31 1 41
31487 1 1 7 2 1 6 1 31 1 48
31488 1 1 11 2 1 6 1 31 1 48
31489 1 1 15 2 1 6 1 31 1 48
31490 1 1 21 2 1 6 1 31 1 48
31491 1 1 8 2 1 7 1 31 1 48
31492 1 1 7 2 1 7 1 31 1 41
31493 1 1 12 2 1 7 1 31 1 48
31494 1 1 11 2 1 7 1 31 1 41
31495 1 1 16 2 1 7 1 31 1 48
31496 1 1 15 2 1 7 1 31 1 41
31497 
31498 
31499 2 2 1 29 3 168 1 175 1 176 1 180
31500 2 2 1 29 1 31 1 58
31501 5 15 1 18 10 168 1 170 1 176
31502 4 1 1 2 1 3 4 15 1 21 1 23 5 168 1 176
31503 
31504 
31505 
31506 
31507 
31508 
31509 
31510 
31511 
31512 
31513 
31514 
31515 
31516 
31517 
31518 
31519 
31520 
31521 10 15 2 21 1 168 2 169 2 176 1 179 2 180
31522 1 2 3 3 4 29 1 33 1 38 1 59
31523 2 1 2 169 2 175 2 176 2 180
31524 4 1 10 2 2 3 2 41
31525 4 15 1 25 1 30 1 31
31526 1 129 5 168 5 169
31527 
31528 1 127 5 168 5 169
31529 
31530 
31531 
31532 
31533 
31534 
31535 
31536 1 89 5 168 5 169
31537 
31538 1 1 1 3 4 15 1 22 1 29 1 107 1 111 1 114 1 154
31539 3 29 1 49 1 168 4 169 1 179
31540 1 29 1 31 2 168 2 169 1 175
31541 
31542 
31543 
31544 
31545 
31546 
31547 1 1 1 2 4 15 1 53 1 94
31548 
31549 
31550 
31551 3 15 2 17 1 80 1 175 2 180
31552 10 15 1 18 2 19 1 21 2 49 1 53 1 99 1 123
31553 
31554 
31555 
31556 
31557 3 29 1 49 1 168 4 169 1 179
31558 1 29 1 65 6 168 2 169 2 170
31559 
31560 2 2 2 54 4 168 2 176
31561 2 2 8 168 2 175 2 176
31562 2 2 1 54 1 58 4 168 1 175 1 176
31563 3 2 2 54 1 58 4 168 2 176
31564 
31565 
31566 
31567 
31568 
31569 1 3 6 15 1 21 1 25 4 30 1 31 1 48
31570 
31571 
31572 1 1 3 2 7 15 2 17 1 18 1 60 1 71 1 124 1 168 1 170 1 179
31573 
31574 1 1 3 2 7 15 2 17 1 18 1 60 1 71 1 124 1 168 1 170 1 179
31575 
31576 
31577 
31578 
31579 
31580 
31581 
31582 
31583 
31584 
31585 
31586 2 1 9 15 2 16 2 18 2 19 1 34 1 63 1 149 1 168 1 169 1 176 1 178
31587 2 1 9 15 2 16 2 18 2 19 1 34 1 63 1 149 1 168 1 169 1 176 1 178
31588 1 1 9 15 2 16 2 18 2 19 1 33 1 63 1 149 1 168 1 169 1 176 1 178
31589 2 1 9 15 2 16 2 18 2 19 1 63 2 149 1 168 1 169 1 176 1 178
31590 1 2 2 49 3 50
31591 
31592 
31593 1 2 1 29 1 86 2 168 1 169 1 176 1 180
31594 
31595 
31596 
31597 
31598 
31599 
31600 
31601 8 15 2 17 1 18 1 123 1 176 2 180
31602 4 1 2 2 2 169 4 176 2 180
31603 
31604 
31605 
31606 
31607 
31608 
31609 4 1 2 2 2 169 4 176 2 180
31610 4 15 1 18 1 62 3 168 1 176 1 179 1 180
31611 
31612 
31613 
31614 
31615 
31616 
31617 
31618 
31619 
31620 
31621 
31622 
31623 
31624 1 15 2 19 1 20 2 123
31625 1 15 2 19 1 20 2 123
31626 1 15 2 19 1 20 2 123
31627 1 15 2 19 1 20 2 123
31628 
31629 
31630 
31631 
31632 
31633 
31634 
31635 
31636 
31637 
31638 
31639 
31640 
31641 
31642 
31643 
31644 
31645 
31646 
31647 
31648 
31649 
31650 3 1 1 2 1 4 2 15 1 21 1 31 1 48 1 59 3 124
31651 
31652 
31653 
31654 
31655 
31656 
31657 6 15 3 19 2 21 1 29
31658 2 1 1 2 2 15 1 25 1 29 1 30 2 53
31659 3 15 2 20 1 39
31660 1 1 3 15 1 24 1 30 1 53
31661 1 2 4 15 1 25 1 29 1 30
31662 2 1 3 15 1 21 1 30 1 53
31663 2 1 2 15 1 20 1 30 2 53
31664 2 1 2 15 1 21 1 29 1 30 2 53
31665 1 1 3 15 1 25 1 30 1 38 1 53
31666 2 1 3 15 1 25 1 30 1 53
31667 2 1 2 15 1 24 1 30 2 53
31668 2 1 2 15 1 21 1 30 1 38 2 53
31669 3 1 2 15 1 21 1 30 2 53
31670 2 1 2 15 1 25 1 30 1 38 2 53
31671 3 1 2 15 1 25 1 30 2 53
31672 1 1 2 168 1 169 2 180
31673 2 1 3 15 1 25 1 30 1 53
31674 6 15 2 16 1 20 1 30
31675 3 168 1 179 1 180
31676 1 1 1 2 3 15 1 25 1 29 1 30 1 53
31677 3 1 2 15 1 30 1 37 2 53
31678 
31679 3 1 9 2 1 40 2 41 1 43
31680 1 1 9 2 5 15 1 21 1 41
31681 1 1 1 2 1 78 1 130
31682 4 15 1 21 1 123 1 130
31683 3 1 9 2 1 29 2 41 1 43
31684 3 2 8 168 2 169 2 175
31685 2 2 1 29 3 168 1 176 1 180
31686 2 49 2 168 4 169 2 179
31687 2 1 1 2 1 4 1 33 1 49
31688 1 2 9 15 1 19 2 21
31689 4 15 1 19 1 21 1 65
31690 1 2 1 49 1 128
31691 3 1 1 2 1 3 1 136
31692 3 1 1 2 2 3 1 49 1 50 1 136
31693 4 1 2 2 1 3 1 4 1 31
31694 2 1 1 2 4 15 1 20 1 37 1 61
31695 8 15 1 63 2 126 1 154
31696 7 15 1 19 1 62 1 63 1 123 1 154
31697 1 1 6 15 2 19 1 53 1 62 1 63 1 154
31698 2 2 2 119
31699 1 1 1 5 1 69
31700 
31701 
31702 
31703 
31704 1 1 4 15 1 39 1 154
31705 1 1 9 2 1 6 1 40
31706 1 1 11 2 1 6 1 40
31707 4 1 5 2 2 3 1 6 1 8 1 13 1 48
31708 1 1 9 2 2 6 1 40
31709 1 1 15 2 1 6 1 40
31710 5 1 5 2 2 3 1 6 1 8 1 48
31711 1 1 10 2 1 6 1 40
31712 
31713 
31714 
31715 
31716 1 1 1 2 8 168 4 169 1 176
31717 1 2 1 29 4 118 1 119
31718 
31719 
31720 
31721 
31722 
31723 
31724 
31725 
31726 
31727 
31728 
31729 
31730 
31731 
31732 
31733 
31734 
31735 
31736 5 1 3 2 1 29 1 43 3 168 7 169 1 171 1 172 1 179 1 180
31737 
31738 
31739 
31740 
31741 
31742 
31743 12 15 5 18 3 19 2 30 1 32
31744 
31745 
31746 
31747 
31748 
31749 
31750 
31751 
31752 
31753 
31754 
31755 
31756 
31757 1 2 1 3 1 31 1 54 1 86 1 107
31758 3 1 1 2 4 15 1 45 1 64
31759 
31760 
31761 
31762 
31763 
31764 
31765 
31766 
31767 1 1 5 2 5 118 1 119
31768 
31769 
31770 
31771 
31772 2 2 1 5 1 48 1 49
31773 1 7 4 15 1 33 1 45 1 80
31774 1 1 5 15 1 18 1 170 2 175 2 180
31775 10 15 2 18 1 170 2 175 2 180
31776 
31777 
31778 
31779 
31780 
31781 
31782 
31783 2 1 5 15 1 45 1 48 3 168 4 169 1 176
31784 
31785 2 1 2 15 1 25 1 30 1 31 2 53
31786 
31787 
31788 
31789 2 2 9 15 1 18 1 22 1 31 1 50 1 123 4 168 2 176
31790 
31791 
31792 
31793 
31794 
31795 
31796 
31797 
31798 
31799 
31800 
31801 
31802 
31803 
31804 
31805 
31806 
31807 
31808 
31809 
31811 3 1 1 5 1 48 3 168 2 169 2 170
31812 5 15 1 22 1 31 1 65
31813 4 15 1 21 1 24 1 130
31814 2 1 17 2 1 7 1 48
31815 
31816 2 1 3 2 1 41 1 48
31817 
31818 
31823 4 15 1 21 1 30 1 31 1 33 1 59
31824 2 1 1 2 4 15 1 21 1 30 1 42 1 107
31825 5 15 1 21 1 31 1 33 1 59
31826 2 1 1 2 5 15 1 21 1 42 1 107
31827 9 15 2 21 1 30 1 31 1 48 1 59
31828 
31829 
31830 
31831 
31832 
31833 
31834 
31835 
31836 
31837 
31838 
31839 
31840 
31841 
31842 
31843 
31844 
31845 
31846 
31847 
31848 
31849 
31850 
31851 
31852 
31853 
31854 
31855 
31856 2 1 2 2 1 8 1 38 3 168 1 169 1 172
31857 1 1 27 2 1 29
31858 8 15 1 18 2 30 1 154
31859 1 33 2 168 1 176 1 179 1 180
31860 5 15 1 22 1 31 1 65 1 107 1 130 1 168 2 169 1 173 1 176 1 180 1 181
31863 2 1 3 2 1 4 1 29 1 38 3 168 1 169 1 172
31864 
31865 
31866 
31867 
31868 
31869 
31870 
31871 
31872 
31873 
31874 
31875 1 8 9 15 2 18 1 86 1 123
31876 1 8 9 15 2 18 1 80 1 86
31877 1 8 9 15 2 18 1 86 1 123
31878 5 15 1 25 1 86
31879 4 15 1 25 1 80 1 86
31880 4 15 1 25 1 80 1 86
31881 4 15 1 25 1 86 1 123
31882 2 1 10 2 5 15 1 162
31883 3 1 11 2 1 161
31884 3 1 15 2 1 161
31885 3 1 7 2 1 161
31886 3 1 6 2 1 161
31887 3 1 6 2 1 159
31888 4 1 3 2 1 3 1 161
31889 3 1 6 2 1 161
31890 3 1 5 2 1 161
31891 
31892 
31893 3 1 15 2 1 159
31894 2 1 6 2 5 15 1 18 1 159
31895 3 1 9 2 1 159
31896 2 1 14 2 5 15 1 18 1 159
31897 2 1 2 2 5 15 1 18 1 159
31898 3 1 5 2 1 159
31899 1 1 3 2 10 15 1 18 1 162
31900 2 2 2 5 5 15 1 18 1 159
31901 
31902 2 1 2 2 5 15 1 37 1 159
31903 
31904 
31905 3 1 7 2 1 159
31906 3 1 17 2 1 159
31907 3 1 13 2 1 161
31908 2 1 14 2 5 15 1 25 1 159
31909 3 1 11 2 1 161
31910 3 1 10 2 1 50 1 161
31911 4 1 11 2 1 3 1 159
31912 
31913 4 1 4 15 1 23 1 45
31914 2 1 2 2 2 48 4 168 2 169
31915 2 1 1 15 2 17 1 19 1 20 1 21 1 29 1 168 1 170 2 179
31916 1 1 3 29 2 57 1 168 8 169 1 170 3 179 1 180
31917 
31918 
31919 
31920 
31921 
31922 1 1 9 15 2 17 1 18 1 58 1 173 2 180
31923 1 1 9 15 2 17 1 21 1 58 1 173 2 180
31924 3 15 1 20 1 32 1 126
31925 3 15 1 20 1 32 1 126
31926 3 15 1 20 1 32 1 126
31927 3 15 1 20 1 32 1 126
31928 3 15 1 20 1 32 1 126
31929 
31930 2 2 2 57
31934 
31935 
31936 
31937 
31938 
31939 
31940 
31941 
31942 
31943 
31944 
31945 
31946 1 1 4 29 5 169 1 179
31947 
31948 
31949 
31950 2 1 2 2 1 113 1 159
31951 3 1 21 2 1 159
31952 
31953 1 1 7 2 5 118 1 119
31954 6 15 2 16 2 37 2 130
31955 2 1 2 2 6 15 2 16 2 45
31956 2 1 2 2 6 15 2 16 2 45
31957 
31958 2 1 6 2 6 15 2 16 2 45
31959 
31960 2 1 8 2 6 15 2 16 2 45
31961 2 1 8 2 6 15 2 16 2 45
31962 2 1 2 2 6 15 2 16 2 45
31963 2 1 2 2 6 15 2 16 2 45
31964 2 1 4 2 6 15 2 16 2 45
31965 2 1 6 2 6 15 2 16 2 45
31966 2 1 6 2 6 15 2 16 2 45
31967 2 1 6 2 6 15 2 16 2 45
31968 4 1 4 2 2 3 6 15 2 16 2 45
31969 2 1 8 2 6 15 2 16 2 45
31970 2 1 8 2 6 15 2 16 2 45
31971 2 1 10 2 6 15 2 16 2 45
31972 2 1 10 2 6 15 2 16 2 45
31973 
31974 
31975 
31976 
31977 
31978 
31979 2 1 10 2 6 15 2 16 2 45
31980 2 1 10 2 6 15 2 16 2 45
31981 
31982 2 1 12 2 6 15 2 16 2 45
31983 
31984 
31985 6 15 2 16 2 17 1 179 2 180
31986 6 15 2 16 2 37 2 130
31987 6 15 2 16 2 37 2 130
31988 15 2 1 29 1 31
31989 14 2 1 31 1 108
31990 15 2 1 31 1 128
31991 15 2 1 31 1 127
31992 3 1 1 2 1 4 1 14 1 29 1 50
31993 2 1 1 4 1 14 1 29 1 50 1 108
31994 2 1 1 4 1 14 1 29 1 50 2 168 1 169
31995 2 1 1 14 4 15 1 22 1 29 1 50 1 53
31996 1 1 1 4 1 14 1 29 1 50 4 168 2 169
31997 2 1 1 2 1 4 1 14 1 29 1 50 1 108
31998 
31999 
32000 
32001 
32002 
32003 
32004 
32005 
32006 1 5 1 38 2 168 2 169 1 171
32007 1 5 1 72 2 168 2 169 1 171
32008 2 1 2 2 1 5 2 48 1 168 1 169 1 171 1 173
32009 
32010 
32011 
32012 
32013 
32014 
32015 
32016 
32017 
32018 
32019 
32020 
32021 
32022 
32023 
32024 
32025 
32026 
32027 
32028 
32029 
32030 
32031 
32032 
32033 
32034 
32035 
32036 
32037 
32038 
32039 8 15 2 18 1 20 1 71
32040 
32041 
32042 
32043 
32044 
32045 
32046 
32047 
32048 1 1 4 15 2 16 1 19 1 21 2 123
32049 1 1 4 15 2 16 1 19 1 21 1 30 1 123
32050 1 1 3 15 2 16 1 19 1 21 1 30 1 80 1 123
32051 1 1 3 15 2 16 1 19 1 21 1 80 2 123
32052 1 1 4 15 2 16 1 19 1 21 1 62 1 123
32053 2 1 4 15 2 16 1 19 1 21 1 98 1 123
32054 1 1 9 15 2 16 1 19 1 21 1 37 1 63 1 123
32055 
32056 
32057 
32058 
32059 
32060 
32061 
32062 
32063 
32064 
32065 
32066 
32067 
32068 1 1 4 15 1 20 1 154
32069 
32070 
32071 
32072 
32073 
32074 
32075 
32076 
32077 
32078 
32079 
32080 
32081 
32082 
32083 
32084 
32085 
32086 
32087 
32088 
32089 
32090 
32091 
32092 
32093 
32094 1 1 4 15 1 18 1 20 1 168 1 176 1 178 1 180
32095 
32096 1 1 5 2 4 15 1 30 1 37
32097 1 1 3 2 4 15 1 30 1 37
32098 1 1 2 2 4 15 1 30 1 37
32099 1 1 1 2 4 15 1 30 1 37
32100 3 1 8 15 1 18 1 23 1 53 1 80
32101 
32102 2 65 4 168 2 169
32103 
32104 
32105 
32106 
32107 
32108 
32109 
32110 
32111 
32112 
32113 
32114 
32115 
32116 
32117 
32118 
32119 
32120 
32121 
32122 
32123 
32124 
32125 
32128 
32129 
32130 
32131 
32132 
32133 
32135 
32137 
32138 
32145 
32169 
32170 
32171 
32172 
32173 
32174 
32175 
32176 
32177 
32178 
32179 
32180 
32181 1 1 2 168 1 169 1 175 1 179 1 180
32182 4 168 1 175 1 179 1 180
32183 3 1 1 4 1 5 1 48
32184 
32185 
32186 
32187 
32188 
32189 
32190 
32191 
32194 
32197 
32200 
32203 
32204 1 29 4 168 3 169
32205 3 1 1 167 2 168 2 169 1 170
32206 3 1 1 4 1 29 3 168 1 169 1 172
32207 
32208 6 2 1 29 1 118 1 119
32209 
32210 
32211 
32212 
32213 
32214 
32215 
32216 
32217 4 15 1 20 1 21 1 72
32218 4 15 1 20 1 21 1 72
32219 
32220 6 15 2 18 4 123
32221 5 15 2 18 5 123
32222 5 15 2 18 5 123
32223 4 15 2 18 6 123
32224 3 15 2 18 7 123
32225 5 15 2 18 5 123
32226 
32227 
32228 
32229 
32230 
32231 
32232 
32233 
32234 
32235 
32236 
32237 
32238 3 15 1 19 1 23 1 123 3 129
32239 
32240 
32241 2 1 4 15 1 53 1 98
32242 1 1 3 15 1 53 1 62 1 80
32243 2 1 1 2 3 15 1 53 1 63 1 68 1 98
32244 2 1 3 15 1 53 1 62 1 98
32245 
32246 
32247 
32248 
32249 1 1 2 2 1 60 1 85
32250 1 8 7 15 2 17 2 18 1 72 1 123 4 168
32251 1 8 7 15 2 17 2 18 1 72 1 123 4 168
32252 1 8 7 15 2 17 2 18 1 72 1 123 4 168
32253 1 8 6 15 4 17 2 18 1 72 5 168 2 179
32254 2 1 1 8 7 15 2 17 2 18 1 64 1 72 4 168
32255 1 8 7 15 2 17 2 18 1 72 1 80 4 168
32256 1 8 7 15 2 17 2 18 1 72 1 80 4 168
32257 1 1 1 8 7 15 2 17 2 18 1 53 1 72 4 168
32258 1 8 8 15 2 17 2 18 1 72 4 168
32259 1 8 8 15 2 18 1 20 1 72 1 123
32260 1 8 8 15 2 18 1 20 1 72 1 123
32261 1 8 8 15 2 18 1 20 1 72 1 80
32262 1 8 8 15 2 18 1 20 1 72 1 80
32263 1 8 7 15 2 18 2 20 1 72 1 80
32264 1 8 7 15 2 18 2 20 1 72 1 80
32265 1 8 10 15 2 18 1 72
32266 1 8 9 15 2 18 1 72 1 80
32267 1 8 9 15 2 18 1 72 1 80
32268 2 1 1 8 9 15 2 18 1 64 1 72
32269 1 1 1 8 9 15 2 18 1 53 1 72
32270 2 1 1 8 8 15 2 18 1 64 1 72 1 123
32271 1 8 9 15 2 18 1 72 1 123
32272 1 8 8 15 2 18 1 72 2 123
32273 2 1 1 8 9 15 2 18 1 22 1 72
32274 2 1 1 8 8 15 2 18 1 22 1 72 1 80
32275 4 1 1 8 8 15 2 18 1 22 1 64 1 72
32276 2 1 1 8 7 15 2 17 2 18 1 22 1 72 1 168 2 179
32277 2 1 1 8 8 15 2 18 1 22 1 72 1 80
32278 1 1 1 8 8 15 2 18 1 53 1 72 1 123
32279 1 8 8 15 2 18 1 72 2 123
32280 1 8 8 15 2 18 1 72 2 123
32281 1 8 8 15 2 18 1 72 1 80 1 123
32282 1 8 8 15 2 18 1 72 1 80 1 123
32283 1 8 8 15 2 18 1 72 1 80 1 123
32284 1 8 7 15 2 17 2 18 1 72 1 123 1 168 2 179
32285 1 8 8 15 2 17 2 18 1 72 1 168 2 179
32286 1 8 9 15 2 18 1 72 1 80
32287 1 8 8 15 2 18 1 20 1 72 1 80
32288 1 8 7 15 2 18 2 20 1 72 1 80
32289 1 8 3 15 2 17 1 18 2 31 1 168 2 179
32290 1 8 4 15 1 18 2 31 1 123
32291 1 8 4 15 1 18 2 31 1 123
32292 1 1 1 8 4 15 1 18 2 31 1 53
32293 1 8 4 15 1 18 2 31 1 80
32294 1 8 4 15 1 18 2 31 1 80
32295 1 8 5 15 1 18 2 31
32296 1 8 4 15 1 18 2 31 1 80
32297 1 8 4 15 1 18 2 31 1 123
32298 2 1 1 8 4 15 1 18 2 31 1 64
32299 1 8 4 15 1 18 2 31 1 126
32300 1 8 4 15 1 18 2 31 1 125
32301 4 15 1 30 1 71
32302 1 1 6 2 2 15 1 47 1 71 2 123
32303 2 15 1 30 1 71 2 123
32304 1 1 6 2 2 15 1 47 1 71 2 125
32305 
32306 
32307 
32308 
32309 
32310 
32311 
32312 
32313 
32314 
32315 
32318 1 8 4 15 1 18 2 72 1 123
32319 1 8 4 15 1 18 2 72 1 123
32320 1 8 5 15 1 18 2 72
32321 1 8 4 15 1 18 2 72 1 80
32330 1 8 4 15 1 18 2 72 1 126
32331 1 1 1 8 4 15 1 18 1 53 2 72
32332 2 1 1 8 4 15 1 18 1 64 2 72
32333 1 8 4 15 1 18 2 72 1 80
32334 1 8 4 15 1 18 2 72 1 80
32335 1 8 4 15 1 18 2 72 1 123
32336 1 8 3 15 2 17 1 18 2 72 1 168 2 179
32337 1 8 4 15 1 18 2 72 1 125
32338 4 15 1 25 1 31 1 80
32339 4 15 1 25 1 31 1 80
32340 4 15 1 25 1 31 1 80
32341 1 1 4 15 1 25 1 31 1 53
32342 2 1 4 15 1 25 1 31 1 64
32343 4 15 1 25 1 31 1 123
32344 4 15 1 25 1 31 1 123
32345 3 15 2 17 1 25 1 31 1 168 2 179
32346 4 15 1 25 1 31 1 123
32347 4 15 1 25 1 31 1 126
32348 4 15 1 25 1 31 1 125
32349 1 1 1 2 1 8 5 15 1 18 1 72
32350 1 1 2 2 1 8 5 15 1 18 1 72
32351 2 1 1 3 1 8 5 15 1 18 1 72
32352 2 1 1 2 1 3 1 8 5 15 1 18 1 72
32353 1 1 3 2 1 8 5 15 1 18 1 72
32354 
32355 2 1 1 9 5 15 1 18 1 72
32356 
32357 
32358 
32359 
32360 
32361 
32362 
32363 
32364 
32365 
32366 
32367 
32368 
32369 
32370 
32376 
32377 
32378 1 117 4 118 1 122
32379 
32380 
32381 
32382 1 117 3 118 1 122
32383 1 117 7 118 1 122
32384 
32385 
32386 1 117 1 118 1 122
32387 1 117 2 118 1 122
32388 1 117 6 118 1 122
32389 1 117 5 118 1 122
32390 1 1 4 15 1 21 1 141
32391 1 1 1 2 4 15 1 53 1 141
32395 
32396 2 1 10 15 2 23 2 49
32397 
32398 
32399 
32400 
32401 
32402 
32403 
32404 1 1 4 15 1 39 1 98
32405 1 1 7 15 2 16 1 98
32406 5 15 1 18 3 168 1 176 1 180
32407 
32408 
32409 
32410 
32411 
32412 
32413 
32414 
32415 
32416 
32417 
32418 
32419 
32420 
32421 
32422 
32423 
32424 
32425 
32426 
32427 
32428 
32429 
32430 
32431 
32432 
32433 
32434 
32435 
32436 
32437 
32438 2 1 10 15 2 17 2 18 2 20 2 53 1 170 1 179 1 180
32439 
32440 
32441 
32442 
32443 
32444 1 1 5 15 1 18 2 168 2 169 2 179
32445 
32446 
32447 
32448 
32449 8 1 6 15 4 17 2 23 1 170 1 179
32450 2 1 8 15 4 17 1 170 1 179
32451 1 1 3 15 2 18 1 88 1 124 5 168 1 169 2 176 2 179 1 180
32452 
32453 
32454 
32455 
32456 
32457 
32458 
32459 
32460 
32461 
32462 
32463 
32464 
32465 
32466 
32467 
32468 
32469 1 2 1 3 1 31 1 54 1 86 1 88 1 107
32471 
32472 
32473 3 1 1 3 1 4 1 8 5 15 1 18 3 19 1 29 2 123
32474 
32475 3 2 1 29 5 118 1 119
32476 
32477 
32478 
32479 
32480 
32481 
32482 
32483 
32484 
32485 
32486 
32487 
32488 
32489 6 1 2 4 1 9 10 15 2 18
32490 
32491 1 1 1 15 2 19 1 80 1 123
32492 1 1 1 15 2 19 1 53 1 62 1 123
32493 
32494 
32495 
32496 
32497 
32498 
32499 
32500 
32501 
32502 
32503 
32504 
32505 
32506 
32507 
32508 
32509 
32510 
32511 
32512 
32513 
32514 
32515 
32516 
32517 
32518 
32519 
32520 
32521 
32522 
32523 
32524 
32525 
32526 
32527 
32528 
32529 
32530 
32531 
32532 
32533 
32534 
32535 
32536 
32537 
32538 
32539 
32540 
32541 
32542 
32543 
32544 
32545 
32546 
32547 
32548 
32549 
32550 
32551 
32552 
32553 
32554 
32555 
32556 
32557 
32558 
32559 
32560 
32561 
32562 
32563 
32564 
32565 
32566 
32567 
32568 
32569 
32570 
32571 
32572 
32573 
32574 
32575 1 2 3 29 3 169 1 179 1 180
32576 3 15 2 20 1 21 1 31
32577 2 1 2 2 1 33 1 168 1 169 1 170 1 179 1 180
32578 
32579 
32580 
32581 
32582 
32583 
32584 1 1 7 15 1 18 2 19 1 53
32585 1 1 7 15 1 18 2 19 1 53
32586 7 15 1 18 2 19 1 126
32587 7 15 1 18 2 19 1 124
32588 7 15 1 18 2 19 1 20
32589 7 15 1 18 2 19 1 124
32590 7 15 1 18 2 19 1 20
32591 7 15 1 18 2 19 1 126
32592 
32593 
32594 2 1 1 8 1 72
32595 
32596 1 1 9 15 2 16 1 19 1 21 1 37 1 63 1 126
32597 1 1 4 15 2 16 1 19 1 21 1 62 1 126
32598 2 1 4 15 2 16 1 19 1 21 1 98 1 126
32599 
32600 1 31 1 52 2 118 2 119 1 129
32601 1 31 2 52 3 118 3 119 2 129
32602 
32603 
32604 
32605 
32606 3 15 2 62 1 80
32607 
32608 
32609 
32610 
32611 
32612 
32613 
32614 
32615 
32616 
32617 
32618 
32619 
32620 3 1 3 29 1 34 4 168 5 169 3 170 1 171 1 172 1 180
32621 2 108 1 110 1 128
32622 1 2 1 8 1 29 2 130
32623 1 2 1 8 1 40 2 130
32624 1 8 1 108 2 130
32625 1 2 1 8 1 29 2 130
32626 1 2 1 8 1 40 2 130
32627 2 1 3 15 1 25 1 30 1 53
32628 3 15 1 32 1 62 1 123
32629 2 170 5 175 4 180
32630 2 1 8 2 2 41
32631 3 1 3 2 1 40 2 41 1 43
32632 
32633 
32634 
32635 
32636 
32637 
32638 
32639 1 29 3 168 1 169 2 179
32640 3 1 7 15 4 17 1 23 2 180
32641 
32642 
32643 
32644 
32645 
32646 
32647 
32648 
32649 
32650 
32651 5 1 2 2 1 58 2 168 1 169 2 170 1 175
32652 
32653 
32654 
32655 
32656 
32657 
32658 
32659 1 14 4 168 2 169
32660 3 1 1 170 1 172
32661 
32662 7 15 4 17 1 123 1 175 1 181
32663 2 1 2 2 2 50
32664 
32665 
32666 2 1 4 15 1 37 1 47
32667 2 1 4 15 1 37 1 47
32668 2 1 4 15 1 37 1 47
32669 9 15 1 18 1 19 1 21
32671 2 48 10 168 2 169
32672 1 41 1 48 10 168 2 169
32673 2 41 10 168 2 169
32674 1 2 2 41 10 168 2 169
32679 
32680 
32681 
32682 
32683 
32684 
32685 
32686 
32687 
32688 
32689 1 2 4 15 1 22 1 29 1 30 1 57
32690 
32691 2 1 6 2 1 41 1 50
32692 2 1 3 2 1 41 1 50
32693 1 1 3 2 1 41 1 49
32694 2 1 2 2 1 41 1 50
32695 2 1 5 2 1 41 1 50
32696 1 1 5 2 1 41 1 49
32697 1 1 2 2 1 41 1 49
32698 1 1 6 2 1 41 1 49
32699 1 1 7 2 1 41 1 49
32700 2 1 1 2 1 41 1 50
32701 2 1 3 2 1 41 1 50
32702 2 1 4 2 1 41 1 50
32703 2 1 5 2 1 41 1 50
32704 2 1 6 2 1 41 1 50
32705 2 1 7 2 1 41 1 50
32706 2 1 2 2 1 41 1 50
32707 2 1 3 2 1 41 1 50
32708 2 1 4 2 1 41 1 50
32709 2 1 5 2 1 41 1 50
32710 2 1 7 2 1 41 1 50
32711 2 1 8 2 1 41 1 50
32712 2 1 4 2 1 41 1 50
32713 2 1 5 2 1 41 1 50
32714 2 1 7 2 1 41 1 50
32715 2 1 8 2 1 41 1 50
32716 2 1 9 2 1 41 1 50
32717 2 1 4 2 1 41 1 50
32718 2 1 5 2 1 41 1 50
32719 2 1 6 2 1 41 1 50
32720 2 1 7 2 1 41 1 50
32721 2 1 8 2 1 41 1 50
32722 2 1 9 2 1 41 1 50
32723 2 1 10 2 1 41 1 50
32724 2 1 6 2 1 41 1 50
32725 2 1 7 2 1 41 1 50
32726 2 1 8 2 1 41 1 50
32727 2 1 9 2 1 41 1 50
32728 2 1 11 2 1 41 1 50
32729 2 1 6 2 1 41 1 50
32730 2 1 7 2 1 41 1 50
32731 2 1 8 2 1 41 1 50
32732 2 1 9 2 1 41 1 50
32733 2 1 10 2 1 41 1 50
32734 2 1 11 2 1 41 1 50
32735 2 1 3 2 1 41 1 50
32736 2 1 4 2 1 41 1 50
32737 2 1 6 2 1 41 1 50
32738 2 1 7 2 1 41 1 50
32739 2 1 8 2 1 41 1 50
32740 1 1 6 2 1 50 1 68
32741 2 1 10 2 1 41 1 50
32742 2 1 12 2 1 41 1 50
32743 2 1 5 2 1 41 1 50
32744 3 15 2 62 1 80
32745 5 15 1 18 2 168 1 175 1 178 1 180
32746 1 1 1 2 1 15 2 17 3 29 2 30 1 53 5 169 2 179 1 180
32747 3 15 3 19
32750 
32751 
32752 
32753 
32754 
32755 
32756 
32757 
32758 
32759 
32760 
32761 
32762 
32763 
32764 
32765 
32766 
32767 
32768 1 1 1 8 1 119 1 129
32769 1 2 10 15 1 18 2 19 1 22 1 50 3 123
32770 
32771 9 15 4 16 1 20
32772 1 1 3 168 1 169 1 175
32773 1 1 4 15 2 17 1 168 1 169 1 175
32774 11 15 6 16 1 19
32775 10 15 6 16 1 19 1 20
32776 
32777 
32778 
32779 
32780 
32781 
32782 
32783 1 1 1 2 4 19 1 31 1 49 1 68 1 107 1 144 1 147 1 168 1 169 1 170 1 173 1 176 1 180 1 181
32784 
32785 
32786 1 116 1 118 2 119 11 129 6 170
32787 1 116 3 119 10 129 6 170
32788 
32789 2 1 3 2 1 3 1 50 1 134
32790 
32791 
32792 
32793 
32794 1 1 2 2 1 50 1 117
32795 1 2 1 29 1 117 1 144
32796 2 1 1 51 1 67 2 129
32797 
32798 2 118 1 119 11 129 6 170
32799 1 9 7 118 1 119 3 129
32800 1 116 3 119 10 129 6 170
32801 
32802 1 116 3 119 10 129 6 170
32803 
32804 
32805 
32806 
32807 
32808 2 6 2 31
32809 
32810 
32811 
32812 
32813 1 1 2 2 4 15 1 100 1 123 1 154
32814 2 1 2 29 1 34 7 168 5 169 2 170 1 172 1 180
32815 7 15 2 17 1 18 1 123 1 124 1 168 1 175 1 178 1 180
32816 4 1 1 2 2 3 9 15 1 18 1 19 1 23 1 61 1 86
32817 1 1 8 15 2 17 1 18 1 22 1 31 1 168 1 176 1 180
32818 8 15 2 17 1 18 1 29 1 123 1 169 1 175 1 178 1 180
32819 
32820 
32821 5 15 1 22 1 31 1 49
32822 5 15 1 22 1 31 1 49
32823 
32824 
32825 
32826 
32827 
32828 
32829 
32830 
32831 5 15 1 21 1 57
32832 4 1 1 2 1 41 2 168 2 169 1 170
32833 2 2 1 4 3 5 1 13
32834 
32835 
32836 
32837 
32838 1 1 4 15 1 22 1 30 1 48 1 65
32839 
32840 2 1 4 15 1 37 1 154
32841 
32842 
32843 1 1 1 15 2 20 2 30 1 45
32844 
32845 
32846 
32847 
32848 
32849 3 1 6 15 2 17 1 18 3 47 1 168 1 169 1 179 1 180
32850 12 15 4 16 2 18 2 30
32851 12 15 4 16 2 18 2 30
32852 12 15 4 16 2 18 2 30
32853 17 15 4 16 2 18 1 21 1 30 1 53
32854 17 15 4 16 2 18 1 21 1 30 1 53
32855 
32856 
32857 
32858 
32859 
32860 
32861 1 1 1 2 1 6 1 29
32862 
32863 
32864 
32865 
32866 
32868 
32869 
32870 
32871 
32872 
32873 
32874 
32875 
32876 2 1 2 17 1 20 2 30 1 33 1 37 1 169 1 170 1 172 1 179 2 180
32877 4 20 2 123
32878 
32879 
32880 
32881 
32882 
32883 4 15 2 22 4 130
32884 2 2 7 15 1 18 1 19 1 23 1 45 1 63 3 129 4 168 1 176 1 179
32885 1 2 4 15 1 21 1 30 1 33
32886 2 1 3 15 1 39 1 47 1 53
32887 2 1 1 5 3 15 1 22 1 47 1 48 1 53 1 81
32888 
32889 
32890 2 2 3 3 5 29
32891 
32892 
32893 
32894 
32895 8 15 4 17 1 86 1 168 1 176 1 180
32896 6 15 2 18 6 19 2 20 1 63 1 66
32897 
32898 2 1 3 2 10 15 1 18 1 22 1 48 1 61
32899 
32900 10 168 2 170 1 175 2 179
32901 10 2 1 31 1 54
32902 1 5 1 6 1 130
32903 1 5 1 6 1 72
32904 7 1 2 15 1 21 2 23 1 30
32905 4 1 3 15 1 21 1 23 1 30
32906 7 1 2 15 1 21 2 23 1 30
32907 7 1 2 15 1 21 2 23 1 30
32908 3 1 2 15 2 20 1 23 1 30
32909 4 1 3 15 1 21 1 23 1 30
32910 1 1 1 8 1 108 1 130
32911 1 1 1 2 1 6 1 38
32912 
32913 
32914 
32915 
32917 
32918 
32919 8 129 5 170 1 179
32920 3 15 1 25 2 30 1 31
32921 1 5 1 29 1 88
32922 
32923 
32924 
32925 
32926 
32927 
32928 
32929 
32930 
32931 7 15 4 17 1 80 2 180
32932 3 1 2 3 1 4 6 15 3 19 1 21 1 29 1 123
32933 1 1 2 2 1 31 1 55 1 88
32934 
32935 
32936 
32937 
32938 1 1 1 15 2 19 1 21 1 48 1 65 1 80
32939 
32940 
32941 
32942 
32943 
32944 
32945 
32946 2 1 1 3 1 89
32947 2 1 1 38 1 59
32948 2 1 1 2 1 88
32949 
32950 
32951 1 1 2 19 3 80
32952 6 15 2 19 1 62 1 63 1 123 1 154
32953 9 15 1 62 1 97 1 154
32954 
32955 
32959 4 1 3 2 2 15 2 17 1 21 1 30 2 168 2 169 1 170 1 172 1 179
32960 
32961 
32962 
32963 
32964 
32965 
32966 1 1 1 2 1 4 7 15 1 23 1 29 1 71 1 98 1 124 3 129 1 154
32967 
32968 3 1 1 4 3 168 1 176 1 180
32969 1 128 1 129
32970 2 1 2 29 1 33 7 168 4 169 3 170 1 172 1 180
32971 1 14 1 128 1 129
32972 
32973 
32974 
32975 
32976 
32977 1 72 1 129
32978 
32979 2 171 1 180
32980 
32981 
32982 
32983 
32984 2 168 1 171 1 180
32985 1 1 1 9 1 129 2 130
32986 2 129 5 168 1 170
32987 2 168 1 171 2 179
32988 1 1 2 168 1 169 1 179 1 180
32989 3 168 1 171 1 179
32990 2 1 1 170 1 171
32991 1 65 1 129
32992 1 129 4 168 1 172
32993 
32994 4 15 1 19 1 124
32995 
32996 1 49 1 72
32997 1 1 1 168 1 172 1 179 1 180
32998 
32999 
33000 
33001 
33002 3 15 2 19 1 20
33003 3 15 2 19 1 20
33004 
33005 
33006 2 168 1 179 1 180
33007 
33008 
33009 
33010 
33011 
33012 
33013 
33014 
33015 2 1 1 2 1 3 1 49 1 50
33016 
33017 
33018 
33019 
33020 
33021 
33022 2 1 3 15 1 30 1 45 1 53
33023 1 50 2 117 4 118
33024 1 1 1 43 4 118 1 119 2 129
33025 1 1 1 2 1 43 1 117 4 118 2 129
33026 1 116 1 118 2 119 1 127
33027 1 36 4 118 1 119 3 129
33028 1 36 2 118 1 119 3 129
33029 1 36 4 118 1 119 2 129 1 130
33030 4 15 1 20 1 50 1 117 3 118 1 154
33031 1 1 1 43 1 117 2 118 2 129
33032 2 1 1 4 1 29 1 117 3 118
33033 2 118 2 122
33034 1 2 1 117 3 118 1 134
33035 
33036 1 2 2 50 2 117 6 118
33037 1 50 1 115 1 117 6 118 1 119
33038 1 52 1 110 1 112 3 118 1 119 1 122 3 129
33039 1 1 4 2 1 50 1 54
33040 
33041 
33042 
33043 
33044 
33045 
33046 
33047 
33048 
33049 
33050 
33051 
33052 
33053 
33054 
33055 
33056 
33057 
33058 
33059 
33060 
33061 
33062 
33063 
33064 
33065 
33066 
33067 
33068 
33069 
33070 
33071 
33072 
33073 
33074 2 1 8 15 2 18 1 45 1 53
33075 2 1 8 15 2 18 1 37 1 45
33076 
33077 
33078 
33079 
33080 2 1 3 2 4 15 1 32 1 61 1 154
33081 2 15 2 17 1 65 1 123 1 154 1 168 2 175 1 182
33082 2 1 1 2 2 3 1 5 4 15 1 21 1 29 1 53 1 58
33083 
33084 
33085 5 1 1 4 1 31 1 107 7 168 4 169 2 170 2 172
33086 
33087 
33088 
33089 
33090 
33091 
33092 
33093 
33094 
33095 
33096 1 5 1 117
33097 
33098 
33099 
33100 
33101 2 1 2 29 1 34 1 40 7 168 4 169 3 170 1 172 1 180
33102 2 1 2 29 1 34 1 40 5 168 4 169 3 170 1 171 1 172 1 180
33103 2 1 2 29 1 34 1 40 1 129 7 168 3 169 4 170 1 172 1 180
33104 
33105 
33106 1 1 1 2 2 15 3 19
33107 3 15 2 19 1 20
33108 2 15 2 19 2 20
33109 3 15 2 19 1 20
33110 
33111 
33112 
33113 
33114 
33115 
33116 
33117 
33119 
33120 
33121 
33122 
33123 
33124 
33125 
33126 
33127 
33128 
33129 
33130 
33131 4 1 1 2 6 15 1 18 1 37 4 53 1 169 1 172 2 175 1 180
33132 
33133 
33134 
33135 
33136 
33137 
33138 
33139 
33140 
33141 
33142 1 1 1 51 2 117 4 118
33143 1 1 1 51 2 116 2 117 2 119
33144 
33145 
33148 
33149 
33150 
33151 
33152 
33153 2 1 4 15 1 45 1 63
33154 2 1 4 15 1 64 1 123
33155 2 1 4 15 1 64 1 123
33156 2 1 2 2 3 15 1 19 2 45
33157 2 1 4 15 1 62 1 64
33158 2 1 4 15 1 62 1 64
33159 1 1 4 15 1 39 1 63
33160 3 1 4 15 1 45 1 64
33161 2 1 4 15 1 64 1 126
33162 3 1 4 15 1 45 1 64
33163 2 1 3 15 2 20 1 64
33164 2 1 3 15 1 64 2 123
33165 3 1 4 15 1 53 1 64
33169 4 1 2 2 2 61 1 130 1 156
33170 
33171 2 1 1 2 1 61 2 130 1 156
33172 
33174 1 1 1 2 1 50 2 130 1 156
33175 
33176 
33177 
33178 1 1 2 2 2 130 1 144 1 156
33179 1 1 2 2 1 50 2 130 1 156
33180 1 1 1 2 1 7 1 29
33181 1 13 1 29 4 168 1 170
33275 
33276 
33277 
33278 
33279 
33280 
33281 
33282 
33283 
33284 
33285 
33286 
33287 
33288 
33289 
33290 
33291 
33292 
33293 1 1 7 2 1 29 1 34 1 136
33294 
33295 
33296 1 1 3 2 1 33 1 41
33297 2 1 2 2 1 3 1 33 1 41
33298 1 1 5 2 1 33 1 41
33299 2 1 1 2 1 3 1 33 1 41
33300 1 1 6 2 1 33 1 41
33301 2 1 3 2 1 3 1 33 1 41
33302 1 1 7 2 1 33 1 41
33303 1 1 8 2 1 33 1 41
33304 1 1 9 2 1 33 1 41
33305 1 1 10 2 1 33 1 41
33306 5 15 1 21 1 68
33307 
33308 
33309 
33310 
33311 
33312 1 1 4 15 1 98 1 126
33313 
33314 
33315 
33316 
33317 
33318 1 33 3 168 1 176 1 179
33319 3 168 1 175 1 179
33320 
33321 
33322 
33323 
33324 
33325 
33326 
33327 
33328 1 1 3 15 2 17 2 29 1 30 5 168 5 169 1 170
33329 1 1 4 15 1 20 1 98 1 109
33330 1 33 2 168 1 169 1 179 1 180
33331 
33332 
33333 
33334 1 2 2 19 1 49 1 62 2 80
33335 
33336 
33337 
33338 
33339 
33340 
33341 
33342 
33343 
33344 
33345 2 1 3 2 1 3 1 4 3 29 1 88
33346 6 1 3 15 2 23 1 30
33347 
33348 
33349 
33350 
33353 6 15 1 18 1 19 1 20 1 32 1 63 1 123
33354 
33355 
33356 
33359 2 2 8 15 4 17 1 134 4 168 2 176 1 178 1 181
33360 
33361 
33362 
33363 
33364 
33365 3 1 1 3 1 29 3 168 3 169
33366 4 1 2 2 1 4 1 8 1 29 3 168 1 169 1 172
33367 
33368 
33369 
33370 
33372 1 1 1 50 2 130 1 156
33373 
33374 1 49 2 130 1 156
33375 
33376 
33377 
33378 
33379 2 65 4 168 2 169
33380 1 1 1 2 1 3 4 15 1 22 2 29 1 107 1 111 1 154
33381 1 8 1 119 1 129 1 130
33382 
33383 1 1 1 8 10 15 3 18 2 19 1 48 1 49 2 53 1 71
33384 1 2 5 15 1 25 1 29
33385 
33386 
33387 
33388 
33389 
33390 
33391 
33392 
33393 
33394 
33395 
33396 
33397 
33398 
33399 
33400 
33401 
33402 
33403 
33404 3 1 1 2 1 3 2 50
33405 1 1 1 2 1 3 2 29 1 88
33406 
33407 
33408 
33409 
33410 
33411 
33412 
33413 
33414 
33415 
33416 
33417 
33418 
33419 
33420 
33421 
33422 
33423 8 2 4 15 2 29 2 45
33424 
33425 
33426 2 1 8 15 1 18 2 20 1 23
33427 8 15 1 18 2 20 1 23 2 119
33429 10 2 4 15 2 29 2 45
33430 6 2 4 15 2 29 2 45
33431 4 1 4 2 2 4 4 15 2 29 2 45
33432 12 2 4 15 2 29 2 45
33433 2 1 3 2 4 15 1 61 1 62 1 97
33434 
33435 2 1 5 2 8 15 2 18 2 53 1 66
33436 2 1 6 2 8 15 2 18 2 53 1 66
33437 2 1 11 2 8 15 2 18 2 53 1 66
33438 2 1 9 2 8 15 2 18 2 53 1 66
33439 2 1 9 2 8 15 2 18 2 53 1 66
33440 
33441 2 1 10 2 8 15 2 18 2 53 1 66
33442 1 1 1 31 1 128 4 168 1 169 1 170
33443 1 1 1 31 3 168 1 169 1 172
33444 1 1 1 29 1 31 4 168 1 169 1 170
33445 3 1 1 3 3 168 1 169 1 172
33446 
33447 
33448 
33449 
33450 
33451 
33452 1 2 1 49 1 168 1 169 2 179 1 180
33453 1 129 1 168 1 169 2 179 1 180
33454 2 1 1 29 1 33 7 168 5 169 2 170 1 172 1 180
33455 2 1 1 29 1 34 8 168 4 169 2 170 1 172 1 180
33456 2 1 1 29 1 33 7 168 5 169 2 170 1 172 1 180
33457 2 1 4 29 1 34 1 129 4 168 4 169 4 170 1 171 1 172 1 180
33458 2 1 3 29 1 34 1 129 7 168 3 169 4 170 1 172 1 180
33459 2 1 2 29 1 34 8 168 3 169 3 170 1 172 1 180
33460 3 1 3 29 1 34 1 129 4 168 4 169 4 170 1 171 1 172 1 180
33461 2 1 2 29 1 33 7 168 4 169 3 170 1 172 1 180
33462 
33463 
33464 
33465 
33466 
33467 1 60 2 119
33468 1 1 1 61 2 119
33469 5 15 1 119 1 154
33470 
33471 
33472 
33473 
33474 
33475 
33476 
33477 
33478 
33479 
33480 
33481 
33482 
33483 
33484 
33485 
33486 
33487 
33488 
33489 
33490 
33491 
33492 
33493 
33494 
33495 
33498 
33499 
33500 
33501 
33502 
33503 
33504 
33505 
33506 
33507 
33508 
33509 
33510 
33511 
33512 
33513 3 1 1 2 1 4 1 29 1 60
33514 1 2 2 49 4 50
33515 2 1 4 2 1 29 2 50 1 156
33516 4 1 3 15 1 20 2 22
33517 3 1 2 15 3 21 1 30 3 60
33518 1 1 2 129 1 156
33519 
33520 
33521 
33522 1 29 1 83
33523 1 29 1 82
33524 
33525 
33526 
33527 3 168 1 182
33528 
33529 
33530 
33532 2 1 3 2 1 168 2 169 1 179 1 180
33533 2 1 3 2 1 168 2 169 1 179 1 180
33534 2 1 3 168 2 169 1 173 1 179 1 180
33535 2 1 3 168 2 169 1 173 1 179 1 180
33536 
33537 
33538 
33539 
33540 
33541 
33542 
33543 2 2 4 15 1 29 1 63 1 80
33544 2 2 4 15 1 49 1 63 1 80
33545 
33546 4 1 10 2 1 4 3 41
33547 1 1 4 2 1 4 3 40
33548 7 1 4 2 1 4 3 42
33549 7 1 4 2 3 3 1 4 3 41
33550 10 1 4 2 1 4 3 43
33551 4 1 13 2 1 4 3 41
33552 4 1 7 2 1 4 3 41
33553 
33554 
33555 
33556 
33557 
33558 
33560 
33561 
33562 
33563 1 8 9 15 1 20 1 98 1 130 1 147
33564 
33565 
33566 
33567 
33568 
33569 15 15 6 18 3 126
33570 
33571 
33572 
33573 
33574 
33575 
33576 
33577 
33578 
33579 
33580 
33581 
33582 
33583 
33584 
33585 
33586 
33587 
33588 
33589 
33590 
33591 
33592 
33593 
33594 
33595 
33596 
33597 
33598 
33599 
33600 
33601 
33602 1 1 9 15 1 22 1 29 1 37 1 53
33603 3 2 2 49 1 58
33604 1 1 5 2 1 31 1 55
33605 
33607 
33608 
33609 3 1 1 29 3 168 2 169 2 170
33610 2 1 1 2 1 29 1 42
33611 4 1 1 4 1 29 1 42
33612 
33613 
33614 
33615 3 1 2 2 3 15 1 18 2 48 2 123 1 168 1 170 1 176 1 178
33616 3 1 2 2 3 15 1 18 2 48 2 123 1 168 1 170 1 176 1 178
33617 3 1 2 2 3 15 1 18 2 48 2 123 1 168 1 170 1 176 1 178
33618 2 1 2 2 2 3 2 29 4 168 2 176
33619 
33620 
33621 
33622 
33623 
33624 
33625 
33626 
33627 
33628 
33629 
33630 
33631 5 15 1 133
33632 1 1 1 168 1 175 1 176 2 180
33633 9 1 3 4 3 15 3 97
33634 6 1 3 2 3 3 3 15 3 97
33635 3 1 9 2 3 15 3 97
33636 
33637 
33638 
33639 
33640 
33642 
33643 
33644 
33645 
33646 
33647 
33648 3 1 20 2 1 3 1 41
33649 3 1 18 2 1 3 1 41
33650 11 15 2 18 1 19 1 37 1 63 2 123
33651 
33652 
33653 2 2 1 3 1 29 2 128
33654 2 2 1 3 1 29 2 128
33655 2 1 4 2 1 29 1 61
33656 1 2 1 29 2 168 3 169 1 171
33657 
33658 
33659 
33660 6 15 2 16 2 30
33661 6 15 2 16 2 30
33662 3 15 1 80 2 124
33663 
33664 3 2 3 15 2 17 4 19 1 21 1 53 7 168 1 169 1 175 1 180
33665 1 2 1 15 3 19 3 29 1 94 4 169 1 179
33666 
33667 
33668 1 2 2 49 5 50
33669 1 2 2 49 6 50
33670 
33671 
33672 
33673 
33674 
33675 
33676 
33677 
33678 
33679 
33680 
33681 
33682 
33683 
33684 4 1 1 29 5 168 3 169 3 170
33685 4 1 4 2 1 4 1 5 2 8 1 29
33686 4 1 4 2 1 4 1 5 2 8 1 29
33687 
33688 
33689 
33690 
33691 
33692 
33693 
33694 
33695 5 20 1 126
33696 2 1 18 2 1 164
33697 2 1 22 2 1 164
33698 
33699 
33700 
33701 
33702 6 2 3 19 6 29 3 64
33703 2 1 1 2 1 3 1 31 1 55
33704 2 1 7 2 1 29 1 31 1 41 1 43
33705 2 1 6 2 1 4 1 29 1 31 2 41
33706 3 15 1 32 1 80 1 123
33707 3 15 1 32 1 80 1 123
33708 2 1 4 15 2 17 2 168 1 170 1 173 1 179 2 180
33709 
33710 1 1 7 15 1 18 1 19 1 53 1 62 1 97
33711 
33712 
33713 
33714 
33715 
33716 
33717 
33718 
33719 
33720 
33721 
33722 
33723 
33724 
33725 
33726 
33727 
33728 
33729 
33730 
33731 
33737 
33740 
33741 
33742 
33743 
33744 
33745 
33746 
33747 
33748 
33749 1 2 4 40 4 169 1 179
33750 
33751 
33752 1 1 1 2 1 43 1 118 1 119 2 129
33753 
33754 
33755 
33756 2 3 4 49
33757 1 38 4 168 1 176
33758 1 33 4 168 1 176
33759 
33760 1 49 1 89
33761 1 1 1 49 2 168 1 170 2 179
33762 1 1 3 168 3 169 4 179
33763 2 1 1 2 1 43 2 49 1 50
33764 3 1 3 15 3 47
33765 
33766 9 15 4 16 1 71
33767 1 1 4 15 1 37 1 53 3 168 1 176 1 180
33768 6 81 4 168 2 170 2 176
33769 1 1 2 15 2 19 1 80
33770 2 29 2 130 2 173 2 180
33771 
33772 3 1 5 168 2 169 1 170 1 172 1 174
33773 4 1 2 2 1 8 2 168 2 169 1 170 1 172
33774 
33775 2 2 3 3 8 29 1 136 5 169 1 179
33776 2 2 3 3 8 29 1 136 5 169 1 179
33777 
33778 
33779 
33780 
33781 
33782 
33783 
33784 
33785 
33786 
33787 
33788 
33789 
33790 
33791 
33792 
33793 
33794 
33795 
33796 
33797 
33798 
33799 
33800 
33801 
33802 
33803 
33804 
33805 
33806 
33807 
33808 
33809 
33810 
33811 
33812 
33813 
33814 
33815 
33816 
33817 
33818 
33819 
33820 
33821 
33822 
33823 
33824 
33825 
33826 
33827 
33828 
33829 
33830 
33831 
33832 
33833 
33834 
33835 
33836 
33837 
33838 
33839 
33840 
33841 
33842 
33843 2 20 4 126
33844 1 20 5 126
33845 1 1 1 21 5 126
33846 2 2 1 3 2 15 1 53 3 126 2 128
33847 
33848 
33849 2 31 5 168 1 170
33850 2 31 4 168 2 169
33851 2 31 4 168 2 169
33852 2 31 4 168 2 169
33853 3 15 2 17 1 20 1 179 2 180
33854 
33855 
33856 
33857 
33858 2 1 13 2 1 34 1 41 1 135
33859 
33860 
33861 
33862 
33863 
33864 
33865 2 2 2 3 8 29 1 34 1 51 5 169 1 179
33866 1 86 1 108
33867 1 86 1 113
33868 1 1 1 2 1 41 1 108
33869 2 2 1 31 1 108
33870 2 1 1 3 1 41 1 108
33871 2 1 1 41 1 109
33872 2 1 2 2 1 42 1 130
33873 1 1 1 2 1 31 1 109
33874 1 2 1 5 1 41 1 130
33875 1 1 4 2 1 41 1 108
33876 2 1 1 2 1 3 1 41 1 108
33877 1 1 3 2 1 41 1 108
33878 1 1 2 2 1 41 1 108
33879 1 1 1 2 1 31 1 109
33880 1 1 1 41 1 108
33881 1 2 1 5 1 48 1 113
33882 2 1 2 2 1 42 1 130
33883 2 1 1 2 1 42 1 130
33884 1 1 3 2 1 41 1 108
33885 1 2 1 5 1 48 1 111
33886 3 1 1 2 1 3 1 42 1 130
33887 2 1 1 2 1 3 1 48 1 113
33888 2 1 1 2 1 3 1 48 1 111
33889 2 1 2 2 1 3 1 48 1 111
33890 3 1 1 3 1 42 1 130
33891 2 1 3 2 1 41 1 109
33892 2 1 3 2 1 42 1 130
33893 2 1 2 2 1 3 1 48 1 113
33894 1 1 2 2 1 41 1 108
33895 3 1 1 2 1 3 1 42 1 130
33896 2 1 1 2 1 3 1 41 1 108
33897 3 1 2 2 1 3 1 42 1 130
33898 2 1 2 2 1 3 1 41 1 108
33899 2 1 3 2 1 42 1 130
33900 2 1 2 2 1 41 1 109
33901 3 1 1 3 1 41 1 109
33902 2 1 4 2 1 42 1 130
33903 3 1 2 2 1 3 1 42 1 130
33904 3 1 1 2 1 3 1 41 1 109
33905 2 1 2 2 1 3 1 41 1 108
33906 3 1 3 2 1 3 1 42 1 130
33907 2 1 3 2 1 3 1 41 1 108
33908 3 1 2 2 1 3 1 41 1 109
33909 
33910 
33911 
33912 
33913 
33914 
33915 
33916 
33917 
33918 
33919 
33920 
33921 
33922 
33923 
33924 
33925 
33926 
33927 1 2 2 3 4 29 1 31 1 35
33928 
33929 
33930 2 2 2 3 4 29
33931 
33932 
33933 
33934 
33935 
33936 
33937 
33938 
33939 
33940 1 1 8 15 2 18 1 22 1 31 1 124
33941 3 1 3 169 3 175
33942 6 1 2 15 4 17 2 168 2 169 2 170 1 179
33943 
33944 4 1 7 15 2 16 1 18 1 19 1 21 4 53
33945 1 5 6 15 2 16 1 19 1 22 1 29 4 168 3 169 1 176
33946 4 1 3 15 6 17 3 53 3 168 2 169 1 176 3 179 1 180
33947 1 5 6 15 2 16 1 19 1 22 1 29 4 168 3 169 1 176
33948 
33949 
33950 
33951 
33952 
33953 
33954 
33955 4 168 2 169 1 179 2 180
33956 
33957 
33958 1 2 3 3 5 29 1 34
33959 
33960 
33961 1 1 4 3 4 29 1 38
33962 
33963 
33964 
33965 
33966 1 2 4 3 5 29 1 38
33967 
33969 
33970 
33971 
33972 
33973 
33974 
33975 
33976 
33977 
33978 
33979 
33980 
33981 
33982 
33983 
33984 2 2 3 3 4 29 1 38
33985 
33986 
33987 
33988 
33989 
33990 
33991 
33992 
33993 
33994 
33995 
33996 
33997 
33998 
33999 
34000 
34001 1 1 1 53 5 123
34002 8 168 1 175
34003 
34004 3 19 2 62 1 63 2 168 1 169
34005 
34006 1 1 9 2 4 29 1 50 5 169 1 179
34007 1 1 11 2 4 29 1 50 5 169 1 179
34008 2 1 1 2 1 3 1 49 1 50
34009 
34010 
34011 
34012 
34013 
34014 
34015 
34016 
34017 
34018 
34019 
34020 
34021 
34022 
34023 
34024 1 1 5 15 1 18 3 168 2 169
34025 1 1 1 2 5 15 1 18 3 168 2 169
34026 1 1 5 15 1 18 3 168 1 173
34027 1 1 5 15 1 18 2 168 1 169 1 172
34028 
34029 
34030 
34031 3 15 2 17 1 20 2 168 1 180
34032 2 1 2 15 2 17 2 53 2 168 1 180
34033 1 1 3 15 2 17 1 53 2 168 1 180
34034 1 1 4 15 1 18 1 19 3 168 1 169 1 176
34035 1 2 3 15 1 21 1 29 2 30
34036 
34037 
34038 
34039 
34040 
34041 
34042 
34043 
34044 
34045 
34046 
34047 
34048 
34049 
34050 
34051 
34052 
34053 
34054 
34055 
34056 
34057 
34058 
34059 
34060 
34061 
34062 
34063 
34064 
34065 
34066 
34067 
34068 
34069 
34070 
34071 
34072 
34073 
34074 
34075 
34077 
34078 
34079 
34080 
34081 
34082 
34083 
34084 
34085 
34086 
34087 
34088 
34089 
34090 
34091 
34092 5 15 2 17 1 18 1 29 4 30 2 169 1 179 1 180
34093 4 15 2 17 1 18 1 29 5 30 2 169 1 179 1 180
34094 2 1 3 2 1 29 1 42
34095 
34096 
34097 
34098 
34099 
34100 
34101 
34102 
34103 
34104 
34105 
34106 
34107 
34108 
34109 
34110 
34111 
34112 
34113 
34114 
34115 
34116 
34117 
34118 
34119 
34120 
34121 
34122 
34123 
34124 
34125 
34126 
34127 
34128 
34129 
34130 
34131 
34132 
34133 
34134 
34135 
34136 
34137 
34138 1 1 3 15 1 19 1 20 1 21
34139 1 9 1 31 3 130
34140 1 1 5 15 1 21 1 58
34141 2 1 1 51 1 69 1 72
34142 2 9 1 119 5 129
34143 1 9 3 119 1 129
34144 3 1 1 2 1 3 1 50 1 136
34145 1 1 4 2 1 49 1 136
34146 2 1 4 2 1 50 1 136
34147 3 1 1 2 1 4 1 49 1 136
34148 4 1 2 3 1 50 1 136
34149 1 1 5 2 1 49 1 136
34150 2 1 3 2 1 3 1 49 1 136
34151 2 1 3 2 1 3 1 49 1 136
34152 
34153 
34154 
34155 
34156 1 2 5 29 5 169 1 179
34157 1 2 5 29 5 169 1 179
34158 
34159 
34160 
34161 
34162 1 79 1 81 4 168 2 169
34163 1 3 6 168 3 169
34164 
34165 
34166 
34167 
34168 
34169 
34170 
34171 
34172 
34173 
34174 
34175 
34176 1 81 4 168 1 169 2 170
34177 1 81 5 168 1 169 2 170
34179 6 1 2 2 4 3 3 41
34180 3 1 8 2 1 3 3 41
34181 6 1 2 2 1 3 3 42
34182 9 1 2 2 1 3 3 43
34183 
34184 2 81 2 168 1 170
34185 1 81 4 168 1 169 1 170
34186 1 81 6 168 1 169 2 170
34187 
34188 
34189 
34190 
34191 
34192 
34193 
34194 
34195 
34196 
34197 
34198 
34199 
34204 2 1 1 3 1 50 1 86
34205 2 1 1 2 1 3 1 50 1 86
34206 2 1 1 2 1 166
34207 
34208 
34209 
34210 
34211 
34212 
34213 
34214 
34215 
34216 5 15 1 21 1 134
34217 3 2 1 40 1 49 1 50
34219 
34220 
34221 5 15 2 16 1 19 1 20 1 123
34222 5 2 2 5 1 50 2 164
34223 
34224 
34225 
34226 
34227 
34228 
34229 
34230 3 15 1 20 1 30 1 123
34231 3 15 1 20 1 30 1 123
34232 2 15 2 20 1 30 1 123
34233 2 15 2 20 1 30 1 123
34234 2 15 2 20 1 30 1 123
34235 1 1 2 15 1 20 1 21 1 30 1 123
34236 2 15 1 20 1 30 2 123
34237 2 15 1 20 1 30 2 123
34238 4 1 1 15 1 21 1 23 1 30 2 123
34239 1 1 2 2 2 15 1 21 1 30 2 123
34240 1 1 1 2 2 15 1 21 1 30 2 123
34241 1 15 1 20 1 30 3 123
34242 1 20 1 30 4 123
34243 2 20 1 30 3 123
34244 7 15 1 18 1 21 1 30 2 123
34245 6 15 1 18 2 20 1 21 1 30 1 123
34246 10 15 1 18 1 19 1 23 1 37 1 53 1 63 2 124 3 129
34247 2 1 2 2 5 15 1 21 1 31 1 42 1 59
34248 2 1 2 2 5 15 1 21 1 31 1 35 1 48 1 59 3 168 1 169 1 176
34249 
34250 2 1 4 15 1 32 1 64
34251 3 2 10 15 2 45 1 50
34252 
34253 2 1 1 15 2 19 2 53 1 62
34254 
34255 9 15 1 21 1 30 1 45
34256 
34257 2 1 10 2 4 15 2 45
34258 1 8 8 15 2 18 2 123 1 130
34259 10 130 9 170 1 180
34260 2 15 2 20 2 123
34261 4 15 1 123 1 125
34262 
34263 
34264 
34265 1 1 4 15 1 62 1 97
34266 2 1 4 15 1 45 1 98
34267 2 1 4 15 1 45 1 47
34268 9 15 1 21 1 32 1 53
34269 1 1 9 2 4 15 1 30 1 45
34270 1 1 6 2 4 15 1 30 1 45
34271 1 1 5 2 4 15 1 30 1 45
34272 
34273 
34274 
34275 
34276 
34277 2 1 1 2 1 168 1 170 1 175 2 180
34278 18 15 3 18 1 23 1 62 1 80
34279 18 15 3 18 1 23 1 62 1 123
34280 18 15 3 18 1 23 1 32 1 62
34281 19 15 3 18 1 23 1 80
34282 19 15 3 18 1 23 1 62
34283 19 15 3 18 1 23 1 32
34284 19 15 3 18 1 23 1 32
34285 18 15 3 18 1 20 1 23 1 62
34286 19 15 3 18 1 23 1 123
34287 18 15 3 18 1 23 1 62 1 123
34288 
34289 
34290 1 1 1 2 1 3 1 86 3 168 1 176 1 180
34291 
34292 
34293 
34294 1 1 1 2 3 15 1 25 2 30 1 48
34295 1 1 1 2 2 15 3 30 1 45
34296 1 1 3 2 2 15 3 30 1 45
34297 1 1 3 15 2 30 1 45
34298 1 1 3 15 1 25 2 30 1 48
34299 1 1 1 2 3 15 2 30 1 45
34300 1 1 3 2 3 15 2 30 1 45
34301 1 1 5 2 3 15 2 30 1 45
34302 1 1 2 2 3 15 2 30 1 45
34303 1 2 3 15 1 21 2 30 1 40
34304 1 1 2 2 3 15 1 25 2 30 1 48
34305 1 1 7 2 3 15 1 25 2 30 1 48
34306 1 1 6 2 3 15 1 21 2 30 1 41
34307 1 1 1 2 3 15 1 21 2 30 1 41
34308 1 1 4 2 3 15 1 21 2 30 1 41
34309 
34310 
34311 
34312 
34313 
34314 
34315 
34316 
34317 
34318 2 29 1 148
34319 
34320 
34321 
34322 
34323 
34325 
34326 
34327 
34328 
34329 
34330 
34331 
34332 1 1 3 2 3 168 1 176 1 180
34333 
34334 
34335 
34336 
34337 
34338 
34339 
34340 
34341 
34342 
34343 2 2 2 29 4 168 2 169
34344 2 2 2 29 4 168 2 169
34345 
34346 
34347 4 15 1 21 1 32 1 65
34348 
34349 
34350 
34351 
34352 
34353 
34354 2 1 4 15 1 18 1 19 1 29 7 168 4 169 2 170 2 172
34355 2 1 4 15 1 18 1 19 1 40 7 168 4 169 2 170 2 172
34356 
34357 
34358 
34359 
34360 
34361 
34362 
34363 
34364 
34365 
34366 
34367 
34368 
34369 
34370 
34371 
34372 
34373 
34374 
34375 
34376 
34377 
34378 
34379 
34380 
34381 
34382 
34383 
34384 4 1 4 168 3 169 2 170 1 172
34385 3 1 5 168 3 169 2 170 1 174
34386 1 1 5 15 1 60 1 154
34387 
34388 2 15 4 32
34389 4 15 1 21 1 72 1 80
34390 2 1 1 2 2 3 3 15 1 31 1 63 2 80
34391 4 2 10 15 2 45 2 50
34392 
34393 1 7 1 33 1 49
34394 3 1 1 2 1 4 1 29 1 136
34395 2 1 1 2 2 118
34396 6 1 2 4 1 139
34397 2 1 1 2 2 3 10 15 2 45 1 50
34398 4 1 1 2 2 3 2 50 1 136
34399 2 1 1 2 2 3 1 40 1 49 1 50
34400 2 1 14 2 3 15 2 21 1 30
34401 1 2 1 3 1 15 2 19 1 20 1 29 1 80 1 108
34402 
34403 
34404 
34405 13 15 4 16 1 18 1 19
34406 
34407 
34408 1 1 2 19 3 20
34409 
34410 
34411 4 15 1 21 1 54 1 124
34412 
34413 
34414 
34415 
34416 
34417 
34418 
34419 
34420 
34421 
34422 
34423 
34424 
34425 
34426 
34427 
34428 
34429 
34430 
34431 
34432 
34433 
34434 6 1 9 2 3 3 1 161
34435 
34436 
34437 
34438 
34439 10 15 2 18 1 173 1 179 2 180
34440 5 15 1 18 1 172 1 179 2 180
34441 
34442 
34443 
34444 
34445 
34446 
34447 
34448 
34449 
34450 
34451 
34452 1 1 7 15 2 17 1 65 1 97 1 123 1 154 1 168 1 169 1 176
34453 
34454 2 1 5 2 1 3 1 41 1 142
34455 8 15 4 17 2 168 1 175
34456 
34457 
34458 
34459 1 1 3 15 1 21 2 30
34460 1 1 1 2 3 15 1 21 2 30
34461 2 1 1 2 1 4 1 29 1 108
34462 
34463 
34464 6 1 2 4 1 164
34465 2 169 3 171
34466 2 1 1 3 5 15 1 106
34467 3 1 1 4 5 15 1 106
34468 
34469 
34470 
34471 1 1 1 2 4 15 1 45 1 62
34472 
34473 1 108 1 109 1 113
34474 1 119 8 129 4 170 1 176 1 179
34475 3 2 1 33 1 108
34476 1 1 8 2 1 29 1 144
34477 2 1 13 2 1 7 1 48
34478 
34479 
34480 2 1 4 15 1 45 1 53
34481 3 1 1 8 1 14
34482 3 1 1 8 1 14
34483 
34484 4 15 1 20 1 22 1 29 1 31
34485 4 15 1 22 1 29 1 31 1 126
34486 4 15 1 22 1 29 1 31 1 126
34487 
34488 
34489 
34490 
34491 
34492 
34493 2 2 1 29 4 168 1 176
34495 
34496 
34497 
34498 
34499 4 1 2 15 2 20 1 23 1 37
34500 
34501 
34502 
34503 
34504 
34505 
34506 
34507 
34508 
34509 
34510 1 1 1 8 1 29 1 36 3 129
34511 1 1 1 8 1 29 1 36 3 129
34512 1 8 1 29 1 33 1 119
34513 1 8 1 29 1 33 1 119
34514 1 7 1 114 1 129
34515 1 8 1 114 2 129
34516 1 8 1 114 2 129
34517 1 6 1 117 1 129
34518 1 6 1 117 1 129
34519 1 7 1 117 1 129
34520 1 1 1 8 2 129
34521 1 1 1 8 2 129
34522 1 6 1 114 1 129
34523 1 6 1 114 1 129
34524 5 15 1 18 3 168 1 169 1 176 1 178 1 181
34525 
34526 
34527 
34528 
34529 
34530 
34531 
34532 
34533 
34534 5 1 4 2 2 58 1 60 2 168 1 169 2 170 1 175
34535 3 1 8 2 1 3 1 41
34536 3 1 11 2 1 3 1 41
34537 1 1 6 168 2 176 1 178
34538 
34539 
34540 
34541 6 15 2 16 2 30
34542 1 168 2 169 1 171 2 179 1 180
34543 
34544 
34545 
34546 
34547 
34548 
34549 
34550 
34551 
34552 
34553 
34554 
34555 
34556 
34557 
34558 
34559 
34560 
34561 
34562 
34563 
34564 
34565 
34566 
34567 
34568 
34569 
34570 
34571 
34572 1 2 2 3 7 29 1 34 1 136 5 169 1 179
34573 
34574 1 15 2 19 1 62 2 123
34575 
34576 
34577 
34578 3 168 2 169 2 179 1 180
34579 1 1 3 2 4 15 1 32 1 45
34580 
34581 1 2 10 15 1 18 3 19 1 23 1 29 2 124
34582 
34583 
34584 
34585 1 2 10 168 2 176
34586 3 1 3 168 3 176
34587 4 1 3 2 1 4 1 48 1 50 1 59 1 86
34588 1 14 3 15 2 17 1 119 1 123 2 168 1 169 1 170 1 175 1 179 1 180
34589 
34590 2 1 2 168 1 170 1 179
34592 1 1 8 2 1 3 2 6 3 29 1 31 1 168 4 169
34593 2 1 2 29 1 34 7 168 3 169 3 170 1 172 2 180
34594 3 1 7 2 1 4 2 6 3 29 1 41 1 168 4 169
34595 1 1 8 2 1 3 2 6 2 29 1 31 1 168 3 169 1 180
34596 
34597 
34598 
34599 2 15 2 19 1 80 1 81
34600 2 15 2 19 1 80 1 81
34601 
34602 
34603 
34604 
34605 
34606 
34607 
34608 
34609 
34610 1 2 1 15 2 16 4 19 3 29 2 30 4 169 1 179
34611 
34612 10 15 1 18 2 19 1 21 1 29 1 49 1 53 1 99 1 123
34613 
34614 1 1 2 15 2 16 4 19 1 62
34615 
34616 
34617 3 1 2 2 1 15 2 16 4 19 1 21 1 63
34618 2 1 2 2 1 15 2 16 4 19 1 21 1 62
34619 3 1 2 15 2 16 4 19 1 64
34620 
34621 
34622 
34623 
34624 
34625 
34626 
34627 
34628 
34629 1 1 2 15 1 53 3 123
34630 1 1 2 15 1 53 3 126
34631 
34632 
34633 
34634 
34635 
34636 
34637 
34638 
34639 
34640 
34641 1 9 2 52 1 118 1 119 7 129
34642 4 15 1 21 1 72 1 80
34643 2 1 1 2 2 3 2 49 1 50
34644 
34645 
34646 
34647 
34648 
34649 5 2 7 15 4 17 1 29 1 123 4 168 3 176 1 181
34650 
34651 
34652 
34653 
34654 
34655 
34656 1 5 4 15 1 19
34657 3 1 2 2 1 8 4 15 1 20 1 22
34658 3 1 2 2 1 3 1 8 2 168 1 169 1 171 1 174
34659 1 1 2 2 1 85
34660 5 15 1 18 1 85
34661 
34662 
34663 1 2 2 50 2 79 2 81 2 129
34664 1 1 5 15 1 18 1 168 1 176 1 178 1 180
34665 2 16 6 19 4 80
34666 2 168 1 171 1 182
34667 1 1 1 2 1 3 8 15 1 21 1 22 1 29 1 30 1 58 1 94
34668 
34669 1 16 4 19 1 62 3 80
34670 
34671 
34672 
34673 
34674 
34675 
34676 3 15 1 30 1 39 1 80
34677 
34678 
34679 
34680 
34683 2 1 1 3 5 15 1 22 1 29 1 60
34684 2 1 1 3 5 15 1 22 1 29 1 60
34685 
34686 2 1 1 3 5 15 1 22 1 29 1 60
34687 
34688 1 65 3 168 1 169 1 182
34689 1 29 3 168 1 169 1 182
34690 1 1 8 2 1 50 3 168 1 169 1 182
34691 1 1 1 2 1 50 3 168 1 169 1 182
34692 2 2 1 3 3 50 3 68
34693 1 2 1 68 4 168 1 176 1 179
34694 3 15 2 17 1 62 3 168 1 169 1 175 1 176 3 180
34695 1 2 2 31 1 55
34696 
34697 4 1 2 2 1 3 1 50 1 51
34698 4 1 2 2 1 3 1 50 1 51
34699 3 1 3 2 1 4 2 29 1 61
34700 
34701 
34702 
34703 
34704 
34705 
34706 3 1 8 2 1 91
34707 
34708 
34709 
34710 
34711 
34712 
34713 
34714 
34715 
34716 
34717 
34718 
34719 
34720 
34721 
34723 7 15 1 16 2 18 2 19 2 20 1 21 1 89
34724 
34725 
34726 
34727 
34728 
34729 
34730 
34731 
34732 
34733 
34734 
34735 
34736 
34737 
34738 
34739 9 15 2 18 6 20 1 162
34740 
34741 
34742 1 1 2 2 1 3 11 15 2 16 1 18 1 29 2 53 4 168 2 176
34743 1 1 4 15 1 18 1 19 1 66 1 168 1 175 1 176 1 178 1 180
34744 
34745 
34746 
34747 
34748 
34749 
34750 
34751 6 15 2 18 1 62 3 71
34752 6 15 2 18 3 71 1 80
34753 6 15 2 17 2 18 1 71 1 80 1 175 2 180
34754 6 15 2 17 2 18 1 62 1 71 1 175 2 180
34755 
34756 2 65 1 100
34757 
34758 
34759 3 15 2 71 1 80
34760 
34761 
34762 
34763 
34764 
34765 
34766 
34767 
34768 
34769 
34770 
34771 1 1 1 107 1 130
34772 2 1 1 90
34773 1 1 5 15 1 96
34774 2 1 2 66
34775 2 1 1 155
34776 3 1 1 93
34777 1 1 5 15 1 153
34778 2 1 1 74
34779 2 171 1 182
34780 1 1 1 6 4 15 1 19 1 37 1 60
34781 2 1 2 2 1 160
34782 5 15 2 18 5 123
34783 1 2 1 3 2 29 1 54
34784 1 3 1 29 2 54
34785 6 15 2 18 4 123
34787 1 1 1 2 7 15 5 19 1 22 1 23 1 29 3 124
34788 
34789 
34790 
34791 2 15 1 20 1 32 2 80
34792 
34793 
34794 
34795 1 1 3 15 1 19 1 21 1 60 1 67 1 72 1 123
34796 
34797 
34798 
34799 
34800 
34801 
34802 
34803 
34804 
34805 
34806 
34807 12 15 4 17 1 18 1 147 2 180
34808 16 15 4 17 2 18 2 147 2 180
34809 
34810 
34811 
34812 
34813 
34814 
34815 
34816 
34817 
34818 
34819 
34820 
34821 
34822 
34823 
34824 
34825 1 2 3 3 5 29 1 34
34826 
34827 
34828 
34829 1 2 4 15 1 21 5 29 1 53 5 169 1 179
34830 3 124 3 125
34831 
34832 
34833 
34834 
34835 1 1 4 15 2 16 2 19 1 20
34836 
34837 
34844 
34845 
34850 
34851 
34852 
34853 
34854 4 1 7 168 2 169 3 170 1 179
34855 
34856 
34857 
34858 
34859 
34860 
34862 
34863 
34864 
34865 
34866 
34867 
34868 
34869 
34870 
34871 
34872 
34873 
34874 
34875 
34876 
34877 
34878 
34879 
34880 
34881 
34882 
34883 
34884 
34885 
34886 
34887 
34888 
34889 
34890 
34891 
34892 
34893 
34894 
34895 
34896 2 2 1 31 1 55 1 143
34897 5 15 1 21 1 31 1 55
34898 
34899 1 2 4 15 1 31 1 53 1 80
34900 1 1 1 2 4 15 1 41 1 53 1 62
34901 
34902 1 2 4 15 1 31 1 53 1 62
34903 1 2 3 15 1 20 1 31 1 53 1 62
34904 1 2 3 15 1 20 1 31 1 53 1 80
34905 1 2 3 15 1 20 1 31 1 53 1 62
34906 1 2 3 15 1 20 1 31 1 53 1 80
34907 
34908 
34909 
34910 5 15 1 114 1 147
34911 5 15 1 117 1 147
34913 
34914 
34915 1 1 3 15 2 17 1 53 3 168 1 169 1 175 1 178 1 180
34916 1 1 3 15 2 17 1 53 3 168 1 169 1 175 1 178 1 180
34917 1 1 1 2 3 15 2 17 1 31 1 53 2 168 1 169 1 180
34918 9 15 1 18 1 20 1 53
34919 1 1 9 15 1 18 2 53
34920 9 15 1 18 1 30 1 53
34921 
34922 1 1 1 2 1 3 5 15 1 31 1 37
34923 1 1 1 2 3 15 2 17 1 31 1 53 2 168 1 169 1 180
34924 1 1 4 15 1 18 1 123 2 168 1 176 1 178 1 180
34925 3 15 2 17 1 18 6 168 1 175 1 178 1 180
34926 4 15 1 18 1 71 2 168 1 175 1 178 1 180
34927 4 15 1 18 1 71 2 168 1 175 1 178 1 180
34928 4 15 1 18 1 94 2 168 1 175 1 178 1 180
34929 1 1 4 15 1 18 1 71 1 168 1 169 1 175 1 178 1 180
34930 2 1 1 8 4 15 1 31 1 37 1 98
34931 2 1 1 2 1 3 4 15 1 31 1 37 1 98
34932 2 1 4 15 1 18 1 98 1 168 1 169 1 175 1 178 1 180
34933 1 1 4 15 1 18 1 62 1 168 1 169 1 175 1 178 1 180
34934 3 1 4 15 1 18 1 98 1 168 1 169 1 176 1 178 1 180
34935 1 1 4 15 1 18 1 80 1 168 1 169 1 175 1 178 1 180
34936 1 1 4 15 1 18 1 62 1 168 1 169 1 175 1 178 1 180
34937 2 1 4 15 1 18 1 98 1 168 1 169 1 175 1 178 1 180
34938 3 15 1 18 2 123 2 168 1 175 1 178 1 180
34939 1 1 4 15 1 18 1 123 1 168 1 169 1 175 1 178 1 180
34940 
34941 2 2 8 15 2 18 1 31 1 37 1 123
34942 4 15 1 18 1 124 2 168 1 175 1 178 1 180
34943 4 15 1 18 1 30 2 168 1 175 1 178 1 180
34944 1 1 4 15 1 18 1 71 1 168 1 169 1 175 1 178 1 180
34945 4 15 1 18 1 80 2 168 1 175 1 178 1 180
34946 1 1 4 15 1 18 1 126 2 168 1 176 1 178 1 180
34947 8 15 2 18 2 123 2 168 1 176 1 178 1 180
34948 9 15 2 18 1 123 2 168 1 176 1 178 1 180
34949 1 2 9 15 1 18 1 21 1 123 2 168 1 176 1 178 1 180
34950 1 1 4 15 1 18 1 123 1 168 1 169 1 175 1 178 1 180
34951 8 15 3 18 1 123 2 168 1 175 1 178 1 180
34952 4 15 1 18 1 32 2 168 1 175 1 178 1 180
34953 4 15 1 18 1 89 1 147 2 168 1 175 1 178 1 180
34954 
34955 2 1 4 15 1 18 1 98 1 168 1 169 1 175 1 178 1 180
34956 1 1 4 15 1 18 1 62 1 168 1 169 1 175 1 178 1 180
34957 1 1 4 15 1 18 1 71 2 168 1 176 1 178 1 180
34958 9 15 3 18 2 168 1 175 1 178 1 180
34959 1 1 8 15 3 18 1 53 2 168 1 175 1 178 1 180
34960 1 1 5 15 1 18 1 168 1 169 1 175 1 178 1 180
34961 1 1 4 15 1 18 1 71 1 168 1 169 1 175 1 178 1 180
34962 2 1 2 15 1 18 1 30 2 53 2 168 1 175 1 178 1 180
34963 3 15 1 18 1 20 1 71 2 168 1 175 1 178 1 180
34964 3 15 1 18 1 20 1 62 2 168 1 175 1 178 1 180
34965 3 15 1 18 1 20 1 80 2 168 1 175 1 178 1 180
34966 1 1 3 15 1 18 1 53 1 124 2 168 1 175 1 178 1 180
34967 
34968 
34969 
34970 
34971 
34972 
34973 
34974 
34975 
34976 8 168 3 169 1 170 1 175 1 178 1 180
34977 
34978 
34979 
34980 
34981 
34982 2 2 3 15 1 31 1 37 2 123
34983 2 2 4 15 1 31 1 37 1 62
34984 2 2 4 15 1 31 1 32 1 37
34985 2 2 4 15 1 31 1 37 1 71
34986 4 15 1 31 1 37 1 123 4 168 2 169
34987 4 15 1 31 1 37 1 123 4 168 2 169
34988 1 1 1 2 1 3 4 15 1 31 1 37 1 123
34989 2 2 3 15 1 20 1 31 1 37 1 71
34990 2 2 3 15 1 20 1 31 1 37 1 62
34991 2 1 1 2 1 3 4 15 1 31 1 37 1 98
34992 
34993 2 1 1 8 4 15 1 31 1 37 1 98
34994 1 1 2 3 5 15 2 31 1 37
34995 
34996 
34997 1 168 4 169 1 171 1 179 2 180
34998 
34999 
35000 
35001 
35002 
35003 1 1 15 2 1 3 1 29 1 31
35004 1 1 13 2 1 3 1 29 1 31
35005 2 2 2 31 1 34
35006 
35007 
35008 1 2 1 114 1 118 1 119
35009 
35010 
35011 
35012 3 15 1 19 1 30 1 80
35013 
35014 14 15 4 17 4 18 2 19 2 180
35015 4 15 4 17 4 30 2 180
35016 6 15 4 17 2 30 2 180
35017 7 15 4 17 1 30 2 180
35018 7 15 4 17 1 30 2 180
35019 
35020 8 15 1 18 1 39 1 53 1 62
35021 9 15 2 18 1 30 1 66
35022 6 15 4 17 2 18 10 168 2 176 2 180
35023 1 1 3 15 1 53 1 62 1 80
35024 
35025 1 2 5 15 1 19 1 37 2 53 1 63 1 117 2 123 2 168 1 169
35026 
35027 3 1 1 3 1 29 3 168 3 169
35028 
35029 
35030 
35031 
35032 
35033 
35034 1 1 1 2 1 3 1 86 3 168 1 176 1 180
35035 
35036 
35037 
35038 
35039 
35040 
35041 
35042 
35043 
35044 
35045 
35046 1 168 4 169 1 171 1 175 2 180
35047 
35048 
35049 
35054 
35055 1 1 11 15 2 19 2 21 1 53 2 97
35056 
35057 
35058 1 1 3 15 2 17 3 29 1 30 1 60 1 86 2 168 3 169 1 170 2 173 2 180
35059 4 15 2 16 2 19 1 20 1 21 1 130
35060 4 15 1 18 1 126 1 171 1 176 2 180
35061 3 19 1 20 2 62
35062 1 1 1 29 1 68 8 168 2 169 2 170 1 172 1 173 1 180
35063 2 1 3 15 1 30 1 37 1 53
35064 2 15 1 20 2 80 1 94
35065 
35066 2 156
35067 
35068 
35069 
35070 
35071 
35072 
35073 
35074 
35075 
35076 
35077 4 1 5 168 1 169 3 170 1 172
35078 
35079 
35080 
35081 
35082 
35083 
35084 
35085 
35086 
35087 
35088 
35089 
35090 
35091 
35092 
35093 
35094 
35095 
35096 
35097 
35098 
35099 
35100 
35101 
35102 
35103 
35104 
35105 
35106 
35107 
35108 
35109 
35110 
35111 
35112 
35113 
35114 
35115 
35116 
35117 
35118 
35119 
35120 
35121 
35122 
35123 
35124 
35125 
35126 
35127 2 1 2 2 1 164
35128 
35129 
35130 
35131 
35132 
35133 
35134 
35135 
35136 
35137 
35138 
35140 
35141 
35142 
35143 
35144 
35145 
35146 
35147 
35150 
35151 
35152 
35153 
35154 
35155 
35156 
35157 1 2 1 3 5 29 4 169 1 179
35158 1 2 1 3 5 29 4 169 1 179
35159 
35160 
35161 
35162 
35163 
35164 
35165 
35168 
35169 
35170 
35171 
35172 
35173 
35174 
35175 
35176 
35177 
35178 
35179 
35180 
35181 
35182 
35183 
35184 
35185 
35186 
35187 
35188 
35189 
35190 
35191 
35192 
35193 
35194 
35195 
35196 1 2 4 15 4 29 1 30 1 53 5 169 1 179
35197 
35198 
35199 
35200 
35201 
35202 
35203 3 15 1 19 1 32 1 123
35204 
35205 
35206 3 1 2 2 4 15 1 47 1 61 1 98
35207 
35208 
35209 
35210 
35211 2 1 1 7 1 29 3 168 3 169
35212 3 1 1 3 3 168 2 169 1 180
35213 
35214 
35215 5 15 1 22 1 40 1 113
35216 
35217 4 15 1 18 1 20 3 168 1 169 1 170 1 175
35218 
35219 
35220 
35221 
35222 4 2 6 15 2 17 1 18 1 53 2 123 6 168 1 175 2 176 1 180
35223 4 15 2 18 4 19 2 62
35224 
35225 
35226 
35227 
35228 
35229 
35230 
35231 
35232 
35233 9 15 1 18 1 53 1 62
35234 9 15 1 18 1 53 1 62
35235 9 15 1 18 1 53 1 62
35236 
35237 
35238 
35239 1 1 1 2 1 14 1 72
35240 1 1 1 50 1 114
35241 4 15 1 37 1 124 1 129
35242 4 15 1 27 1 124
35243 
35244 
35245 1 1 1 7 1 131
35246 
35247 
35248 
35249 
35250 
35251 3 168 2 169 1 180
35252 
35253 
35254 
35255 
35257 
35258 1 72 1 86
35259 
35260 3 168 2 169 3 179
35261 
35262 
35263 1 13 1 165
35264 1 1 1 2 4 168 1 169 1 180
35265 
35266 1 129 1 168 1 169 3 179
35267 
35269 
35270 2 1 4 2 1 3 1 29
35271 
35273 1 13 1 127
35274 
35275 
35276 
35277 3 15 1 62 1 80 1 123
35278 1 3 3 119
35279 5 1 1 2 1 3 4 15 1 18 2 48 1 80 1 169 2 173 1 175
35280 
35281 
35282 10 15 1 18 1 21 1 29 1 61
35283 1 1 3 15 1 37 1 80 1 154 3 168 1 169 2 180
35284 
35285 
35286 1 127 1 129
35287 2 1 1 3 2 129 1 156
35288 
35289 1 2 1 13 1 49
35290 1 1 3 168 1 169 2 179
35291 1 2 2 13
35292 
35293 3 129 1 167
35294 2 168 3 181
35295 
35296 
35297 1 33 1 72
35298 
35299 
35300 
35301 
35304 3 15 1 30 1 39 1 126
35305 
35306 
35307 
35308 
35309 
35310 
35311 
35312 
35314 
35315 
35316 
35317 6 1 2 4 1 49 1 172 1 173 2 180
35318 6 1 2 4 2 29 2 173 2 180
35319 
35320 2 1 3 2 1 3 1 29 1 41
35322 2 1 19 2 1 7 1 48
35323 
35324 
35325 
35326 1 110 2 119 1 129
35327 1 9 1 119 1 129 2 130
35328 1 7 1 120 1 129
35329 1 9 1 113 1 129 2 130
35330 1 112 1 119 1 120
35331 1 9 1 119 1 129 2 130
35332 1 8 1 119 1 129 1 130
35333 
35334 
35335 
35336 
35337 
35338 
35339 
35340 2 1 1 2 1 3 1 31 1 33 1 59
35341 
35342 
35343 
35344 1 1 7 2 1 29 1 41
35345 1 1 1 15 3 19 1 80
35346 
35347 
35348 
35349 
35350 
35351 
35352 
35353 
35354 
35355 
35356 
35357 
35358 
35359 
35360 2 1 2 67 4 168 2 169
35361 1 29 1 49 1 149
35362 1 1 1 2 1 6 1 31 1 48
35363 1 1 1 3 1 31 1 128
35364 1 1 1 50 1 108 1 109
35365 2 1 1 7 3 168 2 169 1 180
35366 3 1 1 49 3 168 2 169 2 170
35367 2 1 3 2 2 50
35368 2 1 1 50 4 168 2 169 1 170
35369 3 1 1 4 1 49 3 168 1 169 1 172
35370 2 1 1 5 3 15 1 21 2 53
35371 3 1 3 15 1 25 2 53
35372 2 1 2 2 4 15 2 53
35373 1 1 1 2 4 15 1 53 1 126
35374 3 1 3 15 1 20 1 22 1 53
35375 
35376 
35377 
35378 
35379 
35380 
35381 
35382 
35383 
35384 
35385 3 15 1 20 2 32
35386 
35387 
35388 1 1 7 15 4 17 1 22 1 31 1 168 1 180 1 181
35389 
35390 
35391 
35392 1 1 1 2 4 15 2 18 1 19 1 23 1 50 1 71 1 123 1 126 3 129
35393 
35394 
35395 
35396 
35397 
35398 
35399 
35400 
35401 
35402 
35403 
35404 
35405 
35406 
35407 
35408 
35409 
35410 
35411 
35412 
35413 
35414 
35415 
35416 
35417 
35418 
35419 
35420 
35421 
35422 
35423 
35426 
35427 
35428 
35429 
35430 
35431 
35432 
35433 1 1 2 2 1 3 4 15 2 29 2 53
35434 2 1 1 2 1 4 8 15 1 21 1 31 1 53 1 97 1 123
35435 
35436 9 15 1 18 1 53 1 80
35437 9 15 1 18 1 53 1 80
35438 9 15 1 18 1 53 1 80
35439 3 1 1 4 1 171 1 172 2 180
35440 3 1 1 4 1 171 1 172 2 180
35441 
35442 
35443 
35444 
35445 
35446 
35447 
35448 3 1 2 2 1 7 1 8 3 168 1 169 1 172
35449 3 1 1 5 2 7 3 168 2 169 1 170
35450 
35451 
35452 
35453 
35454 12 168 2 179 2 180
35455 6 1 2 15 2 17 1 20 1 37 1 169 2 170
35456 14 168 2 179 1 180
35458 4 1 1 15 2 17 1 20 2 80 1 168 2 170
35459 3 1 3 20 1 23 2 80
35460 1 2 1 5 2 15 1 53 3 126
35461 6 128 6 168 6 169
35462 12 130 4 168 4 169 6 170 2 173
35463 12 130 4 168 4 169 6 170 2 173
35464 
35465 6 15 1 18 1 53 4 126
35466 5 15 1 18 1 53 5 126
35467 5 15 2 18 5 123
35468 4 15 2 18 6 123
35469 3 15 2 18 7 123
35470 3 15 2 18 7 123
35471 11 18 1 37
35472 3 1 4 15 1 30 1 45 3 168 2 169 1 170
35473 4 128 4 168 4 169
35474 6 2 3 3 6 128 1 161
35475 6 1 1 3 2 15 2 17 1 20 1 37 2 169 1 170
35476 9 15 4 16 1 123
35477 
35478 1 1 1 2 1 3 1 29 1 57
35479 
35480 
35481 
35482 
35483 
35484 
35485 
35486 
35487 
35488 
35489 
35490 
35491 
35492 
35493 
35494 
35495 
35496 
35497 
35498 
35499 
35500 1 1 9 15 1 18 1 22 1 31 1 53
35501 
35502 
35503 3 1 2 31 2 168 1 169 2 170
35504 1 2 1 29 6 168 3 169 1 170
35505 
35506 
35507 
35508 
35509 
35510 3 1 1 15 2 20 1 23 2 80
35511 
35512 
35513 
35514 
35515 
35516 
35517 
35518 
35519 
35520 
35521 
35522 
35523 
35524 
35525 
35526 
35527 
35528 
35529 
35530 2 1 7 2 3 15 1 21 1 30 1 53 1 107
35531 
35532 
35533 
35534 1 1 10 2 3 6 1 31
35535 10 15 2 18 14 168 2 170
35536 
35537 
35538 
35539 
35540 
35541 2 1 1 8 1 50 1 129
35542 3 1 2 2 2 8 1 38
35543 
35544 3 1 2 2 2 8 1 38
35545 3 1 2 2 2 8 1 38
35546 
35547 
35548 
35549 
35550 
35551 
35552 
35553 1 1 4 2 1 29 1 41
35554 4 169 1 171 2 179 2 180
35555 
35556 
35557 
35558 
35559 
35560 
35561 4 15 2 21 2 65
35562 2 1 16 2 1 60 1 88
35564 
35565 
35566 
35567 
35568 
35569 
35570 
35571 
35572 
35573 
35574 
35575 
35576 
35577 
35578 
35579 
35580 
35581 
35582 
35583 
35584 
35585 
35586 
35587 
35588 
35589 
35590 
35591 
35592 
35593 
35594 
35595 
35596 
35597 
35598 
35599 
35600 
35601 
35602 
35603 
35604 
35605 
35606 
35607 
35608 
35609 
35610 
35611 2 1 7 2 3 29 2 50 1 107 5 169 1 179
35612 2 1 6 2 3 29 2 50 1 107 5 169 1 179
35613 2 1 9 2 3 29 2 50 1 107 5 169 1 179
35614 2 1 8 2 3 29 2 50 1 107 5 169 1 179
35615 
35616 
35617 
35618 
35619 
35620 
35621 
35622 
35623 
35624 
35625 2 1 4 15 4 17 1 18 1 29 1 30 2 53 2 168 4 169 3 179 1 180
35626 
35627 
35628 
35629 
35630 4 1 5 2 1 61 1 161
35631 
35632 
35633 
35634 
35635 
35636 
35637 
35638 3 52 1 118 2 119 6 129
35639 4 52 2 118 2 119 8 129
35640 1 1 5 15 2 16 1 19 1 32
35641 1 1 2 168 1 175 1 178
35642 
35643 
35644 10 15 6 17 2 30 1 170 2 179 1 180
35645 
35646 
35647 
35648 
35649 
35650 
35651 
35652 
35653 
35654 
35655 
35656 2 2 2 3 4 83
35657 4 2 2 79 4 83
35658 1 1 11 2 1 3 1 31 2 40 1 42
35659 
35660 
35661 
35662 
35663 
35664 
35665 
35666 2 15 1 18 6 19 1 65 1 80
35667 3 15 1 18 6 19 1 81
35668 
35669 2 15 1 18 6 19 1 79 1 80 2 81
35670 
35671 4 15 1 94 1 123
35672 4 15 1 94 1 123
35673 4 15 1 94 1 123
35674 4 15 1 19 1 21 1 65
35675 4 1 6 2 1 4 4 15 1 19 1 21 1 41 1 61
35676 6 1 2 4 4 15 1 19 1 21 1 41 1 48 1 61
35677 2 1 13 2 4 15 1 19 1 21 1 61
35678 
35679 
35680 
35681 
35682 
35683 
35684 
35685 7 15 2 18 2 20 1 147 4 168 1 175 1 176
35686 
35687 
35688 
35689 
35690 
35691 
35692 
35693 
35694 
35695 
35696 
35697 
35698 
35699 
35700 1 1 10 2 4 50 1 134
35701 
35702 
35703 
35704 
35705 
35706 
35707 
35708 
35709 
35710 
35711 
35712 
35713 
35714 
35715 
35716 
35717 
35718 
35719 
35720 
35721 
35722 
35723 
35724 
35725 
35726 
35727 
35728 
35729 
35730 
35731 
35734 
35736 
35738 
35740 2 1 5 2 1 3 1 54 1 58
35741 
35742 
35743 
35744 
35745 1 1 11 2 1 54 1 58
35746 
35747 
35748 
35749 
35750 1 1 5 2 1 54 1 58
35751 
35752 
35753 
35754 
35755 1 1 7 2 1 54 1 58
35756 
35757 
35758 
35759 
35760 
35761 
35762 
35763 
35764 
35765 4 15 1 21 1 31 1 80
35766 2 1 2 2 2 29 2 42
35767 
35768 
35769 
35770 
35771 1 1 1 2 1 13 1 29 7 168 4 169 2 170 1 172 1 174 1 180
35772 
35773 
35774 
35775 
35776 
35777 
35778 
35779 
35780 
35781 
35782 
35783 
35784 
35785 
35786 
35787 
35788 
35789 
35790 
35791 
35792 
35793 
35794 
35795 
35796 
35797 
35798 10 2 1 29 1 31
35799 14 2 1 29 1 31
35800 5 2 2 31 1 34
35801 1 2 2 31 1 34
35802 2 2 2 31 1 34
35803 
35804 
35805 
35806 3 1 4 15 2 17 1 65 1 72 2 168 2 170 2 173 1 176 1 179 2 180
35807 1 1 4 15 2 17 1 65 1 72 3 168 1 170 2 173 1 176 1 179 2 180
35808 
35809 2 1 4 15 2 17 1 65 1 72 2 168 2 170 2 173 1 175 1 179 2 180
35810 2 1 4 15 2 17 1 65 1 72 2 170 2 173 1 175 3 179 2 180
35811 1 1 1 2 4 15 2 17 1 48 1 65 3 168 1 170 2 173 1 175 1 179 2 180
35812 
35813 1 1 1 2 10 15 2 16 4 17 1 48 1 65 1 170 1 173 1 175 1 179 1 180
35814 
35815 3 1 1 2 4 15 2 17 1 48 1 65 2 168 2 170 2 173 1 175 1 179 2 180
35816 3 1 4 15 2 17 1 48 1 65 2 168 2 170 2 173 1 175 1 179 2 180
35817 12 15 2 18 5 19 1 21 1 23 2 63 3 129
35818 11 15 2 18 5 19 1 21 2 63 1 123 1 124
35819 12 15 2 18 5 19 1 21 2 63 1 123
35820 12 15 2 18 5 19 1 21 2 63 1 124
35821 12 15 2 18 5 19 1 20 1 21 2 63
35822 
35823 
35824 
35825 
35826 2 2 1 60 2 68
35827 2 1 6 2 1 61 1 68
35829 
35830 5 15 1 21 2 168 1 175 1 178
35831 1 3 4 15 1 21 1 30 1 31 1 54 1 107
35832 
35833 
35834 
35835 
35836 
35837 7 15 1 18 1 19 2 20
35838 4 1 7 15 1 18 1 19 2 22
35839 8 15 1 18 1 19 1 23 3 129
35840 8 15 1 18 1 19 1 123
35841 3 1 8 15 1 18 1 19 1 23
35842 1 1 1 2 8 15 1 18 1 19 1 45
35843 8 15 1 18 1 19 1 126
35844 1 1 8 15 1 18 1 19 1 53
35845 7 15 1 18 1 19 2 20
35846 1 1 8 15 1 18 1 19 1 37
35847 8 15 1 18 2 19
35848 8 15 1 18 1 19 1 62
35849 8 15 1 18 1 19 1 23 3 129
35850 8 15 1 18 1 19 1 126
35851 7 15 1 18 3 19
35852 8 15 1 18 1 19 1 30
35853 
35854 
35855 
35856 
35857 
35858 
35859 
35860 
35861 
35862 
35863 
35864 
35865 
35866 
35867 
35868 
35869 
35870 
35871 
35872 
35873 
35874 
35875 
35876 
35877 
35878 
35879 
35880 
35881 
35882 
35883 
35884 
35885 
35886 
35887 
35888 
35889 3 15 2 32 1 62
35890 10 15 2 16 1 18 1 22 1 30 1 80 1 101
35891 1 1 11 15 2 16 1 18 1 22 1 30 1 107
35892 1 1 10 15 2 16 1 18 1 22 1 30 1 80 1 107
35893 1 1 10 15 2 16 1 18 1 22 1 30 1 80 1 107
35894 1 1 10 15 2 16 1 18 1 20 1 22 1 30 1 107
35895 1 1 10 15 2 16 1 18 1 22 1 30 1 107 1 123
35896 14 15 2 16 2 18 1 20 1 30 1 37 1 63
35897 
35898 
35899 
35900 
35901 
35902 
35903 
35904 
35905 
35906 
35907 
35908 
35909 
35910 
35911 
35912 
35913 
35914 
35915 
35916 
35917 
35918 
35919 
35920 
35921 
35922 
35923 
35924 
35925 
35926 
35927 
35928 
35929 
35930 
35931 
35932 
35933 
35934 
35935 
35936 
35937 
35938 
35939 
35940 
35941 
35942 
35943 2 1 2 169 2 175 2 176 2 180
35944 
35945 
35946 
35947 
35948 
35949 
35950 
35951 
35952 
35954 
35955 
35956 
35957 
35958 
35959 
35960 
35961 
35962 
35963 
35964 
35965 
35966 
35967 
35968 
35969 
35970 
35971 
35972 
35973 
35974 
35975 
35976 
35977 
35978 
35979 
35980 
35981 
35982 
35983 
35984 
35985 
35986 
35987 
35988 
35989 
35990 
35991 
35992 
35993 
35994 
35995 
35996 
35997 
35998 
35999 
36000 
36001 
36002 
36003 
36004 
36005 
36009 
36010 
36011 
36012 
36013 
36014 
36015 
36016 
36017 
36018 
36019 
36020 
36021 
36022 
36023 
36024 
36025 
36026 
36027 
36028 
36029 
36030 
36031 
36032 
36033 
36034 
36035 
36036 
36037 
36038 
36039 
36040 
36041 
36042 
36043 
36044 2 1 8 15 1 19 1 37 1 63 1 64
36045 
36046 2 1 2 2 4 15 2 16 2 30 2 45
36047 
36048 
36049 
36050 
36051 
36052 
36053 
36054 
36055 
36056 
36057 
36058 
36059 
36060 
36061 
36062 
36063 
36064 
36065 
36068 
36069 
36070 
36071 
36072 
36073 
36074 
36075 
36076 
36077 2 2 6 15 2 53 4 80
36078 
36079 
36080 
36081 
36082 
36083 
36084 
36085 
36086 
36087 
36088 
36089 
36090 
36091 
36092 
36093 
36094 
36095 
36096 
36097 
36098 
36099 
36100 
36101 
36102 
36103 
36104 
36105 
36106 
36107 
36108 
36109 
36110 
36111 
36112 
36113 
36114 
36115 
36116 
36117 
36118 
36119 
36120 
36121 
36122 4 1 12 2 2 3 2 48 4 168 2 169
36123 
36124 
36125 
36126 
36127 
36128 
36129 
36130 
36131 
36132 
36133 
36134 
36135 
36136 
36137 
36138 
36139 
36140 
36141 
36142 
36143 
36144 
36145 
36146 
36147 
36148 
36149 
36150 
36151 
36152 
36153 
36154 
36155 
36156 
36157 
36158 
36159 
36160 
36161 
36162 
36163 
36164 
36165 
36166 
36167 
36168 
36169 
36170 
36171 5 1 10 2 3 3 1 8 1 29
36172 
36173 5 1 10 2 3 3 1 8 1 29
36174 
36175 
36176 
36177 
36178 
36179 
36180 
36181 
36182 4 1 6 15 2 16 2 22
36183 
36184 
36185 
36186 
36187 
36188 
36189 
36190 
36191 
36192 
36193 
36194 
36195 3 1 1 2 1 4 1 6 1 14 7 15 2 16 1 21 1 60
36196 
36197 
36198 1 1 1 2 11 15 2 16 1 29 1 37 1 53 1 64
36199 
36200 
36201 
36202 
36203 
36204 
36205 
36206 
36207 
36208 
36209 
36210 
36211 
36212 
36213 
36214 1 1 4 15 1 62 1 98
36215 3 1 2 2 1 3 1 6 1 29 1 50 1 67 1 130 1 144 2 168 1 169 1 173 1 180
36217 
36218 
36219 
36220 
36221 
36224 
36225 
36226 
36227 
36228 
36229 
36230 
36231 
36235 
36236 
36237 
36238 
36239 
36240 
36241 
36242 
36243 
36244 
36245 
36246 
36247 
36248 
36249 
36250 
36251 
36252 
36253 
36254 2 1 9 15 2 18 2 48 1 65 1 72 1 126 1 169 2 173 1 176
36255 
36256 
36257 
36258 
36259 
36260 
36261 
36262 
36263 
36264 
36265 
36266 
36267 
36268 
36269 1 1 2 2 1 7 4 15 1 32 1 45 1 48
36270 
36271 
36272 
36273 
36274 4 1 4 15 2 17 4 168 3 170 2 173 1 175 1 179 3 180
36276 
36277 3 15 2 17 1 126 2 169 1 170 5 175 7 180
36278 
36279 4 1 3 15 2 17 1 126 4 168 3 170 2 173 1 175 1 179 3 180
36280 4 1 3 15 2 17 1 124 4 168 3 170 2 173 1 175 1 179 3 180
36281 
36282 6 15 1 18 2 19 1 20 1 62
36283 
36284 
36285 
36286 
36287 
36288 
36289 
36290 
36291 
36292 
36293 
36294 
36295 
36296 
36297 
36298 
36299 
36300 
36301 
36302 
36303 
36304 
36305 
36306 
36307 
36308 
36309 
36310 
36311 
36312 
36313 
36314 
36315 
36317 
36318 
36319 
36320 
36321 
36322 
36323 
36324 
36325 
36326 
36327 
36328 
36329 
36330 
36331 
36332 
36333 
36334 
36335 
36336 
36337 
36338 
36339 
36340 
36341 
36342 
36343 
36344 
36345 
36346 
36347 1 1 9 15 1 25 1 37 1 53
36348 1 1 6 2 3 15 2 19 1 58 1 136
36349 2 1 1 65 6 168 1 169 3 170
36350 
36351 
36352 
36353 
36354 
36355 
36356 
36357 
36358 
36359 
36360 
36361 
36362 
36363 
36364 1 1 1 2 1 13 1 29 6 168 4 169 2 170 1 171 1 172 1 180
36365 
36366 
36367 
36368 
36369 
36370 
36371 
36372 
36373 
36374 
36375 
36376 2 1 2 15 1 25 1 30 1 31 2 53
36377 2 1 8 15 1 37 1 47 1 53 1 98
36383 
36384 
36385 
36386 
36387 
36388 
36389 
36390 
36391 
36392 
36393 
36394 1 1 7 2 3 15 1 21 1 30 1 133
36395 
36396 
36397 
36398 
36399 
36400 1 1 1 8 3 15 1 18 1 30 1 53 2 72
36401 
36402 
36403 
36404 
36405 
36406 
36407 5 168 2 169 1 180
36408 
36409 
36410 
36411 
36412 
36413 
36414 
36415 
36416 
36417 
36418 
36419 
36420 
36421 
36422 
36423 
36424 
36425 
36426 
36427 
36428 
36429 
36430 
36431 
36432 
36433 
36434 
36435 
36436 
36437 
36438 
36439 
36440 
36441 
36442 
36443 
36444 
36445 
36446 
36447 
36448 
36449 
36450 
36451 
36452 
36453 
36454 
36455 
36456 
36457 
36458 2 1 1 2 8 15 2 16 1 18 2 19 1 42 2 53 1 123
36459 
36460 
36461 
36462 
36463 
36464 
36465 
36466 
36467 
36468 
36469 
36470 
36471 
36472 
36473 
36474 
36475 
36476 
36477 
36478 
36479 
36480 1 2 3 3 7 29 1 136 1 137 5 169 1 179
36481 
36482 
36483 
36484 
36485 
36486 
36487 
36488 
36489 
36490 
36491 
36492 
36493 
36494 
36495 
36496 
36497 
36498 
36499 
36500 
36501 5 15 1 18 1 19 1 20 1 21 1 29 2 30 1 66 1 97
36502 
36503 4 15 1 18 1 19 1 20 1 21 1 29 1 30 1 63 1 66 2 80
36504 
36505 
36506 6 15 1 18 1 19 1 20 1 21 1 29 1 30 1 63 1 66
36507 
36508 
36509 
36510 
36511 
36512 
36513 
36514 
36515 
36516 
36517 
36518 
36519 
36520 
36521 
36522 
36523 
36524 
36525 
36526 
36527 
36528 
36529 
36530 
36531 
36532 
36533 
36534 
36535 
36536 
36537 
36538 
36539 
36540 2 1 4 15 1 18 1 65 1 72 1 123 2 168 1 169 1 170 2 173 1 179 1 180
36541 
36542 3 1 4 15 1 18 1 53 1 65 1 72 2 168 1 169 1 170 2 173 1 179 1 180
36543 
36544 
36545 
36546 
36547 
36548 
36549 2 1 4 15 1 18 1 65 1 72 1 126 2 168 1 169 1 170 2 173 1 179 1 180
36550 
36551 
36552 2 1 4 15 1 18 1 65 1 72 1 123 2 168 1 169 1 170 2 173 1 179 1 180
36553 
36554 
36555 
36556 2 1 4 15 1 18 1 30 1 65 1 72 2 168 1 169 1 170 2 173 1 179 1 180
36557 
36558 
36559 
36560 3 1 4 15 1 18 1 53 1 65 1 72 2 168 1 169 1 170 2 173 1 179 1 180
36561 
36562 
36563 
36564 
36565 
36566 
36567 2 1 4 15 1 18 1 65 1 72 1 80 2 168 1 169 1 170 2 173 1 179 1 180
36568 5 1 2 15 1 18 3 53 1 65 1 72 2 168 1 169 1 170 2 173 1 179 1 180
36569 3 1 4 2 4 15 1 18 1 53 1 65 1 72 2 168 1 169 1 170 2 173 1 179 1 180
36570 2 1 4 15 1 18 1 23 1 65 1 72 3 129 2 168 1 169 1 170 2 173 1 179 1 180
36571 2 1 4 15 1 18 1 20 1 65 1 72 2 168 1 169 1 170 2 173 1 179 1 180
36572 2 1 5 15 1 18 1 65 1 72 2 168 1 169 1 170 2 173 1 179 1 180
36573 
36574 
36575 
36576 
36577 
36578 
36579 
36580 
36581 
36582 
36583 
36584 3 15 1 32 1 62 1 123
36585 12 15 2 18 5 19 1 21 1 23 2 63 3 129
36593 
36594 
36595 
36596 4 2 2 138
36597 
36598 
36599 
36600 
36601 
36602 
36603 
36604 
36605 
36606 
36607 
36608 1 1 3 15 1 25 1 30 1 31 1 53
36609 4 15 1 25 1 30 1 31
36610 2 1 2 15 1 25 1 30 1 31 2 53
36611 3 15 2 17 1 25 1 31 1 168 2 179
36612 3 15 2 17 1 25 1 31 1 168 2 179
36613 
36614 
36615 
36616 
36617 
36618 
36619 
36620 
36621 
36622 
36623 
36624 
36625 
36626 
36627 
36628 
36629 
36630 
36631 
36632 
36633 
36634 
36635 
36636 
36637 
36638 
36639 
36640 
36641 
36642 
36643 
36644 
36645 
36646 
36647 
36648 
36649 
36650 
36651 
36652 
36653 
36654 
36655 
36656 
36657 
36658 
36659 
36660 
36661 
36662 
36663 
36664 
36665 
36666 
36667 
36668 
36669 
36670 
36671 
36672 
36673 
36674 
36675 
36676 
36677 
36678 
36679 
36680 
36681 
36682 
36683 
36684 
36685 
36686 
36687 
36688 
36689 
36690 
36691 
36692 
36693 
36694 
36695 
36696 
36697 
36698 
36699 
36700 
36701 
36702 
36703 
36704 
36705 
36706 
36707 
36708 
36709 
36710 
36711 
36712 
36713 
36714 
36715 
36716 
36717 
36718 
36719 
36720 
36721 
36722 
36723 1 1 5 2 4 29 1 144 5 169 1 179
36724 1 1 6 2 4 29 1 144 5 169 1 179
36725 
36726 
36727 
36728 
36729 1 1 1 2 5 15 1 21 1 41
36730 1 1 4 15 1 25 1 31 1 53
36731 1 1 4 15 1 25 1 31 1 53
36732 2 15 1 53 1 68 3 123
36733 6 15 1 18 1 53 1 62 3 123
36734 3 1 1 3 4 15 1 21 1 22 1 31
36735 
36736 
36737 
36738 
36739 
36740 
36741 
36742 
36743 
36744 2 2 4 15 1 19 1 83 1 97
36745 
36746 
36747 
36748 
36749 
36750 
36751 1 2 6 15 1 18 1 25 4 29 3 30 1 53 5 169 1 179
36752 
36753 
36756 
36757 
36758 
36759 
36760 2 1 1 2 1 3 1 48 1 130
36761 1 1 3 2 1 48 1 130
36762 1 1 4 2 1 48 1 130
36763 
36764 
36765 
36766 
36767 
36768 
36769 
36770 
36771 
36772 
36773 
36774 
36775 1 1 1 2 4 15 1 53 1 98 1 165
36776 
36777 
36778 11 15 4 18 1 19 1 62 1 71
36779 
36780 2 1 10 15 4 18 1 19 1 22 1 62 1 71
36781 1 1 10 15 4 18 1 19 1 62 1 63 1 71
36782 
36783 15 15 2 18 1 63 1 169 1 172 1 176 1 180
36784 14 15 2 18 1 63 1 126 1 169 1 172 1 176 1 180
36785 14 15 2 18 1 63 1 123 1 169 1 172 1 176 1 180
36786 14 15 2 18 1 63 1 124 1 169 1 172 1 176 1 180
36787 1 1 14 15 2 18 1 53 1 63 1 169 1 172 1 176 1 180
36788 14 15 2 18 1 63 1 126 1 169 1 172 1 176 1 180
36789 12 15 2 18 1 20 1 63 2 123 1 169 1 172 1 176 1 180
36790 14 15 2 18 1 20 1 63 1 169 1 172 1 176 1 180
36791 14 15 2 18 1 63 1 123 1 169 1 172 1 176 1 180
36792 14 15 2 18 1 63 1 80 1 169 1 172 1 176 1 180
36793 12 15 2 18 1 63 3 123 1 169 1 172 1 176 1 180
36794 13 15 2 18 1 63 2 123 1 169 1 172 1 176 1 180
36795 
36796 
36797 13 15 2 18 1 63 2 123 1 169 1 172 1 176 1 180
36798 14 15 2 18 1 23 1 63 3 129 1 169 1 172 1 176 1 180
36799 
36800 
36801 
36802 
36803 
36804 
36805 
36806 
36807 
36808 
36809 
36810 
36811 
36812 
36813 
36814 
36815 
36816 
36817 
36818 
36819 
36820 
36821 
36822 
36823 
36824 
36825 
36826 
36827 
36828 
36829 
36830 
36831 
36832 
36833 
36834 
36835 
36836 
36837 
36838 
36839 
36840 
36841 
36842 
36843 
36844 
36845 
36846 
36847 
36848 
36849 
36850 
36851 
36852 
36853 
36854 
36855 
36856 
36857 
36858 
36859 
36860 
36861 
36862 
36863 
36864 
36865 
36866 
36867 
36868 
36869 
36870 
36871 
36872 
36873 
36874 
36875 
36876 
36877 
36878 
36879 
36880 
36881 
36882 
36883 
36884 
36885 
36886 
36887 
36888 
36889 
36890 
36891 
36892 
36893 
36894 
36895 
36896 
36897 
36898 
36899 
36900 
36901 
36902 
36903 
36904 
36905 
36906 
36907 
36908 
36909 
36910 
36911 
36912 
36913 
36914 
36915 
36916 
36917 
36918 
36919 
36920 
36921 
36922 
36923 
36924 
36925 
36926 
36927 
36928 
36929 
36930 
36931 14 15 2 37 2 53
36932 1 1 7 2 10 15 1 18 1 162
36933 
36934 6 1 4 15 2 45 6 168 4 169 2 170
36935 2 1 1 29 1 34 1 40 7 168 3 169 3 170 1 172 2 180
36936 
36937 3 15 3 125
36938 3 15 3 125
36939 3 15 3 125
36940 
36941 
36949 2 1 1 2 1 3 4 15 1 30 1 45
36950 1 1 7 2 4 15 1 30 1 45
36951 1 1 4 2 4 15 1 30 1 45
36952 1 1 11 2 4 15 1 30 1 45
36953 
36954 
36955 
36956 
36957 
36958 
36959 4 2 2 49 1 50 1 136
36960 2 1 2 2 1 50 1 136
36961 2 2 1 50 2 119 1 136
36962 
36963 1 5 1 118 1 119
36964 1 2 1 118 2 119
36965 
36966 2 1 20 2 1 3 1 31
36967 9 15 1 21 1 55 1 80 1 98
36968 
36969 
36970 
36971 
36972 
36973 
36974 
36975 
36976 
36977 4 1 4 2 4 15 1 19 1 22 2 61
36978 1 1 3 15 2 17 1 123 1 175 1 178 1 182
36979 2 1 3 2 1 9 14 15 3 18 1 53 1 60
36980 4 15 1 20 1 100 1 154 5 168 2 169 1 176
36981 2 2 9 15 2 18 1 31 1 37
36982 
36983 2 1 1 15 3 20 2 47
36984 
36985 4 1 3 2 2 3 3 15 1 29 1 37 1 53 1 58 1 98
36986 
36987 2 1 2 2 2 3 4 15 1 21 1 29 1 49 1 53 1 58
36988 
36989 3 1 1 2 1 3 1 4 3 15 2 17 3 29 1 53 1 58 2 168 2 169
36991 
36992 
36993 
36994 
36995 
36996 
36997 
36998 
36999 
37000 
37001 
37002 
37003 
37004 
37005 
37006 
37007 
37008 
37009 
37010 
37011 
37012 
37013 
37014 
37015 
37016 
37017 
37018 
37019 
37020 
37021 
37022 
37023 
37024 
37025 
37026 
37027 
37028 
37029 1 2 4 15 1 19 1 29 1 97
37030 
37031 
37032 2 2 12 15 2 18 1 22 1 29 1 30 2 124 2 169 1 176 1 180
37033 1 3 1 29 2 31
37034 1 1 1 2 1 4 1 29 2 31
37035 
37038 
37040 1 1 1 6 1 48 1 49
37041 4 1 8 15 2 17 1 19 1 43 1 98 1 173 1 176 1 182
37042 
37043 7 15 3 18 2 19 1 20 1 97 3 123 5 168 1 176
37044 
37045 
37046 2 1 4 15 1 32 1 64
37047 2 15 1 20 2 30 1 32
37048 
37049 4 15 1 30 1 71
37050 
37051 
37052 
37053 
37054 
37055 
37056 
37057 3 2 8 15 1 18 1 29 1 37 1 123 1 124 4 168 1 170 1 176
37058 3 1 6 2 5 15 2 16 1 19 1 53 1 61 1 97
37059 
37060 1 2 4 15 1 21 5 29 1 53 5 169 1 179
37061 
37062 4 15 1 20 1 100 1 154 6 168 1 176
37063 9 15 2 18 1 39
37064 9 15 2 18 1 21 1 31
37065 1 2 9 15 1 18 2 19 1 22 1 50 4 123
37066 5 1 1 2 1 4 6 15 1 18 1 21 1 23 1 30 2 123
37067 2 1 3 15 1 18 1 23 1 80 3 129 1 170 1 175 1 176 2 180
37068 
37069 3 1 1 41 8 168 4 169 2 170 1 172 1 180
37070 2 1 1 40 8 168 4 169 2 170 1 172 1 180
37071 2 1 1 44 8 168 4 169 2 170 1 172 1 180
37072 3 1 2 2 1 41 8 168 4 169 2 170 1 172 1 180
37073 3 1 1 2 1 41 8 168 4 169 2 170 1 172 1 180
37074 
37075 
37076 
37077 
37078 
37079 
37080 
37081 
37082 
37083 
37084 
37085 
37086 
37087 
37088 2 15 1 98 1 108 3 124
37089 3 15 1 98 1 108 1 124 1 125
37090 3 15 1 20 1 98 1 108 1 124
37091 
37092 
37093 
37094 
37095 
37096 
37097 
37098 
37099 
37100 
37101 
37102 
37103 
37104 
37105 
37106 
37107 
37108 
37109 
37110 
37111 
37112 
37113 
37114 
37115 
37116 
37117 
37118 
37119 
37120 
37121 
37122 
37123 
37124 
37125 
37126 
37127 
37128 
37129 
37130 
37131 
37132 
37133 
37134 
37135 
37136 
37137 
37138 
37139 
37140 
37141 
37142 
37143 
37144 
37145 
37146 
37147 
37148 
37149 
37150 
37151 
37152 
37153 
37154 
37155 8 15 1 30 1 33 1 37 1 63 1 67 1 80
37156 
37157 
37158 
37159 
37160 
37161 
37162 
37163 
37164 
37165 
37166 
37167 
37168 
37169 
37170 
37171 
37172 
37173 
37174 
37175 
37176 
37177 
37178 
37179 
37195 1 1 1 3 5 15 1 22 1 29 1 57
37196 1 1 1 3 5 15 1 22 1 29 1 57
37197 1 1 1 2 1 3 1 15 1 21 1 31 1 62 3 125
37198 7 15 2 16 1 29 1 154
37199 
37200 1 1 5 15 1 22 1 29 1 55
37201 5 15 1 22 1 29 1 31
37202 3 1 1 4 2 29 2 168 2 169 1 172
37203 
37204 1 1 1 3 5 15 1 22 1 29 1 57
37205 2 1 1 2 2 3 7 15 2 16 1 29 1 53 1 58
37206 
37207 1 1 5 15 1 22 1 29 1 55
37208 1 1 1 2 1 3 1 15 1 21 1 31 1 62 3 125
37209 1 1 1 2 1 3 4 168 2 175 2 176 4 180
37210 2 1 2 2 3 15 1 53 1 65 1 97 1 154 3 168 1 169 1 176
37211 2 1 1 2 2 3 1 5 4 15 1 21 1 29 1 53 1 58
37212 1 1 1 2 1 3 4 168 2 175 2 176 4 180
37213 1 29 2 168 1 169 1 175 1 180
37214 
37215 
37216 1 1 5 15 1 22 1 29 1 55
37217 3 1 1 4 2 29 2 168 2 169 1 172
37218 3 1 1 4 2 29 2 168 2 169 1 172
37219 2 1 1 2 2 3 4 15 1 21 1 29 1 53 1 58 1 86
37220 
37221 2 1 2 2 1 3 7 15 1 20 1 21 1 29 3 53 1 58
37222 1 29 2 168 1 169 1 175 1 180
37223 3 1 1 4 2 29 2 168 2 169 1 172
37224 2 1 2 2 1 3 7 15 1 20 1 21 1 29 3 53 1 58
37225 
37226 
37227 
37228 
37229 
37230 
37231 
37232 
37233 
37234 
37235 
37236 
37237 
37238 
37239 
37240 
37241 
37242 
37243 
37244 
37245 
37246 
37247 
37248 6 15 4 17 1 30 1 62 2 180
37249 7 15 1 18 1 30 1 63 2 80
37250 
37251 
37252 
37253 
37254 6 15 4 17 2 80 2 180
37255 4 15 4 17 1 62 1 80 2 123 2 180
37256 9 15 1 18 1 20 1 63
37257 8 15 2 18 1 20 1 80
37258 2 1 9 15 2 18 1 64
37259 8 15 2 18 1 20 1 62
37260 8 15 2 18 1 20 1 62
37261 9 15 1 18 1 20 1 63
37262 1 1 9 15 1 18 1 53 1 63
37263 1 1 9 15 1 18 1 53 1 63
37264 8 15 2 18 1 20 1 80
37265 13 15 4 18 1 62
37266 13 15 4 18 1 80
37267 13 15 4 18 1 62
37268 3 1 1 4 9 15 2 18 1 63
37269 1 1 8 15 1 18 1 20 1 53 1 63
37270 13 15 4 18 1 62
37271 3 1 1 4 8 15 2 18 1 20 1 63
37272 3 15 1 20 1 53 1 62 1 119 1 149
37273 2 15 1 30 1 39 2 126
37278 
37279 
37280 
37281 1 1 7 2 4 15 1 21 1 31 1 53 1 59 1 149 4 168 1 169 1 175
37282 
37283 
37284 
37285 
37286 
37287 
37288 
37289 
37290 
37291 
37292 
37293 
37294 
37295 
37296 
37297 
37298 
37299 
37300 
37301 
37302 
37303 
37304 
37305 
37306 
37307 
37308 
37309 
37310 3 1 2 2 2 8 1 72
37311 
37312 2 1 18 2 2 41
37313 2 2 10 15 2 21 2 41
37314 4 1 14 2 2 3 2 41
37315 4 1 6 2 2 3 2 41
37316 4 1 10 2 2 3 2 41
37317 4 1 10 2 2 3 2 48
37318 4 1 10 2 2 3 1 41 1 48
37319 4 1 11 2 2 3 2 41
37320 2 1 2 2 2 41 8 168 4 169
37321 4 2 10 15 2 21 2 48 2 50
37322 3 2 10 15 2 21 2 48 1 50
37323 4 2 10 15 2 21 2 48
37324 
37325 
37326 
37327 
37328 
37329 
37330 
37331 
37332 
37333 
37334 
37335 
37336 
37337 
37338 3 1 3 15 1 37 2 53
37339 3 1 3 15 1 37 2 53
37340 3 1 3 15 1 37 2 53
37341 3 1 3 15 1 37 2 53
37342 
37343 
37344 
37345 
37346 
37347 
37348 
37349 
37350 
37351 
37352 
37353 
37354 
37355 
37356 
37357 
37358 
37359 
37360 
37361 
37363 
37364 
37365 
37366 
37367 
37368 
37369 
37370 
37372 
37373 
37374 
37375 
37376 
37377 
37378 
37379 
37380 
37381 
37382 
37383 
37384 
37385 
37386 
37387 
37388 
37389 
37390 
37391 
37392 
37393 5 1 2 3 1 4 1 87
37394 
37395 
37396 
37397 
37398 
37399 
37400 
37401 
37402 
37403 
37404 
37405 
37406 
37407 
37408 
37409 
37410 
37411 
37412 
37413 
37414 
37415 
37416 
37417 
37418 
37419 
37420 
37421 
37422 
37423 
37424 
37425 
37426 
37427 
37428 
37429 
37430 
37431 
37432 
37433 
37434 
37435 
37436 
37437 
37438 
37439 
37440 
37441 
37442 
37443 
37444 
37445 
37446 
37447 
37448 
37449 
37450 
37451 
37452 
37453 
37454 
37455 
37456 
37457 
37458 
37459 
37460 
37461 
37462 
37463 
37464 
37465 
37466 
37467 
37468 
37469 
37470 
37471 
37472 
37473 
37474 
37475 
37476 
37477 
37478 
37479 
37480 
37481 
37482 
37483 
37484 
37485 
37486 
37487 
37488 
37489 
37490 
37491 
37492 
37493 
37494 
37495 
37496 
37497 
37498 
37499 
37500 
37501 
37502 
37503 
37504 
37505 
37506 
37507 
37508 
37509 
37510 
37511 
37512 
37513 
37514 
37515 
37516 
37517 
37518 
37519 
37520 
37521 
37522 
37523 
37524 
37525 
37526 
37527 
37528 
37529 
37530 
37537 3 2 1 3 1 31 2 54 1 88 1 107
37538 2 2 1 3 1 31 1 54 1 86 1 88 1 107
37539 1 2 1 3 2 31 1 54 1 88 1 107
37540 
37541 
37542 
37543 
37544 
37545 2 2 1 3 2 31 1 54 1 88 1 107
37546 
37547 
37548 
37549 
37550 
37551 
37552 
37553 
37554 
37555 
37556 
37559 1 1 4 15 1 21 1 22 1 31 3 168 1 169 1 180
37560 
37561 
37562 
37563 
37564 
37565 3 1 1 3 4 15 1 22 1 29 1 58 1 63 1 149
37566 
37567 
37568 5 15 2 16 2 18 4 19 3 62
37572 
37573 
37574 
37575 
37576 
37585 
37591 2 1 1 2 1 4 1 5 1 29 1 107 1 149
37592 
37593 
37594 1 1 1 2 1 119 1 164
37595 
37597 1 2 8 29 1 50 10 169 2 179
37598 
37599 
37600 
37601 
37602 
37603 
37604 
37605 1 1 16 2 5 15 1 98
37606 1 1 8 2 5 15 1 98
37607 1 1 14 2 5 15 1 98
37608 1 1 14 2 10 15 1 18 1 99
37609 1 1 8 2 10 15 1 18 1 99
37610 1 1 10 2 10 15 1 18 1 99
37611 
37612 1 1 10 2 5 15 1 98
37613 
37614 
37615 
37616 
37617 
37618 
37619 
37620 
37621 
37622 
37623 
37624 
37625 
37626 
37627 
37628 
37629 
37630 
37631 
37632 
37633 
37634 
37635 1 1 1 6 1 66 5 168 1 169
37636 
37637 
37638 
37639 12 15 4 17 2 18 2 176 4 180
37640 
37641 
37642 
37643 
37644 
37645 
37646 
37647 
37648 
37649 
37650 
37651 
37652 
37653 
37654 
37655 
37656 
37657 
37658 
37659 
37660 
37676 3 1 2 168 1 170 1 172 1 180
37677 
37678 
37679 
37680 
37681 
37682 
37683 
37684 
37685 
37686 
37687 
37688 
37689 
37690 
37691 
37692 
37695 1 29 3 118 1 119 1 149
37696 
37697 
37698 
37699 
37700 
37701 
37702 
37703 
37704 
37705 
37706 
37707 
37708 
37709 
37710 
37711 
37712 
37713 
37714 
37715 
37716 
37717 
37718 
37719 
37720 
37721 
37722 
37723 
37724 
37725 
37726 
37727 
37728 
37729 
37730 
37731 
37732 
37733 
37734 
37735 
37736 
37737 3 15 2 17 1 62 1 175 2 180
37738 4 15 1 19 1 124
37739 
37740 
37741 
37742 
37743 
37744 
37745 
37746 7 129 1 168 1 169 3 170
37747 2 1 2 31 1 168 2 169 1 170
37748 2 1 1 31 1 33 1 168 2 169 1 170
37749 2 1 1 2 2 31 1 168 2 169 1 170
37750 
37751 
37752 
37753 
37754 
37755 
37756 
37757 
37758 
37759 
37760 
37761 
37762 
37763 
37764 
37765 
37766 
37767 
37768 
37769 
37770 
37771 
37772 
37773 
37774 7 15 2 17 1 18 1 57 2 123 2 168 2 169
37775 
37776 
37777 
37778 4 124 2 125
37779 2 71 4 124
37780 
37781 
37782 
37783 
37784 
37785 
37786 
37787 8 15 1 30 1 32 1 37 1 53
37788 
37796 2 31 2 168 1 170
37797 2 31 4 168 2 169
37798 2 31 3 168 1 170
37799 2 31 3 168 2 169
37800 1 31 1 117
37801 1 1 1 3 1 40 1 119
37802 1 119 5 168 1 169
37803 1 2 1 40 1 114
37804 2 1 1 4 1 29 1 119
37805 1 2 1 40 1 117
37806 
37807 1 119 7 129 4 170 1 179
37808 10 129 5 170 1 179
37809 2 52 2 118 2 119 4 129
37810 12 129 6 170 1 179
37811 
37812 
37813 
37814 
37815 
37816 
37817 
37818 
37819 
37820 
37821 
37822 
37823 
37824 
37825 
37826 
37827 
37828 
37829 
37830 5 1 1 2 2 6 2 8 1 29 3 168 1 170 1 173
37831 
37832 
37833 
37834 
37835 
37836 
37837 3 15 2 17 1 62 2 168 1 169 1 175 1 176 4 180
37838 
37839 
37840 
37841 
37842 
37843 
37844 
37845 
37846 
37847 
37848 
37849 
37850 
37851 
37852 
37853 
37854 
37855 
37856 
37857 
37858 8 15 2 18 2 20 2 172 1 179 1 182
37859 10 15 2 18 2 172 1 179 1 182
37860 8 15 2 18 2 125 2 172 1 179 1 182
37861 8 15 2 18 2 124 2 172 1 179 1 182
37862 8 15 2 18 2 123 2 172 1 179 1 182
37863 8 15 2 18 2 126 2 172 1 179 1 182
37864 8 15 2 18 2 80 2 172 1 179 1 182
37865 8 15 2 18 2 123 2 172 1 179 1 182
37866 
37867 
37868 
37869 
37870 
37871 7 15 2 16 1 141
37872 3 15 1 20 1 62 1 123
37873 
37874 
37875 
37876 
37877 
37878 
37879 
37880 
37881 4 15 1 65 1 123 1 154
37882 
37883 
37884 
37885 
37886 
37887 
37888 
37889 
37890 
37891 
37892 
37893 
37894 
37895 
37896 
37897 
37898 
37899 
37900 
37901 
37902 
37903 
37904 
37905 
37906 
37907 
37908 
37909 
37910 
37911 
37912 
37913 
37914 
37915 
37916 
37917 
37918 
37919 8 15 2 62 2 147
37920 8 15 2 62 2 147
37921 
37922 
37923 
37924 
37925 
37926 
37927 
37928 
37929 
37930 
37931 
37932 
37933 
37934 
37935 
37936 
37937 
37938 
37939 
37940 
37941 
37942 
37943 6 15 2 18 4 20
37944 6 15 2 18 4 20
37945 2 2 1 7 2 29 2 58
37946 1 2 1 7 1 29 1 58 1 65
37947 
37948 
37949 
37950 
37951 
37952 2 1 3 2 1 3 2 29 1 61
37953 1 1 2 2 1 3 2 29 1 60
37954 1 1 1 65 4 168 2 176
37955 2 2 2 54 1 58
37956 
37957 
37958 
37959 1 31 2 168 1 169 1 175 1 180
37960 
37961 3 1 1 2 4 15 3 19 2 53 1 106 2 154
37962 4 1 1 15 4 19 1 45 2 53 1 106 1 123 1 154
37963 2 15 1 30 3 125
37964 
37965 1 1 1 2 1 3 1 29 1 54 1 58
37966 1 1 5 2 2 29 1 61
37967 1 1 1 2 1 3 1 29 1 54 2 58
37968 
37969 3 1 2 2 1 3 2 29 1 31 8 168 7 169 2 170
37970 
37971 
37972 1 1 3 2 1 85
37973 2 1 6 2 1 84
37974 
37975 1 1 1 42 1 65 1 138
37976 
37977 
37978 
37979 
37980 3 15 1 80 1 123 1 124
37981 3 15 1 80 1 123 1 124
37982 
37983 
37984 4 3 4 29 1 31 1 38
37985 4 1 2 2 1 8 2 168 2 169 1 170 1 172
37986 
37987 1 2 2 15 2 16 4 19 1 62 1 134
37988 2 2 2 15 2 16 4 19 1 40 1 50 1 62
37989 1 1 1 2 2 15 2 16 4 19 1 98 1 134
37990 1 1 2 2 2 15 2 16 4 19 1 40 1 50 1 98
37991 
37992 2 1 4 2 2 151
37993 
37994 2 1 1 2 2 3 1 31 1 54 1 107
37995 1 1 2 3 1 29 1 31 1 54 1 107
37996 
37997 
37998 
37999 4 1 2 2 3 3 1 31 1 55 1 107
38000 4 1 2 2 2 3 2 169 2 175 2 180
38001 2 1 3 2 1 3 1 134
38002 4 1 1 2 2 8 3 168 1 169 1 172
38003 4 1 2 2 1 8 2 168 3 169 2 170
38004 
38005 
38006 3 15 3 39
38007 
38008 
38009 
38010 
38011 
38012 
38013 
38014 2 31 2 168 2 169
38015 3 1 3 48 3 169
38016 
38017 
38018 
38019 
38020 1 2 1 5 1 43 2 110 1 118 1 122 4 129
38021 
38022 1 1 1 43 2 110 1 118 1 122 4 129
38023 1 1 1 43 3 110 2 118 1 122 5 129
38024 1 2 1 5 1 43 3 110 2 118 1 122 5 129
38025 
38026 
38027 1 1 3 2 1 43 3 110 2 118 1 122 5 129
38028 
38029 
38030 
38031 
38032 
38033 
38034 
38035 
38036 
38037 
38038 
38039 1 1 10 15 2 18 1 48 1 169 1 173
38040 15 15 3 18 1 169 1 173
38041 1 1 15 15 3 18 1 170 1 173
38042 
38047 
38048 8 15 2 17 2 18 4 168 2 169 1 171 2 176 1 179 2 180
38049 8 15 2 17 2 18 4 168 2 169 1 171 2 176 1 179 2 180
38054 2 1 2 15 2 16 2 19 2 53 1 62 1 123
38055 
38056 2 2 1 3 4 15 2 29 1 53 1 123
38057 1 1 1 2 13 15 4 16 3 18 4 19
38058 
38059 
38060 
38061 
38062 
38063 
38064 
38065 
38066 1 14 6 168 2 169 1 170
38067 1 2 1 3 4 15 1 22 2 29 1 80 1 107 1 111
38068 
38069 
38070 3 15 1 32 1 80 1 123
38071 3 15 1 19 1 62 1 123
38072 1 1 3 15 1 30 1 39 1 53
38073 1 1 3 15 1 30 1 39 1 53
38074 1 1 3 15 1 30 1 39 1 53
38075 1 1 3 15 1 30 1 39 1 53
38076 
38077 
38078 
38079 3 30 3 80
38080 
38081 
38082 
38083 1 1 1 2 3 15 1 63 1 66 2 80
38084 1 1 3 15 1 63 1 66 2 80
38085 
38086 13 15 2 16 5 18 2 19 1 171 1 176 2 180
38087 1 1 7 2 1 6 1 31
38088 1 1 1 31 1 50
38089 1 2 2 111 1 144
38090 
38091 
38092 
38093 
38094 10 15 2 18 2 53 4 71
38095 2 1 3 15 1 39 2 53
38096 
38097 
38098 1 1 1 2 5 15 1 25 1 48
38099 10 1 1 14 4 52
38100 
38101 
38102 
38103 
38104 
38105 
38106 
38107 
38108 
38109 
38110 
38111 
38112 
38113 
38114 1 168 2 179
38115 
38116 
38117 5 1 10 2 3 3 1 8 1 29
38118 5 1 10 2 3 3 1 8 1 29
38119 
38120 
38121 
38122 8 15 4 17 1 171 1 175
38123 
38124 
38125 
38126 
38127 
38128 
38129 
38130 
38131 
38132 
38133 
38134 8 15 2 17 1 18 1 30 1 168 1 169 1 179 1 180
38135 9 15 2 17 1 18 1 58 1 130 1 173 2 180
38136 9 15 2 17 1 21 1 58 1 130 1 173 2 180
38137 
38138 
38139 7 15 2 16 2 19 1 21 1 32 2 123
38140 
38141 
38142 
38143 
38144 
38145 
38146 5 1 8 2 2 3 1 91
38147 3 1 16 2 1 91
38148 7 1 8 2 2 3 1 4 1 91
38149 
38150 
38151 
38152 
38153 
38154 
38155 
38156 
38157 
38158 
38159 
38160 
38161 
38162 
38163 
38164 
38165 
38166 3 2 8 15 2 18 1 29 1 53 1 71
38167 6 2 8 15 2 18 1 29 1 53 1 71
38168 8 2 8 15 2 18 1 29 1 53 1 71
38169 
38170 
38171 
38172 
38173 
38177 
38178 
38179 
38180 
38181 1 1 10 2 1 29 1 58
38182 1 1 12 2 1 29 1 58
38183 1 1 14 2 1 29 1 58
38184 1 1 8 2 1 29 1 58
38185 1 1 16 2 1 29 1 58
38186 
38187 
38188 
38189 
38190 
38191 
38192 
38194 
38195 
38196 
38197 1 86 3 168 1 169 1 175
38198 
38199 
38200 2 15 2 19 2 20
38201 1 1 3 15 2 19 1 21
38202 1 1 1 2 3 15 2 19 1 21
38203 3 1 3 15 2 19 1 23
38204 
38205 
38206 
38207 1 1 1 2 2 3 3 29
38208 7 15 2 17 1 18 1 19 1 126 1 168 1 175 1 178 1 180
38209 
38210 
38211 
38212 
38213 
38214 1 31 2 168 1 169 1 175 1 181
38215 
38216 2 1 5 15 4 17 1 32 2 47 2 180
38217 
38218 
38219 
38220 
38221 
38222 
38223 2 1 1 2 1 33 1 38 1 168 2 169 1 170
38224 2 1 4 2 1 7 1 33 1 38 1 168 2 169 1 170
38225 2 1 3 2 1 33 1 34 1 38 1 168 2 169 1 170
38226 
38227 
38230 
38231 
38232 
38233 
38234 
38235 
38236 
38237 
38238 
38239 
38240 2 1 1 2 1 3 1 54
38241 4 1 3 2 2 3 1 58
38242 6 1 5 2 3 3 1 61
38243 
38244 
38245 
38246 
38247 
38248 
38249 
38250 
38251 3 15 1 20 2 62
38252 3 15 1 30 1 62 1 80
38253 
38254 4 15 1 76 1 126
38255 2 2 3 15 1 29 1 62 1 63 1 80
38256 
38257 
38258 
38259 
38260 1 1 5 15 4 16 3 19 1 62
38261 
38262 
38263 
38264 
38265 
38266 
38267 
38268 
38269 
38270 
38271 3 15 1 29 1 32 1 62 1 154
38272 
38273 1 1 3 15 2 17 1 53 3 168
38274 3 15 2 17 1 62 3 168
38275 3 15 2 17 1 62 3 168
38276 12 15 2 18 3 20 1 163
38277 
38278 
38279 
38280 
38281 
38282 
38283 
38284 
38285 
38286 
38287 
38288 
38289 2 1 3 2 8 15 1 21 1 53 1 60 2 63 2 149
38290 
38291 
38292 1 1 3 15 1 25 1 30 1 38 1 53
38293 
38294 
38295 
38296 
38297 
38298 
38299 1 65 2 168 1 169 1 180 1 181
38300 
38301 
38302 
38303 
38304 
38305 
38306 
38307 
38308 3 1 1 2 9 15 2 18 2 19 1 22 1 37 1 45 1 53 1 124
38309 3 1 1 2 9 15 2 18 2 19 1 22 1 37 1 45 1 53 1 126
38310 
38311 
38312 3 1 1 2 9 15 2 18 2 19 1 22 1 37 1 45 1 53 1 123
38313 
38314 
38316 3 15 1 18 1 30 1 53 6 126
38317 6 15 1 18 1 30 1 53 3 126
38318 5 15 1 18 1 30 1 53 4 126
38319 4 15 1 18 1 30 1 53 5 126
38320 5 15 1 18 1 30 1 53 4 126
38321 5 15 1 18 1 30 1 53 4 126
38322 1 1 5 15 1 18 2 53 4 126
38323 1 1 5 15 1 18 2 53 4 126
38324 8 15 1 18 1 30 1 53 1 126
38325 7 15 1 18 1 30 1 53 2 126
38326 1 1 6 15 1 18 2 53 3 126
38327 5 15 1 18 1 30 1 53 4 126
38328 5 15 1 18 1 30 1 53 4 126
38329 4 15 1 18 1 30 1 53 5 126
38330 1 1 5 15 1 18 2 53 4 126
38331 1 1 5 15 1 18 2 53 4 126
38332 1 1 4 15 1 18 2 53 5 126
38333 5 15 1 18 1 30 1 53 4 126
38334 4 15 1 18 1 30 1 53 5 126
38335 4 15 1 18 1 30 1 53 5 126
38336 4 15 1 18 1 30 1 53 5 126
38337 1 1 4 15 1 18 2 53 5 126
38338 1 1 3 15 1 18 2 53 6 126
38339 4 15 1 18 1 30 1 53 5 126
38340 3 15 1 18 1 30 1 53 6 126
38341 1 1 4 15 1 18 2 53 5 126
38342 1 1 4 15 1 18 2 53 5 126
38343 1 1 3 15 1 18 2 53 6 126
38344 
38345 
38346 
38347 
38348 
38349 
38350 1 31 1 33 3 168 1 169 1 176
38351 
38352 1 1 3 2 4 15 1 45 1 62
38353 
38354 
38355 
38356 
38357 
38358 3 1 1 2 1 4 1 31 1 48 1 59 1 86
38359 
38360 
38361 
38362 8 1 4 2 2 58 4 168 2 169 4 170 2 175
38363 
38364 
38365 
38366 
38367 
38368 
38369 
38370 2 1 2 15 2 19 2 21
38371 
38372 
38373 
38374 
38375 
38376 
38377 
38378 
38379 
38380 
38381 1 1 1 2 1 48 2 168 1 169 1 175 1 181
38382 
38383 6 15 4 17 2 80 2 180
38384 
38385 
38386 
38387 
38388 
38389 3 2 2 15 4 19 4 71
38390 
38391 
38392 
38393 
38394 
38395 
38396 
38397 
38398 
38399 
38400 
38401 8 15 1 18 2 62 1 154
38402 6 15 1 18 1 20 1 32 1 63 2 123
38403 
38404 
38405 
38406 
38407 
38408 
38409 
38410 
38411 
38412 
38413 
38414 
38415 1 1 14 2 1 6 1 54
38416 
38417 
38418 
38419 
38420 
38421 
38422 
38423 
38424 
38425 2 2 1 31 1 33 1 59 1 143
38426 
38427 
38428 2 1 10 2 1 14
38429 2 1 8 2 1 14
38430 2 1 8 2 1 14
38431 2 1 9 2 1 14
38432 2 1 9 2 1 14
38433 2 1 10 2 1 14
38434 2 1 10 2 1 14
38435 
38436 
38440 7 2 5 50 2 134
38441 8 2 6 50 2 134
38442 
38443 
38444 
38445 
38446 
38447 
38448 
38449 
38450 
38451 
38452 
38453 
38454 
38455 
38456 
38457 
38458 
38459 
38460 
38461 
38462 
38463 
38464 
38465 
38466 
38467 
38468 
38469 4 1 5 168 2 169 2 170 1 173
38470 5 1 2 48 1 168 5 169 2 170 5 179
38471 5 1 1 2 2 48 1 168 5 169 2 170 5 179
38472 5 1 1 41 1 48 1 168 5 169 2 170 5 179
38473 4 1 1 29 1 168 5 169 2 170 5 179
38474 
38475 
38476 4 1 4 168 4 169 3 170
38477 3 1 1 7 5 168 3 169 1 173
38478 3 1 5 168 3 169 2 170 1 174
38479 4 1 4 168 3 169 2 170 1 172
38480 3 1 1 7 5 168 3 169 1 173
38481 
38482 
38483 
38484 2 15 1 18 6 19 1 80 1 81
38485 2 15 1 20 1 32 1 62 1 123
38486 
38487 
38488 
38489 
38490 
38491 
38492 
38493 
38494 4 1 12 2 1 104
38495 
38496 
38497 
38498 
38499 
38500 
38501 
38502 
38503 
38504 
38505 
38506 
38507 
38508 
38509 
38510 
38511 
38512 
38513 
38514 
38515 
38516 
38517 
38520 6 1 14 2 3 3 1 61
38521 
38522 
38523 
38524 
38525 
38526 
38527 
38528 
38529 
38530 
38531 
38532 2 1 4 29 5 168 6 169 4 170 1 174 1 179 1 180
38533 6 15 2 18 2 19 2 20
38534 
38535 
38536 
38537 1 1 5 2 1 5 1 14
38538 3 1 2 130 1 169 2 170
38539 8 15 1 47 3 53 2 119
38540 2 1 1 2 1 3 1 108 1 109
38541 4 15 1 53 1 80 1 119
38542 4 15 1 53 1 80 1 119
38543 4 15 1 53 1 80 1 119
38544 2 1 1 2 1 110 1 129
38545 4 15 1 30 1 53 1 119
38546 
38547 
38548 
38549 5 15 1 21 1 31 1 58
38550 
38551 
38552 
38553 
38554 
38555 9 15 1 18 1 21 1 30
38556 9 15 2 18 1 30
38557 6 1 7 15 2 18 2 23 1 30
38558 2 1 3 15 1 20 1 22 1 30
38559 4 1 2 15 1 20 2 22 1 30
38560 4 1 2 15 1 20 2 22 1 30
38561 9 15 1 18 1 21 1 30
38562 4 1 2 15 1 20 2 22 1 30
38563 5 1 3 15 1 22 1 23 1 30
38564 3 1 8 15 2 18 1 23 1 30
38565 
38566 
38567 
38568 
38569 
38570 
38571 
38572 
38573 
38574 
38575 
38576 
38577 
38578 
38579 
38580 
38581 
38582 
38583 
38584 
38585 
38586 
38587 
38588 
38589 5 15 1 22 1 29 1 54
38590 1 2 5 15 1 22 1 29 1 57
38591 10 15 1 18 1 21 1 31 1 48 1 59
38592 1 5 1 121
38593 1 112 1 113 1 119
38594 1 8 1 119 2 130
38595 1 8 1 119 2 130
38596 1 1 1 112 1 119
38597 1 1 1 2 1 120
38598 1 1 1 2 1 122
38599 1 1 1 8 1 129 1 130
38600 
38601 
38602 
38603 
38604 
38605 
38606 
38607 
38608 4 15 2 18
38609 4 15 1 18 1 20
38610 4 15 2 18
38611 4 15 2 18
38612 
38613 
38614 6 1 3 2 5 3 1 31 1 55 2 107
38615 
38616 
38617 
38618 
38619 
38620 
38621 
38622 
38623 
38624 
38625 
38626 
38627 
38628 
38629 
38630 2 1 6 168 2 169
38631 1 1 9 168 3 169
38632 3 1 5 168 5 169 2 170
38633 6 1 2 3 7 168 2 169 3 170
38634 4 1 5 168 4 169 2 170
38635 4 1 5 168 4 169 2 170
38636 1 9 1 108 3 130
38637 8 15 1 18 2 62 1 153
38638 8 15 1 18 2 62 1 147
38639 
38640 2 5 1 148
38641 1 33 1 108 1 144
38642 
38643 
38644 
38645 
38646 
38647 
38648 
38650 
38651 
38652 
38653 
38654 4 15 1 21 1 80 1 130
38655 
38656 
38658 
38659 
38660 
38661 
38662 
38663 
38664 1 1 1 49 1 58 1 67 1 72 1 92
38665 3 15 1 30 1 32 1 80
38666 
38667 
38668 
38669 
38671 
38672 
38673 
38674 
38675 
38676 
38677 
38678 
38679 
38680 
38681 
38682 
38683 
38684 
38685 
38686 
38687 
38688 
38689 
38690 
38691 
38692 
38693 
38694 
38695 
38696 
38697 
38698 
38699 
38700 
38701 
38702 
38703 
38704 
38705 
38706 
38707 
38708 
38709 
38710 
38711 
38712 
38713 
38714 
38715 
38716 8 15 1 18 1 37 2 62
38717 3 1 1 4 1 31 1 48 3 168 1 169 1 176
38718 
38719 
38720 
38721 
38722 
38723 
38724 
38725 
38726 
38727 
38728 
38729 
38730 
38731 
38732 
38733 
38734 
38735 
38736 
38737 
38738 
38739 6 15 2 17 1 18 3 30 1 168 1 169 1 179 1 180
38740 
38741 2 1 2 2 4 15 3 19 1 49 3 53 1 106 1 154
38742 2 1 3 19 1 20 1 53 1 63
38743 2 1 1 4 4 15 1 18 1 31 1 53 2 130 1 168 1 169 1 170
38744 
38745 
38746 
38747 
38748 
38749 
38750 
38751 
38752 
38753 
38754 
38755 
38756 8 15 1 18 1 23 2 30 2 119
38757 1 1 1 2 1 3 1 29 1 54
38758 1 1 3 2 1 29 1 55
38759 1 1 4 2 1 29 1 55
38760 1 1 2 2 1 3 1 29 1 54
38761 10 15 2 21 1 42 1 65
38762 
38763 3 1 2 2 1 3 2 29 1 31 8 168 7 169 2 170
38764 3 1 2 2 1 3 2 29 1 31 8 168 7 169 2 170
38765 3 1 2 2 1 3 3 29 1 31 7 168 8 169 2 170
38766 3 1 2 2 1 3 1 29 1 31 9 168 6 169 2 170
38767 3 1 2 2 1 3 3 29 1 31 7 168 8 169 2 170
38768 3 1 2 2 1 3 1 29 1 31 9 168 6 169 2 170
38769 2 1 1 15 1 18 2 19 1 80 1 149 2 168 2 176 1 180
38770 
38771 
38772 
38773 
38774 
38775 
38776 
38777 1 94 5 124
38778 2 98 10 124
38779 
38780 
38781 1 1 9 2 4 15 1 21 1 53 1 134
38782 
38784 2 1 1 38 2 168 2 169 1 170 1 172
38785 
38786 
38787 
38788 
38789 
38790 
38791 
38792 1 1 5 2 1 33 1 144
38793 2 1 14 2 1 34 1 144
38794 2 1 21 2 1 34 1 144
38795 2 1 23 2 1 34 1 144
38796 
38797 2 1 15 2 1 34 1 144
38798 2 1 17 2 1 34 1 144
38799 2 1 19 2 1 34 1 144
38800 2 1 22 2 1 34 1 144
38801 2 1 23 2 1 34 1 144
38802 
38803 
38804 2 1 20 2 1 34 1 144
38805 2 1 21 2 1 34 1 144
38806 2 1 22 2 1 34 1 144
38807 
38808 
38809 
38810 
38811 2 1 17 2 1 34 1 144
38812 2 1 22 2 1 34 1 144
38813 2 1 23 2 1 34 1 144
38814 
38815 
38816 
38817 
38818 
38819 2 1 13 2 1 34 1 144
38820 
38821 2 1 23 2 1 34 1 144
38822 
38823 2 1 20 2 1 34 1 144
38824 2 1 7 2 1 34 1 144
38825 1 29 3 168 1 169 1 179
38826 2 1 7 2 3 15 1 21 1 30 1 37
38827 
38828 
38829 
38830 
38831 
38832 
38833 1 1 4 2 4 15 1 18 1 71 4 168 2 169
38834 1 1 6 15 4 17 1 20 1 39 1 170 1 171 1 176 2 179 1 180
38835 3 1 6 15 4 17 1 20 1 39 2 170 1 171 1 176 1 179
38836 
38837 
38838 
38839 
38840 3 1 9 2 3 15 3 45
38841 
38842 
38843 
38844 
38845 
38846 
38847 
38848 
38849 
38850 
38851 
38852 
38853 
38854 
38855 
38856 
38857 3 1 1 2 4 15 1 18 1 48 1 53 1 169 1 173 2 175 1 180
38858 2 1 5 15 1 18 1 48 1 169 1 173 2 175 1 180
38859 3 1 4 15 1 18 1 48 1 53 1 169 1 173 2 175 1 180
38860 2 1 1 2 4 15 1 18 1 20 1 48 1 169 1 173 2 175 1 180
38861 
38862 
38863 
38864 
38865 
38866 
38867 
38868 
38869 
38870 
38871 
38872 
38873 
38874 3 1 1 2 6 15 2 16 1 19 2 21 1 30 1 45 1 60 1 126 1 147
38875 
38876 
38877 
38878 
38879 
38880 1 2 7 15 2 16 1 31 1 147
38881 1 1 2 2 5 15 1 21 1 42 1 65
38882 
38884 
38885 5 1 1 2 1 3 4 15 1 18 2 48 1 80 1 169 2 173 1 175
38886 
38887 
38888 8 168 4 169 1 175
38889 
38890 
38891 
38892 
38893 
38894 
38895 
38897 
38898 
38899 
38900 
38901 
38902 
38903 
38904 
38908 
38909 
38910 
38911 
38912 
38913 
38914 
38915 
38916 
38917 
38918 
38919 
38920 
38921 
38922 
38923 
38924 
38925 
38926 
38927 
38928 
38929 
38930 
38931 
38932 
38933 
38934 
38935 
38936 
38937 1 1 1 107 2 168 1 169 1 180 1 181
38938 1 72 2 118 1 119
38939 
38940 
38941 
38942 
38943 
38944 
38945 
38946 
38947 
38948 
38949 
38950 
38951 
38952 
38953 
38954 
38955 
38956 2 15 2 19 1 62 1 123
38957 3 1 11 2 2 3 1 31 1 107
38958 3 1 13 2 2 3 1 31 1 107
38959 3 1 15 2 2 3 1 31 1 107
38960 3 1 15 2 2 3 1 31 1 107
38961 3 1 13 2 2 3 1 31 1 107
38962 3 1 8 2 2 3 1 31 1 107
38963 3 1 10 2 2 3 1 31 1 107
38964 3 1 14 2 2 3 1 31 1 107
38965 2 1 10 2 1 3 1 31 1 107
38966 2 1 14 2 1 3 1 31 1 107
38967 2 1 12 2 1 3 1 31 1 107
38968 3 1 8 2 2 3 1 31 1 107
38969 3 1 12 2 2 3 1 31 1 107
38970 3 1 14 2 2 3 1 31 1 107
38971 3 1 11 2 2 3 1 31 1 107
38972 3 1 7 2 2 3 1 31 1 107
38973 3 1 9 2 2 3 1 31 1 107
38974 
38975 
38976 1 1 14 2 1 31 1 88
38977 1 1 10 2 1 31 1 88
38978 1 1 12 2 1 31 1 88
38979 1 1 8 2 1 31 1 88
38980 3 1 10 2 2 3 1 31 1 107
38981 3 1 12 2 2 3 1 31 1 107
38982 3 1 7 2 2 3 1 31 1 107
38983 3 1 9 2 2 3 1 31 1 107
38984 2 15 2 19 1 62 1 123
38985 5 15 1 21 1 31 1 48 1 58
38986 
38987 
38988 
38989 1 1 1 2 10 15 1 18 1 162
38990 3 1 21 2 1 161
38991 1 2 10 15 1 18 1 108 1 162
38992 1 1 4 2 10 15 1 18 1 50 1 162
38993 1 1 9 2 10 15 1 18 1 162
38994 
38995 1 1 5 2 10 15 1 18 1 162
38996 1 1 2 2 10 15 1 18 1 162
38997 1 1 11 2 10 15 1 18 1 162
38998 1 1 6 2 10 15 1 18 1 162
38999 2 1 1 2 1 3 10 15 1 18 1 162
39000 3 1 1 2 1 4 10 15 1 18 1 162
39001 
39002 1 1 4 2 8 15 1 18 1 50 2 123 1 162
39003 2 1 3 2 1 3 10 15 1 18 1 162
39004 2 1 3 2 1 3 10 15 1 18 1 162
39005 2 1 5 2 1 3 8 15 1 18 2 123 1 162
39006 4 1 5 2 1 3 8 15 1 18 2 53 1 162
39007 2 1 5 2 1 3 10 15 1 18 1 162
39008 
39009 1 1 4 2 10 15 1 18 1 162
39010 
39011 2 1 7 2 1 3 10 15 1 18 1 162
39012 1 1 12 2 10 15 1 18 1 162
39013 3 1 2 2 1 4 10 15 1 18 1 162
39014 2 1 2 2 1 3 10 15 1 18 1 162
39015 
39016 
39017 2 1 9 2 1 3 10 15 1 18 1 162
39018 4 1 3 2 1 3 1 4 10 15 1 18 1 162
39019 3 1 1 48 1 167 8 168 3 169 3 170 1 172 1 179 2 180
39020 
39021 2 1 2 2 1 3 10 15 1 18 1 162
39022 2 1 7 2 1 3 8 15 1 18 2 20 1 162
39023 2 1 3 2 1 3 8 15 1 18 2 20 1 162
39024 
39025 1 1 1 2 8 15 1 18 2 20 1 162
39026 1 2 15 15 1 18 1 21 1 50 1 162
39027 2 1 5 2 1 3 8 15 1 18 2 20 1 162
39028 1 1 7 2 8 15 1 18 2 20 1 162
39029 2 1 5 2 1 3 9 15 1 18 1 20 1 162
39030 
39031 
39032 1 1 5 2 8 15 1 18 2 20 1 162
39033 2 1 3 2 1 3 8 15 1 18 2 20 1 162
39034 4 1 3 2 1 3 1 4 8 15 1 18 2 20 1 162
39035 
39036 1 1 9 2 8 15 1 18 2 20 1 162
39037 3 1 2 15 1 39 3 53
39038 
39039 
39040 
39041 1 15 2 19 1 62 2 126
39042 
39043 
39044 
39045 
39046 
39047 
39048 
39049 
39050 6 1 1 8 6 15 1 18 4 21 1 63 1 67
39051 
39052 
39053 
39054 
39055 
39056 
39057 
39058 
39059 
39060 
39061 
39062 
39063 
39064 
39065 1 1 1 2 1 31 1 41 1 55
39066 1 29 1 168 4 169 1 171 1 176 2 180
39067 2 1 2 169 2 175 2 176 2 180
39068 
39069 
39070 
39071 
39072 
39073 
39075 2 1 1 2 1 3 3 15 1 20 1 21 1 49 1 99 1 108
39076 1 1 2 2 5 15 2 19 1 53 1 91 3 123
39077 
39078 
39079 
39080 
39081 
39082 
39083 
39084 
39085 
39086 
39087 
39088 
39089 
39090 
39091 
39092 
39093 
39094 
39095 
39096 
39097 
39098 
39099 
39100 
39101 
39102 
39103 
39104 
39105 
39106 
39107 
39108 
39109 
39110 
39111 
39112 
39113 
39114 
39115 
39116 
39117 
39118 
39119 
39120 1 1 2 15 1 19 1 20 1 21 1 30
39121 
39122 
39123 
39124 
39125 
39126 
39127 
39128 
39129 
39130 
39131 
39132 
39133 
39134 
39135 
39136 
39137 
39138 
39139 
39140 
39141 
39142 
39143 
39144 
39145 
39146 
39147 
39148 
39149 
39150 
39151 
39152 
39153 
39154 
39155 
39156 
39157 
39158 
39159 
39160 
39161 
39162 
39163 
39164 
39165 
39166 
39167 
39168 
39169 
39170 
39171 
39172 
39173 
39174 
39175 
39176 
39177 
39178 
39179 
39180 2 1 8 15 3 18 1 23 1 48 1 49 1 50 2 67 3 129
39181 
39182 
39183 
39184 
39185 
39186 
39187 
39188 
39189 
39190 
39191 
39192 
39193 
39194 
39195 
39196 
39197 
39198 2 1 1 8 1 31 1 119 1 130 2 169 1 170
39199 
39200 
39201 
39202 
39203 
39204 
39205 
39206 
39207 3 15 2 17 1 124 1 168 1 175 1 180
39208 1 29 1 31 2 168 2 169 1 175
39209 
39210 
39211 
39212 4 15 2 17 5 168 1 170 2 175 1 180
39213 9 15 2 17 1 18 1 169 2 175 1 180
39214 2 1 1 2 5 15 1 18 1 48 1 169 1 173 2 175 1 180
39215 2 1 1 2 4 15 1 18 1 48 1 123 1 169 1 173 2 175 1 180
39216 8 15 2 17 1 18 1 123 1 169 2 175 1 180
39217 8 15 2 17 1 18 1 20 1 169 2 175 1 180
39218 8 15 2 17 1 18 1 123 1 169 2 175 1 180
39219 8 15 2 17 1 18 1 19 1 169 2 175 1 180
39220 
39221 
39222 
39223 2 1 1 2 4 15 1 18 1 48 1 80 1 169 1 173 2 175 1 180
39224 8 15 2 17 1 18 1 80 1 169 2 175 1 180
39225 2 1 15 15 4 16 2 18 2 19 1 22
39226 
39227 
39228 1 1 8 15 2 17 1 18 1 53 1 169 2 175 1 180
39229 2 1 1 2 4 15 1 18 1 48 1 126 1 169 1 173 2 175 1 180
39230 2 1 1 2 4 15 1 18 1 48 1 80 1 169 1 173 2 175 1 180
39231 
39232 
39233 2 1 14 15 4 16 2 18 2 19 1 20 1 22
39234 8 15 2 17 1 18 1 126 1 169 2 175 1 180
39235 1 1 8 15 2 17 1 18 1 45 1 169 2 175 1 180
39236 
39237 2 1 14 15 4 16 2 18 2 19 1 22 1 123
39238 
39239 4 15 2 17 4 168 1 170 2 175 1 179 1 180
39240 
39241 
39242 
39243 
39244 
39245 
39246 
39247 
39248 
39249 
39250 
39251 
39252 
39253 
39254 
39255 
39256 
39257 
39258 
39259 
39260 
39261 
39262 
39263 1 8 4 15 1 18 2 72 1 124
39264 1 1 1 8 4 15 1 18 1 53 2 72
39265 1 8 4 15 1 18 2 72 1 126
39266 1 8 4 15 1 18 1 30 2 72
39267 1 8 4 15 1 18 1 30 2 72
39268 1 8 4 15 1 18 1 30 2 72
39269 1 8 3 15 1 18 2 72 1 123 1 124
39270 
39271 
39272 
39273 1 1 1 8 3 15 1 18 1 30 1 53 2 72
39274 1 8 3 15 1 18 2 30 2 72
39275 
39276 
39277 
39278 
39279 
39280 
39281 
39282 
39283 
39284 1 1 3 15 2 17 1 80 2 168 1 176
39285 
39286 
39287 
39288 
39289 
39290 
39291 
39292 
39293 2 1 2 2 1 5 9 15 2 18 3 19 1 21 1 50 2 53 1 67
39294 
39295 
39296 
39297 
39298 
39299 
39300 
39301 
39302 
39303 
39304 
39305 
39306 
39307 
39308 
39309 
39310 
39311 
39312 
39313 
39314 
39315 
39316 4 1 10 2 2 3 1 29 1 41 1 42 1 149
39317 
39318 
39319 
39320 
39321 
39322 
39323 
39324 
39325 
39326 
39327 
39328 
39329 
39330 
39331 
39332 
39333 
39334 
39335 
39336 
39337 
39338 
39339 
39340 
39341 
39342 
39343 1 1 1 31 1 88 1 139
39344 1 1 1 2 3 15 1 30 1 39 1 53
39345 
39346 
39347 
39348 
39349 
39350 
39351 
39352 
39353 
39354 
39355 
39356 
39357 
39358 
39359 
39360 
39361 
39362 
39363 
39364 
39365 
39366 
39367 
39368 
39369 
39370 
39371 
39372 
39373 
39374 
39375 
39376 
39377 
39378 
39379 
39380 
39381 
39382 
39383 
39384 
39385 
39386 
39387 
39388 
39389 
39390 
39391 
39392 
39393 
39394 
39395 
39396 
39397 
39398 
39399 
39400 
39401 
39402 
39403 
39404 
39405 3 15 2 17 1 21 1 128 1 168 2 179
39406 
39407 
39408 
39409 
39410 
39411 
39412 
39413 
39414 
39415 
39416 
39417 
39418 
39419 
39420 
39421 
39422 
39423 
39424 
39425 
39426 
39427 
39428 
39429 
39430 
39431 
39432 
39433 
39434 
39435 
39436 
39437 
39438 
39439 
39440 
39441 
39442 
39443 
39444 
39445 
39446 
39447 
39448 
39449 
39450 
39451 
39452 
39453 
39454 
39455 
39456 
39457 
39458 
39459 
39460 1 2 5 15 1 21 1 31 1 48 1 59 1 86
39461 
39462 
39463 
39464 
39465 
39466 
39467 
39470 
39471 
39472 1 1 4 15 2 18 2 19 1 21 2 62 1 123
39473 
39474 
39475 
39476 
39477 
39478 
39479 1 1 1 2 1 3 5 15 1 21 1 29
39480 1 1 2 2 5 15 1 22 1 29
39481 1 1 1 2 4 15 1 20 1 22 1 29
39482 
39483 
39484 
39485 
39486 
39487 
39488 
39489 
39490 
39491 
39492 
39493 
39494 
39495 
39496 
39497 
39498 
39499 
39500 
39501 
39502 
39503 
39504 
39505 
39506 
39507 3 15 2 17 1 30 1 168 2 179
39508 2 1 1 8 8 15 2 18 1 20 1 21 1 48 1 119 1 130 2 169 1 170
39509 
39510 
39511 
39512 
39513 
39514 
39515 
39516 
39517 
39518 
39519 
39520 
39521 
39522 
39523 
39524 
39525 
39526 3 15 2 17 1 30 2 168 1 175 1 180
39527 
39528 1 1 3 2 1 4 2 29 1 31
39529 
39530 
39531 
39532 
39533 
39534 
39535 
39536 
39537 
39538 
39539 
39540 3 1 2 2 1 3 1 148
39541 2 1 2 2 1 148
39542 3 1 1 2 1 3 1 148
39543 
39544 
39545 
39546 
39547 
39548 
39549 
39550 
39551 
39552 
39553 1 1 7 2 1 6 1 38
39554 
39555 
39556 
39557 
39558 
39559 2 1 3 15 1 39 2 53
39560 2 1 1 2 3 15 1 39 2 53
39561 3 15 2 30 1 39
39562 3 15 1 39 2 126
39563 2 1 1 3 4 15 1 39 1 41 1 53
39564 3 15 1 30 1 39 1 126
39565 
39566 
39567 
39568 
39569 
39570 3 1 1 2 4 168 1 169 1 170
39571 10 2 2 128
39572 3 15 1 19 1 32 1 126
39573 2 1 2 2 1 3 5 168 1 169
39574 9 15 1 18 1 62 1 147
39575 
39576 
39577 
39578 
39579 
39580 
39581 
39582 
39583 
39584 
39585 
39586 
39587 
39588 
39589 
39590 
39591 
39592 
39593 
39594 
39595 
39596 
39597 
39598 
39599 
39600 
39601 
39602 
39603 
39604 
39605 
39606 4 15 2 17 2 29 1 170 2 180
39607 1 1 6 15 2 16 1 53 1 71
39608 
39609 
39610 
39611 1 1 3 2 1 15 2 19 1 20 1 80 1 149
39612 1 1 13 2 1 29 4 50 1 149
39613 
39614 
39615 
39616 
39617 4 1 12 2 2 3
39618 4 1 16 2 2 3
39619 1 1 1 2 1 5 3 168 2 169
39620 
39621 
39622 
39623 3 1 2 72 1 168 1 170 1 173 1 175 1 178
39624 
39625 
39626 
39627 
39628 
39629 
39630 
39631 
39632 
39633 
39634 
39635 
39636 
39637 
39638 
39639 
39640 2 1 4 2 1 3 1 31 1 107
39641 
39642 
39643 
39644 2 15 1 21 1 60 1 62 2 126 5 168 1 169
39645 
39646 2 15 1 18 1 29 1 58 1 62 2 126 4 168 2 169
39647 
39648 2 1 1 7 1 41 1 48
39649 2 1 2 2 1 7 1 41 1 48
39650 2 1 4 2 1 7 1 41 1 48
39651 2 1 6 2 1 7 1 41 1 48
39652 4 1 2 3 1 7 1 41 1 48
39653 2 1 5 2 1 7 1 48
39654 
39655 
39656 
39657 
39658 4 15 1 37 1 106 2 123 4 124
39659 
39660 
39661 
39662 
39663 
39664 
39665 
39666 
39667 
39668 
39669 
39670 
39671 
39672 
39673 
39674 
39675 
39676 
39677 
39678 
39679 3 1 1 3 3 168 2 169 1 180
39680 3 1 1 3 1 29 3 168 1 170 1 172
39681 2 1 2 2 1 6 1 41 2 168 2 169 1 180
39682 
39683 4 168 2 169 2 180
39684 
39685 
39686 
39687 
39688 
39689 
39690 
39691 
39692 
39693 8 15 2 20 2 147
39694 
39695 
39696 
39697 
39698 
39699 
39700 
39701 
39702 
39703 
39704 
39705 
39706 
39707 
39708 
39709 3 15 1 30 1 32 1 62
39710 
39711 
39712 
39713 
39714 
39715 
39716 
39717 
39718 
39719 
39720 
39721 
39722 
39723 
39724 
39725 
39726 
39727 
39728 
39729 
39730 
39731 
39732 
39733 
39734 
39735 
39736 
39737 
39738 
39739 
39740 
39741 
39742 
39743 
39744 
39745 
39746 
39747 
39748 
39749 
39750 
39751 
39752 
39753 
39754 
39755 
39756 
39757 
39758 2 116 1 118 4 119
39759 
39760 
39761 
39762 
39763 
39764 
39765 
39766 
39767 
39768 
39769 
39770 
39771 
39772 
39773 
39774 
39775 
39776 
39777 
39778 
39779 
39780 
39783 
39784 
39785 
39786 
39787 
39788 
39789 1 1 3 15 1 21 1 30 1 31 1 53
39790 
39791 
39792 1 1 9 2 1 5 1 41
39793 1 1 1 5 1 7 1 48
39794 4 15 1 71 1 123
39795 
39796 
39797 
39798 
39799 
39800 
39801 
39802 
39803 
39804 
39805 
39806 
39807 
39808 
39809 
39810 
39811 
39812 
39813 
39814 
39815 
39816 
39817 
39818 
39819 
39820 
39821 1 1 5 15 1 22 1 31
39822 8 1 3 4
39823 1 1 1 6 1 127
39824 
39825 1 31 1 117 1 118
39826 
39827 1 2 1 33 1 128
39828 4 1 1 50 3 168 2 169 2 170
39829 2 1 2 118
39830 
39831 
39832 
39833 
39834 
39835 
39836 
39837 
39838 
39839 
39840 
39841 
39842 
39843 
39844 1 1 4 15 1 18 1 20 1 48 2 168 1 169 1 176 1 180
39845 1 1 5 15 1 18 1 48 2 168 1 169 1 176 1 180
39846 1 1 4 15 1 18 1 48 1 123 2 168 1 169 1 176 1 180
39847 1 1 4 15 1 18 1 20 1 48 2 168 1 169 1 176 1 180
39848 2 1 4 15 1 18 1 48 1 53 2 168 1 169 1 176 1 180
39849 1 1 4 15 1 18 1 30 1 48 2 168 1 169 1 176 1 180
39850 
39851 
39852 1 1 4 15 1 18 1 48 1 65 1 154 2 168 1 169 1 176 1 180
39853 1 1 3 15 1 18 1 48 1 123 1 124 2 168 1 169 1 176 1 180
39854 1 1 4 15 1 18 1 48 1 80 2 168 1 169 1 176 1 180
39855 
39856 
39857 
39858 
39859 
39860 
39861 
39862 
39864 1 1 4 2 8 15 2 18 1 53 1 66 1 123
39865 1 1 4 2 8 15 2 18 1 53 1 66 1 123
39866 
39867 
39868 
39869 
39870 
39871 
39872 
39873 
39874 
39875 1 81 3 83 6 169 1 170 3 179
39876 
39877 
39878 
39879 
39880 
39881 
39882 
39883 
39884 
39885 
39886 
39887 
39888 
39889 
39890 
39891 
39892 
39893 
39894 
39895 
39896 
39897 
39898 
39899 
39900 
39901 
39902 
39903 
39904 
39905 
39906 
39907 
39908 
39909 
39910 
39911 
39912 
39913 
39914 1 1 6 168 3 169
39915 4 15 1 21 1 30 1 31 1 55
39916 1 1 4 15 1 45 1 80
39917 2 1 3 2 1 3 1 54
39918 2 1 2 2 1 3 1 54
39919 3 1 1 2 2 3 1 57
39920 2 1 8 2 1 55
39921 2 1 10 2 1 55
39922 2 1 6 2 1 55
39923 2 1 2 2 1 3 1 57
39924 12 15 3 18 3 19 3 53 3 123
39925 
39926 6 23 18 129
39927 
39928 
39929 
39930 3 15 1 30 1 32 1 80
39931 6 119 6 170
39932 6 119 4 170 1 173
39933 6 119 2 170 2 173
39934 
39935 
39936 3 1 1 3 3 15 1 18 1 19 1 32 1 170 1 175 1 178 1 180
39937 4 15 4 17 1 20 3 30 2 180
39938 
39939 
39940 
39941 
39942 
39943 
39944 
39945 
39946 
39947 
39948 
39949 
39950 
39951 
39952 
39953 
39954 
39955 
39956 
39957 
39958 
39959 
39960 
39961 
39962 
39963 3 15 2 19 1 81
39964 3 1 1 2 1 3 3 168 2 169
39965 4 1 1 3 2 168 3 169
39966 1 1 5 168 3 169
39967 9 168 4 169
39968 3 1 2 2 1 3 4 168 2 169
39969 3 1 1 2 3 168 3 169
39970 2 1 4 2 3 168 2 169
39971 1 1 3 2 12 15 2 18 1 30 1 37 2 53
39972 
39973 1 113 1 130
39974 1 1 1 72
39975 
39976 
39977 1 1 1 29
39978 1 1 1 2 1 29
39979 1 111 1 130
39980 
39981 
39982 
39983 
39984 
39985 
39986 
39987 
39988 
39989 
39990 
39991 
39992 
39993 
39994 
39995 
39997 
39998 
39999 
40000 
40001 
40002 
40003 
40004 
40005 
40006 
40007 
40008 
40009 
40010 
40011 
40012 
40013 
40014 
40015 
40016 
40017 
40018 
40019 
40020 
40021 
40022 
40023 
40024 
40025 
40026 
40027 
40028 
40029 
40030 
40031 
40032 
40033 
40034 1 1 1 31 1 109
40035 
40036 2 1 2 2 1 50 1 168 2 169 2 179
40037 
40038 
40039 
40040 
40041 
40042 
40043 
40044 2 1 4 15 1 18 1 65 1 72 1 126 2 168 1 169 1 170 2 173 1 179 1 180
40045 2 1 4 15 1 18 1 65 1 72 1 123 2 168 1 169 1 170 2 173 1 179 1 180
40046 2 1 4 15 1 18 1 30 1 65 1 72 2 168 1 169 1 170 2 173 1 179 1 180
40047 3 1 4 15 1 18 1 53 1 65 1 72 2 168 1 169 1 170 2 173 1 179 1 180
40048 3 1 3 15 1 18 1 30 1 53 1 65 1 72 2 168 1 169 1 170 2 173 1 179 1 180
40049 4 1 4 15 1 18 1 64 1 65 1 72 2 168 1 169 1 170 2 173 1 179 1 180
40050 2 1 4 15 1 18 1 65 1 72 1 124 2 168 1 169 1 170 2 173 1 179 1 180
40051 3 1 3 15 1 18 1 30 1 53 1 65 1 72 2 168 1 169 1 170 2 173 1 179 1 180
40052 
40053 
40054 1 117 1 118 1 128
40055 1 128 2 168 1 176 2 180
40056 
40057 
40058 
40059 
40061 
40062 
40063 4 2 12 15 4 16 2 18 2 29 2 53
40064 1 2 4 15 2 17 1 29 1 176 2 180
40065 2 2 4 15 2 17 1 29 1 176 2 180
40066 2 1 13 2 1 3 1 38
40067 
40068 6 1 6 2 4 3
40069 
40070 
40071 
40072 
40073 
40074 
40075 
40076 
40077 
40078 
40079 
40080 1 1 13 2 2 6 1 128
40081 
40082 
40083 
40084 
40085 
40086 2 1 4 2 5 15 1 18 1 48 1 50 1 61 4 168 1 170
40087 
40088 
40089 3 1 2 15 1 25 1 31 3 53
40090 
40091 
40092 
40097 
40098 
40099 
40100 
40101 
40102 
40103 
40104 
40105 
40106 
40107 
40108 
40109 
40110 
40111 
40112 
40113 
40114 
40115 
40116 
40117 
40118 
40119 
40120 
40121 
40122 
40123 
40124 
40125 
40126 
40127 
40128 
40129 
40130 
40131 
40132 
40133 
40134 
40135 
40136 
40137 
40138 
40139 4 2 8 15 2 18 2 30 2 66
40140 1 1 1 65 1 149
40141 3 1 2 2 1 4 1 31 1 48 1 59 1 86
40142 1 1 3 2 1 29 1 41
40143 1 1 1 2 1 40 1 41
40144 1 1 2 2 1 40 1 41
40145 1 1 4 2 1 40 1 41
40146 1 1 8 2 1 29 1 41
40147 1 1 3 2 1 40 1 41
40148 1 1 8 2 1 40 1 41
40149 
40150 
40159 1 1 3 2 7 15 4 17 1 23 1 60 3 129 1 176 1 181
40160 
40161 3 15 1 32 1 62 1 80
40162 
40163 5 15 1 119 1 147
40164 5 15 1 49 1 53 1 149
40165 5 15 1 53 1 122
40166 
40167 
40168 
40171 
40172 
40173 
40174 
40175 
40176 
40177 7 15 1 18 1 53 3 126
40178 5 15 1 18 1 53 5 126
40179 4 15 1 18 1 53 6 126
40180 
40181 
40182 
40183 
40184 
40185 3 1 1 2 4 15 1 18 1 48 1 53 1 169 1 173 2 175 1 180
40186 
40187 
40188 
40189 
40190 
40191 
40192 
40193 
40194 
40195 
40196 
40197 
40198 
40199 
40200 3 1 1 168 1 170 1 172 2 180
40201 1 1 17 2 1 5 1 48
40202 4 1 3 2 1 4 2 149
40203 
40204 
40205 
40206 5 15 4 17 2 30 1 32 2 180
40207 1 1 5 2 4 15 1 37 1 53 5 168 1 176
40208 
40209 1 2 4 15 1 22 1 31 1 54 1 123
40210 
40211 
40212 
40221 1 1 1 2 1 6 1 29
40222 
40223 
40224 1 1 1 2 12 15 2 18 1 19 1 21 1 28
40225 1 1 1 2 11 15 2 18 2 19 1 21 1 28
40226 1 1 1 2 11 15 2 18 2 19 1 21 1 28
40227 1 1 1 2 10 15 2 18 3 19 1 21 1 28
40228 1 1 12 15 2 18 1 19 1 28 1 53
40229 1 1 11 15 2 18 2 19 1 28 1 53
40230 1 1 11 15 2 18 2 19 1 28 1 53
40231 1 1 10 15 2 18 3 19 1 28 1 53
40232 
40233 
40234 
40235 3 15 1 19 1 21 1 123 1 130
40236 3 1 6 2 1 41 1 42
40237 
40238 
40239 3 1 1 2 1 52 1 134
40240 7 1 2 2 1 4 2 52 1 137
40241 4 1 2 4 1 14 2 137
40242 3 1 2 2 1 4 1 5 1 14 1 50
40243 
40244 
40245 
40246 
40247 
40248 6 1 2 6 2 48 2 52
40249 6 1 2 4 2 8 2 31
40250 4 1 1 6 1 48 1 52
40251 4 1 2 41 1 52
40252 4 1 1 6 2 48 1 52
40253 3 1 1 2 1 5 1 6 2 48 1 52
40254 3 1 1 2 1 5 2 41 1 52
40255 
40256 
40257 
40258 
40259 
40260 
40261 1 2 1 15 2 16 4 19 1 29 1 62 1 63 3 168 3 169 1 171
40262 
40263 3 15 1 19 1 23 1 68 1 97 3 129
40264 
40265 
40266 1 1 4 15 1 45 1 65 1 154
40267 
40268 
40269 
40270 
40271 
40272 1 38 3 168 1 169 1 179
40273 1 38 3 168 1 169 1 179
40274 9 15 1 18 1 37 1 126
40275 
40276 
40277 
40278 
40279 
40280 
40281 2 1 4 15 1 64 1 72 1 147
40282 2 1 1 13 1 29 8 168 3 169 3 170 1 172 1 180
40283 
40284 
40285 
40286 4 1 3 2 1 15 2 17 1 21 1 30 1 32 2 168 2 169 1 170 1 172 1 179
40287 3 1 3 2 1 7 1 15 1 18 1 21 2 30 1 32 2 168 2 169 1 172
40288 4 1 5 2 2 8 1 15 2 21 2 30 1 32
40289 3 1 4 2 2 15 2 17 1 21 1 29 1 30 2 168 2 169 1 170 1 172 1 179
40290 3 1 3 2 2 15 2 17 1 21 1 30 1 31 2 168 2 169 1 170 1 172 1 179
40291 4 1 3 2 2 15 2 17 1 21 1 30 2 168 2 169 1 170 1 172 1 179
40292 4 1 3 2 2 15 2 17 1 21 1 30 2 168 2 169 1 170 1 172 1 179
40293 4 1 3 2 2 15 2 17 1 21 1 30 2 168 2 169 1 170 1 172 1 179
40294 4 1 3 2 2 15 2 17 1 21 1 30 3 168 1 169 1 170 1 173 1 179
40295 4 1 3 2 2 15 2 17 1 21 1 30 3 168 1 169 1 170 1 173 1 179
40296 5 1 3 2 2 15 2 17 1 21 1 30 3 168 3 170 1 174 1 179
40297 4 1 5 2 1 8 2 15 2 17 1 21 1 30 1 170 1 171 1 179
40298 4 1 1 2 2 15 2 17 1 21 1 30 2 168 2 169 1 170 1 172 1 179
40299 3 1 1 2 1 7 2 15 1 18 1 21 2 30 2 168 2 169 1 172
40300 1 1 11 2 4 6 1 29 1 88
40301 1 1 10 2 4 6 1 29 1 34 1 135
40302 1 1 1 2 3 15 1 18 2 20 1 49 1 164 4 168 1 169 1 170 1 173 1 175 1 180
40303 
40304 
40305 
40306 2 1 3 15 1 39 2 53
40307 2 1 3 15 1 39 2 53
40308 2 1 3 15 1 30 2 53
40309 2 1 3 15 1 39 2 53
40310 2 1 3 15 1 30 2 53
40311 2 15 2 19 1 80 1 81
40312 
40313 
40314 
40316 
40317 
40318 
40319 
40320 
40321 2 1 1 29 1 41 1 42
40322 2 1 2 2 1 29 1 41 1 42
40323 2 1 4 2 1 29 1 41 1 42
40324 2 1 6 2 1 29 1 41 1 42
40325 2 1 8 2 1 29 1 41 1 42
40326 
40327 3 1 3 2 1 29 1 42 4 168 6 169 1 171 1 172 1 179 1 180
40328 1 1 3 2 9 15 2 18 1 21
40329 
40330 
40331 9 15 4 16 1 126
40332 9 15 4 16 1 123
40333 
40334 
40335 8 15 4 16 2 126
40336 11 15 6 16 1 126
40337 10 15 6 16 2 126
40338 2 2 1 3 3 49
40339 
40340 
40341 
40342 
40343 
40344 
40345 
40346 
40347 
40348 
40349 
40350 
40351 
40352 
40353 
40354 
40355 
40356 
40357 
40358 2 128 5 168 2 169
40359 
40360 
40361 
40362 
40363 
40364 
40365 
40366 1 2 1 3 1 29 1 31 1 54 1 107
40367 1 2 1 3 2 31 1 54 1 107
40368 3 15 1 18 2 20 1 29 1 49 4 168 1 169 1 170 1 173 1 175 1 180
40375 1 5 5 15 1 45
40376 1 1 5 2 1 5 1 41
40377 1 5 5 118 1 119
40378 
40379 
40380 
40381 
40382 
40383 
40384 
40385 
40386 
40387 
40388 
40389 
40390 
40391 
40392 
40393 
40394 
40395 
40396 
40397 
40398 6 129 3 170 1 171
40399 
40400 
40401 
40402 
40403 
40404 
40405 
40406 2 1 1 3 1 31 1 55 2 88
40407 4 2 1 3 2 31 1 54 1 55 1 107
40408 5 2 1 3 2 31 1 54 1 55 1 107
40409 3 1 1 4 1 134
40410 3 1 2 2 1 3 1 144
40411 2 1 2 2 1 3 1 138
40412 2 1 2 2 1 3 1 138
40413 1 1 1 142 3 168 2 169
40414 1 1 1 142 3 168 2 169
40415 1 1 1 142 4 168 1 170
40416 3 1 1 2 1 3 1 139
40417 3 1 1 2 1 3 1 139
40418 2 1 2 2 1 139
40419 4 1 1 2 1 3 1 145
40420 5 1 1 4 1 145
40421 
40422 
40423 
40424 2 15 1 19 3 20
40425 
40426 
40427 
40428 
40429 
40430 
40431 
40432 
40433 
40434 1 9 2 15 1 18 1 62 2 65 3 130 2 154
40435 
40436 
40437 
40438 
40439 
40440 
40441 
40442 
40443 
40444 
40445 
40446 
40447 
40448 
40449 
40450 
40451 
40452 
40453 
40454 
40455 
40456 
40457 
40458 
40459 
40460 
40461 
40462 
40463 
40464 
40465 
40466 
40467 
40468 
40469 
40470 
40471 
40472 
40473 
40474 
40475 4 1 1 50 1 65 1 149 1 168 3 169 3 170 5 179
40476 
40477 
40478 
40479 
40480 
40481 
40482 
40483 
40484 
40485 
40486 
40487 
40488 
40489 1 7 1 118 1 119 1 129
40490 
40491 1 1 7 15 2 16 1 18 1 19 2 53 1 94 1 106 1 123 2 168 1 169
40492 
40493 
40494 3 15 1 19 1 32 1 123
40495 2 1 7 15 1 18 1 25 1 30 2 53
40496 
40497 
40498 
40499 
40500 
40501 
40502 
40503 
40504 1 2 1 5 7 168 3 169
40505 1 2 1 5 7 168 3 169
40506 1 1 1 2 4 15 1 39 1 53
40507 2 1 2 29 2 42
40508 15 168 1 180
40509 17 168 1 180
40510 18 168 1 180
40511 
40512 
40513 
40514 
40515 
40516 
40517 
40518 
40519 
40520 
40521 
40522 
40523 
40524 
40525 
40526 
40527 
40528 2 1 1 2 1 29 2 168 2 169 1 170 1 172
40529 2 1 2 2 1 40 2 168 2 169 1 170 1 172
40530 1 1 1 2 1 7 1 29 3 168 1 169 1 172
40531 
40532 
40533 
40534 
40535 
40536 
40537 
40538 
40540 
40541 
40542 8 15 1 18 1 19 1 106 1 123
40543 
40544 
40547 
40548 
40549 
40550 
40551 
40552 
40553 
40554 
40555 
40556 
40557 
40558 
40559 
40560 
40561 
40562 
40564 
40565 
40566 
40567 
40568 
40569 
40570 
40571 
40572 2 1 1 3 1 5 1 107
40573 
40574 
40575 5 1 10 2 2 3 1 91
40576 
40577 
40578 
40579 
40580 
40581 
40582 
40583 
40584 
40585 
40586 
40587 
40588 
40589 
40590 4 15 2 17 1 65 1 72 1 169 1 170 1 173 2 175 1 176 3 180
40591 3 15 2 17 1 65 1 72 1 124 1 169 1 170 1 173 2 175 1 176 3 180
40592 3 15 2 17 1 65 1 72 1 123 1 169 1 170 1 173 2 175 1 176 3 180
40593 3 15 2 17 1 65 1 72 1 126 1 169 1 170 1 173 2 175 1 176 3 180
40594 3 15 2 17 1 20 1 65 1 72 1 169 1 170 1 173 2 175 1 176 3 180
40595 
40596 
40597 
40598 1 1 3 15 2 17 1 53 1 65 1 72 1 169 1 170 1 173 2 175 1 176 3 180
40599 
40600 
40601 
40602 
40603 
40604 
40605 
40606 
40607 
40608 
40609 
40610 
40611 
40612 
40613 
40614 
40615 
40616 
40617 
40618 
40619 
40620 
40621 
40622 
40623 
40624 
40625 
40626 
40627 
40628 
40629 
40630 
40631 
40632 2 1 4 15 1 18 1 65 1 72 1 124 2 168 1 169 1 170 2 173 1 179 1 180
40633 2 1 4 15 1 18 1 65 1 72 1 80 2 168 1 169 1 170 2 173 1 179 1 180
40634 4 1 3 15 1 18 2 53 1 65 1 72 2 168 1 169 1 170 2 173 1 179 1 180
40635 2 1 4 15 1 18 1 65 1 72 1 80 2 168 1 169 1 170 2 173 1 179 1 180
40636 2 1 3 15 1 18 1 20 1 65 1 72 1 80 2 168 1 169 1 170 2 173 1 179 1 180
40637 1 2 2 119 1 151
40638 1 2 1 117 1 119 1 151
40639 1 2 3 15 2 19 1 119
40640 1 2 1 114 1 119 1 151
40641 1 2 3 15 2 19 1 114
40642 
40643 
40644 
40645 
40646 
40647 1 2 3 15 2 19 1 117
40648 
40649 
40650 
40651 
40652 
40653 
40654 
40655 
40656 
40657 
40658 
40659 
40660 
40661 
40662 
40663 
40664 
40665 
40666 
40667 
40668 
40669 
40670 4 15 1 63 1 65 1 80
40671 10 15 1 18 1 63 1 66
40672 2 1 14 2 2 41 2 50
40673 3 1 1 2 3 15 1 18 1 30 1 53 1 65 1 72 2 168 1 169 1 170 2 173 1 179 1 180
40674 3 19 3 124
40675 
40676 
40677 
40678 
40679 
40680 
40681 
40682 
40683 
40684 
40685 
40686 
40687 
40688 
40689 
40690 
40691 
40692 
40693 
40694 
40695 
40696 
40697 
40698 
40699 
40700 
40701 
40702 
40703 
40704 
40705 2 2 1 3 3 31
40706 
40707 
40708 
40709 
40710 
40711 
40712 
40713 
40714 
40715 
40716 
40717 
40718 
40719 
40720 
40721 
40722 
40723 
40724 
40725 
40726 
40727 
40730 
40731 
40732 12 15 2 17 2 18 2 30 1 170 1 179 1 182
40733 
40734 
40735 
40736 4 19 1 20 1 114
40737 4 19 1 62 1 114
40738 4 19 1 62 1 114
40739 1 1 3 15 2 30 1 37
40740 
40741 
40742 
40743 
40744 
40745 
40746 2 1 2 29 1 34 5 168 3 169 3 170 1 171 1 172 2 180
40747 2 1 2 128 1 170 2 176 2 180
40748 4 15 1 21 1 23 1 31 3 129
40749 3 15 1 62 1 123 1 124
40750 3 15 1 62 1 124 1 126
40751 5 1 3 2 2 3 1 29 7 168 4 169 2 170 2 172
40752 4 15 1 23 1 32 3 129
40753 4 15 1 25 1 31 1 124
40754 3 15 1 21 1 31 2 124
40755 4 15 1 23 1 25 1 31 3 129
40756 
40757 2 1 4 15 1 37 1 98
40758 3 15 1 21 1 31 2 124
40759 
40760 
40761 
40764 5 15 1 53 1 72
40765 9 15 2 18 1 53 1 72
40766 13 15 4 18 1 53 1 72
40767 4 15 2 53 2 72
40768 8 15 2 18 2 53 2 72
40769 12 15 4 18 2 53 2 72
40770 
40773 
40774 
40775 
40776 
40777 
40778 
40779 
40780 
40781 
40782 
40783 
40784 
40785 
40786 
40787 
40788 
40789 
40790 
40791 
40792 
40793 
40794 
40795 
40796 
40797 
40798 
40799 
40800 
40801 
40802 
40803 
40804 
40805 
40806 
40807 
40808 
40809 
40810 
40811 
40812 
40813 
40814 
40815 
40816 
40817 
40818 
40819 
40822 
40823 
40824 
40825 
40826 
40827 
40828 
40829 
40830 
40831 
40832 
40833 
40834 
40835 
40836 
40837 
40838 
40839 
40840 
40841 
40842 
40843 
40844 
40845 
40846 
40847 
40848 
40849 
40850 
40851 
40852 2 2 1 3 5 15 2 29 1 53
40853 1 2 5 15 1 21 1 29 1 136
40854 3 2 5 15 1 21 1 29 1 136
40855 2 1 3 2 1 3 1 29 1 136
40856 2 1 3 2 1 3 1 29 1 136
40857 
40858 
40859 
40860 
40863 2 1 4 2 8 15 3 18 1 21 4 168 2 169
40864 2 1 5 2 8 15 1 18 1 21 1 37 1 53 4 168 2 169
40865 
40866 
40867 
40868 
40869 
40870 
40871 
40872 
40873 
40874 
40875 
40876 
40877 
40878 
40879 
40880 
40881 
40882 
40883 
40884 
40885 
40886 
40887 
40888 
40889 
40890 
40891 
40892 
40893 
40894 2 1 1 2 1 3 1 29 1 136
40895 2 2 1 29 1 119 1 136
40896 
40897 
40898 2 1 6 2 1 3 1 29 1 136
40899 
40900 
40901 
40902 
40903 
40904 
40905 
40906 
40907 
40908 
40909 
40910 
40911 
40912 
40913 
40914 
40915 
40916 
40917 
40918 
40919 
40920 
40921 
40922 
40923 
40924 
40925 
40926 
40927 
40928 
40929 
40930 
40931 
40932 
40933 
40934 
40935 
40936 
40937 
40938 
40939 
40940 
40941 
40942 
40943 
40944 
40945 
40946 
40947 
40948 
40949 11 15 2 18 3 19 1 21
40950 2 1 1 2 8 19 2 21
40951 
40952 
40953 
40954 
40955 
40956 3 15 1 30 1 80 1 124
40957 3 15 1 30 1 80 1 124
40958 3 15 1 30 1 80 1 124
40959 3 15 1 30 1 80 1 124
40960 6 15 2 16 1 19 1 62
40961 
40962 4 15 1 18 1 30 1 33 4 168 2 176
40963 
40964 
40965 
40966 
40967 
40968 
40969 
40970 
40971 
40972 
40973 
40974 
40975 
40976 
40977 
40978 
40979 
40980 1 1 5 168 3 169 1 175
40981 
40983 
40984 3 1 2 2 1 3 3 50
40985 
40986 
40987 
40988 
40989 
40990 
40991 
40992 
40993 
40994 
40995 
40996 
40997 
40998 
40999 
41000 
41001 
41002 
41003 
41004 
41005 
41006 
41007 
41008 
41009 
41010 
41011 
41012 
41013 
41014 
41015 
41016 
41017 
41018 
41019 
41020 
41021 
41022 
41023 
41024 
41025 
41026 
41027 
41028 
41029 
41030 
41031 
41032 
41033 
41034 
41035 
41036 
41037 
41038 
41039 
41040 
41041 
41042 
41043 
41044 
41045 
41046 
41047 
41048 
41049 
41050 
41051 
41052 
41053 
41054 
41055 
41056 
41057 
41058 
41059 1 1 1 2 1 3 5 15 1 21 1 29
41060 1 1 1 2 1 3 5 15 1 21 1 29
41061 1 2 4 15 1 37 1 80 1 128
41062 1 2 4 15 1 37 1 123 1 128
41063 1 2 4 15 1 20 1 37 1 128
41064 1 1 1 2 4 15 1 37 1 53 1 128
41065 
41066 
41067 
41068 
41069 
41070 
41071 
41072 
41073 
41074 
41075 
41076 
41077 
41078 
41079 
41080 
41081 
41082 
41083 
41084 
41085 
41086 
41087 
41088 
41089 
41090 
41091 
41092 
41093 
41094 
41095 
41096 
41097 
41098 
41099 
41100 
41101 
41102 
41103 
41104 
41105 
41106 
41107 
41108 
41109 
41110 
41111 
41112 
41113 
41114 
41115 
41116 
41117 
41118 
41119 
41120 
41121 
41122 
41123 
41124 
41125 
41126 
41127 
41129 
41130 
41132 
41133 
41134 
41135 
41136 
41137 
41138 1 52 4 129
41139 
41140 
41141 1 9 1 118 6 129 2 170 1 179
41142 
41143 
41144 
41145 
41146 
41147 
41148 
41149 
41150 
41151 
41152 
41153 
41154 
41155 
41156 
41157 
41158 
41159 
41160 
41161 
41162 
41163 
41164 
41165 1 1 4 15 1 21 1 31 1 98
41166 3 1 3 2 3 15 2 21 1 50 1 99 1 108
41167 
41168 
41169 
41170 
41171 
41172 
41173 
41174 
41175 
41176 
41177 
41178 
41179 
41180 
41181 
41182 
41183 
41184 
41185 
41186 
41187 
41188 
41189 
41190 
41191 
41192 1 1 1 2 1 3 5 15 3 19 1 23 1 29 2 124 4 168 1 174 1 176
41193 2 1 2 2 2 164
41194 
41195 
41196 
41197 
41198 
41199 
41200 
41201 
41202 
41203 2 1 1 2 3 15 1 20 1 21 1 50 1 99 1 108
41204 
41205 
41206 
41207 2 1 1 8 6 15 1 18 4 20 1 63 1 67
41210 
41211 
41212 
41213 
41214 
41215 
41216 
41217 
41218 
41219 
41220 1 1 6 2 4 15 2 17 3 168 1 169
41221 1 1 8 2 4 15 2 17 3 168 1 169
41222 
41223 
41224 
41225 
41226 
41227 
41228 
41229 
41231 2 1 1 2 1 3 4 15 1 20 1 21
41232 2 1 3 2 1 3 4 15 1 20 1 21
41233 2 1 4 2 1 3 4 15 1 20 1 21
41234 
41235 
41236 
41237 
41238 
41239 
41240 
41241 2 1 5 2 1 3 4 15 1 20 1 21
41242 2 1 6 2 1 3 4 15 1 20 1 21
41243 
41244 2 1 7 2 1 3 4 15 1 20 1 21
41245 2 1 8 2 1 3 4 15 1 20 1 21
41246 3 1 1 2 1 3 4 168 2 169
41247 3 1 2 2 1 3 4 168 2 169
41248 3 1 3 2 1 3 4 168 2 169
41249 3 1 4 2 1 3 4 168 2 169
41250 
41251 
41252 
41253 
41255 1 3 10 15 2 21 1 31 1 55 1 107
41256 1 2 1 3 5 15 1 21 2 31 1 55 1 107
41257 1 3 9 15 2 21 1 30 1 31 1 55 1 107
41258 
41259 
41260 4 1 2 2 2 52 2 137
41261 
41262 
41263 
41264 
41265 
41266 
41267 
41268 
41269 
41270 
41271 
41272 
41273 
41274 
41275 
41276 
41277 1 2 5 15 1 25 1 48 1 108
41278 
41279 
41280 
41281 
41282 
41283 
41284 
41285 
41286 
41287 
41288 
41289 
41290 
41291 
41292 
41293 
41294 
41295 
41296 
41297 
41298 
41299 
41300 
41301 
41302 
41303 2 15 2 19 1 62 1 126
41304 
41305 
41306 3 1 2 15 1 25 1 31 3 53
41307 1 1 3 2 3 15 2 20 1 98 4 168 1 169 1 176
41308 
41309 
41310 3 15 1 62 1 80 1 126
41311 6 168 6 169
41312 12 169
41313 8 168 2 173
41314 14 169 2 170
41315 
41316 
41317 
41318 8 168 4 170 2 179
41319 2 128 8 168 2 169 2 170
41320 
41321 
41322 
41323 
41324 
41326 
41327 
41328 
41329 
41330 1 3 1 29 10 168 2 169
41331 
41332 
41333 
41334 
41335 
41336 
41337 
41338 
41339 
41340 
41341 
41342 
41343 
41344 
41345 
41346 
41347 
41348 
41349 1 1 3 2 1 50 4 168 1 176 1 179
41350 2 2 1 5 1 50 4 168 1 176 1 179
41351 1 1 2 2 1 50 4 168 1 176 1 179
41352 1 2 1 5 1 50 4 168 1 176 1 179
41353 1 119 15 129 9 170
41354 3 118 1 119 11 129 6 170
41355 
41356 3 1 1 2 7 15 4 17 1 23 2 180
41357 1 1 3 2 7 15 4 17 1 21 2 180
41358 
41359 
41360 4 1 2 3 3 15 1 20 2 21
41361 
41362 
41363 
41364 
41365 
41366 
41367 
41368 
41369 
41370 
41371 
41372 
41373 
41374 
41375 
41376 
41377 
41378 
41379 
41380 
41381 
41382 
41383 
41384 
41385 
41386 
41387 
41388 
41389 
41390 
41391 
41392 
41393 
41394 
41395 
41396 
41397 
41398 
41399 
41400 
41401 
41402 
41403 
41404 
41405 
41406 
41407 
41408 
41409 
41410 
41411 
41412 
41413 
41414 
41415 
41416 
41417 4 1 8 15 1 18 1 21 2 64
41418 4 1 13 15 2 18 1 22 2 64
41419 6 1 12 15 2 18 1 22 3 64
41420 
41421 
41422 
41423 
41424 
41425 
41426 
41427 
41428 
41429 
41430 
41431 
41432 8 15 4 17 1 173 2 175 2 180
41433 
41434 
41435 
41436 
41437 
41438 
41439 
41440 
41441 
41442 
41443 
41444 
41445 
41446 
41447 
41448 
41449 
41450 
41451 
41452 
41453 
41454 
41455 
41456 
41457 3 15 1 19 1 94 1 123
41458 
41459 
41460 
41461 2 1 10 15 4 18 2 30 2 53 2 66
41462 
41463 
41464 
41465 
41466 
41467 
41468 
41469 
41470 
41471 
41472 
41473 
41474 
41475 
41476 
41477 
41478 
41479 
41480 
41481 
41482 
41483 
41484 
41485 
41486 
41487 
41488 
41489 
41490 
41491 
41492 
41493 
41494 
41495 
41496 
41497 
41498 
41499 
41500 
41501 
41502 
41503 
41504 
41505 
41506 
41507 
41508 
41509 
41510 
41511 
41512 
41513 
41514 
41515 
41516 
41517 
41518 
41519 
41520 
41521 
41522 
41523 
41524 
41525 
41526 
41527 
41528 
41533 12 168 1 171 1 179 1 180
41534 2 15 2 19 1 62 1 123
41535 2 49 2 169 1 171 1 179
41536 
41537 2 15 3 20 1 62
41538 1 1 2 2 1 50 1 86
41539 1 1 4 2 1 50 1 86
41540 1 1 12 2 1 87
41541 1 1 14 2 1 87
41542 2 1 4 2 1 50 1 88
41543 3 1 1 40 1 52
41544 2 1 5 15 2 16 1 20 2 47
41545 
41546 
41547 
41548 
41549 
41550 
41551 
41552 
41553 1 5 3 15 2 19
41554 