2928 3 1 6 2 1 3 
24346 
38795 2 1 23 2 1 19 1 103 
34555 
37210 
21528 
4784 4 9 2 10 2 63 
3841 3 9 2 10 1 24 1 42 1 57 
20765 
27526 5 9 1 12 1 35 
10494 1 1 6 2 8 9 3 10 1 25 1 53 1 77 
7810 9 9 2 10 1 17 1 77 
8176 1 15 
818 1 1 11 2 1 5 
5289 
6577 4 2 1 35 1 94 
24535 2 1 7 2 1 14 1 34 1 64 
17304 4 1 8 2 2 3 1 4 
41013 6 1 9 2 3 10 3 35 
34886 
16593 3 1 9 2 1 3 1 4 
13766 1 45 1 64 1 75 
37089 
33637 
9104 5 1 2 2 2 3 1 8 
12063 1 1 22 2 3 3 
39079 2 1 2 2 1 3 2 14 1 22 1 34 1 42 
17054 1 1 2 2 1 25 1 76 
18496 11 2 3 3 1 8 
303 
2298 
26411 2 64 
23657 
10392 
17041 3 1 12 2 1 4 7 9 3 10 
26232 1 1 3 2 2 3 1 18 
5809 1 1 5 9 1 10 1 101 
36252 
35087 
7375 1 1 1 2 1 32 1 94 
23909 
40119 
27340 
21072 4 9 1 10 1 36 1 77 
39315 10 9 2 10 2 77 2 96 
2162 9 9 2 10 1 53 
10150 1 1 3 2 1 56 1 64 
20101 3 1 13 2 1 34 
25591 3 1 1 2 3 3 3 25 
11332 1 1 2 2 1 6 1 8 
763 6 1 2 2 3 3 1 35 
7951 
4520 4 1 2 2 2 104 
23746 
5419 2 1 17 2 1 103 
8310 6 2 3 6 
40999 4 9 2 10 2 25 2 77 
1197 2 1 3 2 1 3 1 5 
17061 2 2 1 21 1 48 
29009 
40135 
35814 
1645 16 2 2 3 
17257 7 2 2 97 
4930 3 1 2 2 2 3 1 14 
27360 1 1 7 2 3 3 
5918 1 1 1 55 
29359 
5717 1 74 1 90 
37229 2 1 5 9 1 13 1 14 1 33 
3242 12 2 6 3 2 4 
4905 5 2 1 3 1 21 
39339 
16960 4 2 1 3 5 9 1 13 1 14 
13022 1 1 1 3 1 7 1 18 1 24 
6109 1 2 3 9 1 11 2 12 
2902 
18882 3 1 3 2 1 6 1 8 
18967 2 1 4 2 2 3 1 6 
18843 3 1 1 2 1 4 1 5 1 8 1 63 
4243 5 1 1 2 1 3 1 4 
18431 2 1 2 2 2 3 2 7 
15365 4 1 5 2 2 4 2 14 
20068 1 1 3 2 1 78 
34492 
31454 1 16 
34713 4 9 1 10 1 17 1 42 
30125 
11489 4 1 2 2 1 3 1 4 1 14 
961 1 1 8 9 1 10 1 13 2 53 1 56 
32409 
36407 4 2 2 3 1 19 
38098 1 1 1 2 1 6 5 9 1 10 1 77 
19844 
29672 1 1 1 30 1 77 
3720 
27643 2 1 20 2 4 3 
21434 
1367 2 1 5 2 
38400 
36974 3 1 3 2 1 24 1 35 
27682 1 1 5 2 3 3 
29210 1 1 6 2 1 34 
18802 1 1 3 2 1 6 1 26 
8613 1 1 2 2 1 3 1 6 
40533 
36424 4 1 8 2 4 25 2 103 
39526 
14890 1 1 8 2 1 4 1 14 
11409 3 1 4 2 1 3 1 25 
25952 
38480 3 1 5 2 3 3 1 7 1 70 
27602 4 3 4 14 1 20 1 77 
3927 4 9 2 10 6 53 
35932 1 1 7 2 2 35 1 42 1 74 
12454 4 1 2 9 1 11 2 13 1 53 
17463 2 1 1 2 9 9 2 10 1 13 
37245 
5085 2 1 2 25 
3728 2 107 
32489 6 1 2 4 10 9 2 10 1 70 
36487 
29089 
27079 
4938 2 1 6 2 1 3 1 14 
19034 3 1 1 2 1 3 1 6 1 19 
3297 
4737 
8401 4 2 2 3 2 64 
1142 1 1 16 2 1 29 
28919 
22910 1 1 3 2 1 5 1 81 
18033 1 1 16 2 7 3 
24876 
5910 1 5 1 94 
30523 
33437 
31965 2 1 6 2 6 9 4 10 2 77 
6086 3 1 1 4 8 9 3 10 1 17 1 77 
607 4 1 1 2 2 3 1 19 
4439 2 1 1 2 1 3 1 20 
39041 
18696 2 1 2 2 2 8 2 69 
25875 2 1 5 2 2 3 
22002 1 1 14 2 2 6 1 42 
33961 1 1 4 3 4 14 1 20 
26611 6 2 3 3 1 4 1 77 
24099 4 16 
10729 7 10 2 34 1 53 5 64 
8899 2 1 1 2 1 8 5 9 1 10 
23457 
15077 2 1 15 2 4 9 2 10 
17315 2 5 4 9 2 12 
22352 3 2 9 9 2 10 1 13 
21898 1 1 1 2 1 4 1 5 2 27 
20181 
24567 
8318 1 14 1 18 
5252 3 1 2 2 1 3 1 77 
4528 3 1 1 3 1 4 2 64 
32332 
30757 1 1 4 2 1 104 
27896 10 9 2 36 2 64 
19880 
17188 2 1 6 2 1 4 2 14 
3861 1 2 1 7 2 64 
32106 2 1 1 3 1 29 
19178 1 2 1 7 2 27 
17870 1 1 10 2 3 3 
10694 
11186 2 1 1 3 4 9 1 11 1 12 
3537 6 1 1 2 2 4 1 19 
37922 3 1 9 2 8 3 2 4 2 14 1 22 
1070 
16823 1 1 11 2 8 9 3 10 1 13 
22833 
25310 3 1 3 2 1 34 
31661 1 2 1 6 4 9 2 10 2 14 
9946 
40292 
33665 
39402 5 1 24 2 1 6 1 22 1 35 
15011 2 1 3 9 1 10 2 12 1 64 
22441 
26677 2 4 12 9 6 10 4 11 2 14 
22679 
37864 
32853 17 9 8 10 1 17 1 25 
28670 1 1 2 2 1 3 2 4 1 44 3 49 
26915 
21409 1 6 5 9 1 10 1 24 
15952 2 1 5 9 1 12 1 46 
32434 4 1 9 2 1 3 1 34 
5358 
8212 
22454 3 1 1 2 1 4 1 7 2 77 
7408 8 9 1 10 1 13 1 51 2 53 
17602 2 1 3 2 1 3 1 63 
40147 2 1 4 2 2 77 
6969 4 9 1 10 1 12 1 29 1 74 
9052 5 1 12 2 6 3 2 4 1 8 
34216 5 9 1 12 1 100 
4395 8 2 2 5 
7043 3 1 2 2 3 3 2 4 
12222 3 1 2 2 1 3 1 25 
24520 4 9 1 10 1 11 1 95 
35024 
16940 1 1 10 2 1 3 1 4 
39188 1 64 
37880 6 2 6 24 
39870 
37178 9 9 3 10 7 16 6 17 3 77 
18947 3 1 2 2 1 6 1 8 
2392 
15345 1 1 3 2 1 22 4 75 
1538 1 1 3 2 1 3 2 18 
31176 
19922 
4165 
20048 
1429 2 1 3 2 1 3 1 8 
21609 
32634 
19864 1 2 4 3 4 14 1 24 1 26 
22654 2 1 15 2 2 6 1 22 
13812 3 1 4 2 1 3 1 22 
17402 2 1 3 2 1 4 2 14 1 66 
15536 9 1 1 4 4 9 8 10 1 14 1 70 
2981 7 2 2 3 
11528 3 1 1 3 1 70 1 77 
38464 4 2 1 102 
31929 2 2 5 9 1 10 3 24 1 32 1 81 
10765 4 1 2 2 1 84 
17526 3 1 2 2 1 3 5 9 1 13 
20494 2 1 11 2 1 38 
34198 
14535 2 1 1 2 1 3 1 41 
6003 
11957 1 1 8 9 1 10 1 13 2 53 1 77 
9285 2 1 11 2 1 7 1 77 
12479 2 5 2 25 
23282 
12641 3 1 4 2 1 3 1 70 
16477 1 2 5 9 1 10 1 19 1 64 
1727 4 1 8 2 2 4 
23243 
33794 3 1 4 2 1 80 
14346 1 1 15 2 4 9 2 10 1 25 1 42 
4864 1 24 1 38 
3360 4 9 2 10 1 64 1 74 
18470 2 1 15 2 4 9 1 11 1 13 
16904 1 1 4 2 1 4 1 6 5 9 1 12 
1928 3 1 3 2 2 3 1 14 
39463 2 64 
19245 
22063 4 1 3 2 3 3 1 4 1 6 1 8 
35215 5 9 1 13 1 21 1 51 
3190 2 9 1 36 3 71 
27054 
28496 
37034 1 1 1 4 2 14 1 19 1 42 
12945 2 1 4 2 1 4 1 5 1 14 
1298 2 1 20 2 1 22 
13657 2 1 5 2 1 4 2 27 
30466 
16411 
41195 
27304 2 1 1 3 4 9 2 10 1 25 1 64 
5491 
26593 2 1 12 2 1 35 
6468 3 9 1 53 2 57 
23766 2 14 4 16 2 19 2 30 2 77 
33629 2 3 2 14 2 77 
31945 
3198 2 38 
25613 
27327 2 1 5 2 1 3 15 9 3 10 1 84 
14133 2 1 2 2 1 5 1 46 
6084 3 1 5 2 1 25 1 26 
39061 2 1 4 2 1 3 1 77 
29237 1 2 4 3 5 14 1 77 
8811 
33941 3 1 3 33 
39257 2 1 1 3 1 30 1 77 
1290 
28373 
29374 
40416 3 1 1 2 1 3 1 104 
27384 1 1 9 2 1 22 
24547 
692 
6460 1 1 4 2 1 3 
19229 
17339 3 1 3 2 2 3 1 42 
7422 1 1 2 2 1 7 1 14 1 77 
15821 2 1 10 2 1 3 1 21 
629 3 1 3 2 1 3 1 22 
38872 
18920 5 1 3 2 2 3 1 8 
32528 
12929 3 1 7 2 2 3 1 14 
16927 1 1 9 2 1 3 10 9 2 12 
31479 6 9 3 10 1 11 1 18 
31641 
22937 
26939 
146 1 1 5 2 1 6 1 35 
26195 
9944 
16013 2 1 1 4 1 5 1 14 1 66 
16984 6 1 1 2 2 3 1 4 1 19 
22461 
37844 2 1 2 3 2 14 2 16 2 77 
1920 2 1 21 2 1 22 
16558 1 1 4 2 2 3 1 5 
3368 4 1 4 2 1 4 
33645 
36959 2 1 2 2 3 25 1 101 
23202 
38651 
41232 3 1 4 2 1 3 4 9 2 10 
39108 1 3 2 14 1 19 1 42 
12176 2 1 10 2 1 22 
37800 1 42 1 75 
33410 
1530 
28631 
3077 2 1 3 2 2 25 
4662 1 1 1 2 1 14 1 25 
21689 
17831 2 1 4 2 1 4 2 64 
20710 
19472 
17482 3 1 2 2 1 3 5 9 1 13 
17443 1 1 6 2 3 3 2 4 2 18 
37265 13 9 4 10 1 36 
2347 
11634 3 1 3 9 3 10 3 77 
9471 
1505 7 1 2 4 3 9 3 10 
25274 
20838 
3663 
653 1 2 2 60 
21797 1 1 20 2 1 8 
13934 3 1 7 2 1 4 1 14 1 77 
15329 2 1 6 2 1 3 1 14 
7677 2 1 7 2 1 3 1 20 
27463 
28802 
19210 2 1 1 8 1 42 
4697 9 9 4 10 1 11 
9089 4 1 2 2 1 9 3 11 2 13 
24890 
4145 6 1 1 2 1 3 2 4 1 14 
2142 2 1 1 2 1 3 5 9 1 12 
6949 1 1 3 2 1 3 2 14 
18919 3 1 7 2 1 8 
39304 2 9 2 34 1 53 
28033 2 1 20 2 2 29 
14876 2 1 2 2 6 9 4 10 
7063 6 2 1 96 
12910 2 1 1 3 1 14 1 45 
4581 2 1 2 3 2 64 
9331 3 9 1 10 1 42 2 71 
35240 1 1 1 25 1 76 
19089 3 1 4 2 1 14 1 70 1 77 
39054 
17079 1 1 1 7 1 25 1 44 
29034 3 2 1 33 1 77 
6151 4 1 1 4 3 9 2 10 1 17 
38303 1 1 1 2 1 3 2 14 1 29 1 42 
12352 1 1 2 2 1 6 1 14 
10737 2 1 1 101 
10181 
14567 3 1 1 2 1 4 1 14 1 25 
11898 4 11 2 57 
17896 3 1 5 2 2 3 1 20 
6448 2 1 1 2 1 3 1 20 
33429 10 2 4 9 2 10 2 14 2 77 
35204 3 1 21 2 1 21 1 34 
36322 
15875 3 1 1 6 1 8 1 22 
12002 3 1 7 2 5 9 5 10 
28696 
5653 
31043 3 1 2 2 1 24 1 35 
31082 
13457 1 1 19 2 1 41 
25077 5 9 1 10 1 30 1 42 
39340 
20729 
16611 1 1 5 2 1 7 1 8 
14099 2 1 13 2 3 3 3 9 3 10 
30666 
12833 4 1 1 2 1 3 1 4 1 14 
40759 3 2 2 35 
15310 4 9 2 10 4 11 
7311 3 1 1 45 1 46 
7909 1 10 5 11 1 42 
8950 3 1 7 2 1 8 
16677 3 1 3 2 1 3 1 4 2 14 
12441 1 1 5 2 1 4 1 64 
12679 1 1 1 2 1 3 1 14 1 44 
25011 
3781 2 22 
3340 3 1 1 4 4 9 1 10 1 53 
16915 2 1 3 2 2 3 1 7 5 9 1 13 
4844 1 1 4 9 2 10 1 63 1 77 
39663 1 64 
18670 2 1 1 6 2 9 3 11 1 13 
27188 2 1 1 3 1 35 
38664 
29178 
27870 2 37 2 64 
21186 3 1 6 2 3 3 
20694 
2070 3 1 4 2 2 3 1 14 
26823 
10455 
26676 
15391 2 1 5 2 4 9 2 12 
28734 
21532 1 6 9 9 3 10 1 42 1 77 
6306 4 2 1 8 1 69 
31700 
11124 3 1 1 4 5 9 1 10 2 25 
25408 8 2 12 3 2 4 
12780 3 1 5 2 1 3 1 4 
6994 
38754 2 1 2 2 2 14 1 34 
34594 3 1 8 2 4 3 1 4 2 6 3 14 1 22 
31552 
4613 2 9 1 11 3 57 
18789 1 5 1 6 4 9 1 10 1 11 
25090 
11187 2 1 11 2 1 22 
28121 3 1 3 2 3 3 
39753 1 1 1 3 1 14 1 35 1 51 1 77 
11731 1 2 1 6 2 64 
29733 1 2 1 14 1 30 1 77 
40669 2 1 10 2 1 4 6 9 6 10 2 64 
14281 4 1 3 2 1 4 4 9 2 10 
7588 
13735 4 1 5 2 1 25 2 26 
13378 2 1 1 2 4 9 1 13 1 17 
13026 3 1 4 2 1 3 1 22 
36109 
924 1 3 5 9 1 12 2 18 
32107 2 1 1 3 1 29 
8938 
8737 4 1 4 2 2 3 1 4 1 77 
27897 10 9 2 36 2 64 
30756 4 1 5 2 2 3 2 4 3 9 3 10 1 29 
20736 
27113 
17095 
24566 
1215 
24319 2 1 3 2 1 38 
15076 2 1 6 2 1 4 2 14 
23456 3 1 2 2 1 104 
4401 1 9 1 17 4 53 
33436 
16690 2 1 4 2 2 3 1 4 2 64 
3612 1 31 1 38 
18697 4 1 1 8 3 9 3 10 
6224 7 9 2 10 1 53 
7346 4 9 2 10 1 24 1 64 
16785 5 1 5 2 1 3 2 26 
1674 2 1 4 2 1 7 
12991 5 1 1 2 2 3 1 4 1 14 
16228 3 9 2 11 1 12 1 14 1 19 
4899 5 9 1 12 1 44 
14075 3 1 4 2 3 3 10 9 2 10 
23720 6 2 2 35 
5330 1 1 24 2 1 3 
15899 2 1 2 2 2 25 
24877 2 2 1 94 1 99 
8439 2 1 6 2 2 3 
32258 
8528 
38105 
4318 
5305 1 1 4 2 1 20 
6057 
41141 
7879 2 1 1 3 1 4 8 9 4 10 1 14 2 64 1 77 
7455 20 9 4 10 1 81 
30420 1 3 2 14 1 19 1 42 
14623 8 1 10 2 4 4 2 19 
22238 2 4 16 9 6 10 2 14 
25565 3 1 9 2 1 34 
37574 1 63 
19559 
39958 
36486 
39584 4 2 1 4 2 35 
40430 
29938 6 1 8 2 4 29 1 81 3 84 
12695 2 1 13 2 1 3 1 14 
39527 1 21 
19291 
38542 
24811 6 2 1 24 1 34 
495 1 5 1 29 
16933 1 1 3 2 1 3 1 8 5 9 1 12 
37832 
22923 3 2 2 25 1 44 1 100 
20226 
8778 2 1 2 3 2 27 1 76 
18652 5 1 1 2 2 3 1 8 
30510 1 29 1 77 
5484 2 9 1 10 1 12 2 17 6 53 
8977 3 1 2 2 1 3 1 6 
27333 5 2 5 3 1 64 
14127 3 1 1 2 3 3 2 14 
13788 2 1 13 2 1 3 1 14 
13225 8 2 2 94 
29223 1 1 12 2 1 34 
26280 4 1 11 2 1 35 1 74 1 77 
32364 
11221 2 1 4 2 1 3 1 5 1 25 
40256 
31597 
37353 1 1 16 2 1 34 1 64 
28287 
34868 
34159 
18379 3 1 3 2 1 3 1 70 
12370 
39417 
31069 
14184 5 1 1 2 2 4 1 18 
28224 3 1 5 2 5 3 
37003 
24995 2 16 
24139 1 14 1 19 1 63 
15619 3 1 12 2 1 4 1 14 
22071 1 1 1 2 1 19 1 75 1 77 
9397 
29676 
12723 1 1 4 2 1 3 1 19 
40305 6 1 13 2 1 3 1 35 1 77 
27686 3 1 3 2 3 3 
6694 1 24 1 74 1 75 
34496 
21688 3 1 1 2 3 3 1 6 
4913 1 5 4 9 1 10 1 11 
40055 
36753 2 1 4 2 1 22 1 27 1 34 
26733 3 1 18 2 1 34 
5014 4 9 2 10 2 44 
18886 4 1 2 2 2 8 
39109 9 2 3 14 1 33 1 34 1 77 
28198 2 1 6 2 4 3 
8638 5 1 1 4 1 8 1 25 
10827 
7791 
30168 1 1 9 2 1 34 
1441 3 1 1 4 1 5 1 25 
8102 
24464 1 6 3 9 2 10 1 17 1 24 1 42 
14795 
18555 
20025 2 1 5 2 
15328 5 1 2 2 2 4 1 14 
10884 
7807 4 1 10 2 2 3 4 9 2 10 2 77 
20673 
30859 3 1 3 3 1 14 1 42 2 77 
23988 2 1 21 2 1 29 
5248 2 1 4 9 1 13 1 36 
23554 2 63 
4771 4 1 8 9 2 10 2 13 
33534 2 1 3 2 2 3 1 70 1 77 
20839 
19690 1 63 
3912 14 9 2 10 2 12 2 77 
19228 
19785 1 1 5 2 1 3 4 14 1 35 1 42 
1974 4 9 1 12 1 42 1 57 
23742 
17775 7 1 1 2 3 3 1 4 
23783 
17338 3 1 2 2 2 3 1 5 
11336 1 1 1 2 1 3 10 9 2 12 
3250 1 1 8 2 1 3 
20214 
30442 1 64 
30483 
13541 1 1 5 2 1 3 2 64 
1026 1 1 3 9 1 12 2 57 
22086 10 2 2 3 1 5 1 35 1 66 
1158 4 1 1 4 2 25 
11545 9 2 2 5 
15796 1 1 1 2 4 9 2 12 1 14 
37476 4 2 1 5 4 9 2 10 1 27 1 34 
12557 1 9 2 36 3 57 
16559 1 1 4 2 1 8 1 19 
36958 
36584 3 9 1 10 1 36 1 42 1 53 
14362 3 1 3 2 1 4 1 5 
39486 
25770 
30001 
31478 4 1 19 2 1 35 1 64 
26938 4 1 2 2 2 3 1 6 5 9 1 10 1 99 
32529 
36527 1 1 3 2 1 14 1 31 
20331 3 9 1 10 2 11 1 77 
6847 6 3 6 14 
11102 3 1 2 2 1 3 2 4 1 19 
38520 6 1 14 2 3 3 1 35 
12928 3 1 1 2 1 4 1 44 1 45 
16291 2 1 20 2 2 3 
32182 2 2 1 27 1 96 
10030 1 1 5 9 1 10 1 19 1 66 
35495 4 2 5 9 1 12 1 34 
8333 4 2 2 109 
30351 
3571 3 2 4 9 2 10 1 24 1 42 
28216 2 1 6 2 4 3 
23026 2 2 2 3 1 6 1 114 
40857 
16733 3 1 5 2 3 9 3 10 
30344 
37161 6 2 1 3 1 14 1 28 1 77 
28886 4 1 17 2 1 14 3 26 
19676 
32608 
795 1 1 6 2 1 97 
17686 5 9 1 10 1 45 1 51 
22723 
8997 
7631 
8798 2 1 2 3 2 27 1 56 
11688 
34470 
33589 
10673 1 1 1 4 8 9 3 10 1 13 2 19 
25328 1 1 1 2 1 21 1 35 
38346 5 9 1 10 1 42 
6452 1 2 1 3 2 14 1 44 
20884 4 1 3 2 1 35 
13554 1 1 3 9 1 11 1 12 1 17 
13988 8 1 8 2 6 3 
33122 
10839 3 1 7 2 1 3 
29690 2 1 8 2 1 14 1 26 
8227 
18198 3 1 15 2 1 4 1 14 
32102 4 2 2 30 
31928 3 9 2 10 1 11 1 42 1 64 
34631 2 1 6 2 1 22 1 35 
23703 
32336 
19705 4 1 9 2 1 35 
27892 8 9 2 36 2 53 2 64 
33628 
10840 3 1 9 2 1 3 
22356 3 1 5 2 1 3 1 4 1 6 1 70 
24651 
30403 
14600 2 1 4 2 3 9 2 10 1 17 
32545 
3258 1 42 1 74 2 75 
1150 2 2 1 118 
18692 2 1 8 2 1 6 
22006 
378 4 9 1 11 1 12 1 64 
3776 2 1 5 2 1 19 
8630 4 1 1 2 2 3 1 4 2 27 
731 1 1 5 2 1 18 
14644 
24872 1 1 6 2 1 35 1 64 
5240 2 1 1 3 1 30 1 42 
8605 2 1 3 3 1 24 2 27 
30275 3 9 1 13 1 14 1 42 1 53 1 71 
23908 
40118 
10804 
7236 1 1 7 2 1 41 
33290 
34373 1 64 
18153 2 1 13 9 3 10 2 13 1 24 
27606 5 9 1 12 1 22 
35936 1 1 1 30 1 77 
40385 1 64 
4034 
21608 
20049 1 1 5 9 1 13 1 24 
31723 2 1 2 2 1 38 
25956 3 9 1 10 2 11 
5722 2 74 1 75 
39522 1 2 2 22 
5933 
38547 
39189 
18806 2 1 2 8 2 24 
37179 9 9 3 10 7 16 6 17 3 77 
19154 1 1 5 2 1 3 1 8 5 9 1 10 
36540 
8658 2 1 14 2 1 6 
23004 4 1 5 2 2 3 1 4 1 77 
9664 4 1 11 2 2 3 
15957 1 1 7 2 4 9 2 10 1 18 
16851 3 1 3 2 1 4 3 9 3 10 
17607 1 1 14 9 5 10 1 13 
34175 
40142 1 1 3 2 1 14 1 22 
18355 5 1 1 2 5 3 
33277 
26265 2 2 5 9 1 12 1 29 
40183 6 9 3 10 1 12 2 53 
28807 
15528 
35929 2 1 5 2 1 3 2 35 
23354 
440 4 9 2 10 2 64 
26800 6 2 2 21 2 22 
18005 1 1 3 9 1 10 1 13 1 24 1 25 1 44 1 57 
32821 5 9 1 13 1 24 1 42 
33334 
40505 8 2 3 3 1 5 
1883 2 1 4 2 1 25 
41178 
9241 6 9 2 10 2 36 2 53 
31215 
2763 3 103 
3590 2 1 8 2 5 9 1 13 
3765 
13849 1 1 1 2 1 6 1 94 
12357 1 1 5 2 3 3 
16359 1 2 1 3 4 9 2 12 1 18 
28269 12 9 3 10 2 16 3 17 3 77 
2562 2 1 2 2 1 3 1 18 
10732 
36384 4 1 12 2 1 22 1 35 
14562 1 1 18 2 1 18 
22260 3 1 4 2 2 3 1 21 
30299 3 9 2 10 1 57 2 77 
31024 3 1 21 2 1 34 
20531 
36327 
38320 
12007 3 1 16 2 1 3 
3943 2 1 4 9 1 11 1 13 
16009 1 1 8 2 1 3 2 5 
24761 
2945 
31087 
25072 2 1 3 2 2 3 1 29 1 77 
13452 4 1 1 2 1 8 2 9 1 10 1 13 2 57 1 77 
22805 3 1 3 2 1 34 
30551 
8353 
25609 4 1 15 2 1 35 
37939 3 1 5 9 1 13 1 34 
4942 2 1 7 2 2 22 
3205 3 9 1 36 2 71 
17538 3 1 12 2 1 3 1 22 
37195 2 1 5 9 1 13 1 14 1 33 
26844 
16672 6 2 1 3 1 29 
2203 3 1 3 2 1 3 1 4 2 42 
27959 4 1 9 2 3 25 2 34 
7770 2 1 3 2 1 29 1 35 
11536 2 1 1 2 1 39 
3230 4 9 2 71 
40468 3 1 7 2 1 22 1 34 
4790 3 9 2 11 1 53 
29960 3 2 1 14 1 29 2 42 
13341 3 1 1 4 1 7 4 9 2 10 1 109 
1602 7 9 2 10 3 53 
4565 2 1 4 2 1 118 
41034 3 1 5 2 3 10 3 34 
35176 1 2 4 9 1 10 1 17 1 77 1 85 1 110 
1138 1 1 10 2 1 29 
11345 
23040 2 1 3 2 3 3 1 14 
6432 3 9 1 36 2 53 
38546 
25528 1 1 8 2 1 3 
33389 1 1 15 2 1 34 
18807 2 1 1 6 4 9 1 10 1 12 
16800 3 1 2 2 1 4 10 9 1 10 1 13 
13354 2 1 2 2 7 9 2 10 1 13 
28005 4 9 1 12 1 17 1 30 1 42 
6177 2 9 3 53 1 57 
5313 
8576 4 1 2 3 1 4 2 27 
858 2 1 1 2 1 39 
38778 
38335 
35461 6 2 6 3 6 64 
13004 2 1 3 2 2 3 2 14 
36831 3 1 1 4 1 32 2 34 
25957 3 9 1 10 2 11 
6754 3 1 1 4 4 9 1 10 1 57 
27607 5 9 1 12 1 22 
26851 3 9 1 10 1 32 1 42 2 57 
38535 2 1 9 9 3 10 1 16 2 39 6 53 3 77 
20827 4 16 
6734 8 2 2 3 
9377 3 9 1 10 1 24 1 36 1 57 
2441 2 1 17 2 5 9 1 13 
14464 4 1 4 2 1 3 1 4 1 14 
24795 5 9 1 12 1 14 1 19 1 32 
28555 1 63 
10025 
10214 4 1 12 2 2 3 
2026 1 5 5 9 1 10 
23541 
31006 2 1 8 2 2 3 1 4 2 22 
24680 
37490 5 2 1 5 4 9 2 10 1 34 
8054 8 3 1 6 
12086 1 1 10 2 1 3 
25796 
9068 1 1 6 2 1 3 1 4 
3829 
37008 
21545 1 1 20 2 5 3 
2158 2 1 8 2 1 114 
29228 1 1 8 2 1 34 
29785 1 1 1 3 1 14 1 77 
31356 
2974 2 1 1 2 1 3 1 30 1 42 
27775 1 1 4 2 2 3 1 14 
13783 1 1 1 46 1 48 1 74 
27338 
13742 2 1 6 2 4 9 1 13 1 17 
9611 4 9 2 10 1 24 1 64 
34947 
37358 1 1 21 2 1 34 
34863 
40612 8 2 1 3 2 14 1 34 1 42 
21336 1 72 
10331 
9403 
21102 
30050 1 1 14 2 1 22 
22928 
26291 4 9 1 10 1 14 1 53 1 77 
5342 6 2 3 35 5 42 
7287 
35764 
20030 2 2 4 3 6 14 
18216 3 1 10 2 1 3 1 22 
4650 
22557 
30300 3 9 2 10 1 16 1 57 2 77 
26559 
24362 
15770 4 1 8 2 3 3 1 14 
16938 2 1 12 2 2 4 
32537 
36539 3 1 6 2 1 3 2 14 1 30 1 34 1 77 
21143 1 23 1 34 
21182 2 1 2 6 
35177 
21529 2 1 10 2 1 3 1 42 
4658 2 1 8 2 1 19 
14955 4 2 1 8 5 9 1 12 
19141 1 1 23 2 1 41 
5397 4 1 1 4 1 6 
22478 2 1 7 2 6 6 1 22 
30380 
11537 2 1 2 2 1 49 
840 1 5 1 38 
41291 
24600 
31086 
40270 
30662 4 1 2 2 2 26 1 101 
37088 
2150 5 9 2 10 1 17 2 53 
5167 
36326 
9060 
39078 3 1 7 2 2 3 2 14 1 34 1 42 1 77 
12006 2 1 7 2 2 9 4 12 
28692 
35111 3 16 
9484 
13703 1 6 2 63 
17892 2 1 1 2 3 9 2 11 1 13 
29705 
36993 
12356 3 9 1 11 1 39 
20840 4 40 
14651 3 1 7 2 1 35 
13908 2 2 1 3 2 5 1 42 
36798 
20804 
33509 1 1 5 2 1 14 1 22 1 34 
6219 1 1 2 2 5 9 1 10 1 18 1 35 
386 2 1 3 2 2 3 1 32 
4353 2 1 1 39 
37714 1 64 
34920 
14872 16 2 2 19 
24644 
39134 2 1 13 2 3 3 1 4 1 34 
3352 2 9 1 17 1 39 1 57 
28806 
29154 
6071 5 1 2 4 1 18 
8942 4 1 2 3 2 6 
39721 
72 1 48 
28153 2 1 7 2 1 3 1 64 
17606 3 1 6 2 1 3 1 14 1 35 
33276 1 25 1 74 
32688 2 1 3 2 1 7 1 77 
8565 
11608 3 1 6 2 1 3 1 77 
10049 1 1 1 30 1 42 4 96 
8790 3 1 3 3 2 27 1 103 
38133 
15956 1 1 5 2 4 9 2 10 1 18 
36504 
39406 
12478 
6892 1 2 4 3 5 14 1 42 
933 1 1 1 24 
21537 3 1 1 4 4 9 1 10 1 12 1 42 
4576 1 24 1 94 
458 2 1 4 2 2 34 
5523 6 9 
37393 5 1 2 3 1 4 1 95 
31557 4 3 3 14 1 24 1 27 
40296 
30081 1 1 3 2 4 9 1 39 
11182 4 9 2 10 6 11 
11143 
9216 3 9 1 10 1 42 2 53 
34935 
37926 3 1 9 2 8 3 2 4 2 14 1 22 
34199 
615 4 2 1 19 
11529 2 1 2 2 1 3 1 65 
7596 
24955 
29141 
11364 1 1 1 6 1 69 
36998 
32221 5 9 2 10 5 53 
2131 18 9 
38074 3 9 2 10 1 17 1 20 1 24 
16599 3 1 4 2 1 4 1 7 1 8 1 66 
39625 2 2 1 30 1 42 1 77 
12597 1 2 1 3 1 5 2 64 
13708 2 1 4 2 2 3 1 7 
28207 
9342 4 9 2 10 1 19 1 27 
20172 
41019 6 1 7 2 3 10 3 35 
7353 2 1 8 2 1 22 
5403 1 1 4 2 1 3 2 14 
26200 1 1 1 3 1 14 1 30 1 42 
16251 3 1 17 2 1 8 
14104 2 1 2 2 13 9 4 10 1 13 
34720 
37914 
25435 
28361 4 1 1 2 1 4 8 9 4 10 
33877 1 1 3 2 1 22 1 44 
26865 
18060 2 1 5 2 1 3 1 4 1 14 
39073 
30391 1 2 1 30 1 77 1 94 
37083 1 63 
35455 6 1 1 3 2 4 2 9 4 10 1 18 
31370 
37042 
12069 
16067 3 1 6 2 1 4 1 18 
5068 2 1 9 2 1 22 
37401 1 1 1 18 1 33 1 77 
33811 3 1 11 2 1 80 
13249 
40560 
22473 1 1 3 2 1 3 1 4 2 14 1 27 
6091 2 1 7 2 1 103 
30076 2 9 2 10 2 11 2 77 
31815 2 1 2 2 1 14 1 34 
42 
25667 1 2 1 19 
41280 2 1 2 2 1 6 5 9 1 10 1 34 1 77 
17430 2 1 13 2 5 9 1 13 
21148 2 1 1 22 1 35 
1823 2 1 8 2 1 22 
39921 2 1 10 2 1 30 
5611 2 1 
15756 4 1 2 2 3 3 1 21 
3636 
8770 
27146 3 1 8 2 1 39 1 63 
32642 1 64 
17669 3 1 4 2 2 3 1 18 
32683 
29601 8 1 22 2 2 35 2 77 
15420 2 1 18 2 1 96 
22205 5 1 1 4 1 33 
28158 2 1 3 2 1 3 1 64 
14755 
18595 2 2 5 9 1 12 1 45 1 51 
38138 4 1 23 2 1 35 
21462 5 10 2 34 3 53 3 64 
11603 
23594 
7658 
30899 3 2 1 3 8 9 4 10 1 14 
6113 1 1 1 2 5 9 1 10 1 103 
5377 2 45 2 64 
28869 3 1 5 2 1 14 2 26 
19650 3 1 3 2 4 9 2 10 1 26 1 34 
22860 
24436 
27425 2 1 1 2 1 14 1 18 1 70 
33319 1 2 1 27 1 32 
34456 
14140 1 1 6 2 13 9 5 10 
36793 
29905 2 1 8 2 1 6 
26244 1 23 
33566 
13903 3 1 1 8 4 9 2 10 
36412 12 2 2 25 2 34 
18361 1 1 3 2 1 3 1 4 4 64 
15435 3 1 7 2 2 4 1 14 
26251 
30090 1 21 
24104 
16865 2 1 2 2 9 9 2 10 1 13 
31071 
30408 
4236 1 1 1 8 2 69 
3796 
28060 4 1 9 2 1 35 
36231 1 64 
22069 1 1 2 2 2 3 1 6 1 8 
26067 1 1 15 2 1 75 
33075 1 1 8 9 4 10 1 18 1 77 
33623 1 1 7 2 1 34 
21364 3 1 18 2 1 3 
23708 2 1 15 2 5 9 1 12 1 34 
431 3 1 3 2 2 8 1 14 
26599 
36 6 2 1 7 
1131 4 2 2 29 
852 1 1 5 2 1 100 
22597 4 1 11 2 1 35 
18207 4 1 6 2 1 3 1 4 5 9 1 10 
10172 
16200 7 1 4 2 1 3 2 4 
27430 
2823 1 1 1 3 2 14 1 19 
35736 
11148 
3825 
31923 
25756 
36314 
17146 6 1 12 2 2 4 1 77 
37450 3 1 5 2 1 3 1 35 1 77 
31017 8 9 4 10 2 17 1 77 
12473 
31396 1 1 8 9 2 10 1 13 1 42 1 71 
23249 1 1 2 2 10 9 2 10 1 26 1 34 
15667 2 1 3 2 1 4 6 9 4 10 
7034 
37398 
39630 
13594 4 9 2 10 4 53 
4596 2 1 1 2 1 56 
6872 3 1 2 2 1 33 
18869 5 1 5 2 1 4 1 8 
29650 
12860 
32874 
37726 2 1 7 2 3 9 2 10 
33281 
30565 
34735 
34378 
18158 2 1 4 2 10 9 2 13 
25420 3 1 7 2 1 39 
12205 2 1 11 2 1 22 
9248 2 9 1 17 1 36 2 57 
31728 2 1 6 2 1 38 
3124 1 87 1 89 
31285 1 1 4 9 2 10 1 31 1 77 
24755 
28595 
11462 1 1 2 44 1 46 
7576 
758 4 1 2 35 1 66 
2804 3 1 3 2 1 3 1 77 
21603 4 9 1 13 2 42 1 57 
19905 
16244 2 1 8 2 1 7 
893 2 1 15 2 1 22 
40113 1 1 2 2 1 29 1 34 1 38 
23903 
8651 1 1 1 5 1 8 1 24 
41375 
40897 3 1 4 2 1 3 2 14 1 35 
14436 1 1 8 2 1 22 1 42 
9014 1 1 1 8 2 69 
17425 2 1 3 2 1 3 1 6 1 7 1 14 
24140 
3687 5 2 1 24 1 25 1 26 
23983 
17975 2 1 6 2 1 3 1 8 
23942 2 1 9 2 5 9 1 12 1 34 1 64 
15323 2 1 1 2 1 4 1 5 5 9 1 10 
1994 1 1 3 2 1 6 1 42 
19985 1 2 1 5 1 25 1 100 
17617 3 1 1 3 4 9 2 13 
20678 2 64 
29194 4 1 10 2 2 3 4 9 2 10 2 77 
1306 1 6 5 9 1 10 1 42 
29062 1 1 11 2 1 22 1 34 
23014 2 1 3 3 2 27 1 77 
8569 2 1 1 2 4 9 1 10 1 13 2 26 1 64 
28193 3 1 1 2 1 3 2 26 
18015 1 1 4 9 1 10 1 13 1 24 1 25 1 44 
15996 4 9 1 10 1 36 1 38 
26810 2 1 2 2 2 3 1 29 1 77 
9933 3 1 3 2 2 3 1 8 
30163 
28817 2 1 1 19 1 22 
9722 
25970 1 46 2 63 1 64 
6215 8 9 2 10 
36758 
13230 2 1 14 2 1 6 
31860 
28871 
40515 2 2 1 35 1 42 
39166 2 1 7 2 3 3 1 4 1 34 
26375 
26738 1 64 
33367 
12728 4 1 1 2 2 3 1 77 
12285 1 1 1 8 2 69 
1224 1 1 12 2 1 5 
17671 1 1 8 2 1 3 2 14 
32462 1 1 5 2 1 27 1 34 1 64 
17449 1 1 5 2 1 3 2 14 
19681 
21683 2 1 3 2 2 3 2 42 
3591 2 1 2 2 1 4 1 19 
21642 
11874 3 1 1 3 1 4 2 27 
9240 3 9 1 11 1 36 1 57 
31205 
12923 2 1 1 2 2 45 
41251 1 1 2 6 1 77 
38632 3 1 5 2 5 3 2 4 
10226 
41067 
28652 
6674 3 1 21 2 1 4 1 14 
36953 
17852 5 1 2 2 2 3 1 4 1 14 
22815 3 2 2 3 1 6 1 14 1 18 
7913 
1057 4 9 1 53 1 57 
25447 2 1 2 3 2 77 
12017 3 1 7 2 1 4 5 9 1 10 
16019 
14691 27 2 
31473 4 1 23 2 1 35 
26933 
12396 3 1 15 2 1 3 1 22 
7771 4 9 1 10 1 11 1 24 
28379 
30488 
24184 
22370 10 2 2 4 4 27 
14995 2 1 4 2 3 9 2 10 1 17 
9523 2 1 1 2 1 3 1 8 
4807 1 2 1 14 1 44 1 45 
18224 4 1 5 2 2 3 5 9 1 13 
533 3 2 4 9 2 12 
12071 
14139 3 1 5 2 1 3 1 22 
25619 1 1 1 3 1 4 10 9 1 10 1 12 1 77 
24127 
23788 
17333 2 1 6 2 2 3 2 14 
23225 1 1 10 9 2 12 1 34 1 64 
19223 
21221 3 2 3 5 4 9 1 10 1 53 1 81 
16280 
18287 5 1 10 2 3 3 1 4 
5216 2 2 2 19 
3231 4 9 1 36 1 71 
4791 1 4 4 102 
18193 5 1 17 2 1 3 1 4 
16810 8 9 3 10 1 53 1 64 
25996 5 1 3 2 1 3 1 4 
18817 3 1 3 2 1 3 1 6 
13942 4 2 4 4 1 6 4 9 2 10 
13983 
10678 3 1 1 4 10 9 1 10 1 13 3 77 
27617 2 2 4 9 2 10 1 29 
29985 
2994 12 2 2 3 
25323 
2306 3 1 1 2 1 3 1 7 
19194 3 1 4 2 2 8 1 14 
13014 
34747 
19062 7 1 2 2 2 4 1 8 
27671 3 1 2 2 1 4 1 26 1 27 
27449 
22728 
22285 
2224 2 1 4 2 5 9 1 13 
32603 
21874 
11642 2 1 6 2 1 4 
11683 10 2 1 3 1 4 1 14 
8256 
35964 4 2 3 3 4 9 1 12 1 14 1 34 1 57 
15970 2 1 1 2 1 4 2 5 
41244 3 1 8 2 1 3 4 9 2 10 
7650 4 11 2 57 
23230 
8609 3 1 3 2 1 8 
35822 1 1 3 2 1 37 
18871 4 1 2 2 1 4 1 8 5 9 1 10 
16375 3 1 1 2 1 4 1 14 2 66 
16738 6 1 2 9 1 11 3 13 
4287 6 9 2 10 2 17 
39471 
27852 1 1 1 38 
39649 2 1 3 2 1 7 2 77 
12815 2 1 17 2 1 3 1 14 
4631 
5060 2 2 1 14 1 44 
37481 3 1 9 2 1 5 4 9 2 10 1 35 
2057 4 1 1 2 1 4 1 6 
9167 2 1 3 3 1 14 2 27 
22017 2 1 18 2 4 3 
24691 
26019 7 9 2 10 3 53 
41200 1 1 4 2 4 9 1 10 1 17 1 30 2 77 
15447 2 1 7 2 4 9 2 10 
22396 7 1 3 2 2 3 2 4 1 14 
10642 
20874 1 34 
22565 1 2 4 9 2 10 1 25 1 35 3 110 
3461 1 1 2 2 5 9 1 10 1 66 
39358 2 1 3 2 1 14 1 25 1 34 
21226 
40865 1 1 2 2 1 35 
27228 
27785 6 1 2 2 2 3 2 4 1 19 
13773 3 1 18 2 1 3 2 77 
2774 9 2 
31510 
29338 1 1 7 2 1 3 1 22 
29775 10 9 4 10 1 34 
1515 1 1 8 2 1 8 
39490 
9067 2 1 14 2 2 3 4 9 2 10 1 19 
5160 
2157 4 1 3 2 3 3 1 14 
39008 
12076 3 1 9 2 1 3 1 77 
24670 4 1 1 4 5 9 1 10 1 33 
40200 
6524 4 9 1 10 1 36 1 42 
30069 2 2 3 9 2 11 1 13 
4839 4 9 2 10 1 42 1 63 
14696 
12391 4 1 2 2 1 4 1 77 
8499 1 6 14 9 6 10 
22408 8 9 4 10 1 11 1 17 
15780 3 1 3 2 1 3 1 34 
28099 3 1 3 2 3 3 1 4 2 64 
5390 
22090 
28567 3 1 1 2 3 3 1 4 1 8 1 14 
26560 6 1 4 2 2 3 1 22 1 32 
7288 
30597 1 1 2 2 1 77 1 107 
9673 4 9 1 10 1 12 1 14 1 42 
41256 
10221 
954 
35107 
18876 3 1 2 2 1 6 1 8 
24033 
25695 2 2 1 3 1 41 
34518 
14919 
37109 
7221 2 1 3 2 4 9 2 10 
31163 1 1 2 2 1 22 1 65 
34053 
21678 3 1 3 2 5 3 4 9 2 10 
4713 
27676 3 1 5 2 3 3 2 4 
34303 1 2 3 9 1 12 2 17 1 21 
29686 
4971 
17690 2 1 10 2 1 3 1 14 
3712 2 9 4 10 3 24 1 42 
23978 
30205 4 9 2 10 2 20 
7382 2 1 4 2 2 3 
5247 1 14 1 18 
7808 4 2 4 9 2 10 2 24 2 77 
15238 6 1 1 2 1 3 2 4 1 14 
12565 1 1 1 2 1 3 2 27 
20683 2 63 
30860 
25991 5 1 1 2 3 3 
26113 2 1 14 2 1 104 
24802 
16095 2 1 7 2 1 3 1 4 1 14 
28890 4 1 6 2 1 4 4 77 
26897 
22899 
41515 
7991 5 9 2 10 5 53 
8637 3 1 8 2 1 3 
1157 2 1 1 2 1 4 2 19 
8281 1 1 3 2 2 3 1 14 
22076 1 1 2 2 1 3 1 5 1 8 5 9 1 13 
40599 
4444 2 2 1 3 1 44 
14670 
30473 2 1 2 2 1 25 1 34 1 38 
11226 4 2 2 6 
40251 
3513 1 1 1 2 9 9 3 10 1 13 1 17 1 77 
34664 
17228 3 1 6 2 1 3 1 22 
23773 3 1 17 2 1 34 1 63 
17785 3 1 15 2 1 3 1 22 
1774 3 1 1 4 1 18 1 22 
2515 3 1 14 2 1 3 1 22 
19338 4 1 6 2 1 35 
40067 3 1 1 4 1 78 
19775 
18567 2 1 6 2 2 3 2 64 
8322 
4512 
32172 
16560 2 49 2 51 1 75 
6848 1 3 5 9 6 10 1 12 5 14 1 26 
24696 
31488 1 1 11 2 1 6 1 42 1 77 
9272 
22391 2 1 6 2 1 3 1 14 
25780 
39476 
12408 2 1 1 24 1 69 1 70 1 77 
18099 6 1 4 2 1 3 2 4 1 14 
36574 
12090 
37486 
30596 1 1 3 2 1 77 1 107 
41257 
35106 
4797 2 1 4 2 2 77 
3237 2 2 3 6 
41061 4 9 1 10 1 19 1 57 1 64 
28566 
4998 2 1 1 2 2 3 2 14 
7154 1 1 23 2 1 3 1 4 
7978 
16602 3 1 3 2 1 3 1 4 1 7 
25833 5 1 3 2 1 3 1 4 
22310 2 1 4 2 1 4 1 7 
28319 
7777 
26463 2 1 2 2 2 3 2 14 
14697 
12011 4 1 10 2 2 3 
25441 4 1 4 2 2 3 1 4 1 22 
25679 
4801 2 1 2 2 1 3 1 14 1 77 
35853 
24734 
1051 
33869 2 2 1 42 1 44 
11239 1 1 1 2 1 3 1 6 
22875 2 1 2 2 1 4 1 27 
25002 2 2 4 3 6 14 1 16 2 77 
20564 
31413 
14789 3 1 16 2 1 4 1 14 
21284 
38594 1 8 2 69 1 74 
31792 3 9 1 17 1 39 
34754 
16079 8 9 2 10 1 11 1 53 
12077 4 1 2 2 1 3 1 8 
35937 7 9 2 10 1 12 1 30 1 77 
16265 6 1 5 2 4 3 1 77 
36443 
36482 3 1 1 3 2 14 1 19 1 35 
28355 22 9 6 10 4 39 6 53 6 71 6 77 
9504 5 9 1 36 
1763 2 14 1 39 
32613 2 1 2 2 1 14 1 34 1 74 5 75 1 77 
30544 
23849 1 14 1 19 1 22 
3885 2 2 1 5 1 64 
793 1 2 1 5 1 18 1 22 
7651 1 1 10 2 3 25 1 100 
2883 
6098 2 1 3 2 2 3 
33432 12 2 4 9 2 10 2 14 2 77 
3184 
31885 
10531 3 2 1 8 6 9 3 10 1 11 
752 2 1 3 2 1 25 
41210 
14761 5 1 2 2 1 3 2 4 2 14 
22007 
26009 
1945 
5061 3 2 2 63 
32274 
33881 1 2 1 5 1 51 1 77 
38021 
15072 2 1 1 3 2 7 
23452 
12805 1 1 5 2 1 3 2 14 
4630 
1562 3 1 9 2 1 3 
5618 3 1 3 2 1 3 1 19 
18269 4 1 4 2 2 3 1 4 
20732 1 1 15 2 1 37 
22357 2 1 1 3 1 14 1 45 
30500 1 2 4 3 5 14 1 20 
26359 
35190 5 2 1 4 5 14 1 19 1 22 1 32 1 42 
12260 1 1 4 2 4 9 1 12 1 13 
24562 2 1 1 4 1 116 
4605 4 9 2 10 6 53 
32337 
36339 1 64 
30752 
38973 3 1 8 2 1 3 1 19 1 33 1 42 
19960 1 1 1 6 4 9 1 10 1 17 1 77 
41089 3 1 2 2 3 10 1 32 2 34 
2602 2 1 4 9 1 13 1 53 
23341 
8034 
2138 1 1 1 19 1 97 
21345 
13040 2 1 1 2 1 3 2 8 1 24 
37927 
15609 8 1 3 2 2 3 2 4 
31556 
37013 
40297 
27538 3 2 1 29 
1203 6 2 2 24 
39407 
991 2 2 1 19 
37984 4 3 4 14 1 20 1 42 
16844 1 1 7 2 1 3 1 4 
26672 
21536 4 1 2 2 3 3 3 9 3 10 
17959 3 1 8 2 1 26 
39974 1 40 
26210 2 4 16 9 6 10 2 14 
41009 3 1 3 10 3 34 
40648 
9782 4 1 18 2 1 81 
28217 2 1 6 2 4 3 
8913 2 1 1 6 1 77 
36526 1 6 3 9 2 10 1 17 1 24 1 77 
13718 6 1 2 2 4 3 1 6 2 77 
109 3 1 3 2 2 3 1 5 
39424 
2130 1 1 1 2 1 7 5 9 1 10 
3103 1 1 16 2 1 64 
35654 
15689 1 1 3 2 1 3 1 19 
38423 
41359 3 1 2 2 1 4 3 14 2 19 2 35 1 42 1 99 
3627 1 1 4 2 1 3 1 4 
2416 
12556 2 9 2 11 2 17 
37477 5 2 1 5 4 9 2 10 1 34 
37904 
39487 
2105 1 1 8 2 1 29 
14114 4 2 15 9 2 12 1 13 
25634 
22087 1 1 2 2 5 9 1 10 1 35 1 94 
4102 4 1 3 2 2 3 1 103 
26089 
11274 2 1 15 2 2 3 
24779 
6090 2 1 2 2 1 3 4 9 1 10 1 17 1 77 
15797 3 1 3 2 1 4 1 41 
31805 1 1 4 2 1 34 
21329 8 2 2 8 4 9 4 10 1 70 
12885 5 1 18 2 3 3 
4638 8 75 2 76 
1284 
16034 2 9 1 10 3 11 1 64 
37411 3 1 4 2 1 3 1 18 1 27 1 33 1 34 1 77 
33801 3 1 5 9 1 12 3 25 1 81 
28271 12 9 3 10 1 16 3 17 3 77 
8771 1 1 8 2 1 8 
30580 1 1 9 2 1 39 1 77 
11337 1 1 11 2 1 8 
5610 1 1 1 64 
22024 
13830 1 1 2 2 2 3 1 6 1 20 
31260 1 64 
11613 2 1 1 3 1 48 1 77 
7569 6 1 6 2 1 81 1 84 
36041 
3332 2 1 7 2 1 3 1 64 
35063 3 9 2 10 1 17 1 18 1 24 
22215 6 1 5 2 2 4 1 25 
17252 
29611 
27799 
10826 
21821 
13027 3 1 3 2 3 3 
37940 
16880 4 1 7 2 3 3 1 4 1 14 
33309 
18887 5 1 1 2 1 8 1 70 
18962 3 1 2 2 1 5 2 8 
16178 1 1 7 2 9 9 3 10 
27624 6 9 2 10 2 13 2 14 
23825 4 9 2 10 2 77 
28085 3 1 3 2 4 3 1 14 
19823 
33059 2 1 1 3 1 77 
9583 
34497 
18824 4 1 2 3 1 6 1 45 
13084 2 1 5 9 1 12 1 33 
9646 1 1 1 2 1 77 1 107 
4333 3 1 1 4 1 29 
36402 
29677 
13913 1 1 18 2 1 22 1 42 
27687 3 1 3 2 3 3 
29915 
23039 
25689 
32536 
1416 1 15 
7778 2 96 
22556 6 1 1 4 2 104 
30418 
1105 
15634 10 9 4 10 2 11 
24114 2 1 2 3 2 14 2 77 
7977 2 2 2 77 
9862 
4997 2 1 1 2 2 45 
16210 4 1 12 2 2 3 
18217 4 1 11 2 2 3 1 77 
3238 1 1 1 2 1 6 1 8 
32345 
4798 1 1 1 8 1 114 
1130 1 1 6 2 1 42 
23718 4 1 10 2 2 34 
209 
33850 4 2 2 3 2 42 
34946 
935 2 1 1 4 1 14 1 18 
6649 4 1 10 2 2 3 4 9 2 10 2 77 
35222 
18271 2 1 9 2 2 3 
36304 2 35 
12024 3 1 10 2 1 3 2 9 4 10 
21337 1 1 1 34 1 97 
4227 2 1 9 2 1 6 1 22 
31357 
37593 1 1 16 2 1 35 
23830 2 1 21 2 1 29 
21274 2 2 2 3 1 6 1 7 
12087 
16089 2 1 15 2 4 9 2 10 1 19 
25797 4 1 11 2 1 35 
14779 6 1 4 2 2 3 2 4 
36054 
613 5 2 1 30 
26034 1 1 6 2 1 75 
11329 
22885 
2284 
31007 
40585 
4054 2 1 2 2 1 3 1 63 
34573 
5424 
41265 
21613 1 1 17 2 1 5 4 9 2 10 
35945 1 1 9 2 1 35 1 41 
3598 8 2 2 64 
39322 1 1 14 2 1 6 1 42 
5953 5 1 1 4 3 10 3 57 
37232 2 2 7 9 4 10 1 11 2 24 1 32 1 101 
27252 2 1 6 2 1 4 1 22 
12215 2 1 4 2 1 3 1 14 
38347 
36340 
17799 6 1 1 2 1 3 2 4 3 9 3 10 
19611 3 16 
28824 
35641 1 1 1 4 2 35 
35479 1 1 2 77 
7609 1 62 
8650 2 1 9 2 2 3 4 9 2 10 
23084 2 1 1 2 5 9 1 13 2 26 
40103 
19677 
23913 3 1 1 3 5 9 1 13 1 14 1 34 
17687 3 1 3 2 2 3 1 18 
13039 
19915 2 1 6 2 1 7 1 77 
36663 2 1 7 2 3 9 1 10 1 26 1 34 2 53 1 77 
23027 4 1 7 2 4 3 3 4 1 8 1 19 1 65 1 77 
26880 4 9 2 10 2 77 
11821 5 1 1 2 1 3 1 4 1 19 
40856 2 1 3 2 1 3 1 14 1 101 
26178 
28887 
28962 20 2 2 34 
34268 9 9 3 10 1 25 1 42 
13825 
17624 
29823 
7256 4 9 1 10 1 24 1 53 
1804 
20365 
30992 2 1 7 2 1 4 2 22 
18085 3 1 3 2 2 3 1 21 
37155 
3209 1 1 1 4 5 9 1 10 2 27 
40360 
18286 5 1 2 2 1 3 2 4 
27999 3 2 2 35 
24126 1 1 1 3 2 14 2 19 
591 2 1 1 39 
3656 4 1 1 2 1 4 2 8 
4569 2 1 1 4 1 7 
38428 2 1 10 2 1 66 
25446 2 1 1 8 5 9 1 10 
20239 
12016 4 1 4 2 2 3 2 77 
18762 4 1 1 4 4 9 2 10 1 70 
11564 2 1 1 7 1 25 
9061 
37740 
16399 2 1 9 2 2 3 
2151 1 1 9 2 1 63 
12397 2 5 1 6 
10284 
34022 5 2 1 21 1 27 1 34 1 64 
30259 1 1 11 2 1 4 2 35 
24610 3 1 1 4 1 97 
15130 6 1 3 2 2 4 
7333 2 1 1 2 1 8 1 14 
41066 2 1 12 2 9 9 2 10 1 17 1 25 1 34 1 77 
28561 
3467 
40682 
40643 
30591 1 1 1 3 1 14 1 107 
29715 
13492 5 1 3 2 2 4 1 14 
13713 4 1 4 2 1 4 1 6 2 8 
35101 
6142 
2949 
10227 
9618 
31570 
33519 
20814 
1086 1 2 5 9 1 10 1 14 1 32 
107 1 1 2 2 1 3 1 4 1 77 
13918 8 2 1 3 5 9 1 12 
5504 
24445 1 1 1 22 1 77 
2448 
16173 2 1 3 2 8 9 4 10 
39167 2 1 7 2 3 3 1 4 1 34 
33366 4 1 5 2 1 3 1 4 2 8 1 14 
19828 2 1 1 2 4 9 1 10 1 13 1 35 1 38 1 64 
17120 
37704 
3769 2 2 4 9 2 10 2 14 
15997 
9313 2 74 4 75 2 76 
6070 1 1 7 9 3 10 1 34 
8807 
24979 1 1 1 2 1 22 1 37 
28816 
18395 4 1 4 2 2 3 1 70 
16891 1 1 3 2 1 4 1 6 5 9 1 12 
7638 2 1 12 2 1 3 1 42 
23394 1 23 
8791 
11618 2 1 5 2 1 3 1 4 5 9 1 10 
7102 4 9 2 11 
25125 
35068 
17616 1 5 10 9 1 12 1 13 
36514 3 1 2 2 1 4 1 32 2 34 
39416 
32112 1 1 4 9 2 10 2 77 
40257 
31596 
3578 2 1 10 2 5 9 1 13 
35745 1 1 11 2 2 35 
28286 
17999 3 1 11 2 3 3 1 4 
14126 2 1 3 2 1 4 2 64 
7054 
40061 
17135 
37598 4 2 14 3 16 14 1 16 6 26 
18561 4 1 7 2 1 3 1 4 1 14 
4256 3 1 1 2 2 3 1 14 
23492 1 63 
19715 
20227 1 2 1 22 1 30 1 42 
23713 8 2 2 35 
1949 3 1 3 2 1 26 
10239 2 1 2 66 
35150 
28762 4 1 11 2 1 35 
21564 4 9 2 12 
22016 
15446 3 1 16 2 1 4 1 14 
8287 6 1 2 4 1 6 2 8 3 9 1 10 2 13 1 14 
26399 
1151 
22397 7 1 2 4 2 9 3 10 1 17 1 25 
30792 1 64 1 75 1 76 
4609 4 9 1 12 1 17 1 30 1 42 
30413 6 2 2 24 2 25 2 77 
25130 
14610 2 1 8 2 1 3 1 14 
26173 1 1 13 2 1 3 
1448 
34263 2 1 12 2 5 9 1 10 1 25 1 34 
14445 2 1 1 8 4 9 2 10 1 26 2 77 
895 2 1 11 2 2 6 1 22 
29828 
27120 
8631 3 1 2 3 1 4 5 9 1 10 2 27 
7997 2 1 6 2 1 3 1 21 
334 10 9 2 10 1 32 
7798 
4778 
3889 2 1 1 7 1 45 
4977 2 1 1 3 1 41 
10814 1 25 3 75 
36668 3 1 1 5 4 9 2 10 1 35 
2086 1 27 1 98 
207 2 1 7 2 1 3 1 14 
40108 
23918 4 1 3 3 2 27 1 34 
5241 
13394 1 2 10 9 1 10 1 13 1 19 1 104 
21618 1 1 6 2 8 9 3 10 1 13 
34746 
5664 
15125 
27616 2 2 4 9 2 10 1 29 
30365 1 1 1 5 1 19 1 22 
14979 1 1 6 2 1 5 2 22 
25997 5 1 3 2 1 3 1 4 
18816 2 1 1 3 1 6 1 64 
34578 2 2 1 19 2 26 
28395 24 1 16 9 6 10 12 13 6 17 4 39 6 77 
26891 3 2 7 3 8 14 1 20 4 26 
7227 
10932 
41173 
14429 1 35 2 74 1 75 
644 1 1 2 2 1 5 
33567 
26575 2 1 1 2 1 38 
39119 
24961 
34457 7 2 2 29 2 42 
33099 
24437 
24665 7 2 2 3 1 4 
82 1 1 1 2 1 25 1 110 
20240 
37739 
7565 
1440 1 2 3 9 2 12 1 17 
15523 3 1 6 2 1 4 1 8 
7790 3 9 3 17 
9424 
27759 1 1 2 3 2 64 1 74 2 75 
15149 1 1 21 2 1 63 
17292 1 1 5 2 2 3 1 4 1 14 
4770 2 2 1 3 15 9 3 10 3 77 
29760 
9953 4 1 2 2 2 3 2 103 
40188 
7942 4 2 2 3 
40870 2 1 7 2 1 14 1 34 
15757 9 1 9 2 4 4 1 14 
28579 1 1 6 2 3 3 1 4 1 30 
40463 4 1 9 2 1 3 1 14 1 22 1 35 1 64 
22570 
14272 
27147 
535 3 1 1 2 1 3 1 4 1 14 1 65 
740 1 1 5 2 1 64 
17533 3 1 7 2 1 3 1 77 
30077 2 1 2 4 10 9 2 10 2 24 
35729 2 1 1 2 4 9 1 17 2 35 1 71 
25666 1 1 3 2 1 3 1 6 1 77 
3251 1 1 1 44 1 46 1 74 
20204 
5862 1 4 3 14 2 19 1 42 
16066 4 1 5 2 1 4 1 19 
30011 2 1 3 2 1 38 
33876 2 1 1 2 1 3 1 22 1 44 
3570 2 2 4 9 1 11 1 12 1 42 
41399 4 1 3 2 1 35 
28206 2 1 6 2 4 3 
1037 
35694 
11112 4 75 1 116 
6902 1 1 14 2 1 6 1 42 
2109 2 1 4 2 1 32 
12596 2 1 2 2 1 4 2 64 
14961 
7605 
6078 6 1 2 4 1 19 
14437 3 1 6 2 1 4 1 26 
8236 
40896 3 1 4 2 1 3 2 14 1 35 
24429 
20932 
7630 
30952 4 1 4 2 2 3 1 66 2 77 
5646 1 48 1 64 
452 4 9 2 36 
16575 1 1 17 2 7 9 3 10 
831 6 9 
32618 2 2 1 16 1 30 1 42 1 77 
5583 2 9 3 10 1 11 3 64 
19760 1 1 1 102 
38773 
36448 
37727 
14665 2 1 1 2 4 9 1 12 1 35 1 57 
10240 2 1 1 2 1 4 1 42 1 63 
25523 3 10 3 71 3 74 
2440 2 1 4 2 1 6 1 77 
17759 1 1 5 2 5 9 1 13 1 26 
39774 
37784 
27292 
25149 
37018 
15666 2 1 2 2 4 9 1 13 1 17 
27533 
6645 3 9 2 10 1 42 1 64 1 71 
33890 3 1 1 3 1 45 1 77 
8596 4 1 2 3 1 4 2 27 
30875 4 2 1 3 1 23 
32564 
31016 8 9 5 10 1 17 1 24 1 77 
6197 9 9 2 10 1 36 
37553 
10204 
31397 1 1 2 2 1 14 1 31 
36094 
18579 4 1 1 6 2 9 1 10 1 12 2 13 
40602 
17147 1 1 3 9 1 10 1 22 2 57 
36162 
38978 1 1 12 2 1 42 1 96 
24272 1 1 13 2 1 76 
12570 6 1 6 2 2 81 
9610 
35181 
372 1 1 5 2 1 3 1 22 
18206 3 1 5 2 2 3 1 64 
4651 5 9 2 10 1 17 2 57 
2037 1 1 1 22 1 107 
5782 5 2 1 14 1 26 
21112 
1109 1 95 
493 6 1 1 2 2 4 
22596 
40079 1 1 1 3 1 14 1 30 1 77 
6367 5 9 1 10 1 18 1 19 
26066 1 1 14 2 1 75 
30310 
38040 15 9 2 10 1 13 1 70 
17194 3 1 7 2 1 3 1 4 2 14 
35253 
36047 
32049 
17062 2 2 1 14 1 48 
10688 
29975 1 1 12 2 1 34 
29617 
13973 3 1 3 2 2 3 10 9 2 13 1 42 
27985 4 1 7 2 2 25 2 34 
2794 
16118 7 1 6 2 1 3 2 4 
355 
31344 
13021 2 1 6 2 1 3 1 14 
1634 4 1 6 2 2 3 1 4 1 14 1 65 
4288 6 9 2 10 2 11 
16385 2 1 3 9 2 10 1 12 1 26 
14038 3 1 4 2 1 4 1 14 
18881 3 1 3 2 1 7 1 8 
23320 
11025 1 1 1 14 1 19 1 30 1 96 
5370 1 42 1 60 
18432 3 1 2 2 1 3 1 4 1 19 
8479 2 1 2 2 2 3 1 19 
15980 6 1 2 4 1 66 
8855 2 1 6 2 4 3 
34491 
21884 2 1 2 3 2 14 2 19 
11673 1 1 7 2 7 9 3 10 
29671 
7839 2 1 4 2 1 66 
29449 3 1 15 2 4 9 1 10 1 17 1 34 1 77 
9693 
27681 1 1 5 2 3 3 
22275 
11839 3 9 1 10 1 11 1 17 1 20 
8978 3 1 3 2 1 8 
28211 2 1 6 2 4 3 
8777 2 1 2 3 2 27 1 76 
30356 1 1 3 2 5 9 1 10 1 22 1 28 
20336 
16296 2 1 8 2 1 32 1 98 
24719 
2126 4 2 1 21 1 44 
30006 3 2 1 14 1 26 1 27 
475 1 2 1 5 1 64 
39832 3 1 2 2 3 3 3 14 1 32 
11214 1 1 8 2 1 35 
20545 
37471 3 1 1 3 4 9 1 12 1 13 1 77 
2058 
12662 3 1 8 2 1 3 
37649 1 1 2 2 1 6 1 77 
29852 
9168 4 1 2 2 1 26 1 69 1 70 
22403 2 1 7 2 4 3 
8154 1 1 7 2 1 65 
39481 1 1 1 2 4 9 1 11 1 13 1 14 
1385 5 2 2 24 3 25 
39003 
9398 
22081 13 9 4 10 1 11 
15791 
28334 
31300 1 1 2 2 1 48 1 77 
12380 9 2 1 8 1 24 
14174 2 1 4 2 2 3 1 4 
38354 
13546 14 9 2 10 1 11 1 13 
3621 
33807 3 1 2 2 5 9 1 10 2 25 1 77 1 84 
37417 3 1 10 2 1 3 1 18 1 27 1 33 1 34 1 77 
18389 4 1 1 2 3 3 1 8 
20102 1 37 
31050 1 1 3 2 5 9 1 12 1 22 
28277 12 9 3 10 1 16 3 17 3 77 
26270 
34160 
39353 2 1 8 2 1 14 1 25 1 34 
25592 
9819 1 5 1 20 
11331 1 1 2 2 1 6 1 8 
29333 3 9 1 10 2 11 1 25 1 26 1 96 
27223 
21030 
13778 2 1 10 2 2 3 2 14 
13335 
38004 
26118 
9733 
9922 
41055 
5114 6 2 2 63 
7444 
27194 2 1 1 2 1 3 1 35 
41305 
27062 2 1 11 2 1 38 
35419 
38341 
15233 5 1 2 2 2 3 1 4 1 14 
20688 2 64 
1794 
23973 
17985 3 1 9 2 2 3 1 42 
19617 2 1 5 2 1 38 1 64 
36845 1 1 9 2 1 27 1 34 
3688 6 2 2 3 1 19 
35647 
6816 1 24 2 75 
31859 1 2 1 18 1 35 1 77 
21673 1 1 11 2 2 6 1 22 
11884 2 1 2 2 1 3 1 5 1 77 
32804 3 1 2 2 1 7 1 34 1 77 
19671 1 63 
19449 2 1 5 2 1 38 
12275 1 1 1 49 1 64 
21839 1 2 1 24 1 74 1 75 
34308 1 1 4 2 3 9 1 12 2 17 1 22 
17681 1 1 7 2 1 3 2 14 
26385 
11827 4 1 3 2 1 3 1 8 
2634 3 1 1 2 1 3 2 77 
38452 2 22 
9292 
23021 
37166 9 9 3 10 4 16 6 17 3 77 
24038 
28881 4 1 6 2 1 14 3 26 
34513 1 8 1 14 1 18 1 74 
13320 2 1 19 2 1 22 
21025 
34058 
7512 16 1 1 81 6 84 
8002 10 2 1 70 
25980 1 9 3 53 2 71 
28432 
31168 1 1 3 2 1 22 1 65 
31483 1 1 5 9 1 10 1 30 1 77 
1126 7 2 2 42 
3383 
31442 2 1 2 2 2 3 1 29 1 42 
14719 1 1 1 2 2 6 1 8 
21214 
1058 
10545 4 1 18 2 2 3 2 77 
19852 
22662 1 1 1 2 1 6 1 20 
2385 1 1 1 4 3 64 
7713 
12403 
38849 
4221 5 1 1 2 1 3 1 4 
6404 
32840 
18211 2 1 10 2 1 3 1 5 
10336 
26296 
10102 1 1 3 2 1 6 1 8 
18277 3 1 10 2 3 3 
33355 1 1 6 9 3 10 1 13 1 24 1 77 
15592 
21331 3 1 3 2 2 3 1 4 1 5 1 70 
16270 4 1 14 2 1 4 1 22 
4991 2 1 1 3 1 23 
19333 
31351 
17223 3 1 12 2 1 3 1 22 
11030 
23778 1 63 
23335 
12081 4 1 1 2 1 4 1 7 
4808 2 1 2 2 1 30 
9532 2 1 1 7 
33005 
25791 
18334 3 1 1 2 2 3 1 21 
24174 1 6 10 9 7 10 1 12 
7971 
22380 3 1 15 2 1 4 1 42 
36264 1 1 1 23 1 105 
28389 
23546 
31001 2 1 6 2 2 3 1 4 2 22 
30478 
5815 1 2 5 9 1 13 2 27 
38039 1 1 1 3 10 9 2 10 1 70 1 77 
12351 4 1 1 4 1 6 
605 
10143 5 2 3 9 1 10 1 33 2 57 
6483 2 1 3 2 1 3 1 14 
32030 
4835 
10182 1 1 1 6 7 9 3 10 1 34 2 57 
14656 2 1 1 5 3 9 1 10 2 12 
35116 
22050 1 1 3 2 1 6 8 9 4 10 1 24 1 25 
30928 
28059 4 1 7 2 1 35 
8495 1 1 6 2 1 3 1 4 
36321 
20537 
4800 1 1 3 2 1 3 1 42 1 64 
3304 
33085 
38825 2 2 1 3 1 14 1 27 
24767 1 6 1 42 1 77 
12001 3 1 7 2 5 9 5 10 
31081 
41296 
5272 2 1 22 2 
28309 
16612 2 1 7 2 1 70 
30557 
3996 3 1 1 2 1 3 1 66 
39398 
25944 7 9 2 10 3 53 
12483 2 1 2 2 1 4 2 27 
1519 3 1 3 2 1 3 1 19 
3226 4 9 1 36 1 71 
25012 
12442 6 2 1 6 
37469 7 1 19 2 1 3 4 9 1 12 1 13 1 35 1 77 
1050 
35620 5 2 2 22 
19146 
39450 4 1 5 2 1 4 2 34 1 35 1 63 
13347 3 1 7 2 1 3 1 77 
2832 
29430 
40938 
11840 2 1 1 4 1 44 1 94 
11804 5 9 2 10 3 11 
26055 1 1 15 2 1 74 
15951 3 2 2 3 4 64 
31275 1 6 4 9 2 10 1 20 1 24 
9247 2 1 2 3 2 77 
41118 4 1 3 2 3 10 1 14 1 33 2 35 1 42 
34388 2 9 4 10 4 42 
17601 1 1 1 2 1 3 2 14 1 30 
29669 
40733 
12859 2 1 12 2 1 3 1 14 
16857 
39726 
36035 1 64 
18850 2 1 5 2 1 8 1 14 
32884 
28801 
26305 5 2 7 3 1 14 
27650 2 1 3 2 2 3 2 64 
12168 
35298 5 2 1 79 
37630 2 1 15 2 2 27 2 35 
32827 5 9 1 13 1 24 1 77 
36829 1 1 6 2 1 34 1 63 
25900 2 1 3 2 4 3 
22344 2 1 14 2 2 96 
24848 4 9 2 10 1 42 1 77 
23423 
19425 3 1 3 2 1 34 
41385 
4134 
15655 1 1 21 2 1 41 
34115 1 1 7 2 2 14 1 34 
17905 3 1 1 3 1 4 4 9 2 12 
30723 1 1 1 7 4 9 1 10 1 17 
3680 6 9 3 10 3 17 1 19 1 26 
20608 
873 2 1 13 2 1 22 
31380 2 1 7 2 4 3 2 4 1 8 1 19 1 21 
10537 2 1 3 2 1 3 1 23 
37073 3 1 8 2 4 3 2 4 1 8 1 19 1 22 
39083 2 1 2 2 2 3 3 14 1 34 1 42 1 77 
22001 
9390 
39042 
14767 
33887 2 1 1 2 1 3 1 51 1 77 
33962 
18309 3 1 15 2 1 3 1 22 
36020 
39914 1 1 6 2 3 3 
38027 
12300 3 1 3 2 1 4 1 8 
26612 1 1 3 2 1 3 1 4 2 14 
554 3 9 1 10 1 31 1 77 1 108 
22351 2 2 1 3 1 7 5 9 1 10 
24656 4 2 2 3 2 66 
20182 
5673 3 1 1 4 1 14 
20143 2 1 1 3 1 77 
4626 1 1 12 2 2 6 1 42 
38913 8 2 5 9 1 12 1 35 
38084 
34636 1 64 
12050 3 1 18 2 5 3 
20529 
18059 3 1 8 2 3 3 1 32 
37625 1 1 11 2 1 35 
33824 3 1 19 2 1 80 
32331 
40559 
23347 
8970 
29146 1 1 1 22 
1832 
19430 
21840 2 1 3 2 2 3 2 64 
37921 2 1 2 2 1 14 1 22 1 35 
41270 2 2 1 6 5 9 1 10 1 25 1 37 
31662 1 1 3 9 1 10 1 12 1 17 1 24 
30086 
40291 
15944 5 2 1 5 4 9 1 10 1 13 
22442 
2519 
22483 
15012 
39401 5 1 20 2 1 22 1 35 
9160 3 1 2 3 1 4 1 24 2 27 
2050 4 1 1 2 3 3 1 14 
32214 2 21 
5067 3 1 2 2 2 3 1 14 
18801 
32025 
869 1 1 9 2 1 42 
4280 1 1 14 2 1 42 
16305 
17650 1 1 4 2 4 9 1 12 1 13 
22168 
15900 
5378 6 2 1 3 1 19 1 35 
7657 
38830 
16055 
35467 5 9 2 10 5 53 
21804 8 9 2 10 2 11 
25951 
32839 
36837 
22859 
35931 1 1 5 2 2 35 
19669 11 9 4 10 2 11 3 57 
26857 3 1 3 2 1 34 
28850 
32673 10 2 2 3 2 22 
7466 4 2 4 5 1 81 
38718 1 6 3 9 1 10 2 17 1 77 
25655 1 74 6 75 
27905 
34093 
35635 
10608 1 2 10 9 1 10 1 13 1 35 1 56 
11049 7 2 8 9 4 10 2 25 2 65 
12344 2 1 8 2 1 116 
14848 1 74 4 75 
13423 1 44 1 74 1 75 
6171 3 9 1 10 1 11 1 17 1 42 
29425 1 2 1 3 2 14 1 44 
1031 10 9 1 10 1 12 1 77 
15751 6 1 6 2 3 3 1 4 1 14 
20364 
39926 6 10 6 74 
38394 2 9 1 16 2 39 2 77 1 108 
11172 2 1 1 2 2 26 
40933 2 1 3 2 1 31 
6840 1 42 1 94 
25552 
39393 8 1 5 2 4 3 3 25 1 84 
31408 
31090 
37406 3 1 7 2 1 3 1 18 1 27 1 33 1 34 1 77 
33816 5 1 5 2 2 3 1 80 
5532 1 1 1 51 
25700 1 1 18 2 1 3 
12488 1 1 2 9 3 11 1 12 
35532 
30396 
184 1 39 2 42 
30017 2 1 11 2 1 6 1 22 
3257 
28366 
16256 
7134 1 75 1 87 1 90 
10148 
22510 5 2 1 4 3 9 1 11 2 12 
14212 
28519 
32226 
1389 3 9 1 53 2 71 
17705 3 1 2 2 1 3 1 4 1 5 1 14 
29892 
31565 
8475 2 1 2 3 2 32 
8859 2 1 6 2 4 3 
20603 
40810 6 1 15 2 3 10 3 35 
7800 2 9 1 11 1 17 2 53 
10462 5 1 10 2 3 3 
30728 4 1 2 3 2 4 2 14 
33561 
30285 4 9 1 11 1 13 1 14 1 42 
3024 
24843 
24967 
24882 3 9 2 34 
34451 
24431 5 2 1 4 
3976 3 2 1 3 1 14 1 19 
398 2 1 1 2 1 22 
5292 4 9 1 10 1 57 1 74 1 77 
7835 1 2 1 32 
23428 
9114 2 1 1 2 2 3 2 77 
25744 
35293 
12163 8 9 2 10 1 39 
39179 2 1 4 2 1 14 1 30 1 34 1 77 1 102 
17154 2 1 8 2 2 9 4 12 
5922 2 1 1 3 1 42 
37522 
5733 
41113 6 1 3 2 1 3 3 10 1 33 2 35 1 42 
29606 
26515 
34383 
40738 
40375 1 5 5 9 1 10 1 77 
34342 
8543 2 1 2 3 2 21 
15552 1 1 3 9 1 10 1 12 1 42 1 57 
867 1 1 5 2 1 4 1 42 
8686 1 1 3 2 1 3 1 24 1 26 
33395 
6361 1 1 2 9 1 10 1 26 1 42 3 53 
30370 
31391 1 1 6 2 2 14 1 22 1 29 
5398 1 2 2 74 
35124 4 2 1 29 
22488 
15700 
25751 3 1 3 9 3 10 1 77 
2031 2 1 6 2 1 6 
4657 2 9 1 10 1 24 3 57 
10364 
17141 3 1 3 2 3 9 3 12 
5819 
35187 5 2 3 14 1 32 
40019 1 74 1 77 
7280 
21172 
35731 
12510 3 1 2 2 3 9 3 10 
24212 5 10 1 17 5 64 
20148 
38918 7 2 5 9 1 12 1 35 
18519 4 1 5 2 6 3 
34444 3 1 2 2 1 35 1 37 
2389 3 1 2 2 2 3 1 14 
19892 
27705 1 1 1 2 1 3 5 9 1 13 1 77 
39088 1 1 8 2 1 34 
284 
5168 3 1 1 4 4 9 1 10 1 36 
37078 
36236 2 1 12 2 1 3 1 77 
26256 3 1 3 3 
40280 
4466 
18366 4 1 3 2 1 3 1 4 5 9 1 12 
31076 2 64 
6191 4 9 1 10 1 17 1 24 
30815 2 1 4 2 1 3 1 4 1 7 1 14 
14967 1 1 3 2 1 3 1 34 
14882 11 2 1 44 1 51 
9370 
6013 
14843 4 2 2 76 
31899 
14431 2 1 3 2 1 3 5 9 1 12 
13428 1 48 1 75 1 90 
39714 
33762 1 1 2 2 3 26 1 27 
7626 1 14 1 31 
38713 3 1 14 2 1 32 
5693 1 44 1 74 
38492 1 1 1 6 6 9 5 10 1 17 2 24 1 25 1 42 1 94 
8220 1 1 3 2 3 9 1 10 1 25 2 53 1 77 
10603 
34400 2 1 14 2 3 9 2 12 1 17 
34098 
20462 
41095 2 1 1 5 3 10 1 32 2 34 
8990 2 1 1 2 1 8 1 64 
16515 4 1 4 2 1 3 1 4 5 9 1 12 
37721 2 1 7 2 3 9 2 10 
33286 
19606 
15744 5 1 5 2 2 3 1 4 1 14 
22163 3 1 4 2 1 3 1 4 1 42 1 64 
27154 
8742 5 1 3 3 1 4 2 27 
37134 
8797 3 1 3 3 3 25 
11678 1 1 5 2 7 9 3 10 1 22 
8998 2 1 1 2 1 8 5 9 1 10 
17676 3 1 4 2 1 3 1 77 
775 2 1 7 2 1 22 
19686 
15695 2 1 4 2 3 9 2 10 1 17 
28876 
14033 1 1 4 2 13 9 5 10 
24919 
39161 2 1 15 2 3 3 1 4 1 34 
8801 
40244 
15991 3 1 2 2 1 3 1 4 2 44 
9378 5 9 1 10 1 18 1 34 
26095 2 1 13 2 1 104 
14802 6 1 3 2 2 3 1 4 
16113 4 1 5 2 1 4 2 8 
18890 3 1 4 2 1 6 1 8 
16897 5 2 1 8 5 9 1 12 
6934 1 59 
12899 1 1 21 2 3 3 
35258 
27690 
13978 4 1 12 2 6 3 2 25 
10683 
33579 2 1 9 2 1 3 2 14 1 32 
34480 1 1 4 9 2 10 1 24 1 77 
25238 9 9 5 10 1 42 
31531 3 2 1 4 3 14 1 32 1 77 
19553 
18988 4 1 1 8 3 9 3 10 
32580 1 1 3 2 1 37 
18554 
14794 1 3 2 64 1 74 
20024 1 1 1 65 
11752 
24465 2 1 2 2 2 3 1 32 
1460 
21299 1 9 1 11 2 34 1 57 
7545 
33346 6 1 2 4 3 9 2 10 1 17 
38589 5 9 1 13 1 14 1 29 
39147 2 1 15 2 3 3 1 4 1 34 1 64 
192 2 1 2 2 1 4 1 27 
15171 3 1 2 2 1 3 4 9 2 12 
38122 
11500 1 1 2 2 1 7 1 64 
15893 3 1 1 3 1 8 5 9 1 12 
7181 2 2 1 14 1 100 
34657 3 1 2 2 1 8 4 9 1 11 1 13 
15117 8 1 1 2 3 4 
24637 1 1 4 2 9 9 3 10 
40054 1 64 2 75 
129 1 1 3 2 1 95 
14629 3 1 6 2 1 4 1 14 
6920 2 3 2 6 
23886 2 1 3 2 1 32 
40304 2 1 2 2 1 3 1 77 
646 2 2 1 44 1 64 
8719 2 1 8 2 2 3 1 4 
41521 9 16 
35048 2 2 1 14 1 37 
10556 
27119 
24508 6 2 3 3 1 4 1 97 
6530 2 9 1 36 2 53 1 57 
40340 1 23 1 37 
35494 4 2 5 9 1 12 1 34 
6505 
5842 
8417 4 1 1 2 1 4 2 26 
13216 2 1 2 3 10 9 2 10 
36585 
3654 2 94 
24313 2 1 1 2 1 3 1 14 1 77 
11544 1 1 10 2 1 35 
18742 1 5 1 6 4 9 1 10 1 11 
18783 3 1 1 4 1 6 1 69 
26836 
37760 
9755 2 9 1 10 1 44 3 57 
36856 6 2 1 31 
19727 
8121 9 9 2 10 1 11 
153 
20215 3 1 21 2 1 34 
41046 
36103 
34812 
28541 
29739 
40663 
12826 1 1 2 2 1 3 1 103 
3329 
17774 6 1 3 2 2 3 1 4 
39759 1 1 1 2 1 35 
19784 1 1 13 2 1 29 
24794 
28554 1 7 1 69 1 74 
10024 
21752 2 1 1 2 1 6 4 9 2 10 1 77 
34243 2 11 1 17 3 53 
14465 6 1 1 2 2 4 1 25 
28988 4 9 2 10 1 24 1 25 1 94 1 101 
4027 2 1 3 2 1 22 
34282 1 4 19 9 4 10 1 36 
7307 4 9 1 12 1 14 1 17 1 19 
2460 11 9 6 10 1 11 
11299 1 1 3 2 1 38 1 77 
5457 3 1 2 2 3 3 
292 
21500 1 1 1 2 1 5 10 9 2 10 1 81 
38534 2 1 9 9 3 10 1 16 2 39 6 53 3 77 
31732 2 1 8 2 1 38 
25171 2 3 2 14 2 77 
29018 
11551 
40526 1 5 
39533 4 1 25 2 1 22 1 34 
23198 2 1 2 2 2 3 2 64 
10087 5 2 2 3 
13555 3 1 1 8 2 77 
36648 1 1 18 2 1 34 
8188 
35392 
29553 
2084 1 1 11 2 1 14 1 22 
30536 3 1 1 4 1 32 2 34 
24629 
34766 1 1 5 2 2 14 1 34 
13886 1 1 6 2 1 14 1 101 
5666 2 63 
18026 3 1 14 2 2 3 1 42 
20556 
32418 3 2 1 29 1 30 1 77 
25893 1 40 
3038 2 1 3 2 2 3 1 4 1 7 
30345 1 1 2 2 1 3 2 14 
14637 4 6 2 8 
229 5 9 1 10 1 24 
33520 
4493 2 1 6 2 1 3 1 14 
6347 3 9 1 10 1 11 1 17 1 24 
23216 
8833 4 1 1 2 2 3 2 26 
14313 
7128 
34909 6 1 2 4 2 77 
17119 
35765 4 9 1 12 1 42 1 57 
14508 5 1 4 2 2 3 1 4 1 14 
32992 
7056 3 1 2 2 2 3 1 4 1 8 
7473 
40041 4 9 1 10 1 17 1 77 
18541 6 1 6 2 8 3 
40402 
4254 2 1 1 2 1 3 1 18 
19739 
27774 2 1 5 2 4 3 1 4 
29784 
5759 6 1 2 4 2 70 
39292 
15466 6 1 2 2 1 3 2 4 1 14 
28783 3 81 
28742 
21544 3 1 1 4 1 19 1 21 
3492 1 44 1 89 
16836 8 2 1 3 1 8 
6665 1 6 3 9 3 10 2 24 1 42 
253 
29727 
10215 4 1 13 2 2 3 
27167 8 9 3 10 1 13 1 42 
40482 3 1 20 2 4 9 2 10 1 32 1 42 1 77 
3447 
40443 4 1 9 2 1 4 2 34 1 35 
29704 
13692 2 1 4 9 1 13 1 53 
6162 2 1 1 2 2 9 1 13 1 17 2 57 
2969 1 1 1 14 1 39 
40831 4 1 11 2 1 35 
25646 
38628 
9041 1 2 4 3 1 6 1 114 
28703 2 64 
24410 
6981 
16046 
4549 1 1 6 2 9 9 3 10 
14588 2 1 4 2 1 3 1 44 
14954 4 1 1 2 1 3 1 4 5 9 1 10 
11992 16 2 6 3 
6392 1 1 5 2 1 3 1 19 
983 4 9 1 10 1 36 1 42 
34989 
7120 3 1 3 2 3 3 
30821 2 1 14 2 4 9 2 10 2 77 
3005 1 1 8 2 1 76 
11418 3 1 9 2 1 3 
40339 1 21 1 37 
17416 1 1 4 2 2 3 2 5 1 14 
13806 4 1 3 2 1 3 1 4 1 14 
33547 1 1 4 2 1 4 3 21 
2003 12 9 10 10 
1577 2 1 1 2 1 101 
29155 
24941 
3030 1 1 9 2 1 3 2 14 1 22 
13153 1 1 1 2 5 9 1 13 1 14 
39999 
19598 2 16 
39135 3 1 7 2 1 34 
2468 2 1 13 2 1 3 1 14 
24645 
20260 
28908 
10357 
12732 2 1 1 2 1 18 1 104 
9426 
38290 1 1 18 2 1 6 3 14 1 22 1 32 
37715 1 21 
16521 8 9 4 10 1 11 1 17 
21580 3 1 1 2 1 4 1 7 1 14 1 77 
3749 2 2 2 14 1 45 
32299 1 8 4 9 2 10 2 42 1 64 
15169 3 1 5 2 2 3 1 14 
36297 
10007 
15858 3 1 7 2 1 26 
22531 4 2 2 3 1 26 1 104 
29740 
30329 
20805 
781 4 1 1 4 1 25 
32551 
8180 
15646 5 1 2 2 1 4 2 9 3 10 1 13 
18703 
32544 
8594 4 1 4 2 2 3 1 4 
14410 4 1 7 2 1 4 
30613 2 1 4 2 2 3 2 77 
31826 1 1 1 2 5 9 1 12 1 18 1 33 1 77 
36183 
17167 
36142 1 1 3 2 1 37 
19704 4 1 8 2 1 35 
39120 
23692 4 9 1 10 1 53 1 77 
37828 
1969 1 1 5 2 1 3 1 66 
21992 
24954 
6538 4 9 1 10 1 20 1 57 
24588 
5897 1 1 1 29 1 30 
34934 
5701 
26046 1 1 18 2 1 48 
6429 3 9 1 11 1 36 1 53 
36505 
39616 
19155 3 1 2 2 2 3 1 21 
14941 7 1 3 2 3 4 1 14 
2577 2 1 5 2 2 25 
38276 
23153 2 1 3 2 3 3 1 14 
319 3 1 6 2 1 4 1 14 
40327 3 1 7 2 7 3 1 6 1 8 1 14 2 77 
33133 
8234 1 5 1 6 1 21 
29598 1 41 1 77 
6928 2 1 19 2 1 22 
3852 
6727 2 1 13 2 7 9 2 10 1 13 
21418 
5644 1 1 1 5 4 9 1 10 1 12 
35710 2 2 1 14 1 22 1 24 1 105 
1003 
27416 
40384 
23806 3 1 7 2 1 34 
25858 3 1 3 2 1 3 2 26 
4853 1 1 4 9 1 10 1 36 1 77 
20007 
6298 1 5 1 110 
12531 3 1 4 2 1 3 2 4 
19740 
16722 
10805 1 1 8 9 3 10 1 12 1 64 
36468 
35838 
30274 8 9 4 10 1 16 4 77 
5261 2 1 1 2 1 6 
38509 1 1 15 2 1 22 
14645 
1468 1 1 3 2 4 9 1 12 1 17 
10260 2 1 3 2 5 9 1 12 2 26 1 35 1 84 1 103 
22732 2 1 2 4 10 9 2 10 1 14 1 42 
18908 2 1 4 2 10 9 2 10 1 70 
32500 1 1 7 2 1 103 
20357 
11580 4 1 1 2 1 4 1 22 
30337 1 1 5 2 1 25 1 37 
32752 2 1 12 2 5 9 1 10 1 25 1 34 
26521 2 1 4 2 1 14 1 34 
25169 1 1 1 30 1 77 
336 1 6 10 9 1 10 1 12 1 77 
28249 2 2 1 14 1 23 1 28 
9759 1 1 1 66 1 94 
14583 2 1 2 2 3 9 2 12 1 17 
14542 
22240 3 1 7 2 2 3 1 14 
80 2 1 3 2 1 3 1 5 1 77 
36896 
41472 
17322 1 1 9 2 9 9 3 10 
2323 
24741 4 2 2 14 1 31 
31814 2 1 17 2 1 7 1 77 
19232 
1597 3 9 1 10 1 42 2 71 
37611 
39799 
3325 4 9 2 10 1 64 1 74 
35454 10 2 2 22 
12932 4 1 8 2 2 3 
481 1 1 1 2 1 65 
28708 
15489 
38623 
5898 2 1 1 2 1 3 1 14 
37677 
26864 
14105 1 1 4 2 13 9 5 10 
13207 6 2 1 4 2 14 
1681 2 1 2 2 2 7 
25434 8 2 4 4 
39687 
37915 
40448 4 1 15 2 1 3 1 14 1 22 1 35 
29940 1 1 9 2 1 34 
13361 1 1 16 2 2 6 1 19 1 33 
6509 
39624 1 14 1 19 1 30 1 77 
38075 3 9 2 10 1 17 1 20 1 24 
26922 2 1 20 2 1 6 1 22 
11365 1 1 1 6 1 69 
23060 
32011 1 1 5 2 1 19 2 108 
34697 4 1 3 2 2 26 
9666 
15853 8 9 4 10 4 11 
36602 7 63 
29477 
2628 1 1 3 2 5 9 1 10 1 32 
26245 2 2 2 56 
41229 2 1 1 34 
29904 2 1 8 2 1 6 
27487 
40162 
1237 
27424 3 1 1 3 1 14 1 18 1 70 
10596 4 2 2 4 4 56 
8715 2 1 1 2 1 4 1 6 2 14 
15106 1 1 1 7 1 25 1 76 
20570 
13158 2 1 3 2 1 3 1 7 1 112 
38281 
15332 4 1 3 2 1 3 1 4 1 14 
21591 4 1 1 2 1 4 1 34 
19593 5 2 2 3 1 32 
9457 3 9 1 36 1 53 1 57 
23595 5 2 1 29 
4120 2 1 1 39 2 77 
34789 
6372 2 1 10 9 1 10 1 13 1 26 
7549 2 1 5 9 1 10 1 80 
11413 4 1 7 2 2 3 
21259 2 1 2 2 1 25 1 101 
32077 2 1 2 2 1 14 1 34 
36079 
11792 1 1 11 2 9 9 5 10 
18594 2 1 1 2 2 3 5 9 1 13 
14754 4 1 1 2 1 4 3 9 2 10 1 17 
22204 1 1 2 2 1 4 5 9 1 10 2 14 
3051 3 1 1 2 1 4 1 5 
29411 1 1 4 9 1 10 1 30 1 71 
31239 4 1 4 2 2 3 1 6 2 77 
13869 1 1 6 2 2 3 1 21 
1323 
27322 
3186 1 9 5 71 
317 2 1 10 2 1 3 1 14 
2597 1 1 10 2 1 65 
14741 3 1 6 9 3 10 1 13 
29232 3 9 1 21 2 34 
39252 1 29 1 77 
5755 
6669 1 1 1 24 
36315 
18249 
38811 2 1 17 2 1 19 1 103 
24542 2 64 
12240 
24583 3 1 3 2 1 3 3 77 
35910 1 2 1 14 1 30 1 77 
36188 
19940 
38877 
6278 
23361 
36870 3 1 1 22 1 25 1 32 1 41 
8036 5 2 1 22 
37823 
16922 2 1 5 2 2 3 1 4 1 8 5 9 1 12 
21365 3 1 19 2 1 3 
13060 12 2 6 3 
18708 2 1 7 2 1 6 
33074 1 1 8 9 4 10 1 24 1 77 
22932 
25489 1 76 
30618 2 1 5 9 1 13 1 101 
7853 1 49 1 74 1 90 
2681 1 1 2 2 7 9 3 10 
15434 1 1 2 2 2 7 
32952 
24105 
23207 1 64 
9842 1 1 2 2 3 9 1 10 1 32 2 57 
18903 4 1 5 2 2 8 
38566 
2237 3 9 1 10 2 11 1 18 
41237 3 1 2 2 1 32 1 64 
17424 1 1 3 2 1 3 1 5 1 6 1 14 
20596 1 1 9 2 1 22 
8574 1 1 14 2 1 6 1 42 
25106 
35679 
35441 
6756 10 9 1 12 1 13 1 42 
25853 2 1 1 26 
41374 5 1 26 2 1 22 1 35 
19477 5 9 1 36 
35833 
32310 
17487 5 1 4 2 2 3 1 4 1 14 
38319 
36463 1 1 5 2 1 37 1 74 1 77 
16245 5 1 3 2 2 4 1 5 
1628 
19904 
5877 
21413 
11259 
9506 8 9 2 10 
31284 
21792 
28594 
24754 
34734 
12204 3 1 2 2 1 4 1 8 
23869 4 1 10 2 2 3 4 9 2 10 2 77 
19411 
35002 
30564 
32875 
23158 
10570 1 1 4 2 1 66 1 94 
31227 2 1 7 2 1 3 1 5 2 77 
25332 4 1 11 2 1 14 1 35 1 77 
11591 
34121 2 1 9 2 2 14 1 35 1 64 
29593 3 1 10 2 1 34 
35352 
33138 
13595 6 1 1 2 1 4 1 70 
9261 
28230 
31204 
10397 5 9 2 10 3 57 
2743 
24121 1 1 2 2 1 21 1 35 
25352 1 5 1 74 3 75 
39593 2 1 6 2 1 27 1 34 1 77 1 96 
23138 4 1 5 2 6 3 
5552 
33158 1 1 4 9 1 10 1 34 1 36 
4228 1 52 
21227 8 9 2 10 2 11 2 77 
35332 1 45 1 74 1 76 
18281 2 1 24 2 2 3 
29252 
1325 3 2 4 9 2 10 5 27 
17611 4 1 4 2 2 3 2 25 
19799 1 1 1 37 
217 3 2 1 3 1 6 1 20 
2186 2 1 2 2 1 104 
37322 3 2 10 9 2 10 2 22 1 25 
41108 5 1 2 2 3 10 1 33 2 35 1 42 
3597 7 2 2 64 
5753 1 24 1 48 1 75 
11814 6 9 2 10 4 11 
39232 
25910 2 89 
16896 1 1 5 2 5 9 1 10 1 70 
6314 5 2 1 3 1 65 
26315 
40575 5 1 10 2 2 3 1 99 
28811 2 1 3 2 1 38 
34542 
34583 
18075 2 1 8 2 1 3 1 14 
4499 8 2 2 4 10 9 2 10 
19624 
27823 2 74 2 76 
31365 
26188 5 66 
8839 6 1 2 3 2 4 2 27 
28877 3 1 12 2 1 14 2 26 
26870 
33361 
17677 3 1 5 2 1 3 1 77 
20618 
22952 
17915 3 1 9 2 1 4 1 26 1 27 
19687 
3681 2 9 1 10 3 11 1 42 
34105 
32932 
23074 2 1 2 2 3 3 2 27 1 102 
15454 3 1 22 2 1 35 
7479 1 78 1 84 
7855 
35489 
18623 7 1 2 2 2 4 1 8 
12310 10 2 1 3 1 104 
26602 
15833 3 1 6 2 1 26 
39477 
39904 2 1 18 2 2 35 
16463 1 1 3 2 1 5 1 19 
36245 
3628 4 9 2 10 
18319 4 2 10 9 2 13 
37487 6 2 1 5 4 9 2 10 1 34 
15441 
15679 6 2 1 44 1 63 
24697 4 9 1 12 1 14 1 17 
22011 2 2 6 3 8 14 1 19 2 26 
9391 2 9 1 10 1 20 3 57 
37424 
41360 4 1 2 3 3 9 1 11 2 12 
18566 2 1 4 2 2 3 2 64 
38903 
8713 2 1 1 4 1 8 1 14 2 69 
9982 1 1 4 2 1 41 1 77 
15352 4 1 4 9 6 10 4 77 
14121 
33595 2 78 1 79 
13138 2 9 2 10 6 53 
40066 2 1 13 2 1 3 1 20 
11227 1 14 1 23 
30570 
6042 
8971 4 2 2 30 
28281 
31591 2 2 1 30 1 42 1 77 
2051 4 1 2 2 1 3 1 4 1 14 
32204 4 2 3 3 1 14 
9161 3 1 2 3 1 4 1 24 2 27 
14734 3 1 2 2 1 3 1 6 1 19 
21239 1 1 7 2 1 3 2 14 
4637 3 9 1 10 2 11 1 42 
12875 2 1 2 2 1 3 1 14 1 19 
10564 
39411 1 21 
15002 2 1 8 2 2 22 
24789 
31259 1 2 1 14 1 74 3 75 
26079 2 1 11 2 1 104 
22077 2 1 2 2 1 3 1 5 5 9 1 13 1 70 
11284 3 1 1 4 3 9 1 10 1 17 1 53 
8444 7 2 1 6 
26896 
15910 3 1 2 2 1 3 1 4 1 8 1 14 
38249 
16315 1 2 1 5 2 66 
4281 1 1 16 2 1 42 
18811 
32240 
19252 1 1 1 19 1 63 
2325 
29799 
27611 2 1 1 2 1 6 1 77 
117 2 1 10 2 1 22 
1186 1 54 
3323 6 71 
34741 1 1 1 22 
21814 
10618 1 74 1 102 
36864 
27677 4 3 4 14 1 111 
29687 
12952 8 1 6 2 2 3 2 4 
27915 
35434 
8512 4 1 6 2 2 3 1 4 
13074 1 6 2 64 
25454 2 1 1 2 1 104 
4322 10 9 2 13 2 64 
38708 3 1 9 2 1 34 
28623 2 1 6 2 3 3 2 4 1 8 2 19 
7002 
28075 10 2 2 3 1 70 
29624 
33060 1 22 1 32 1 77 
36922 
17823 1 1 8 2 1 3 4 9 2 12 
6170 3 9 2 10 1 24 1 42 1 57 
18877 4 1 1 2 2 8 
16188 1 1 4 2 4 25 1 29 
39940 1 1 3 2 1 35 
16870 5 2 1 8 7 9 3 10 
21932 5 2 2 9 3 11 1 13 
29607 
36472 
38788 1 1 4 2 1 35 
38225 3 1 3 2 2 3 1 4 2 19 1 20 
34994 
31952 
6954 
6178 2 1 4 9 2 10 1 77 
6423 3 9 2 11 1 36 
16108 11 9 4 10 1 11 
22365 
33379 4 2 2 30 
5371 1 72 
11240 4 2 1 8 1 14 
24966 2 14 
773 1 1 2 2 1 3 2 21 
327 2 1 5 2 1 3 1 35 
3286 
33652 
23632 2 1 11 2 5 9 1 12 1 34 1 64 
1963 6 2 2 41 
32227 
36229 1 64 
4475 2 9 1 11 2 36 1 57 
4859 2 1 13 2 1 6 1 22 
12591 1 20 1 44 1 45 
28201 
5617 
35898 
28367 
1745 1 1 11 2 1 3 2 14 1 22 
15043 3 1 1 4 1 74 
22413 1 1 6 2 1 3 1 4 2 14 
12259 
15082 1 1 14 2 1 3 
16257 1 1 4 2 1 4 5 9 1 10 
22792 2 1 1 4 5 9 1 13 1 77 
18250 
33871 2 1 1 22 1 45 
26360 1 1 1 4 1 14 2 44 
32284 
30397 
11204 1 1 1 2 1 6 5 9 1 10 
25965 1 1 17 2 1 102 
31875 1 8 9 9 2 10 1 53 1 94 
7495 
16061 3 2 1 6 1 7 
30016 
6097 1 1 1 2 1 107 
24709 5 2 1 24 1 27 1 34 
39558 
37407 3 1 6 2 1 3 1 18 1 27 1 33 1 34 1 77 
33817 5 1 2 3 1 80 
971 
39984 
3620 
26643 6 2 2 3 2 64 
26682 
19959 2 1 2 2 1 3 1 14 
37974 
31310 
25661 4 1 1 2 1 4 1 34 1 77 
39013 
29538 3 1 9 2 1 34 
2137 4 1 4 2 2 4 2 14 1 66 
38014 2 2 2 3 2 42 
39927 
41079 5 1 4 2 3 10 3 35 
17960 3 1 8 2 1 26 
24248 4 53 2 71 
20112 2 16 
38942 3 2 5 9 1 12 1 35 
2472 1 2 8 9 3 10 1 13 1 14 
1009 
38983 3 1 8 2 1 3 1 19 1 33 1 42 
4543 3 1 1 2 1 3 1 4 2 14 
26108 2 1 16 2 1 103 
4686 
467 2 1 6 2 2 22 
12365 4 2 10 9 2 10 1 70 
33287 
769 2 2 2 41 
3414 
34185 4 2 1 4 1 56 
40173 
19607 2 29 
11932 1 1 1 2 10 9 1 12 1 13 
35409 
41315 6 1 1 2 5 25 2 84 
8657 2 1 14 2 1 6 
34318 
3965 
32814 2 1 6 2 5 3 2 4 1 8 2 14 2 19 
13632 2 2 3 3 5 14 
2963 
41188 
40891 4 1 6 2 6 25 1 35 
8466 1 1 3 2 1 51 
21240 2 1 1 3 5 9 1 10 1 19 1 66 
34503 
14966 3 1 4 2 2 3 1 4 1 14 
3542 2 1 22 2 2 3 
22259 1 5 4 9 1 10 1 53 
12413 
25082 2 1 1 2 1 29 
26257 
18367 3 1 4 2 1 3 2 77 
2745 
25043 
16360 
12792 2 1 3 2 2 3 1 6 
28250 1 1 2 2 1 14 1 22 1 28 
31077 
38230 
15965 4 1 4 2 2 8 
21204 1 1 2 2 2 3 1 6 1 42 
3743 4 9 1 10 1 12 1 32 
14709 1 1 13 2 1 33 
26061 1 1 13 2 1 74 
32239 
36237 5 1 32 2 1 3 1 32 1 77 
41463 3 1 1 24 1 35 
22591 
36374 2 64 
18201 1 1 1 2 1 3 1 14 1 44 
4220 
35186 5 2 3 14 1 32 
1137 1 1 7 2 1 20 
3806 2 2 2 103 
40399 1 1 5 2 1 34 
27960 4 1 9 2 3 25 2 34 2 64 
4990 
10112 2 1 2 2 1 5 1 8 1 35 1 69 
14248 
2009 16 9 10 10 
1472 1 3 3 24 
31011 5 9 1 10 1 64 
16682 8 2 2 8 
29959 2 2 2 5 1 32 2 42 
7970 2 74 4 75 2 76 
16643 1 1 3 6 1 8 
39939 3 9 2 10 1 17 1 18 1 24 
15661 
33015 3 1 1 3 2 25 
4742 3 9 1 11 1 39 
19538 2 1 3 2 4 9 1 10 1 35 1 36 1 77 
39195 
1654 7 2 1 8 1 35 
16585 8 1 4 3 2 4 
4495 1 1 14 2 1 6 1 42 
23520 2 1 9 2 1 29 
8835 4 1 1 2 1 4 2 26 
22992 3 1 5 2 2 3 1 4 1 8 
24909 
8800 
6077 7 9 3 10 1 14 1 19 
7475 
7859 
15494 3 1 4 2 1 8 1 70 
25765 1 55 
37774 2 2 7 9 1 10 2 13 1 31 2 53 
19759 8 1 6 2 2 35 
32826 
1329 2 1 4 2 1 22 
39784 
14812 4 1 4 9 6 10 4 77 
16103 8 1 4 2 4 3 2 4 8 9 4 10 
6663 2 1 4 2 2 3 2 77 
353 5 9 1 12 1 42 
39727 1 63 
16856 3 1 5 9 3 10 2 12 
38742 
31544 
2492 2 1 2 2 1 4 2 64 
17760 4 1 4 2 2 3 1 4 
392 4 9 1 10 1 12 1 14 1 24 
18122 3 1 6 2 2 3 1 21 
31500 1 2 2 14 1 19 1 32 
28534 
35171 1 63 
21732 1 1 7 2 1 3 2 14 1 103 
24243 2 1 15 2 1 103 
38554 
31752 
34794 
24282 2 1 16 2 2 103 
12580 4 1 11 2 1 4 
38988 
19147 4 1 3 3 3 9 3 10 
18589 2 1 9 2 7 9 2 10 1 13 
13346 1 1 13 2 1 31 
3460 1 1 5 2 1 3 2 64 
26648 2 1 10 2 1 6 1 22 
40210 
25392 1 1 3 9 1 10 1 33 1 42 2 57 
39553 1 1 7 2 1 6 1 20 
11531 3 1 5 2 1 8 
6198 8 2 2 3 1 19 
3084 4 9 1 36 1 71 
30885 1 1 4 2 5 9 1 12 1 22 
39018 
29533 
5161 3 1 1 2 1 4 1 64 
13535 1 1 2 2 3 9 2 10 1 17 1 24 
41297 
15048 2 1 8 2 2 3 
30556 
5391 
22418 
20536 
24766 1 6 1 42 1 77 
34629 2 9 1 10 1 24 3 53 
6368 5 9 1 10 1 38 
5982 1 1 17 2 1 21 
35117 6 16 
40089 1 6 2 9 4 10 3 24 1 42 
473 1 1 2 2 1 64 
329 8 9 2 10 2 53 1 103 
20345 
2038 2 1 5 2 1 66 
35893 10 9 4 10 1 17 1 18 1 33 1 57 
8134 4 24 1 81 
14657 1 1 4 2 1 24 1 70 1 77 
12992 4 1 3 2 1 3 1 4 1 14 
7220 5 2 1 4 5 9 1 10 1 14 
37119 
14909 4 1 4 2 2 4 2 42 
34508 
25494 1 75 
15765 6 1 3 2 1 3 2 4 1 14 
26585 2 1 3 2 2 3 
2654 2 1 9 2 5 9 1 13 
34313 
6503 3 1 3 2 1 3 1 4 1 19 
41183 
13520 3 1 6 2 1 3 1 22 
41142 3 1 2 25 1 80 
8626 2 1 1 2 1 3 1 5 
26856 4 2 2 14 1 31 
9753 
40880 
7742 
40178 
30215 1 23 
1492 1 1 1 2 1 7 1 8 
35466 
4970 4 1 1 2 1 3 1 4 1 14 
36836 2 1 13 2 8 9 2 10 1 12 1 17 1 24 1 34 1 77 
27760 1 1 1 6 1 74 2 75 
41505 1 1 9 2 3 3 1 14 1 30 1 34 1 42 1 77 
7990 
29759 
2329 2 10 8 53 
19292 4 1 1 35 
38541 
26103 2 1 15 2 1 103 
24812 
39739 2 64 
6262 1 1 1 34 1 41 
16648 4 2 1 8 1 64 
33555 
15392 2 1 6 2 4 9 2 12 
21531 2 2 6 3 1 4 8 14 2 26 1 27 
19533 1 1 3 2 1 37 1 64 
469 5 1 1 2 3 3 
31551 
30087 
23535 
8280 
7543 
11732 1 1 4 2 4 9 1 12 1 17 
18534 3 1 6 2 3 3 1 4 1 7 
9552 
28122 2 1 8 2 1 3 1 14 
767 3 1 20 2 1 35 
7686 2 1 4 2 1 3 1 14 1 77 
14282 2 9 3 10 1 11 3 64 
22580 
14243 1 1 13 2 1 8 10 9 2 10 
34465 2 3 3 6 
30024 2 1 4 2 1 34 1 38 
23346 
31299 1 1 3 2 1 48 1 77 
28589 
29147 1 74 6 75 1 77 
6702 1 1 1 6 1 25 1 64 
34637 4 1 8 2 1 22 1 35 
41468 8 2 1 4 1 24 2 35 
10345 
1038 4 9 2 17 
40034 1 1 1 42 1 45 
24657 
33886 3 1 1 2 1 3 1 45 1 77 
12418 2 2 4 9 1 10 1 14 1 32 1 57 
25048 
38026 
10536 
14766 1 1 4 2 9 9 5 10 
19999 2 1 5 2 1 3 2 4 1 7 1 14 1 70 1 77 
6841 1 1 2 9 1 10 1 25 3 57 
23133 2 1 8 2 2 4 
19135 
39598 
28276 12 9 3 10 1 16 3 17 3 77 
3577 2 1 10 2 5 9 1 13 
33153 1 1 4 9 2 10 1 31 1 77 
219 5 9 1 12 1 14 
1030 2 1 1 2 1 3 5 9 1 10 1 77 
25710 1 1 10 2 1 102 
13547 6 9 2 10 1 36 1 57 
37416 3 1 11 2 1 3 1 18 1 27 1 33 1 34 1 77 
33806 1 1 1 2 10 9 2 10 1 80 
2852 
1005 
31418 
603 
12551 1 1 20 2 5 3 
26468 3 9 2 17 1 57 
4855 1 1 4 9 1 10 1 12 1 42 
4479 
25838 5 1 3 2 1 3 1 4 
35858 3 1 13 2 1 22 1 34 
8288 1 1 10 9 1 10 1 13 1 32 
30007 1 1 14 2 1 6 1 14 1 22 1 35 
10329 6 9 4 10 1 63 1 64 
20337 10 2 1 3 1 30 
36521 1 23 
22752 1 59 
17715 4 1 2 2 3 3 1 14 
18290 4 1 17 2 4 3 
16297 1 98 1 103 
236 1 1 1 2 1 38 
12299 
35169 
1749 1 1 7 2 1 3 
28509 3 1 3 19 3 35 
40844 
7499 2 1 10 9 2 10 2 25 1 81 
32732 2 1 9 2 1 22 1 25 
14202 3 2 1 44 1 48 
22500 1 8 1 19 1 42 1 77 
22544 8 3 1 6 
7801 2 1 6 2 2 103 
40800 6 1 15 2 3 10 3 35 
6584 
20613 4 1 5 2 1 35 1 63 
4978 2 1 2 2 1 45 
18628 3 1 1 4 1 5 1 8 1 69 
4777 
27828 
33692 3 2 1 14 1 25 
29120 1 1 12 2 1 14 1 30 1 77 
7797 3 2 2 24 1 25 
7998 1 1 2 2 2 7 
4154 4 9 1 10 1 18 1 36 
21826 3 1 1 3 1 65 1 99 1 103 
26183 3 2 2 3 
40265 2 1 3 2 8 9 2 10 1 17 1 32 1 36 2 77 
26142 1 55 
1447 2 2 20 9 2 10 2 13 
875 
7228 1 24 1 41 
10821 
24934 
34954 
31992 3 1 1 2 1 4 1 14 1 25 1 66 
34588 
14989 2 1 8 2 1 4 
26505 3 1 5 2 1 34 
29616 3 1 4 2 1 34 
36046 2 1 2 2 4 9 4 10 2 17 2 77 
41103 
15710 1 1 3 2 1 22 1 74 2 75 
40359 
3003 
23547 
2005 14 9 10 10 
1852 1 1 2 2 1 3 1 19 
6360 3 1 4 2 2 3 1 4 1 14 
571 4 1 1 3 1 33 
13133 2 2 1 5 1 25 1 41 1 77 
29999 2 3 2 14 2 42 
7281 2 1 3 2 2 6 
29135 
40009 
18276 6 1 4 2 4 3 1 4 
39155 2 1 9 2 3 3 1 4 1 34 
34941 8 9 3 10 1 14 2 19 1 53 
2030 4 1 4 2 2 3 
119 
12752 1 2 1 3 9 9 3 12 
28290 8 9 2 39 2 64 
27715 2 1 2 2 2 26 1 27 
10337 
31580 
9617 3 9 2 10 1 24 1 36 1 42 
2749 2 2 1 6 1 8 1 24 
136 
26297 
22299 3 1 15 2 1 4 1 94 
30260 1 1 13 2 1 4 2 35 
40672 2 1 14 2 2 22 2 25 
3468 1 24 1 75 1 89 
34645 
18509 3 1 7 2 3 3 1 4 
24202 1 44 1 63 
12500 2 1 4 2 2 3 1 7 
38908 
6190 4 9 1 10 1 24 1 36 
30805 1 1 12 2 3 3 
16468 2 1 8 2 2 3 
7322 
36722 
22551 1 6 9 9 2 10 1 11 1 77 
10274 
15838 3 1 8 2 1 26 
4002 1 1 1 2 1 38 
39740 
32531 
20329 
17828 3 1 5 2 3 3 4 9 2 10 
19120 2 1 3 2 1 3 1 4 3 64 
39704 
3969 
40851 3 1 4 2 1 5 2 25 1 84 
11826 
9371 2 1 1 2 1 4 2 19 
16142 3 1 1 2 1 3 1 4 2 27 
2447 
37167 9 9 3 10 4 16 6 17 3 77 
16183 
12544 
10613 
34410 
28628 
35646 
8221 2 2 3 9 1 10 1 25 1 42 2 53 
38703 4 2 1 29 
19616 1 63 
16505 29 2 
7637 1 1 1 95 1 96 
8991 
14934 1 1 5 2 3 9 2 10 1 17 1 24 
20821 
8382 2 5 1 48 1 99 
24989 
8808 
21551 
6290 3 2 2 60 
19018 3 1 3 2 1 3 1 6 1 8 5 9 1 10 
33535 2 1 3 2 2 3 1 70 1 77 
13198 2 6 10 9 2 10 2 77 
20087 2 1 3 2 1 38 
23555 
1084 6 2 2 14 2 35 
10885 
7962 2 1 16 2 2 96 
5506 
9877 7 1 1 2 1 4 3 104 
25729 1 9 3 53 2 71 
13890 1 24 2 74 1 75 1 76 
8301 
10310 4 1 16 2 2 3 
8919 1 2 3 3 4 14 1 20 
6720 
20011 
3109 4 9 1 53 1 71 
38206 
2570 4 2 1 56 
25694 2 46 1 49 
10952 
23567 
12618 2 1 13 2 5 9 1 13 
36575 
8418 4 1 1 2 1 4 2 26 
7202 1 1 17 2 1 3 2 14 1 22 
9589 
34437 
4339 
34961 
29119 1 1 12 2 1 14 1 30 1 77 
24457 4 1 19 2 1 35 1 64 
5890 2 1 1 3 1 29 
23099 8 2 1 3 1 4 1 42 
37759 
7563 
19774 
17784 3 1 6 2 1 26 
30240 
34665 
27739 2 1 7 2 2 3 
4081 1 2 1 44 1 102 
17727 4 1 2 2 1 3 1 4 1 14 
16448 9 1 8 2 3 4 1 8 
18773 2 1 3 2 2 14 1 70 
9955 
39760 
11087 
23881 3 1 3 3 2 27 1 31 
22274 
10551 2 76 
41526 
28021 
623 3 2 1 27 1 34 
33452 2 2 1 24 1 26 1 77 
16327 
23432 
2184 2 1 6 2 1 114 
21885 
12329 
8088 3 9 1 11 2 57 
36009 4 1 11 2 1 35 4 103 
32007 
1943 9 2 2 42 
18320 2 1 2 2 1 3 1 7 1 14 
10299 2 65 
9450 2 1 2 2 1 66 2 77 
4127 3 1 5 2 1 3 1 22 
6316 5 2 1 3 1 24 
22337 3 1 3 2 3 3 1 4 
20752 4 1 7 2 1 35 
11024 
30732 3 1 1 4 1 5 1 77 
36359 
32357 
20500 
4603 
34562 
16384 1 1 4 9 1 10 1 12 1 26 
25190 
27927 2 64 
31345 
3138 1 18 1 74 2 75 
15176 
40722 
4411 2 1 1 2 1 3 1 23 
1230 1 1 2 2 1 6 1 42 
28973 
3602 4 9 1 10 1 18 1 71 
33341 
27558 
29407 1 1 4 9 1 10 1 30 1 53 
36672 3 1 1 5 4 9 2 10 1 35 
27984 3 1 9 2 5 9 1 12 1 25 2 34 
31536 5 2 5 3 1 97 
29974 2 1 9 2 2 77 
17939 3 1 4 2 2 3 1 42 
21556 1 1 3 9 1 12 1 36 1 57 
27013 
17195 2 1 10 2 1 4 2 14 
37538 
1205 8 9 2 10 2 11 1 114 
13334 
12821 3 1 3 2 1 4 5 9 1 10 
38005 
659 1 2 2 24 
4308 1 2 1 22 
4882 1 1 4 9 1 10 1 25 1 36 
7028 3 1 3 2 1 25 1 26 
5315 3 9 1 17 2 57 
41041 4 1 1 2 3 10 2 34 1 35 
35528 
28546 
23389 
7156 13 9 4 10 1 17 
15929 12 9 3 10 3 11 1 46 
37607 
25937 3 9 1 53 2 71 
36851 1 1 6 2 1 32 
13277 2 1 3 2 2 3 2 14 
38355 
14175 
26482 
28335 6 2 4 16 6 27 
28778 
25461 1 1 4 9 1 10 1 12 
35957 
26831 
13211 3 2 1 8 1 65 
1765 1 1 3 9 1 11 1 12 1 17 
22613 6 1 5 2 4 3 1 77 
20544 
33849 5 2 1 4 2 42 
11215 6 1 1 2 1 3 1 4 1 8 
1590 2 2 2 3 
41402 4 1 3 2 1 35 
3883 1 1 1 3 2 42 
2885 1 1 1 25 1 75 1 89 
8446 4 1 3 2 2 3 1 4 1 77 
20299 
21024 
10752 
16339 2 1 12 2 1 7 
12337 2 1 2 2 2 3 
10500 8 9 3 10 1 57 1 64 
38269 2 1 15 2 5 9 1 10 1 25 1 33 1 34 1 77 
3562 3 1 1 3 5 9 1 13 
32260 
15190 6 1 2 4 3 9 2 10 1 71 
26384 2 1 2 2 3 3 1 6 1 8 1 33 3 42 
7339 1 5 1 48 
12274 14 2 2 3 
3945 3 9 3 10 3 42 
4202 2 1 5 2 1 3 1 64 
21087 3 38 3 77 
26237 2 1 3 2 2 4 2 14 
10016 2 1 1 5 1 104 
36061 
11875 5 2 1 3 5 9 1 12 
22239 2 4 12 9 6 10 4 11 2 14 
35082 
36257 
32259 
35043 1 1 1 30 1 77 
3745 3 9 1 10 1 39 1 64 
12284 3 1 2 2 1 8 2 77 
13871 1 28 
21077 1 21 
38250 5 9 2 10 1 11 1 77 
40514 2 2 1 35 1 42 
15898 3 1 7 2 3 9 3 10 
662 1 1 1 2 1 23 
16229 1 9 2 11 2 53 1 57 
12227 1 2 1 4 4 64 
32591 
37960 
18983 3 1 1 6 3 9 3 10 
18942 4 1 1 4 1 7 1 8 5 9 1 10 
3009 
25186 
18014 1 1 2 2 4 9 2 10 2 24 1 26 
19927 1 6 5 9 1 10 1 42 
2806 1 1 5 2 1 110 
13193 3 9 2 10 5 53 
23015 6 1 4 2 2 4 1 25 
29939 5 1 6 2 3 29 1 81 2 84 
11310 4 1 3 9 2 13 1 71 
29195 2 2 1 14 1 35 
19013 1 1 1 2 1 5 1 8 5 9 1 12 
9644 1 106 
1620 3 1 3 2 1 3 1 4 1 30 
21011 1 1 11 2 1 37 
19984 
13817 3 1 5 2 1 3 1 22 
17407 4 1 3 2 1 3 1 4 1 18 
19558 
39959 1 1 4 2 1 27 1 34 
17974 2 1 6 2 1 3 1 8 
40668 
13379 1 51 1 75 
6270 2 1 10 2 1 3 1 14 
36108 
9897 
4545 
23224 1 1 10 9 2 12 1 34 
25409 4 1 1 2 4 3 
4962 1 1 1 109 
14994 2 1 6 2 3 9 2 10 1 17 
11952 4 1 1 2 1 4 1 19 
18225 4 1 20 2 1 4 1 77 
18788 
24185 
2414 2 1 3 2 1 45 
16472 4 2 1 7 1 8 1 69 
23287 
9701 
3963 8 9 1 10 1 13 1 48 2 53 
6551 3 1 2 2 1 3 2 8 
24318 1 1 3 2 1 37 
127 3 1 2 2 1 3 1 19 
2965 2 9 4 71 
1286 4 1 10 2 2 3 4 9 2 10 2 77 
13652 3 1 1 2 1 8 
22814 
24503 
2542 
4181 4 9 1 10 1 24 1 57 
31240 2 1 4 2 1 6 2 77 
38201 
16374 2 2 2 14 1 66 
4056 1 1 2 2 1 48 
4473 2 1 1 3 1 32 1 94 
5426 2 2 1 44 1 63 
25898 1 1 15 2 1 102 
26229 2 1 4 2 2 3 1 7 
41245 3 1 9 2 1 3 4 9 2 10 
22227 1 1 12 2 1 3 1 6 2 14 1 19 
4128 
20397 
8087 3 9 2 10 1 36 2 64 
35965 4 2 3 3 4 9 1 12 1 14 1 34 1 57 
18230 7 1 3 2 1 3 2 4 1 22 
16237 4 1 3 2 1 4 1 7 
20016 
21875 1 1 1 8 10 9 1 10 1 12 
12239 
34709 4 9 2 10 2 17 1 77 
1743 5 2 2 41 
38367 6 2 1 4 2 35 
7493 3 1 5 9 1 10 1 25 1 81 
32413 
11077 
32792 
22284 2 74 2 75 2 76 
36360 
23871 
35661 
13015 3 1 2 2 1 3 1 81 
19939 1 1 4 2 3 3 
21310 3 1 1 34 
23193 3 1 6 2 1 26 
29013 
19195 
39538 4 9 2 10 1 24 1 77 
23817 6 2 4 5 2 34 
29558 
27407 3 18 3 35 
2620 
11011 
29984 1 1 9 2 1 22 1 29 
36643 7 2 1 4 2 34 1 35 
36682 
28942 
3472 3 1 12 2 1 35 
30112 
34248 
28983 4 1 1 14 3 26 
3137 3 74 2 75 1 76 
15186 4 1 2 2 2 3 4 9 2 10 2 77 
7254 
29927 1 1 3 2 4 9 1 10 1 13 1 14 1 77 
1806 
15409 3 1 5 2 1 4 1 5 
28225 
28788 
24994 1 2 4 3 5 14 1 16 1 20 
21952 1 1 8 2 1 74 4 75 1 77 
39607 
1414 1 1 18 2 1 14 
26472 6 1 1 2 2 4 2 22 
14185 
13287 2 1 10 2 1 3 1 14 
32365 
23379 1 23 
7027 
583 4 9 2 11 
6425 3 9 2 11 1 53 
13224 2 1 25 2 1 32 
4307 
1542 1 1 1 2 1 3 2 5 
34966 
14503 1 1 4 2 1 4 1 64 
33632 
227 
1965 3 1 3 2 2 3 1 14 
2286 
14318 
5041 2 1 2 2 1 3 1 24 
12814 2 1 6 2 2 3 
1976 4 9 1 12 1 42 1 53 
198 
29714 10 16 5 64 
7417 
6015 5 9 2 10 3 11 
23762 4 1 20 2 1 35 
21899 
14451 2 1 8 2 1 3 1 14 1 66 
24400 1 7 2 24 
13561 10 2 2 94 
10285 
1024 
10728 5 10 2 34 3 53 3 64 
24098 5 16 
5695 1 2 1 14 1 74 
30462 
5147 1 1 15 2 1 65 
28713 
9040 8 1 10 2 6 8 
11565 1 1 1 2 1 3 1 103 
28492 1 1 1 74 1 77 1 97 
23286 1 21 
27721 2 1 4 2 2 26 
22678 24 3 
9739 
14342 4 3 
14383 1 1 3 2 1 4 3 64 
6980 
27134 
17522 2 1 4 2 1 4 1 6 
15293 2 1 7 2 2 9 4 12 
7121 8 2 2 109 
17189 3 1 5 2 1 3 1 4 2 14 
19179 3 1 3 2 1 3 1 25 
37154 3 1 1 2 1 5 1 35 
20370 5 1 3 2 1 3 1 35 
13816 3 1 16 2 1 3 1 25 2 77 
17406 4 1 5 2 1 3 1 4 1 14 
15532 3 2 1 44 1 49 1 64 
21391 
8545 3 1 1 4 1 6 1 44 
32488 
9172 3 1 2 2 1 8 1 26 1 69 
6696 4 2 1 41 1 44 
11408 3 1 3 2 1 3 1 25 
10071 4 3 3 6 
19393 
9437 
11090 
23395 1 29 1 77 
25187 
25731 3 1 3 9 3 10 1 77 
31172 
18394 4 1 3 2 2 3 1 70 
19926 1 1 7 2 1 14 2 25 
35751 2 1 10 2 4 35 
5016 
3031 2 2 1 3 5 9 1 10 2 14 1 77 
67 5 1 1 9 5 10 5 77 
12226 1 1 15 2 1 20 
3389 2 2 1 6 1 19 
10923 4 3 3 14 1 26 1 27 
37705 
28918 4 9 2 10 1 22 
30148 4 1 5 2 1 3 1 4 1 65 1 70 
34212 
24444 1 1 1 22 1 77 
7719 
36256 
1257 1 1 3 2 4 9 1 12 1 13 
8181 
20815 
21076 1 21 
29088 1 1 6 2 1 34 
10396 5 9 2 10 3 57 
384 4 2 1 4 5 9 1 10 1 14 
27078 
26236 2 1 4 2 2 3 1 19 
10017 
14400 1 1 4 2 1 24 1 70 
30603 1 1 1 19 1 107 
8128 2 64 1 74 1 75 1 76 
2024 
23561 2 1 28 2 2 22 
20285 
20728 
14098 6 1 9 2 3 3 1 4 1 18 
8056 
18713 3 1 2 8 5 9 1 10 
21565 
18492 3 2 2 3 10 9 2 10 
8473 3 1 4 2 1 3 
34431 2 1 1 2 1 29 1 74 1 77 
2976 3 9 1 10 2 53 1 74 
298 3 1 9 2 1 3 1 22 
13762 2 1 2 2 1 4 2 14 
19714 
7833 1 2 1 19 1 33 1 42 
4087 1 2 2 6 
34967 
34882 
9699 
11899 
24451 4 1 7 2 1 35 1 74 6 75 1 77 
27522 2 2 5 9 1 12 1 35 
17134 
27189 2 1 1 3 1 23 1 35 
25293 10 2 4 3 
5735 
35744 4 1 10 2 2 3 4 35 2 74 2 77 
29179 7 2 1 3 1 96 
39606 
12678 2 1 8 2 1 3 1 14 
17721 3 1 4 2 2 3 1 18 
13286 1 1 5 2 1 14 1 101 
36515 3 1 1 4 1 32 2 34 
24383 
24342 
40758 3 9 1 12 1 42 2 71 
5700 1 1 1 3 1 14 1 51 
15187 3 1 4 2 1 4 1 14 
15731 
29926 1 1 1 22 
28394 24 1 16 9 6 10 12 13 6 17 4 39 6 77 
7188 6 9 4 10 2 42 
40953 1 1 6 2 1 4 1 14 1 19 2 35 
37141 
30364 
23816 2 1 17 2 1 29 
27406 4 18 4 35 
10370 1 2 1 27 1 56 
8307 1 1 2 2 1 22 1 110 
35700 1 1 10 2 4 25 1 100 
15124 
25532 1 1 12 2 1 3 
9813 
11391 7 1 1 3 2 4 
35552 1 16 
29393 2 29 
549 1 1 5 2 5 9 1 12 
20071 2 1 1 8 1 69 
21408 
13395 
2257 
38366 2 1 8 2 2 34 
5260 2 1 8 2 2 22 
10815 3 1 1 2 2 3 1 6 1 14 
11076 
20396 
19088 2 1 1 2 1 4 1 14 1 76 1 77 
20017 
16236 3 1 4 2 1 8 
17078 2 1 2 2 1 7 1 26 1 44 
22226 
20923 1 74 1 77 
6736 2 1 1 2 1 3 1 18 1 33 1 94 
39892 
18918 4 1 6 2 1 70 
32510 3 1 4 2 1 4 2 34 1 103 
14444 1 1 17 2 1 3 
20473 
5268 3 2 2 41 
19490 3 1 1 34 
40 1 6 5 9 1 10 1 44 
19008 1 1 1 5 1 8 5 9 1 10 
32076 
6291 1 2 1 29 1 100 
11510 1 5 3 9 1 10 2 11 
33773 4 1 4 2 2 3 1 4 2 8 
3515 5 2 2 3 1 32 
40231 
19358 3 1 9 2 1 34 
2513 4 1 1 2 2 4 2 14 
1461 1 1 4 2 1 3 1 77 
24664 7 2 2 3 2 4 
10597 
30221 1 42 1 77 
881 10 2 2 14 
22172 1 1 10 2 3 3 
7180 1 1 2 2 1 109 
26574 2 1 1 2 1 38 
35780 1 1 9 2 1 103 
29476 
5679 1 93 
40314 2 16 
27486 
6921 
34696 
10069 1 1 3 69 1 70 
21488 
32391 
21163 
6867 1 44 1 110 
24053 2 1 1 2 1 38 
34033 3 9 2 10 1 12 1 19 1 24 
6531 3 9 1 10 1 42 2 57 
24518 
35695 4 1 3 2 4 3 1 22 1 34 1 38 
19161 
27109 
24303 
4715 3 9 1 36 1 39 
37676 
13206 1 1 1 5 1 6 
39686 3 1 2 2 1 14 1 30 1 34 1 77 
31678 
5708 
5907 
33978 4 1 7 2 1 81 
8120 3 9 3 10 3 24 
30642 
14480 
13579 1 1 28 2 1 14 
30683 
15258 3 1 3 2 1 4 3 9 3 10 
2712 2 1 4 2 1 30 
38890 
947 
9486 8 9 2 10 2 57 
32899 2 2 4 9 1 12 1 35 1 53 1 108 
36897 
35991 1 1 3 2 1 25 1 37 
36113 
34802 
3774 4 2 1 22 
37785 
37228 2 1 9 9 1 10 1 13 1 14 1 17 1 33 1 42 
21510 2 1 3 2 2 3 1 4 1 6 1 8 5 9 1 10 
39338 
39775 
2461 1 1 6 2 1 8 
1513 4 2 1 4 4 63 
31226 2 2 2 5 2 22 
29358 
14664 1 1 2 2 5 9 1 12 1 32 
10473 5 1 15 2 3 3 
34670 
29490 1 64 
40998 2 1 4 9 2 10 2 26 2 77 
3157 3 1 4 2 1 3 1 19 
7234 
29008 
38099 
16574 4 1 2 2 1 3 1 4 7 9 3 10 
32408 4 9 1 12 1 17 1 30 1 77 
19476 
4036 4 9 2 71 
17486 4 1 3 2 2 3 1 4 1 5 1 14 
6489 1 20 1 107 
32090 1 1 4 2 1 14 1 21 1 29 
20069 4 1 3 2 1 84 
11488 2 1 4 2 1 70 
20597 
25107 3 1 2 2 1 3 2 14 1 34 1 77 
41236 3 1 2 2 1 32 1 63 
38567 
9675 1 1 2 2 7 9 3 10 1 77 
36560 
12172 
14303 2 1 3 2 1 4 2 14 
4574 
23206 
6988 8 9 3 10 1 17 1 64 
6787 1 3 1 24 2 74 1 75 
11163 2 1 4 9 1 10 1 13 1 42 
9214 2 1 6 2 4 3 3 4 1 8 3 14 2 19 
14053 7 1 3 2 1 3 2 4 
5362 2 74 3 75 
14518 3 1 2 2 5 9 5 10 
7594 3 1 5 9 1 10 2 25 1 81 
38876 2 1 2 2 6 9 7 10 1 16 1 17 2 34 1 64 1 77 1 103 
17109 1 1 1 2 1 19 1 76 1 77 
29161 5 1 7 2 3 3 2 4 2 8 1 77 
34919 
40793 3 1 9 2 3 10 3 34 
10860 
36095 
40412 2 1 2 2 1 3 1 60 
5192 2 1 1 2 1 35 1 94 
10205 
24480 4 9 2 10 1 24 1 63 
23579 
32565 
35238 1 1 2 2 1 3 1 79 
30874 1 1 5 2 1 26 
37690 2 14 2 19 2 30 2 77 
25258 1 1 1 18 1 33 1 95 
585 4 9 1 11 1 53 
9048 2 1 2 2 2 3 2 6 
1712 1 2 1 25 2 41 
17649 3 1 4 2 1 3 1 4 2 14 
32662 
17471 2 1 6 2 1 3 1 8 
3385 1 1 1 18 1 45 
19481 4 1 7 2 1 35 
10006 
21483 
7715 
21442 
2383 
31214 1 1 5 2 1 37 
19832 2 1 5 9 1 12 2 35 1 38 
9260 5 9 1 12 1 38 
36296 
28849 
40504 8 2 3 3 1 5 
10356 
41321 
22840 4 1 1 3 1 4 1 21 
8549 12 9 7 10 1 12 
21351 
18004 1 1 2 2 3 9 2 10 2 24 1 26 1 57 
33335 1 1 8 2 1 34 
33778 4 1 2 2 1 81 
23355 
11050 10 2 8 9 4 10 2 25 2 65 
31331 
14160 2 1 5 2 13 9 4 10 1 13 
19353 
18354 2 1 6 2 2 3 
34174 3 1 2 10 4 71 1 74 1 81 
32380 
26264 
38389 
13807 3 1 4 2 2 3 1 14 
17417 3 1 6 2 1 8 
21001 
1621 2 1 3 2 4 9 2 10 
33546 4 1 10 2 1 4 3 22 
949 
5813 1 17 5 71 
19003 4 1 4 2 1 6 2 9 4 10 
23005 4 1 5 2 2 3 1 4 1 77 
11300 3 1 5 2 1 3 1 84 
35791 3 1 1 3 1 34 1 41 
41035 3 1 5 2 3 10 3 34 
11344 7 2 1 44 1 51 
9735 
36118 
155 2 1 2 2 1 6 
6271 2 1 7 2 1 19 
28341 22 9 6 10 4 39 12 53 6 77 
9700 5 1 5 83 
30688 
26845 
70 1 1 6 2 1 65 
2688 6 2 2 3 
33973 4 1 7 2 1 81 
18040 2 1 15 2 1 3 1 14 
12049 1 1 22 2 3 3 
37062 
16047 
25419 3 1 7 2 1 39 
15253 1 1 10 2 4 9 1 12 1 13 
22804 1 6 6 9 2 10 4 57 
6019 7 9 3 10 1 21 
40540 2 1 3 2 1 35 1 37 
31839 1 1 5 9 1 12 1 38 
24308 2 1 2 3 2 14 
6550 3 1 1 2 2 3 1 6 1 8 
13269 3 1 8 2 1 4 1 14 
25647 6 9 2 10 2 11 2 36 
14491 2 1 6 9 4 10 2 77 
21859 5 1 1 8 2 9 4 10 
31673 1 1 1 6 3 9 2 10 1 17 1 24 
31025 1 1 3 2 1 37 
5699 1 9 2 10 1 17 1 24 1 42 2 53 
24058 
35980 1 1 5 2 1 25 1 34 
21168 
38432 2 1 9 2 1 66 
4180 3 9 3 10 3 42 
28452 
3634 
36385 4 1 13 2 1 22 1 35 
33021 
38881 1 1 2 2 5 9 1 12 1 30 1 77 
34038 3 1 3 24 2 84 
27166 
24513 
30336 1 1 6 2 1 25 1 37 
4594 1 1 1 18 1 19 
41020 6 1 11 2 3 10 3 35 
18849 3 1 2 2 1 4 1 5 1 8 1 69 
38211 
12840 4 1 2 2 3 3 1 14 
20356 
27649 5 1 4 2 1 3 1 4 
39852 
3058 9 9 6 10 1 53 
30545 3 1 4 2 1 3 1 8 1 14 
27471 
29481 1 1 4 2 1 22 
32403 6 16 
34719 3 2 3 3 1 4 1 6 2 9 3 10 1 17 1 21 1 26 1 34 
1383 2 1 9 2 1 32 
11442 6 1 6 2 6 3 
20006 
3126 1 89 1 90 
11483 4 1 1 2 2 3 1 66 
7574 
29832 4 9 1 10 1 53 1 74 
16264 8 1 1 2 3 4 1 77 
28354 22 9 6 10 4 39 6 53 6 71 6 77 
2621 2 1 10 2 1 19 
11001 2 56 
10478 5 1 14 2 3 3 
5437 2 1 3 2 1 4 1 6 
27417 3 1 1 2 3 3 1 6 
23807 3 1 9 2 1 34 
5172 1 31 1 97 
32081 
29003 
38334 
40993 2 1 4 2 4 9 2 10 2 26 2 77 
13005 3 1 1 2 2 3 1 18 
21300 
40326 
11351 4 1 5 2 1 4 
39333 
31030 1 1 4 2 5 9 1 10 1 103 
37223 3 1 2 2 2 3 1 4 1 8 2 14 
28004 3 1 13 2 1 3 
9016 
13355 6 1 2 2 1 3 2 4 1 42 
38277 
30102 
21050 1 3 2 14 1 19 1 77 
36270 1 1 2 2 1 7 4 9 2 10 3 77 
29353 
35592 
24160 14 9 8 10 
39975 1 58 
18341 4 1 6 2 1 3 1 4 5 9 1 12 
35233 
4234 2 1 1 2 1 7 
1688 1 1 5 2 1 60 
16845 3 1 5 2 5 3 
39617 4 1 12 2 2 3 
37985 4 1 4 2 2 3 1 4 2 8 
3794 2 2 2 19 
28040 2 1 28 2 2 35 
5739 1 2 1 64 1 76 
15419 2 1 16 2 1 96 
25253 2 1 12 2 2 96 
22049 
26047 1 1 15 2 1 48 
21344 
255 1 1 8 2 1 33 
40798 3 1 9 2 3 10 3 34 
14058 1 1 1 2 10 9 2 13 1 14 
33320 3 9 1 23 2 34 
11168 
8853 2 1 7 2 2 3 1 4 
18452 2 1 17 2 2 3 
31827 9 9 2 12 1 17 1 33 1 42 1 77 
14513 2 1 14 2 5 9 1 13 
17166 
39449 5 1 2 2 1 4 2 7 1 34 2 35 
39671 
12804 3 1 4 2 2 3 1 14 
37681 
14308 
23269 6 16 
5040 1 1 3 2 1 3 2 64 
9147 1 1 1 6 4 9 2 10 1 24 1 77 
32275 
24491 2 1 4 2 2 3 
7036 3 1 9 2 1 3 1 22 
11859 3 1 2 2 1 4 1 64 
15647 1 1 16 2 3 3 
9695 11 9 6 10 1 11 
31884 
9192 1 1 1 8 4 9 2 10 2 24 
16829 6 2 15 9 2 12 1 13 
17630 3 1 3 2 1 3 1 4 2 64 
12827 3 1 4 9 1 10 1 13 1 70 
41047 
22025 
15298 1 1 1 2 1 25 1 41 
6676 
668 1 106 
36857 
19726 
25931 2 1 3 2 4 3 
32859 
37601 1 1 16 2 1 21 1 35 
14388 
5048 3 1 1 2 1 3 1 25 
12884 13 2 8 3 
13271 3 1 2 3 1 20 
22673 
985 2 9 1 11 3 57 
38850 
16035 1 1 3 11 1 12 2 57 
28830 
31804 1 1 6 2 1 34 
25467 2 1 1 3 1 21 1 45 
26837 
11275 1 1 8 2 1 3 
35951 1 1 9 2 1 35 1 41 
22839 2 1 1 2 2 3 1 21 1 63 
1680 3 1 1 4 1 24 
10723 1 17 5 57 
37905 
24093 
25635 6 1 3 2 6 3 
14115 4 1 16 2 2 3 2 25 
13217 1 1 1 25 2 74 1 75 1 76 
35655 
28718 
39425 
4719 8 9 2 10 2 11 
9362 4 9 2 12 1 19 
5214 2 1 8 2 1 22 
26020 4 1 4 2 2 3 
23887 5 9 1 10 1 22 
23962 
11081 
29914 
1996 2 1 3 2 1 4 1 5 1 14 
10557 
36612 
28027 
27073 
1304 
13085 1 2 2 3 1 27 4 46 1 49 
21380 
16321 
32001 
29083 
18825 4 1 1 2 1 3 1 6 1 46 
28084 2 1 1 3 1 14 1 45 
5675 
10928 6 1 1 3 1 4 1 8 
15116 4 1 5 9 4 10 1 13 
24636 1 1 4 2 9 9 3 10 
27625 5 2 1 3 1 5 1 6 
30529 
23824 
22331 
32351 
18039 5 1 8 2 3 3 2 4 
4417 2 1 5 2 1 3 1 14 
12030 1 1 12 2 10 9 1 10 1 13 
34656 
30182 
28913 3 1 2 2 1 22 1 35 1 42 
30143 3 9 1 36 2 57 
4121 2 1 9 2 1 22 
31840 1 1 5 9 1 12 1 38 1 64 
27921 
33347 2 1 2 2 1 14 1 34 
19450 3 1 3 2 1 39 
39146 2 1 15 2 3 3 1 4 1 34 
17469 3 1 1 2 2 3 1 6 1 8 
32442 
29401 
3519 3 9 1 10 1 11 1 36 1 42 
32483 5 1 26 2 1 3 1 22 1 34 
1226 
15620 
22214 1 1 14 2 7 9 3 10 1 25 
3050 3 1 1 2 1 3 1 7 
21662 
20086 1 2 1 16 1 30 1 42 1 94 
11403 2 1 6 9 3 10 1 12 
19398 
24388 
6558 2 1 5 2 1 45 
29726 2 2 2 25 2 29 
15931 3 1 1 7 3 9 3 10 
39669 
12673 2 1 5 2 5 9 1 13 
26035 2 1 1 2 2 3 1 6 
23271 2 1 2 2 1 14 1 34 
8027 2 2 2 14 1 30 
15467 
36055 
18830 4 1 2 2 2 4 1 6 2 14 
16837 6 1 8 2 4 3 2 4 
40753 1 6 4 9 1 10 1 42 1 71 
12839 3 1 1 8 5 9 1 13 
21275 8 9 4 10 2 25 2 64 
26829 
4188 
27630 1 1 4 2 11 9 7 10 
22827 
35900 2 1 1 2 1 5 1 35 1 44 
12025 1 1 24 2 3 3 
38801 2 1 23 2 1 19 1 103 
547 2 1 1 2 1 3 1 44 
25298 1 1 4 2 1 32 1 94 
5486 6 9 2 10 4 53 
37650 1 1 4 2 1 6 1 77 
36305 2 35 
33423 8 2 4 9 2 10 2 14 2 77 
32344 1 6 4 9 1 10 1 42 1 53 
24115 
15635 2 1 8 2 1 70 
23217 
9907 
2680 
14093 
31049 1 1 2 2 5 9 1 12 1 22 
30608 5 9 1 12 1 107 
9708 
18718 1 1 19 2 1 6 1 14 
20928 
32050 
14636 6 1 3 4 
25116 2 3 2 14 2 77 
4833 
7087 1 1 4 9 1 12 1 53 
18084 4 1 6 2 1 3 1 4 1 14 
6485 4 2 1 14 1 26 
13824 3 1 2 2 3 3 2 14 
12331 
17625 6 1 3 2 1 3 2 4 1 8 
38059 1 16 
8493 4 1 3 2 2 3 1 6 2 8 
28039 2 1 28 2 2 35 
18913 1 6 1 44 1 94 
22030 
21081 1 23 
19914 7 1 2 4 2 9 3 10 1 17 
16020 
13887 
38309 
13962 3 1 7 2 1 3 1 4 
2996 8 9 2 10 2 53 
32300 1 8 4 9 2 10 2 42 1 63 
20557 
18027 5 1 8 2 1 4 1 19 1 33 
26321 4 1 1 2 1 4 2 26 
2304 
23085 4 2 2 3 2 19 
17073 3 2 1 8 1 24 1 45 
9679 
30537 
11380 1 1 10 2 1 3 
34767 6 2 3 14 1 34 
28825 
19042 2 1 12 2 1 8 3 9 3 10 
19083 2 1 3 2 1 14 1 69 1 70 1 77 
35012 
19401 
2226 2 1 4 2 5 9 1 13 
27469 1 74 1 77 
12214 
25620 
9268 1 2 1 14 1 18 
11662 3 9 1 10 2 57 1 100 
40527 1 23 
35944 4 1 7 2 1 14 1 35 
29398 3 9 2 10 1 11 2 77 
10086 6 9 3 10 1 17 1 42 2 71 
21403 4 9 2 10 6 11 
8254 1 1 8 2 5 6 1 42 
3832 1 4 4 63 
39430 
17921 1 2 1 3 1 8 1 44 1 51 2 69 
41264 
40584 
40958 3 9 1 17 1 57 1 71 
29450 2 1 2 2 1 38 
37120 1 63 
17704 2 1 19 2 1 3 1 14 
39828 4 1 3 2 2 3 2 4 1 25 
234 1 5 1 38 
1769 
36173 5 1 10 2 3 3 1 8 1 14 
24263 1 63 1 75 
13366 2 1 5 2 4 9 1 13 1 17 
19167 2 1 3 2 1 6 1 8 5 9 1 10 
26668 
13519 3 1 2 2 1 3 1 4 1 19 
33918 3 1 9 2 1 14 1 81 
307 
3086 
2889 
37616 2 1 11 2 1 22 1 35 
15068 2 1 2 2 1 4 4 9 2 12 
5901 1 18 1 44 
8410 1 1 5 2 2 3 1 14 
31618 1 1 5 2 1 34 
24746 
5319 5 2 2 3 1 6 
6861 
38395 
36891 
35997 4 1 3 2 2 14 1 19 1 22 1 32 
8136 1 1 3 2 2 3 1 8 
6537 3 9 1 17 1 36 1 57 
24578 
1656 2 1 19 2 1 32 
29416 2 1 6 2 1 30 
26514 
6728 3 1 2 2 1 3 1 30 1 77 
6927 
40237 
1209 4 1 3 2 1 3 1 4 1 14 
22112 4 1 6 2 2 26 
17155 3 1 2 2 1 4 1 21 
21596 1 1 7 2 2 3 1 14 
38286 
2578 4 1 1 2 2 3 2 25 
25745 1 1 1 103 
33492 
10591 
11570 1 1 1 2 4 9 2 12 1 14 
30227 
15101 1 2 1 46 3 64 
33713 
1467 
20792 
14022 2 1 5 2 1 4 10 9 2 10 
30284 4 9 1 10 1 13 1 14 1 42 1 63 
9870 
35130 
10259 4 2 1 5 2 27 1 35 1 84 1 103 
20413 
32016 1 1 7 2 2 108 
38762 10 9 2 12 1 30 1 77 
31564 
6297 2 1 1 2 2 3 
25150 1 49 
18428 2 1 1 2 1 3 1 6 1 7 1 8 
32397 
36399 5 9 1 12 1 37 
17740 3 1 2 2 2 3 1 14 1 66 
16668 5 1 1 4 3 9 3 10 
23519 2 22 
30814 6 2 2 5 2 77 
1889 
81 
27704 1 1 1 2 1 3 5 9 1 13 1 77 
2769 1 1 14 2 1 18 
7684 
134 2 1 2 34 
34445 2 1 8 2 2 34 
3448 
14263 
40472 
29167 
23366 
41448 
9315 1 74 5 75 1 76 
10365 8 9 4 10 1 11 1 57 
34979 
14578 8 9 3 10 1 53 1 64 
38816 
35125 4 2 1 29 
25068 1 21 
6781 2 74 7 75 
6340 3 9 1 10 2 17 1 24 
33394 
14746 3 1 4 2 1 3 1 77 
34126 
37999 
17598 4 1 4 2 3 9 1 11 2 13 
37135 
2209 2 1 13 2 1 3 1 14 
12112 
27155 
15745 8 1 3 3 2 4 1 14 
1578 2 1 1 3 1 6 1 14 
11596 2 1 1 3 1 5 1 77 
2656 2 1 9 2 5 9 1 13 
19416 4 1 3 2 1 35 
16514 7 1 8 2 7 3 
41162 1 1 4 2 1 78 
40229 
41094 2 1 1 5 3 10 1 32 2 34 
8624 3 1 2 2 1 4 1 26 1 27 
10792 1 1 3 2 8 9 3 10 1 13 
24022 1 1 1 2 1 74 
34610 
20259 2 1 17 2 1 14 1 34 
10413 2 1 8 2 4 3 
35446 
7335 1 1 2 2 1 24 
15150 1 1 28 2 1 63 
30239 
27740 2 1 8 2 2 3 
3151 1 1 1 74 2 75 1 77 
39715 1 1 7 2 1 34 
20591 
3949 
25101 
21570 3 1 5 2 1 26 
38561 9 9 1 10 1 12 1 17 
4020 1 1 2 2 1 44 1 77 
5450 7 2 1 3 1 14 
7300 4 2 2 25 2 100 
2467 1 1 12 2 1 44 
8359 
6643 2 2 1 5 1 65 
21016 
22564 4 1 5 2 2 8 1 70 
20875 1 1 9 2 1 22 
6586 8 9 4 10 2 25 2 42 
657 1 1 1 25 1 29 
27553 3 1 6 2 2 8 1 26 1 27 
21397 1 9 1 36 4 57 
8187 
1251 7 9 2 10 1 17 
27018 
15729 
10077 2 2 1 18 1 55 
23890 2 1 1 6 2 35 
272 
25181 2 1 4 2 1 3 1 8 
4156 
25737 
26094 1 2 3 6 2 8 
5458 6 2 1 4 5 14 1 35 
35757 2 1 14 2 4 35 
7308 2 2 4 9 2 10 1 14 1 24 
26162 1 6 10 9 12 10 
7882 4 1 2 4 10 9 2 10 
34272 
40245 
4028 2 1 1 2 2 3 2 64 
28978 2 1 1 3 1 14 1 25 
31112 2 1 4 2 1 3 1 77 
32596 
1570 9 9 5 10 1 64 
15694 2 1 5 2 3 9 2 10 1 17 
3037 1 1 1 30 1 42 
13876 2 1 10 2 1 66 
20310 1 1 1 35 
10011 
9431 
7603 2 1 1 2 1 39 
19119 3 1 3 2 1 3 1 22 
13099 3 1 1 4 1 8 10 9 2 10 
7127 1 1 1 2 1 7 1 41 1 77 
14457 
20952 
8822 2 1 8 2 2 3 
13567 3 1 10 2 1 35 
22618 6 2 6 3 
5585 4 1 1 4 4 9 1 10 1 12 
34429 5 2 3 14 1 32 
6348 1 1 5 9 1 13 1 20 
30932 
26448 2 1 2 2 2 3 1 6 1 7 
27727 4 1 3 2 1 3 1 4 1 26 1 77 
28773 
5141 1 1 14 2 1 14 
40922 
29774 3 9 3 10 1 42 1 114 
7411 
27784 1 1 8 2 3 3 
5959 
37292 
40864 2 1 10 2 2 3 8 9 4 10 1 77 
35523 
3440 4 1 2 2 1 3 1 4 1 14 
17739 2 1 6 2 1 3 1 35 
172 4 9 1 10 1 18 1 57 
15181 1 1 2 9 4 10 1 34 3 64 
41514 
15737 5 1 5 2 2 4 1 14 
16094 2 1 8 2 1 3 1 4 1 14 
38579 1 1 1 30 1 77 
32570 
18978 3 1 1 3 1 4 3 6 
6242 5 1 1 2 3 3 
16162 1 1 6 2 1 46 
37147 
11016 4 2 8 9 4 10 2 25 2 65 
12564 
9878 7 1 1 2 3 3 1 4 3 103 
11397 1 1 3 9 1 11 1 12 1 17 
30204 
2251 6 2 2 44 
7762 4 1 12 2 2 3 2 22 
17553 3 1 15 2 1 4 1 14 
35666 
17018 2 1 4 2 6 9 4 10 
16793 3 9 1 11 1 17 1 53 
16412 
13566 1 1 5 2 1 6 4 9 1 10 1 13 
33903 3 1 2 2 1 3 1 45 1 77 
9908 1 1 2 2 1 41 1 77 
13319 1 1 14 2 1 6 1 97 
34140 1 1 5 9 1 12 1 32 
14456 6 2 1 4 
9891 1 81 
10391 
19073 1 1 1 2 1 6 1 42 1 77 
9409 
38060 1 1 8 2 1 22 
32069 
17042 
26231 4 2 2 3 1 19 
15455 1 2 1 24 4 75 
11370 2 76 
23075 3 1 1 2 3 3 3 25 
17083 1 1 1 2 5 9 1 13 1 18 1 77 
17914 3 1 7 2 1 4 1 14 
34104 
14720 1 1 1 2 2 6 1 8 
20090 2 1 7 2 1 38 
36251 
2796 1 1 3 2 1 22 1 64 
21071 
20408 
13877 
16998 7 1 9 2 3 4 1 14 
12221 1 1 4 2 1 3 2 64 
31364 
23623 3 1 8 2 5 9 1 12 1 35 
4822 4 1 2 3 1 77 
33708 
32597 1 1 1 9 1 10 1 12 1 36 1 39 1 64 
19625 1 31 1 95 
7088 2 9 4 53 
36599 9 63 
18074 2 1 5 2 1 3 1 23 
26 2 1 1 2 2 3 
1636 2 2 1 33 1 35 
40574 
35756 2 1 14 2 4 35 
21923 3 1 8 2 1 3 1 22 
2825 2 1 1 2 1 4 1 27 
26314 6 2 2 3 1 19 
27450 
37430 
25736 
3823 
11815 4 1 1 2 1 4 1 6 
10076 
9267 1 1 2 2 1 25 1 100 
27398 6 1 1 2 1 4 1 70 
17401 2 1 8 2 2 3 
13811 1 1 1 2 1 6 4 9 1 10 1 13 
21017 
29469 
21396 2 1 
31462 
28138 1 1 6 2 3 3 
11285 4 1 1 2 1 3 1 4 1 5 
1124 2 1 18 2 1 22 
11728 1 1 1 2 1 3 1 5 1 64 
17726 5 1 3 2 2 4 1 14 
10565 
13281 3 1 14 2 1 4 1 42 
12874 3 1 17 2 1 3 
22642 2 1 3 2 1 3 1 8 1 19 
39601 
22683 2 1 1 2 1 3 1 14 
32205 3 1 2 2 2 3 1 4 1 112 
9140 4 1 2 3 1 6 
38158 
5047 2 1 1 3 1 14 1 56 
14378 1 1 3 2 1 22 1 74 
14735 2 2 4 9 1 13 1 36 
38869 
6115 5 9 2 10 1 11 1 34 
32860 
6406 3 9 1 10 1 44 2 53 
33594 
20899 5 9 1 10 1 35 
19630 12 9 5 10 1 12 1 17 3 57 
556 1 14 1 19 1 44 
23319 
24456 4 1 19 2 1 35 
34436 
4301 6 9 2 10 2 11 
37425 
4919 
7021 
36244 
39905 
26793 3 1 9 2 1 34 
23566 4 9 2 10 2 77 
26412 
30172 2 1 20 2 1 22 1 111 
38207 1 1 1 2 2 3 3 14 
4418 2 1 4 2 1 19 
36200 
13623 4 1 1 3 1 4 1 14 1 19 
26998 2 2 2 23 
5405 2 2 1 35 3 65 
22221 2 2 2 6 10 9 2 10 
7355 
29625 
28074 2 1 1 3 1 14 1 45 
16 2 1 4 2 2 3 
3131 1 74 1 94 
5116 4 6 
29073 1 81 
9072 3 1 14 2 1 4 5 9 1 10 
7446 
20391 
21370 3 1 3 2 1 3 1 24 1 44 1 81 
25455 
27083 
13075 1 1 1 6 1 64 
27042 
16231 4 1 4 12 2 57 
24720 3 2 3 14 1 18 1 32 
10090 
35435 
38361 2 1 11 2 9 9 1 10 1 12 1 17 1 34 1 77 
27914 
23877 
8339 
1796 
5430 
10408 1 10 5 57 1 64 
36865 
11071 
6814 
21815 5 1 1 3 2 4 2 27 
35667 
8081 2 1 3 2 4 9 1 10 1 35 1 36 1 77 
17398 3 1 7 2 2 3 1 14 
11017 2 3 7 9 3 10 1 42 2 64 
19469 4 1 3 2 1 35 
23811 2 1 13 2 1 29 
27401 2 1 4 2 1 3 1 94 
11396 10 2 6 3 
32473 
11923 3 1 4 2 1 3 1 77 
1825 2 1 14 2 1 22 
2636 3 1 3 9 3 10 3 77 
17450 1 1 3 2 1 3 1 45 
37146 
16314 1 1 3 2 2 66 
31148 1 1 4 2 1 3 1 77 
15736 2 1 9 2 1 3 1 14 
29921 
34691 1 1 3 2 1 26 1 118 
36019 
32017 
32396 2 1 2 4 10 9 2 10 2 24 
27832 1 75 2 76 
11473 
37852 1 16 
29649 
29471 
16953 4 9 6 11 2 12 
3057 3 1 3 2 1 4 1 8 
27481 2 1 1 2 1 3 1 18 1 33 1 95 
12148 8 9 2 10 1 39 
32923 
30226 2 1 1 3 1 30 1 77 
18632 5 1 3 2 1 4 1 8 
9451 1 9 3 57 2 71 
22364 
36280 
21597 1 1 4 9 1 13 1 14 1 17 
1231 1 1 4 9 1 10 1 36 1 77 
5529 2 1 1 2 1 3 1 65 
24868 6 1 2 2 2 4 4 9 2 10 
38287 
27353 
4410 2 1 2 2 1 19 
37333 3 14 
40236 3 1 7 2 1 3 2 77 
39223 
38224 2 1 5 2 2 3 1 4 1 7 1 18 1 20 
34995 
27003 12 9 10 10 4 24 
34139 1 42 3 69 1 70 
4136 3 1 1 3 1 77 
32071 
5438 2 1 1 2 1 4 2 27 
10488 5 1 7 2 3 3 
24159 4 8 4 9 2 10 
21069 
29417 
35996 2 1 1 14 1 19 1 22 
10163 
38015 3 1 3 3 3 77 
3306 
5939 2 1 1 4 4 9 2 10 2 17 4 53 
24747 2 1 4 2 1 6 2 77 
37975 1 1 1 30 1 60 1 77 
1687 
37617 1 1 10 2 1 35 
39985 
3994 1 1 1 2 1 48 1 77 
35323 2 1 2 2 1 24 1 74 1 84 
31874 3 1 1 29 1 34 1 77 
1591 4 2 1 4 
11205 2 1 6 2 2 3 
25964 1 1 1 64 2 66 
12462 3 1 2 2 1 3 1 70 
37449 4 1 1 2 2 3 1 14 1 34 
6612 3 1 6 2 4 3 1 4 3 9 3 10 2 22 
3224 
32285 
32728 2 1 11 2 1 22 1 25 
9148 1 1 1 6 4 9 2 10 1 24 1 77 
39681 2 1 3 2 2 3 1 6 1 19 1 22 
22603 
13201 4 1 2 2 2 3 4 9 2 10 2 77 
23250 3 1 1 2 1 3 1 30 1 77 
13367 2 1 3 2 2 3 2 14 
19166 4 1 1 2 1 3 1 4 1 21 
5092 1 1 5 2 1 94 
16758 1 7 8 9 2 10 2 11 
41412 3 1 1 34 
11860 2 1 5 2 1 103 
38652 
41231 3 1 2 2 1 3 4 9 2 10 
10510 
22148 
28632 
35447 
7915 9 9 5 10 1 24 
17832 4 1 1 2 3 3 1 14 
21473 3 1 5 2 1 34 1 39 
5871 4 1 1 2 1 4 1 24 1 26 
36933 
26953 2 1 4 2 1 6 5 9 1 10 1 99 
41 2 1 13 2 1 103 
32815 
19649 3 1 4 9 2 10 1 26 1 34 
19471 2 1 1 3 1 29 
17481 
41314 14 3 2 4 
7464 2 1 1 79 
17003 
35619 3 1 20 2 3 9 1 10 2 11 1 32 1 77 
38379 
14159 1 1 5 2 13 9 5 10 
20488 
15203 4 1 1 2 1 3 1 4 1 5 
34184 
19417 
11069 
32370 
9525 
31221 1 1 3 2 1 5 1 22 
12364 2 9 1 10 1 17 1 24 2 53 
14868 2 1 7 2 1 3 1 14 
17353 2 1 8 2 3 3 1 14 1 25 
11597 2 1 1 2 1 4 2 5 
2231 2 9 2 10 8 53 
7080 4 9 1 10 1 11 1 44 
33788 4 1 10 2 1 81 
34127 1 64 
39194 2 64 
39062 2 1 6 2 1 3 1 14 1 28 1 77 
14747 4 1 4 2 1 4 2 9 4 10 
33014 1 5 1 78 
33983 4 1 2 2 1 81 
9900 
2687 
33942 6 1 2 3 2 4 2 9 3 10 1 12 1 27 
30678 
36810 1 64 
20163 
4624 4 2 1 29 1 42 
38817 
9935 
38871 1 1 5 2 1 34 
15822 3 1 11 2 1 3 1 22 
36738 
36375 2 64 
29166 
23367 3 64 
6213 8 2 2 3 
35970 
26758 4 2 2 3 1 77 
21860 2 1 4 2 1 3 1 7 5 9 1 12 
2591 1 9 1 10 4 11 1 42 
31683 3 1 11 2 1 4 1 14 3 77 
8020 
31642 
4359 3 9 1 17 2 53 
15964 2 1 4 2 1 3 1 38 
21205 
22462 
23201 3 1 3 2 1 39 1 64 
12603 2 1 15 2 5 9 1 13 
28240 3 1 5 2 5 3 
29475 
13473 4 1 2 3 3 9 2 12 1 17 
27485 2 2 1 3 1 18 1 35 1 95 
2744 2 2 1 3 2 5 1 14 
25053 
22249 
26247 4 1 2 4 5 9 1 10 1 14 
34695 1 2 1 30 2 42 
6431 10 9 1 10 1 13 1 97 
25518 2 1 1 2 1 3 1 26 
35033 1 14 1 77 
25303 1 74 
39790 
32623 1 2 1 8 1 21 2 69 
421 2 1 1 2 5 9 1 10 1 26 
22708 
15480 2 1 5 2 1 3 1 18 
23597 8 1 7 2 4 3 1 35 
18932 5 1 2 3 1 6 1 8 
14258 
16653 2 2 1 24 2 66 
7652 
9586 
957 1 1 11 2 2 9 1 10 3 17 1 77 
4336 6 9 2 10 2 11 
9643 
34991 
23069 1 1 1 2 1 3 4 9 1 13 2 27 1 57 
35802 2 14 3 19 
32075 4 1 11 2 1 35 
5062 
38011 5 16 
8916 4 1 4 2 3 3 1 8 1 70 
41220 1 1 8 2 4 9 1 12 1 13 
37971 3 1 9 2 8 3 2 4 2 14 1 22 
20206 
3106 1 1 5 2 1 31 
1837 2 1 7 2 4 9 1 13 1 17 
22903 
3415 2 1 2 3 2 24 
39981 
2413 1 1 12 2 1 18 
1561 3 1 10 2 1 3 
25664 1 1 1 2 1 103 
20579 5 1 12 2 1 22 1 35 
32281 
29203 3 2 1 3 1 42 
33874 1 2 1 5 1 44 1 77 
37917 
39685 
3964 2 63 2 66 
13205 
14107 1 4 19 9 4 10 1 11 
9348 3 1 2 2 2 3 1 4 1 8 
16064 3 1 1 2 1 4 5 9 1 12 2 25 
2601 
11201 4 1 6 2 2 3 
16192 5 1 5 2 3 3 
34780 
38077 
21250 2 1 2 38 
12594 1 1 5 9 1 12 1 45 
36070 
11367 1 1 1 6 1 14 1 19 
35696 4 1 3 2 4 3 1 22 1 34 1 38 
31230 2 1 1 2 1 3 1 5 2 77 
37023 
28204 
13860 4 2 2 3 2 14 
15303 1 1 7 2 3 9 3 12 
4474 3 1 4 2 1 3 
30773 1 2 2 5 1 77 
41235 2 2 1 37 1 74 5 75 
18240 2 1 15 2 1 3 1 42 
32811 6 2 1 14 1 34 
12249 4 1 1 4 1 8 1 24 
37262 
16247 6 1 1 2 1 3 2 4 1 5 
5956 1 74 1 76 
17485 4 1 3 2 2 3 1 4 1 14 1 65 
23473 4 14 
1744 3 9 1 10 1 17 1 24 1 53 
15053 
43 3 1 1 2 1 4 1 44 
9720 2 9 1 36 2 53 1 57 
7494 2 1 10 9 2 10 1 25 1 81 
40894 2 1 1 2 1 3 1 14 1 101 
15518 
361 1 1 1 2 2 66 
35919 1 2 4 3 5 14 1 77 
19949 1 2 1 24 1 74 
26653 4 2 2 3 1 19 
32877 4 11 2 53 
6878 1 1 8 2 1 23 
36879 
39548 
36633 3 1 3 2 1 4 3 34 
13069 2 1 1 6 1 77 
37786 1 21 
13597 3 9 2 10 5 53 
34238 4 1 1 4 1 9 1 10 1 12 1 17 2 53 
28932 1 1 2 2 1 37 
25480 
39776 
12708 2 1 9 2 1 3 1 14 
31225 1 1 10 2 1 5 1 22 
31788 2 1 6 2 1 14 1 34 
9242 3 9 3 10 2 24 1 41 
24258 3 9 2 53 1 71 
38952 
7253 
10206 
32566 
12903 3 1 11 2 1 3 1 77 
31014 1 25 3 75 1 89 
2837 
31942 
6955 
31983 
1413 
2561 
15664 17 2 1 44 1 51 
35670 
36317 
32319 
38310 
36096 
22594 
11250 18 9 6 10 
21367 4 1 4 2 1 24 1 26 1 81 
5277 
6589 
38875 2 1 2 2 6 9 7 10 1 17 2 34 1 64 1 77 1 103 
18204 2 1 7 2 1 3 1 64 
36371 
4941 2 1 6 2 1 19 
23860 
19203 
33642 2 77 
10579 
33683 
23205 3 1 1 34 
30978 1 2 3 3 4 14 1 20 
24107 4 1 5 2 2 4 1 114 
4159 
26064 1 1 12 2 1 75 
1601 1 9 5 10 5 42 
21201 
26192 4 1 1 6 2 8 
10762 2 1 1 5 5 9 1 12 1 81 
28239 3 1 5 2 5 3 
32805 3 1 8 2 2 3 5 9 1 12 1 14 1 34 
35072 2 1 2 2 4 9 1 10 1 14 1 34 1 36 1 77 
18021 1 1 3 9 2 10 1 13 2 24 1 64 
20551 
8355 
30531 1 1 1 4 13 9 3 10 2 17 
11885 5 2 3 9 2 11 1 13 
26327 3 2 2 3 2 14 
1184 8 9 2 10 2 53 
13432 
5870 2 1 4 2 1 4 2 14 
22329 1 1 6 2 1 14 1 22 
28320 
2943 4 2 1 4 4 64 
34761 1 1 5 2 2 14 1 34 
36844 1 1 9 2 1 27 1 34 
17984 3 1 10 2 1 4 1 42 
19407 
3203 4 9 1 17 1 71 
17558 1 1 2 2 1 3 1 8 1 24 
37959 1 2 1 19 1 33 1 42 
19974 1 1 4 2 1 14 
11556 1 1 3 9 1 11 1 12 1 17 
40521 9 9 3 10 1 107 
35609 5 2 3 14 1 32 
27195 2 1 1 2 1 3 1 23 1 35 
2205 
41304 
17013 2 1 5 2 1 4 6 9 4 10 
25176 4 1 15 2 1 35 
17927 4 1 8 2 2 3 
33040 1 64 
7081 
39960 1 1 5 2 1 34 
2230 4 9 1 10 1 51 1 53 
18973 2 1 5 2 1 3 1 8 
41054 6 1 3 10 3 35 
4563 3 1 4 2 1 4 1 14 
15937 3 1 2 2 8 9 3 10 1 13 
9319 1 10 1 24 5 71 
23277 
24175 14 9 10 10 
16482 1 1 2 2 2 66 
36265 2 1 3 2 1 22 1 105 
9901 3 1 5 2 1 4 1 14 
16443 2 1 14 2 2 3 2 14 
33004 1 24 1 78 
18778 1 1 5 2 1 3 1 6 
18335 3 1 1 4 5 9 1 13 1 14 
15461 3 1 6 2 1 3 1 32 
4762 3 9 1 10 1 11 1 17 1 20 
16831 19 9 4 10 1 13 
41340 
23334 
22821 
9898 
38807 
13389 
18546 
25929 2 9 2 53 2 71 
33354 3 2 1 29 1 30 1 42 
36800 
40046 
1885 3 1 3 2 3 3 
12613 2 1 6 2 2 3 
23211 1 63 
2765 2 1 1 4 2 27 
10544 5 1 16 2 3 3 
21215 3 1 4 2 1 26 
8021 
3763 3 9 2 10 1 17 2 24 
2590 1 1 24 2 1 14 
30826 2 2 2 5 2 77 
24573 3 9 1 11 1 17 1 57 
37252 
5955 
28347 
15063 2 1 7 2 1 70 
26340 2 1 6 2 2 3 
25945 7 9 2 10 3 53 
2598 9 2 2 3 
31613 
29322 
1332 1 1 17 2 1 29 
27232 2 1 2 2 2 45 
16041 2 1 2 2 2 3 1 34 
33913 6 1 18 2 1 81 1 84 
16402 4 1 3 2 2 3 1 4 
26663 
38824 2 1 7 2 1 19 1 103 
14497 1 75 2 76 
25479 2 1 7 2 4 3 2 4 2 8 1 18 1 21 
13059 
25641 7 2 9 3 2 4 1 64 
33084 
9890 5 9 3 10 1 24 2 57 
40836 3 9 2 34 
39823 1 1 1 6 1 63 
20992 3 1 21 2 1 34 
36880 
33027 
17940 
36178 14 2 6 3 2 14 2 34 
24268 1 63 1 89 
5589 
13309 2 1 6 2 1 3 1 42 
38962 3 1 7 2 1 3 1 19 1 33 1 42 
38887 
6277 
32556 
17477 2 1 7 2 4 9 1 13 1 17 
1627 
20418 1 1 1 2 1 35 
34114 
19487 1 37 
17904 2 1 3 2 2 3 1 7 
41384 4 1 11 2 1 35 
15654 20 2 2 5 
1103 4 9 1 17 1 36 
6956 4 1 1 3 1 35 
22536 4 2 1 32 
18423 4 1 3 2 2 3 1 7 2 8 
35689 3 1 2 2 1 32 
309 2 1 7 2 1 14 1 35 
19424 5 9 1 10 1 77 
33718 
16526 2 1 4 2 2 25 
2238 
41327 
22345 2 1 10 2 2 96 
21357 3 1 13 2 1 3 
11260 2 1 2 2 5 9 1 13 1 77 
33830 
25222 1 1 1 3 1 14 1 30 1 42 1 96 
24946 
23850 1 14 1 19 1 22 
26304 5 2 7 3 1 14 
31337 
10580 
36034 8 1 11 2 1 35 1 64 4 104 
32885 1 2 4 9 1 12 1 17 1 18 
3284 2 1 3 2 3 3 1 14 
21007 
17411 4 1 7 2 1 3 1 4 1 14 
13801 3 1 1 2 1 3 1 4 2 14 
31274 3 9 3 10 1 20 2 24 
35797 2 1 3 2 1 14 1 32 
11805 4 1 2 9 4 12 
5878 
26054 1 1 18 2 1 51 
18347 2 1 2 2 2 9 2 11 2 13 
25063 
32215 2 21 
9141 
39611 
37799 3 2 2 3 2 42 
16340 8 9 4 10 1 18 1 64 
19322 
15945 4 1 1 2 2 3 1 4 
1598 1 4 3 74 1 75 1 76 
26041 1 1 10 2 1 48 
17232 3 1 10 2 1 3 1 22 
2332 1 1 23 2 1 3 
41443 
41482 
9959 3 1 2 2 1 4 1 7 1 8 
14573 1 1 4 2 1 8 4 9 2 10 
6062 3 1 8 2 1 3 4 9 2 10 2 77 
37624 1 1 9 2 1 35 
7020 
33825 3 1 24 2 1 80 
10992 1 1 5 2 3 27 1 35 1 81 1 103 
38085 
3804 2 2 2 27 
4300 
14268 
23309 1 64 
26402 
4335 1 94 1 107 
39677 
16663 3 2 1 3 1 21 
39915 4 9 1 12 1 17 1 30 1 42 
37687 
9585 1 106 
33039 1 1 4 2 1 25 1 29 
15479 3 69 1 70 1 87 
23059 
15641 3 1 12 2 2 3 1 42 
24497 5 9 2 10 1 17 1 77 
29424 2 1 4 2 1 3 1 14 
26526 2 1 7 2 1 35 
3130 
36210 
4684 4 1 2 2 2 3 
1238 3 1 2 2 2 3 1 4 1 8 
12345 1 1 1 5 4 9 1 10 1 12 
38217 
5431 
41339 
10418 2 1 14 2 1 3 1 14 
2627 
27477 
3416 5 9 1 36 
27904 6 16 
35634 
29487 
3105 1 1 10 2 1 6 8 9 4 10 1 24 1 25 
25654 1 74 3 75 
2103 2 1 1 2 1 3 1 6 1 18 
12536 16 2 4 3 
31329 
23801 
27411 4 1 13 2 1 35 1 101 
11007 
36089 
32087 
8080 
34779 
16054 5 1 1 2 1 3 1 4 1 7 
21805 1 1 1 5 2 25 
17593 6 1 1 3 2 4 1 14 
8464 
11357 2 1 3 2 4 9 2 10 
9458 
21260 2 1 3 2 1 25 1 101 
38271 
16304 
15222 2 1 2 2 3 9 2 10 1 13 
13850 2 1 8 2 1 8 1 20 
14946 
20580 2 1 3 2 1 14 1 34 
32024 
27490 6 2 2 4 1 6 
2829 
35796 4 1 15 2 1 21 1 35 
27008 
31545 2 64 
3158 
1250 2 1 1 4 1 42 1 44 
34680 1 1 3 2 1 30 1 77 
21006 
10483 
33541 2 16 
3026 1 30 1 42 1 60 
10442 1 1 1 3 1 14 1 45 1 49 1 55 
24947 1 9 2 17 1 53 2 57 
24863 2 1 3 2 8 9 4 10 2 35 
40020 1 74 1 77 
27358 1 1 7 2 3 3 
31336 
39785 
21356 1 1 2 2 1 3 1 6 2 14 
3974 1 1 3 2 1 38 
39228 
37775 2 2 7 9 1 10 2 13 1 28 2 53 
37338 3 9 3 10 1 18 2 24 
25764 8 9 2 10 2 53 
9116 2 1 3 2 2 3 2 77 
15495 1 4 19 9 4 10 1 11 
12143 2 9 2 11 2 57 
12182 
30030 
9405 4 9 1 10 1 17 1 94 
1571 2 45 
41326 
10351 
625 1 1 2 2 1 32 1 33 
16527 2 1 4 2 2 25 
12529 3 1 2 2 1 3 1 4 1 6 
32928 1 1 12 2 1 27 1 34 
36291 
18520 5 1 9 2 5 3 1 4 
31102 
20050 1 2 4 5 1 81 
9430 1 1 3 2 1 74 1 75 1 77 
11478 2 1 5 2 2 3 
10001 4 1 9 2 2 3 
26539 
22537 1 1 1 6 7 9 3 10 
36559 
32557 
17476 3 1 9 2 1 3 
20300 2 77 
19486 
16584 3 1 8 2 1 3 2 77 
34362 
16958 2 1 4 10 2 12 4 64 
5072 2 1 4 2 1 3 1 14 
33026 1 63 2 74 1 75 1 76 
19109 1 1 3 2 1 6 1 14 
38886 
27161 3 1 8 2 1 39 
20344 
16753 4 1 15 2 2 9 4 10 
40837 
956 1 1 1 48 1 77 
14496 1 1 2 9 1 12 1 39 1 53 
6788 
6987 2 1 10 2 1 6 1 22 
22608 1 1 9 2 1 74 2 75 1 77 
32723 2 1 10 2 1 22 1 25 
9047 2 1 5 2 1 3 1 21 
39690 
23122 
13534 3 9 1 10 1 17 1 57 1 64 
5140 1 1 13 2 1 65 
1912 6 9 2 10 2 53 
23589 
24470 
30884 3 1 4 2 1 3 1 8 1 21 
35328 
28346 
10859 
7136 
3441 
10168 
34795 
38555 9 9 1 10 1 12 1 17 
28535 1 1 3 2 1 37 
30827 
7410 3 1 1 2 1 4 4 9 1 10 1 17 
14863 2 2 2 44 1 75 
17358 2 1 11 2 2 3 
14947 1 45 1 64 1 89 
11356 2 1 5 2 4 9 2 10 
40321 2 1 1 3 1 14 1 22 1 77 
41504 1 1 7 2 3 3 1 14 1 34 
33742 
7624 2 2 4 3 6 14 
33783 4 1 3 2 1 81 
32086 4 1 11 2 1 35 
17490 
17008 4 2 1 6 1 8 5 9 1 10 
1829 6 2 4 9 6 10 
5267 5 2 2 29 
30214 3 2 1 29 
2250 8 2 2 44 
20442 1 9 1 11 2 34 1 57 
11006 
20483 3 1 5 2 1 21 1 25 1 35 
6721 1 1 5 2 1 3 2 14 
20001 2 9 1 36 1 53 2 57 
21478 1 1 7 2 1 14 1 22 
36938 3 9 3 10 3 63 
16539 4 1 8 2 2 3 1 4 2 14 
12537 1 1 18 2 1 29 
27476 12 9 12 10 
10300 
7359 3 9 1 36 2 53 
5409 6 1 2 4 1 6 
26958 1 6 4 9 2 10 1 24 1 95 
35770 3 2 1 29 1 30 1 77 
8300 
29486 
26584 
22182 6 2 3 14 2 35 
15764 7 1 2 2 3 4 1 14 
25495 
22143 
20351 
38216 
2571 1 1 3 2 1 8 1 77 
26527 
22529 
30331 1 1 15 2 1 37 
8335 1 40 
28520 
10050 
5908 
24496 
71 1 1 1 5 4 9 1 10 1 12 
40829 
5707 1 42 1 74 
31688 2 2 5 9 1 12 1 38 
8684 4 1 1 4 1 7 2 8 
4915 4 9 1 12 1 14 1 17 
12608 1 1 4 2 1 3 1 19 
39676 
37686 
36733 
5891 
10344 
17161 2 1 6 2 2 4 
40035 
29109 1 64 
6868 
26753 1 1 6 2 7 3 1 4 
4080 1 41 1 44 
30025 2 1 4 2 1 34 1 38 
34464 
960 1 1 1 2 8 9 1 10 1 13 2 53 1 56 
18535 2 1 10 2 2 3 1 4 
38198 
23534 6 1 14 2 2 35 
41540 1 1 12 2 1 95 
13122 
30839 3 1 4 2 1 3 2 4 2 14 
6119 3 9 2 11 1 36 
2912 5 9 2 10 5 53 
18346 2 1 2 2 2 9 2 11 2 13 
4464 1 1 3 2 1 18 
30673 
13589 
14470 2 1 1 3 1 5 2 25 
33988 
33554 2 1 3 2 1 7 2 24 1 77 1 84 
7822 
34872 
4088 
40845 2 1 4 2 1 22 2 35 1 77 
278 8 9 1 10 1 12 2 36 
2776 
14920 3 1 14 2 1 35 
17714 3 1 12 2 1 3 1 22 
186 1 1 13 2 1 42 
23290 2 21 
8603 4 1 2 3 1 4 2 27 
33908 3 1 2 2 1 3 1 22 1 45 
20275 
6526 4 9 1 11 1 57 
13509 1 1 10 2 1 23 
16798 7 9 1 10 3 11 1 12 
8127 
8411 2 1 2 2 2 3 
30049 1 1 15 2 1 22 
31608 1 1 7 2 1 34 
35956 1 74 1 77 
21723 1 1 2 2 5 9 1 12 1 18 1 35 
18133 1 1 7 2 1 3 2 5 
5900 2 1 1 19 
37606 
24373 3 2 1 33 1 42 
19721 1 1 5 2 1 34 
25936 
12688 2 1 2 2 1 3 1 8 
13276 2 1 2 2 1 3 1 26 
28547 
29189 
5935 
27179 3 1 7 2 1 39 
26540 
19134 1 24 1 75 1 76 
6860 
1352 1 14 1 38 
27393 2 1 26 2 2 35 
5525 4 1 2 2 1 70 
21557 
20081 1 1 7 2 1 34 
8308 1 1 8 2 6 6 1 42 
29406 2 1 4 2 1 30 
26504 3 1 5 2 1 34 
11912 3 1 2 2 1 104 
10380 2 9 1 10 3 57 1 64 
31537 3 2 2 14 2 29 1 77 
8882 3 2 4 3 1 6 2 14 
39141 2 1 17 2 3 3 1 4 1 34 
34955 
7187 1 1 13 2 1 64 
21928 2 1 2 2 5 9 1 10 1 25 1 26 
22102 2 1 12 2 2 96 
24935 2 1 1 8 4 9 3 10 1 12 1 24 1 77 
24199 1 4 3 63 1 64 
27926 2 64 
15177 
40264 4 9 1 10 1 17 1 77 
32356 
34651 
15111 1 1 3 2 1 4 3 64 
33703 2 1 1 2 1 3 1 30 1 42 
24631 5 2 4 3 1 56 
16993 4 1 2 2 2 3 1 30 
22336 
6936 1 1 11 2 1 5 4 9 2 10 
37892 
23628 2 1 5 9 1 12 1 34 
16326 2 1 3 2 2 7 
17088 4 1 6 2 2 3 1 66 
32006 2 2 2 3 1 5 1 6 1 20 
19078 2 1 1 2 1 8 4 9 2 10 1 14 1 77 
11086 
20403 
9871 
10662 
41527 
22545 
2258 
286 
13290 4 2 2 3 2 42 
5148 2 1 17 2 
10275 
4446 4 9 2 10 1 63 1 64 
30804 1 1 12 2 3 3 
26798 
23509 
4355 2 1 1 39 
34644 
9092 1 1 6 2 1 3 1 6 2 14 
8202 2 1 1 2 1 3 1 7 1 14 1 77 
7418 
178 1 1 4 2 1 14 1 66 
1776 1 1 1 2 1 27 1 99 
40047 
27714 2 1 2 2 2 26 1 27 
24920 1 1 2 2 1 14 1 34 
38806 2 1 22 2 1 19 1 103 
18547 5 1 1 2 2 4 1 31 
19189 
16540 2 1 13 2 1 4 2 14 
39154 2 1 6 2 3 3 1 4 1 34 
17179 6 1 5 2 1 3 2 4 1 14 
29134 1 16 
19522 3 1 1 34 1 64 
2352 
8563 3 1 3 3 2 27 
28133 1 1 6 2 3 3 
6341 
6780 1 74 3 75 
11723 3 1 6 2 1 3 1 4 
29721 
15936 1 1 8 9 2 11 1 12 1 13 
38153 
9939 
14373 
23276 
22688 6 9 3 10 1 57 1 64 
31529 3 1 9 2 1 34 
69 1 1 17 2 1 5 
11928 
12102 4 1 1 3 1 7 1 26 
8762 5 1 2 2 1 3 1 8 1 26 
14935 2 1 15 2 1 4 
9529 12 9 8 10 
31143 
31182 
25177 
14199 1 1 1 5 2 22 
17926 3 2 1 3 1 8 1 44 1 51 2 69 
11557 1 1 2 9 2 11 1 12 1 17 
17393 6 1 6 2 1 3 2 4 1 14 
10081 3 1 10 2 3 3 2 4 
9438 
32478 
19406 6 1 1 2 2 3 1 35 
16504 2 1 4 9 1 10 1 13 1 18 
20380 1 14 1 22 
3150 1 2 5 9 1 12 1 24 
27088 
26326 1 1 1 2 7 3 1 4 1 77 
29078 
38692 1 1 4 2 1 35 
34600 
10403 
20662 
1258 
12545 
5451 2 75 2 76 
30840 
41539 1 1 4 2 1 25 1 94 
7301 
7919 
4021 3 1 1 4 4 9 2 10 1 24 
14631 2 1 3 2 1 70 1 77 
13628 1 46 1 64 1 75 
39705 
12336 2 1 6 9 3 10 1 12 
26993 
560 4 2 2 9 4 12 
39650 2 1 5 2 1 7 2 77 
10899 4 1 1 2 2 3 1 4 2 14 
29630 
4187 3 1 1 3 1 22 
2124 1 2 5 9 1 12 1 29 
21285 12 1 1 81 4 84 
21728 1 1 7 2 1 3 2 14 1 32 
18138 4 1 3 2 1 3 2 4 1 14 
38595 1 8 2 69 1 74 
34755 4 1 2 4 2 14 6 16 
8028 
31603 
12683 3 1 1 2 1 3 5 9 1 13 
23281 
27726 2 1 3 2 1 3 1 26 1 77 
22874 8 2 9 9 3 10 1 64 
12642 4 1 4 2 2 3 
6557 2 1 4 9 1 13 1 17 
24735 
24378 3 9 1 11 1 36 1 71 
8156 3 1 3 2 3 3 
35420 
9707 
1639 
21519 3 2 1 25 2 44 2 77 
2023 12 9 10 10 
3025 
5788 
5987 1 1 2 2 1 3 1 22 
24106 2 1 1 8 1 44 
34441 
34679 1 1 3 2 1 30 1 77 
83 2 1 2 2 1 3 1 5 
114 2 1 2 2 1 35 1 41 
24853 2 1 6 2 1 3 3 9 2 10 1 17 1 24 1 96 
27368 2 1 3 2 2 26 
34833 
7834 4 1 4 2 2 35 
29499 1 64 
21366 1 1 3 2 1 3 1 14 1 18 
38090 
9406 3 9 1 36 2 57 
17144 
10361 
25754 
9115 2 1 1 2 2 3 2 77 
32099 1 1 4 9 1 10 1 17 1 19 
36097 
38408 
20060 1 1 3 9 1 10 1 32 2 57 
35734 
34002 7 2 1 32 
2799 
24332 
18172 3 1 8 2 1 3 1 22 
34352 
31394 4 9 2 10 1 31 1 42 
10207 12 2 2 94 
6140 
16968 3 1 4 2 2 3 1 42 
35121 6 16 
36569 
32567 
27151 3 1 3 2 1 39 
15741 6 1 2 2 3 3 1 4 1 14 
2497 4 1 3 9 2 13 1 36 
16763 3 1 2 2 1 3 2 25 
37787 8 9 3 10 1 17 1 42 1 77 
37131 
13596 4 9 2 10 4 53 
39777 
25583 3 9 3 53 
9814 1 5 1 20 
25542 1 49 
37724 1 1 3 9 1 11 1 12 
17100 4 1 1 25 1 70 
19808 2 1 5 9 1 13 1 14 1 33 
32876 
34910 
8941 2 1 1 3 1 6 1 64 
6072 3 1 3 2 1 3 1 6 
10869 
7135 
16246 6 1 3 2 1 4 1 70 
3351 1 1 2 19 1 74 
38565 
23570 2 9 1 10 1 25 3 53 1 77 
24489 1 2 1 96 
10158 1 1 4 2 2 3 1 14 1 18 1 35 
39711 1 1 9 2 1 34 
37699 
25105 
8159 6 2 3 3 1 4 1 14 
7100 
14434 1 1 7 2 1 22 1 42 
525 4 1 1 2 1 4 1 7 
22021 1 1 3 2 3 3 1 6 
9392 8 9 2 10 2 57 
5425 2 2 1 6 1 32 
683 3 1 14 2 1 3 1 22 
28274 12 9 3 10 1 16 3 17 3 77 
4055 2 1 1 2 1 3 1 60 
38007 
12320 3 1 15 2 1 3 
36498 
36000 3 1 5 2 1 14 1 22 1 32 
18329 1 1 4 2 1 3 5 9 1 13 
10290 
28337 1 16 
26330 
35955 
11271 2 1 7 2 1 7 
9981 
29273 2 1 5 2 1 14 1 34 
37414 3 1 8 2 1 3 1 18 1 27 1 33 1 34 1 77 
33804 
25935 7 9 2 10 3 53 
37605 
36350 
14177 4 2 1 3 3 64 
38357 
13275 1 1 1 2 1 25 1 41 
27283 1 25 1 74 1 89 
27242 4 1 1 3 1 4 1 21 
25199 
16031 
11217 1 2 5 9 1 10 1 25 1 100 
8972 
6041 
35651 
37901 
20276 
14111 3 1 23 2 1 4 1 14 
25631 
29568 
22973 1 2 1 5 5 9 1 10 1 66 
1830 2 1 1 4 1 19 1 77 
40846 1 1 4 2 1 22 1 35 1 42 
17930 2 1 9 2 4 9 1 11 1 13 
2052 3 1 1 2 2 3 1 18 
1805 
9162 3 1 1 2 2 3 1 4 5 9 1 10 2 27 
39421 
13081 2 110 
21887 2 1 3 2 1 3 2 4 1 7 5 9 1 10 
4282 
21962 3 2 1 4 4 14 1 76 
16325 
32005 
35872 3 1 5 2 1 22 1 34 
18821 1 1 4 2 1 6 1 64 
11085 
1104 4 9 2 17 
23380 
15920 6 1 1 2 1 4 1 70 
32355 
21824 
27621 2 1 7 2 4 3 
22778 1 46 4 49 1 51 
22335 
6426 3 9 2 11 1 36 
8511 4 1 5 2 2 3 1 4 
4321 3 9 1 17 1 39 
28613 2 1 2 2 1 31 
34956 
33840 
7001 1 1 5 2 1 33 
24936 2 1 2 2 4 9 2 10 1 33 1 94 1 101 
10628 
25373 1 75 
30428 2 16 
24124 
8445 
22230 1 6 5 9 1 12 1 20 
14532 
9861 2 1 1 3 1 4 5 9 1 10 2 14 1 19 
9537 
32250 
18284 2 1 13 2 2 3 
4387 4 9 2 10 1 42 1 64 
38259 
23285 
2324 
17273 2 9 2 53 2 57 
24187 5 53 1 71 
23728 4 9 2 10 1 63 1 77 
19242 5 1 1 2 1 4 1 8 
33603 3 2 2 24 1 32 
24731 
19283 
3946 
21281 1 81 
16220 3 1 18 2 1 3 
34751 
38591 10 9 1 10 1 12 1 33 1 42 1 77 
8356 1 1 1 2 1 14 
18227 4 1 20 2 1 4 1 22 
37969 3 1 9 2 8 3 2 4 3 14 1 19 
12942 3 1 2 3 1 24 
12983 4 1 4 2 1 3 1 4 1 14 
10286 
17568 4 1 12 2 2 3 2 4 
35212 3 1 2 2 3 3 1 19 
2206 
11566 
31903 
12014 5 1 11 2 3 3 1 77 
25444 
29930 6 1 4 2 2 29 1 81 2 84 
2659 
40438 
11319 2 1 4 2 1 4 2 14 
41192 
39950 
41064 4 9 2 10 1 19 1 24 1 64 
8007 
6870 3 9 1 10 1 11 1 36 1 42 
36255 
13370 
20816 
21075 
7517 
10395 4 9 2 10 4 57 
11877 3 1 1 42 1 70 
15451 2 1 12 2 1 118 
9297 
23071 2 1 2 3 4 9 1 13 2 27 1 57 
12225 2 1 12 2 1 66 
12788 3 1 1 2 1 3 1 6 
25400 
37706 
19621 6 2 2 29 
33364 
21623 3 1 13 2 1 3 
39312 
31708 1 1 9 2 2 6 1 21 
23923 3 1 4 2 2 3 1 4 1 77 
16698 5 1 2 3 3 9 2 10 1 12 
19925 2 1 1 30 
15383 
15342 
28814 
187 4 2 1 30 
1886 4 9 2 10 1 14 1 19 1 24 
17405 6 1 2 2 1 3 2 4 1 14 
13815 3 2 1 29 1 30 1 42 
17614 2 1 1 2 2 3 1 27 
29813 
2766 7 2 
23017 
11811 3 1 1 4 4 9 2 10 1 64 
9927 1 1 3 2 1 6 1 8 
14293 5 1 1 2 1 3 2 4 1 7 1 8 1 14 
31249 
23396 1 1 2 2 1 22 
29197 
9728 
39414 
27273 2 1 3 2 2 3 
1324 2 14 1 32 1 96 
10561 
13285 
13728 
36516 3 1 1 2 1 4 1 32 2 34 
14187 
39605 
33462 4 2 1 4 2 35 
29283 
14731 8 1 8 2 4 4 2 19 
29242 1 21 
26220 1 45 1 51 1 76 
11281 2 1 3 2 2 25 
9781 4 9 3 10 2 12 1 18 1 57 
28227 
9340 2 1 3 2 1 6 1 19 1 70 
6315 
20762 
18239 2 1 9 2 1 3 1 64 
24532 
12230 4 1 2 9 4 12 
14124 2 2 2 63 1 66 
34700 1 16 
28284 
559 1 14 1 19 1 31 
34552 
38792 1 1 5 2 1 18 1 103 
31594 
38413 4 1 11 2 1 35 
36369 
32367 
19930 
1659 4 1 2 2 1 4 2 77 
21319 20 9 3 10 1 12 1 81 
37421 
4101 4 1 3 2 2 3 1 25 
22983 3 1 2 2 3 3 2 4 
39901 2 1 12 2 2 35 
22942 2 1 1 2 1 3 1 7 1 8 1 19 
20286 1 1 11 2 1 25 
27568 1 2 1 5 2 75 1 77 
7854 1 2 2 102 
8772 1 1 8 2 1 8 
1206 
15444 
21566 2 1 5 2 1 3 1 4 1 14 
22014 2 1 2 2 2 3 2 42 
22225 1 1 2 2 1 6 5 9 1 10 1 77 
41247 3 1 6 2 3 3 
22788 2 1 2 4 10 9 2 10 1 77 
15400 2 1 3 2 2 3 1 19 
29621 
15098 
864 2 1 1 2 1 3 1 8 1 19 
7155 4 1 2 44 1 81 1 84 
11623 2 1 4 2 1 34 
5316 
8573 2 1 2 2 2 3 1 19 
3331 
38365 2 1 6 2 1 27 2 34 
35431 
10816 
23370 
11075 
36861 
35967 2 1 1 2 1 29 
35882 
35843 
20395 
25451 2 1 3 2 4 9 1 13 1 17 
523 
13071 
21877 
8139 7 9 2 10 3 53 
16235 4 1 2 2 1 3 1 8 
27614 
27405 
23815 2 1 17 2 1 29 
1766 
19813 1 1 1 3 1 14 1 77 
21811 
34744 
24293 2 64 
13017 2 1 5 2 5 9 1 13 
19197 1 1 7 2 1 6 1 42 
13396 4 1 2 2 4 3 
26698 
13923 3 1 1 2 1 4 2 7 
25342 2 1 17 2 1 38 
3089 8 9 2 10 2 53 
25383 
29925 1 1 1 22 
18814 2 1 1 2 1 14 1 64 1 70 1 77 
2886 
33148 
287 2 1 9 2 1 3 1 14 
6890 5 9 2 10 5 53 
39426 
40433 
36524 1 1 5 2 2 29 
9277 5 1 4 2 1 4 2 6 2 8 1 21 1 70 
16152 3 1 2 2 1 4 1 44 
40841 
14116 4 1 16 2 2 3 2 25 
32589 
37906 
20271 
17563 2 1 2 2 1 3 1 24 1 70 1 77 
12554 2 1 2 2 1 4 2 27 
21290 
12988 5 1 1 2 2 3 1 4 1 14 
38580 2 22 
31908 
32122 1 1 2 22 
8327 1 2 1 18 1 33 2 94 
35656 
11509 1 2 1 44 1 48 
4517 2 1 1 4 2 64 
33608 
19725 
19288 2 1 1 2 1 34 1 38 
16036 2 1 2 9 3 11 1 13 
20217 
17278 2 1 6 2 1 3 1 23 
23723 4 9 1 10 1 25 1 53 1 77 
189 1 64 1 107 
11276 1 1 6 2 1 3 
3419 3 1 3 2 1 4 5 9 1 10 
14620 3 2 10 9 2 13 
30423 1 1 1 2 1 22 1 85 
22026 2 2 1 7 1 27 
1152 2 1 1 2 1 4 2 27 
27110 1 64 
23557 2 1 8 2 2 22 
29818 
8632 6 1 3 2 3 4 
40349 
10887 
10962 1 1 2 2 1 6 1 64 
8108 2 1 3 2 1 3 1 14 
20085 
2004 12 9 10 10 
14298 4 1 7 2 1 4 
33537 
10824 
15388 
24931 4 1 5 2 3 8 1 14 
23928 
7387 
5242 
16693 4 1 1 8 3 9 3 10 
24467 1 1 4 2 1 37 
3717 2 1 2 2 1 4 4 9 2 10 
39145 3 1 7 2 1 34 
3918 
34951 
15115 1 1 4 2 1 3 1 104 
24635 4 1 5 2 4 3 
25093 1 20 1 74 
12783 2 1 2 2 10 9 2 13 
27626 
12742 3 1 10 2 1 3 
37769 
31703 
21628 2 1 1 3 5 9 1 13 1 21 
34655 
29730 
22541 1 1 14 2 1 6 1 94 
39502 4 1 3 2 1 21 1 35 
13086 1 2 2 3 4 46 1 49 1 77 
39750 
9956 4 1 3 2 1 4 3 77 
18826 3 1 2 2 1 3 1 6 1 45 
6585 
27563 2 1 9 2 3 6 1 22 
10271 
24116 
15636 2 1 5 2 7 9 2 10 1 13 
22988 4 1 2 2 1 3 2 4 1 8 
11290 3 2 2 18 
22554 1 2 8 9 4 10 2 25 2 42 
5348 3 2 1 96 
32534 
8593 2 1 3 2 2 4 2 14 
21509 2 1 3 2 2 3 1 4 1 8 5 9 1 10 1 66 
4155 5 9 1 10 1 94 
36132 
26152 2 1 4 2 2 3 
35767 4 1 11 2 5 9 1 12 1 30 1 35 1 77 
34012 1 1 4 2 2 14 1 34 1 64 
24620 2 1 5 9 1 13 1 77 
38418 
12026 18 2 4 3 
9062 
36306 2 35 
2152 
34944 
6959 1 1 6 2 1 100 
29725 2 2 1 14 2 35 
29288 2 1 2 2 2 3 3 14 1 34 1 42 1 77 
27278 
6141 1 2 1 5 1 19 1 35 
13723 3 1 1 2 4 9 1 10 1 13 1 77 
10217 1 1 1 9 1 12 4 53 
26036 4 1 10 2 1 4 
289 2 1 9 2 1 3 1 14 
36056 
21276 7 9 2 10 3 57 
14931 
33529 
20824 6 16 
25388 2 1 1 104 
6458 1 1 1 44 1 77 
26693 2 1 9 2 3 6 1 22 
13928 
14467 1 1 1 2 1 44 1 46 1 64 
33143 1 1 1 26 2 74 2 75 2 76 
8233 2 2 1 14 1 26 1 77 
34900 1 1 1 2 4 9 1 10 1 25 1 36 1 77 
17110 5 1 3 2 1 26 1 70 
13557 3 1 1 2 2 3 1 5 
19818 
20887 4 9 1 10 1 11 1 77 
20962 2 1 20 2 2 35 
5643 1 3 3 64 
38992 
1004 3 9 1 10 1 11 1 17 1 24 
10085 6 9 1 10 1 12 2 17 2 36 
24298 
5586 1 1 15 2 1 18 
557 1 14 1 19 1 29 
4854 4 9 2 10 1 42 1 63 
3350 2 1 2 2 1 3 5 9 1 12 
12541 
19730 4 1 3 2 1 35 
23086 5 2 2 3 2 14 
8940 3 1 2 2 1 3 1 6 
28826 
35848 
15093 1 1 5 2 5 9 1 10 1 19 1 34 
7101 2 2 1 30 1 42 1 102 
25115 3 1 10 2 1 14 1 30 1 34 1 77 
14635 3 2 1 3 1 6 1 63 
17626 2 1 5 2 1 3 1 35 
22742 1 1 1 3 1 4 10 9 2 10 1 14 1 42 
39701 
22783 1 1 1 3 1 4 10 9 1 10 1 12 1 14 1 42 
30347 
40854 3 2 5 9 1 12 1 14 1 101 
8792 
11628 1 1 8 2 7 9 3 10 
16658 1 1 1 117 
3358 1 9 2 10 9 53 
33545 
145 
8747 3 1 1 3 1 4 5 9 1 13 2 27 
1083 4 9 1 10 1 25 1 42 1 53 
8948 2 1 8 2 1 6 
31541 
22703 2 3 2 14 1 16 2 42 
33336 
37771 
39137 2 1 6 2 3 3 1 4 1 34 
32628 3 9 1 10 1 36 1 42 1 53 
29157 
23356 
14253 
24419 
9316 
37717 2 1 3 2 3 9 2 10 
36295 10 2 6 14 2 22 2 32 
6450 1 1 2 2 1 14 1 30 
25308 
15491 3 1 4 2 2 3 1 14 
24647 
10355 
33102 
13478 1 1 16 2 5 9 1 10 1 96 
25058 
20807 2 34 
923 3 9 3 10 2 24 1 42 
34980 
10005 
25513 2 1 2 2 1 73 
35038 4 16 
31026 1 1 1 2 1 37 
40330 
37028 
36386 4 1 14 2 1 22 1 35 
27165 3 1 3 2 1 39 
2655 2 1 9 2 5 9 1 13 
29208 
3653 1 48 1 75 
39990 3 1 8 2 2 9 2 10 1 24 1 35 2 53 1 77 1 100 
41152 
18732 
11534 1 1 19 2 1 100 
20269 
5781 
5340 3 9 1 10 2 11 1 24 
22908 4 1 6 2 1 4 3 77 
8449 4 1 1 3 1 8 1 25 
21122 
26846 
38299 
4652 1 2 4 3 4 46 1 49 1 111 
21589 2 1 1 8 1 64 
7336 
15160 1 1 18 2 1 8 
32290 1 8 4 9 1 10 2 42 1 53 
28531 3 1 12 2 1 34 
41036 3 1 2 2 3 10 3 34 
35174 1 63 
29749 4 1 20 2 2 34 
959 
30320 
38551 
721 2 1 2 2 1 8 1 18 
34791 2 9 1 10 1 11 1 42 2 57 
34233 2 9 2 11 1 17 1 53 
40325 2 1 9 2 1 3 1 14 2 77 
12703 2 1 1 2 1 3 1 6 1 8 
13356 2 1 17 2 1 22 
19157 1 5 2 6 5 9 1 10 
31783 1 1 3 2 4 3 5 9 1 10 1 34 2 77 
24253 2 53 4 71 
14419 4 1 1 2 1 4 1 25 
31742 2 1 5 2 1 3 1 34 
38544 
39582 4 2 1 4 2 35 
5728 
3085 
39543 1 1 8 2 1 34 
5927 1 69 1 75 1 76 
37572 1 63 
26658 
245 
39129 3 1 7 2 1 34 
36638 7 2 1 4 2 34 1 35 
13006 2 1 5 2 1 3 1 14 
2083 14 2 2 14 
5297 
10807 3 1 5 2 1 3 1 22 
23478 
30546 1 2 4 9 1 13 1 14 1 17 1 31 
15058 
20005 
8100 
7159 3 9 2 10 1 11 2 24 
15513 3 1 6 2 3 9 3 10 
30335 1 1 8 2 1 25 1 37 
30778 
7941 
15308 2 1 5 2 1 3 1 14 
8135 
14647 
3910 
25491 
20355 
73 
30973 
4494 1 1 12 2 1 76 
19208 2 1 4 2 1 3 1 6 1 18 
32276 
1655 1 1 1 89 
33688 1 100 
8834 4 1 1 2 2 3 2 26 
3252 4 2 1 3 1 5 
35719 
17165 1 7 4 9 1 11 1 12 1 24 
7474 
40031 
18531 
6898 
4253 3 1 1 2 2 3 1 14 
19749 
5537 6 1 3 9 3 13 
5861 
30021 2 1 3 2 1 38 
39976 1 58 
12908 4 1 10 2 2 3 
38500 1 74 1 77 
11122 12 1 1 81 4 84 
28732 
21534 
10269 1 25 2 74 1 75 1 76 
16846 1 1 7 2 3 3 
14357 3 1 3 2 3 9 3 10 
37986 8 16 
6319 4 2 2 3 2 14 
36507 
32509 3 1 4 2 1 4 2 34 1 103 
11589 3 1 8 2 1 4 1 14 
38752 4 1 3 2 1 3 1 30 1 38 1 77 
34592 1 1 8 2 5 3 2 6 4 14 1 19 
25160 2 1 1 2 1 3 1 30 1 77 
31554 
31988 14 2 2 14 1 19 
4747 12 9 4 10 
17640 2 1 12 2 1 3 1 14 
38662 
4948 2 1 2 2 1 3 1 21 
9860 
41037 3 1 2 2 3 10 3 34 
20692 
25941 7 9 2 10 3 53 
1477 2 9 1 10 3 17 1 42 
1608 4 1 5 2 1 4 
7916 2 1 17 2 1 25 
16045 
28840 
33613 
26963 
22849 1 1 7 2 5 9 1 10 1 103 
26847 5 1 2 2 1 4 1 14 1 34 1 77 
1132 2 1 11 2 1 22 
31913 4 1 1 4 4 9 2 10 1 77 
12004 2 1 8 2 6 9 4 10 
2568 6 9 2 10 4 11 
36324 
35202 2 1 9 2 1 38 
11059 
9526 
31084 
14169 2 1 2 2 4 9 2 12 
14858 5 1 2 4 5 9 1 10 
17363 3 1 10 2 2 3 1 18 
36387 4 1 15 2 1 22 1 35 
32389 6 75 1 90 
38380 
12354 1 1 17 2 1 65 
31027 1 1 2 2 1 37 
11309 3 1 2 2 1 4 1 21 
5213 1 29 1 42 3 96 
39052 2 1 3 2 1 34 1 38 
3547 4 9 1 10 1 42 1 71 
1303 1 1 1 2 1 6 1 42 
20806 4 1 3 2 1 35 
6871 
29032 1 1 8 2 1 22 
31718 2 1 3 2 1 38 
24646 5 2 2 4 2 6 
39302 
22341 3 1 2 2 1 35 1 96 
9936 
18049 2 1 6 2 1 3 1 24 
37716 1 63 
12040 4 1 22 2 1 4 
30133 
25410 4 1 1 4 5 9 1 10 1 33 1 77 
8652 1 1 1 5 1 8 1 24 
29156 
23357 
40549 
31830 
28804 
13260 
306 5 2 3 14 1 35 
4449 1 1 7 2 1 4 1 14 
21850 4 1 7 2 2 3 2 4 2 70 
33337 
40123 2 1 3 2 1 38 
26768 3 16 
39136 2 1 7 2 3 3 1 4 1 34 1 64 
32432 4 1 5 2 1 3 1 34 
15954 3 1 3 2 1 4 1 18 1 77 
15588 4 1 3 2 3 3 1 14 
11801 4 1 1 2 2 4 1 6 
35989 3 2 1 24 1 37 
23007 
1779 
32881 
29803 
17604 4 1 2 2 1 3 1 4 1 8 
13805 4 1 3 2 1 3 1 4 1 14 
22452 2 1 16 2 4 3 
17415 1 1 5 2 1 6 1 64 
2477 1 1 21 2 1 42 
9341 3 3 3 14 2 42 
9780 3 2 2 3 1 6 1 14 1 65 
15941 2 1 4 2 2 3 
40294 
2608 1 5 4 9 1 10 1 17 
26045 1 1 17 2 1 48 
41029 3 1 3 2 3 10 3 34 
39977 1 15 
32211 
18840 2 1 3 2 1 3 1 8 
39615 
37862 
37987 
12849 1 1 3 2 1 3 1 30 
6939 1 74 1 75 1 76 
2132 1 1 7 2 1 3 
16847 9 2 2 3 
39404 5 1 24 2 1 22 1 35 
16963 2 1 1 3 3 9 1 11 1 12 1 17 
36506 
27640 1 1 7 2 3 3 
38403 
34710 3 1 2 2 2 8 4 9 3 10 1 17 1 25 1 77 
37924 3 1 9 2 8 3 2 4 2 14 1 22 
10692 1 1 1 25 1 74 4 75 
31825 5 9 1 12 1 18 1 33 1 42 
6092 1 64 1 107 
24858 
27363 1 1 7 2 3 3 
22354 
4100 4 1 3 2 2 3 1 32 
33821 
32334 
38081 
21309 4 2 1 4 2 44 2 64 2 77 
22004 
1568 3 1 4 2 1 99 
5612 1 7 
15645 10 2 2 3 5 9 1 13 
4135 1 1 6 2 1 35 
31039 
21059 5 9 1 10 1 25 1 77 
32277 
36279 
24169 14 9 8 10 
39911 2 1 1 3 1 30 1 77 
14646 
4834 
3330 3 2 1 3 1 32 1 94 
10153 2 1 2 2 
12341 3 1 4 2 1 8 
28049 
8494 1 1 7 2 1 3 1 7 
15410 17 9 7 10 1 12 1 13 
22040 4 1 4 2 1 3 1 26 
3305 
10806 2 1 6 9 2 10 2 12 
30547 1 1 4 9 1 13 1 14 1 17 1 30 
2303 
19032 2 1 2 2 2 35 
25588 
6438 2 1 2 2 2 77 
33329 
25954 
13007 3 1 3 2 1 3 1 70 
21801 
2779 11 2 
19803 
27415 2 1 7 2 2 3 1 4 
12452 5 2 2 27 1 35 1 84 1 102 
23805 3 1 7 2 1 34 
35934 5 9 1 12 1 30 1 77 
8253 1 2 4 3 4 14 1 77 
27604 4 3 4 14 1 20 1 77 
39440 3 1 2 2 5 9 1 12 1 35 
13357 11 9 8 10 1 11 
38275 1 2 3 9 2 12 1 36 
19156 4 1 2 2 2 3 1 4 
18804 
99 2 1 7 2 5 9 1 13 
23260 
11850 4 1 1 2 1 3 1 8 
16768 2 1 17 2 1 22 
6529 1 1 2 9 1 10 3 17 1 77 
36422 4 1 6 2 2 25 2 103 
21881 5 2 3 9 2 12 1 13 
16820 5 1 4 2 3 3 1 4 4 9 2 10 
17639 4 1 5 2 1 3 1 4 1 14 
20198 3 1 11 2 1 34 
13087 1 5 1 6 1 69 
31452 
18827 3 1 2 2 2 3 1 18 
6430 3 9 1 11 2 53 
25508 
27684 2 1 9 2 2 3 4 9 2 10 
36972 3 1 3 2 1 24 1 35 
21432 1 1 1 77 1 107 
38168 
23885 
17873 2 1 3 2 4 9 1 13 1 17 
2384 
10555 
29674 1 1 1 30 1 77 
19842 
19883 
28673 1 2 1 3 2 4 2 44 3 45 1 48 
32850 12 9 6 10 2 17 
925 
18884 4 1 1 2 1 3 1 6 1 8 
7007 1 1 5 9 1 13 1 21 
6405 2 1 4 2 2 3 2 14 
8517 2 1 6 2 1 3 1 14 
13024 2 1 1 7 1 24 1 26 1 77 
4327 3 9 1 36 1 39 
38859 
6116 3 9 2 11 1 36 
28839 
22830 4 2 2 3 1 6 
27627 1 1 1 2 1 78 
25313 1 16 2 21 
24466 1 1 4 2 1 37 
33345 2 1 3 2 1 3 1 4 3 14 1 96 
3338 4 1 1 2 1 3 1 4 1 14 
143 5 2 1 4 4 9 1 10 1 11 1 14 
22718 
31341 
35812 
17191 3 1 4 2 3 3 2 14 
33536 
23556 
5814 4 2 1 8 5 9 1 10 
26029 4 1 11 2 1 4 
22027 2 1 2 2 3 3 2 5 1 14 
41045 4 1 3 2 3 10 2 34 1 35 
4108 2 1 5 2 1 103 
11334 2 63 1 76 
4632 
12825 2 1 2 2 8 9 2 10 2 13 
21389 
38001 2 1 3 2 1 3 1 100 
5115 2 1 2 2 2 103 
5406 2 1 1 2 1 4 1 27 
7356 
25465 
15794 
11277 5 11 1 57 
30520 2 2 1 30 1 32 1 42 1 94 
26835 
22084 10 2 4 3 1 6 
7445 
6047 2 1 2 2 4 9 2 10 2 77 
1560 3 1 11 2 1 3 
22913 1 1 1 22 
1795 
18030 
36855 1 1 6 2 1 32 
16037 
20216 5 9 1 10 1 25 1 77 
12039 4 1 22 2 1 4 
38351 1 1 1 3 1 14 1 77 
14171 
11211 
2600 1 1 1 94 1 96 
9987 2 2 12 3 
14893 3 1 2 2 1 4 1 18 
31849 
40530 1 1 4 2 1 3 1 7 1 8 1 14 
35657 
9788 1 2 1 3 1 14 1 27 
13215 1 1 27 2 1 64 
39484 7 2 1 14 1 34 
25637 
14117 4 1 18 2 2 26 
37907 
37474 3 1 3 2 1 5 4 9 2 10 1 35 
19459 4 9 1 10 1 17 1 77 
29213 
28214 2 1 6 2 4 3 
17460 2 1 12 2 2 3 2 14 
15629 
38483 
1826 2 1 16 2 1 22 
2635 
38442 2 1 3 2 1 14 1 21 1 32 
656 
3633 1 1 7 2 1 76 
34048 4 1 11 2 1 35 
39427 3 1 22 2 1 34 1 64 
4593 2 1 1 3 1 44 1 45 
28884 4 1 15 2 1 14 3 26 
30346 1 1 4 2 1 3 2 14 
18673 2 1 3 2 1 8 1 14 1 77 
39660 
23024 5 2 1 111 
18839 1 1 8 2 1 3 1 6 2 14 
7139 6 2 4 3 
15313 3 1 6 9 3 10 1 13 
17627 
12830 2 1 5 2 2 3 
30535 3 1 1 4 1 32 2 34 
26820 
27639 1 1 1 3 5 9 1 13 2 64 
10198 
23087 10 2 4 3 
11881 1 1 24 2 1 3 
35909 3 2 1 33 1 77 
15508 2 1 1 4 1 5 1 64 
28827 
34765 3 1 4 2 1 34 
9721 2 9 1 36 2 53 1 57 
11432 1 1 1 5 2 6 
27873 4 16 
13885 4 9 1 10 1 14 1 53 1 77 
1384 1 1 5 2 2 25 1 100 
764 
17684 3 1 14 2 1 3 1 22 
8155 4 9 1 10 1 24 1 53 
32801 
29883 
18025 1 1 3 9 2 10 1 13 1 24 1 25 1 64 1 74 
20555 
29842 1 1 14 2 4 9 1 12 1 17 1 96 
37659 2 9 1 11 3 57 
19674 
7573 
40525 
27191 2 1 1 2 1 3 1 23 1 35 
13556 1 1 5 2 1 6 1 65 
38344 
39343 1 1 1 42 1 96 1 104 
3592 2 1 21 2 1 25 
39382 3 1 8 2 1 21 1 25 1 35 
14466 2 1 6 9 4 10 2 77 
31040 
37372 2 1 26 2 2 34 
12718 1 1 3 2 1 3 1 14 1 65 
243 1 1 8 2 3 3 
36057 
35282 10 9 1 10 1 12 1 14 1 35 
32059 
35243 
15465 
18331 3 1 5 2 1 26 1 77 
9119 
25794 1 6 1 69 1 74 
12084 1 1 1 2 1 3 4 9 2 12 
5557 2 1 8 9 1 10 2 12 1 13 1 48 
2560 
3793 2 2 2 9 2 10 2 11 1 19 
21277 1 1 1 2 1 20 1 108 
16835 
4233 2 1 1 3 1 5 
2795 18 2 
28030 
31004 3 1 4 2 1 3 1 4 2 22 
12913 3 1 3 3 2 14 
24171 1 6 8 9 6 10 
26037 4 1 12 2 1 4 
10216 4 1 14 2 2 3 
36261 2 1 4 2 1 22 1 105 
22039 7 2 1 3 1 8 
21334 1 1 1 2 4 9 1 10 1 19 1 57 1 77 
16029 1 1 15 2 1 35 
38300 
12027 
36307 
32309 
22825 
11389 5 1 2 2 1 3 1 4 
31354 
34392 
660 2 1 1 2 1 32 
18214 2 1 11 2 1 3 1 21 
4940 2 1 7 2 1 22 
27460 
1635 3 1 1 4 
35766 2 1 2 2 2 3 2 14 2 77 
2826 2 1 9 2 3 6 1 22 
25629 
7772 4 1 2 3 1 118 
3029 
9868 1 1 15 2 1 5 1 77 
1600 1 1 4 9 1 10 1 12 1 64 
21211 
39439 
24893 1 1 4 2 1 7 1 26 1 77 
4792 3 9 2 17 1 53 
3232 3 2 1 3 1 42 
23215 1 63 
15637 4 9 1 10 6 11 1 13 1 20 
24117 3 1 1 14 1 34 1 77 
29459 1 1 6 2 1 14 
19213 2 1 1 2 1 3 1 5 1 6 
23016 4 1 2 2 1 4 1 7 
23397 1 1 9 2 1 22 
8387 10 2 1 6 
29196 2 2 1 14 1 23 1 35 
20871 1 1 10 2 1 22 
21890 2 69 1 70 2 74 
4445 4 9 1 10 1 11 1 64 
7632 1 74 2 75 1 76 
24409 
15994 4 11 2 12 2 64 
4356 
40241 
22492 
7108 1 1 1 6 5 9 1 10 
59 2 1 3 9 1 11 1 13 1 17 
2514 1 5 7 9 2 10 1 12 
25185 
1775 
22713 1 1 1 2 1 4 5 9 1 10 2 24 
33112 
39164 2 1 17 2 3 3 1 4 1 34 
28678 1 1 6 2 1 27 1 34 
39092 2 64 
6451 2 1 1 2 1 19 
25318 1 64 
37707 
2442 2 1 17 2 5 9 1 13 
25503 
10015 1 1 2 2 1 5 2 25 
11876 4 2 1 3 5 9 1 12 
20193 
17180 8 1 2 2 1 3 3 4 1 14 
19888 
38163 5 1 9 2 1 22 1 80 1 84 
17878 4 1 2 2 1 3 1 4 1 26 
19170 7 1 3 2 3 4 1 14 
38488 
20379 
290 2 1 9 2 1 3 1 14 
10224 
34043 3 1 8 2 1 32 
4007 
34082 1 74 1 77 
7327 2 1 13 2 1 19 
36772 3 1 2 2 1 23 1 32 
11099 2 1 1 6 
12394 3 1 5 2 1 3 1 77 
40622 
11567 1 1 2 2 3 9 3 12 
14898 
29218 1 1 8 2 1 27 1 34 
6148 
9612 
10287 
30632 
18226 3 1 21 2 1 3 1 22 
24186 
20652 4 1 6 2 2 34 
22918 
5341 1 1 9 2 5 9 1 12 
5780 1 1 3 2 1 3 1 77 
1857 2 2 1 3 1 42 
324 2 1 5 2 1 3 1 5 1 77 
14409 4 1 5 2 2 3 
3773 5 2 1 19 
39348 
25994 4 1 4 2 2 3 
15185 3 1 4 9 1 10 1 13 1 77 
1514 7 9 3 10 1 21 
12492 1 1 3 9 1 12 2 53 
12713 1 1 4 2 1 3 2 14 
2775 10 2 
13016 3 1 1 2 1 33 
19196 3 1 4 2 1 8 3 77 
13397 4 1 2 2 4 3 
6525 4 9 1 10 1 17 1 42 
11890 2 2 1 64 1 90 
7233 
35966 1 42 1 77 
15503 1 1 15 2 1 107 
1442 5 1 3 2 1 3 1 4 
8101 
10193 5 9 2 10 1 57 1 77 
20015 
21876 
27180 3 1 7 2 1 39 
29888 
27878 
29170 3 1 3 2 1 3 2 9 4 10 
7792 
10817 
4772 
3309 1 14 2 19 1 24 
3911 8 9 6 10 2 64 
18678 2 1 1 2 1 3 1 6 5 9 1 10 
5936 4 1 1 4 1 7 1 77 
15318 3 1 5 9 4 10 1 12 
41246 3 1 5 2 3 3 
7940 
464 4 1 4 2 1 4 
22394 4 1 5 2 1 3 1 4 1 8 1 70 
24898 1 1 1 2 3 9 1 10 1 33 1 42 2 57 
5526 
4573 1 31 1 94 
21567 1 1 9 2 2 25 1 100 
19218 4 1 1 2 1 4 1 6 
20287 
36571 
34965 
10379 
9213 
190 1 2 1 19 1 103 
4139 1 1 13 2 3 3 
35709 2 2 1 14 1 105 
7593 
20224 
21099 
34661 
40254 
2857 
32366 
5860 
6935 1 75 2 90 
35248 
28226 
3572 2 9 1 10 1 17 2 53 1 64 
36517 3 1 1 2 1 4 1 32 2 34 
10652 
14186 
32519 
6900 2 1 21 2 1 3 1 14 
12918 2 1 4 2 1 3 1 21 
38510 1 1 11 2 1 22 
35697 4 1 3 2 4 3 1 22 1 34 1 38 
5868 6 9 2 10 4 12 
14853 1 2 1 24 1 74 2 75 
17368 4 1 10 2 3 3 1 18 
214 
19499 
6891 2 1 2 2 1 4 1 14 1 26 1 27 
38076 
11366 1 1 1 7 1 14 1 19 
11519 2 1 1 2 1 3 5 9 1 10 1 32 
2639 1 7 
1023 2 1 4 9 2 10 1 34 1 77 
31918 1 1 5 3 1 4 3 14 1 19 3 26 2 31 
6908 
6707 2 1 7 2 1 96 
37916 1 74 3 75 1 77 
14106 1 1 15 2 2 3 1 4 5 9 1 10 
14332 
30074 
26968 
28172 8 1 2 3 2 4 2 26 
9557 
20207 4 2 2 37 
5119 1 1 5 2 1 23 
33618 2 1 4 2 2 3 2 14 2 35 
821 1 1 7 2 1 42 
27144 3 1 3 2 1 39 
20361 
7449 
35789 6 1 9 2 2 3 2 34 
15754 9 1 6 2 2 3 3 4 1 14 
38391 1 38 1 42 
10060 2 1 1 7 
36895 
1799 9 9 7 10 1 64 
8336 1 115 
6267 9 9 2 10 1 17 
15542 
15583 1 1 2 9 1 10 1 12 1 39 1 64 
27100 
4916 4 9 1 10 1 11 1 31 
29808 2 1 9 2 1 19 1 35 1 38 
17151 2 1 1 2 1 3 1 8 10 9 2 10 
1497 4 2 1 3 2 6 1 26 
25741 2 1 9 2 1 104 
7747 1 1 11 2 5 9 1 10 1 19 
40128 5 2 1 29 1 34 
26763 3 1 3 2 2 25 1 34 
7948 4 27 
23596 2 1 15 2 5 9 1 12 1 34 
31492 1 1 7 2 1 7 1 22 1 42 
34454 2 1 5 2 1 3 1 60 1 77 
20158 
31713 
13570 2 1 5 2 1 6 
14489 3 1 3 2 1 4 1 14 
30138 
10595 6 2 2 4 2 56 
24434 2 1 2 3 2 21 
15105 4 1 1 2 1 3 1 8 
38899 
6409 4 9 1 108 
32890 2 2 3 3 5 14 
39512 3 2 2 22 
20869 
5721 2 1 4 2 1 14 1 26 
33564 
26246 2 1 1 3 1 104 
22138 4 1 10 2 8 3 3 4 1 14 1 26 1 27 
29627 
8518 1 6 1 19 2 24 
38205 
4328 
6675 
28683 
28642 2 1 6 2 1 3 1 14 1 34 1 77 
7008 
18874 3 1 2 2 1 4 1 8 10 9 2 10 
29684 1 1 20 2 1 6 1 42 
35437 
19873 4 2 2 3 1 114 
38860 
9489 1 42 1 74 7 75 
36867 1 2 1 28 1 41 
36982 
32869 
27674 4 1 1 3 1 4 1 26 1 27 
17842 4 1 4 2 1 3 1 4 1 14 
23875 2 9 1 10 3 11 1 77 
17883 4 1 2 2 2 3 1 4 2 14 
20890 
16128 8 1 10 2 6 3 
35961 4 2 3 3 5 9 1 12 1 14 1 34 
19639 1 1 1 29 1 30 
21871 2 1 3 2 1 3 1 14 
13077 1 6 2 63 
25457 
7463 14 1 1 81 5 84 
21193 
11015 8 2 8 9 4 10 2 25 2 65 
10876 
23310 
13011 2 1 10 2 4 3 
35665 
21817 
19191 1 1 2 2 1 3 2 19 
3337 2 1 1 2 1 3 5 9 1 12 
1995 
14181 
10567 
1 2 1 12 2 1 32 1 96 
14737 1 1 8 2 1 48 
23952 2 1 4 2 1 6 2 35 
36209 
32207 
11287 3 1 24 2 1 3 
6048 4 1 2 2 2 3 4 9 2 10 2 77 
33932 4 1 3 2 1 25 1 84 
22074 2 2 1 3 1 5 1 6 5 9 1 13 
21379 
4623 3 9 2 10 2 42 1 57 
5676 1 1 1 90 
568 1 2 2 94 
10099 4 2 2 3 1 4 2 24 
24729 2 1 2 2 1 31 
34666 
4107 2 1 12 2 2 6 1 22 
32361 
11224 2 1 5 2 1 3 1 14 
3622 5 9 1 71 
36748 6 1 4 2 2 4 9 9 3 10 2 25 1 34 
6214 
37427 
38473 4 1 1 3 2 4 1 14 4 26 1 27 
19460 3 1 13 2 1 34 1 64 
37484 1 5 4 9 1 10 1 12 1 37 
39907 1 1 1 30 1 77 
31632 
36576 
39474 
27213 2 74 1 75 2 76 
17459 2 1 1 6 3 9 2 11 1 13 
1225 2 1 3 2 1 32 
2470 10 9 5 10 1 12 
9787 2 1 
24694 
21652 9 2 2 3 1 70 
9988 1 1 5 9 1 10 1 25 1 45 1 79 
36010 4 1 15 2 1 35 4 103 
38396 
39924 
104 1 1 2 2 1 4 2 14 1 42 
26622 4 1 2 2 1 3 1 35 1 77 
38017 3 2 1 6 13 9 2 10 1 13 2 32 2 71 
29640 
20366 
2123 5 9 1 11 
37977 
18148 4 1 2 2 1 3 1 4 5 9 1 10 
39862 1 1 19 2 1 34 
39987 2 1 3 9 2 10 1 26 1 53 1 77 
37615 2 1 10 2 1 22 1 35 
20519 1 1 3 2 1 22 
6739 3 9 1 11 2 71 
37404 2 1 1 2 1 3 1 18 1 33 1 77 
33814 5 1 4 2 2 3 1 80 
2607 3 1 1 2 2 3 1 20 
9980 1 1 1 3 1 5 1 74 5 75 1 77 
12632 2 1 2 3 2 27 
2478 2 1 20 2 1 22 
24745 
38923 4 2 5 9 1 12 1 35 
3125 1 48 1 90 
36289 
32287 
1831 5 1 1 4 1 26 
14101 2 1 15 2 3 3 1 4 5 9 1 10 
16254 3 1 3 2 1 7 1 8 
28364 3 1 2 2 8 9 3 10 1 13 
37911 
1567 
6040 
11207 
30394 1 1 1 6 1 41 
38071 
15022 2 2 1 49 2 64 
9015 1 1 2 2 1 5 1 6 
11361 
34130 
32224 3 9 2 10 7 53 
24150 1 63 1 76 
29363 
13365 3 1 1 4 1 41 
21060 2 1 22 2 2 22 
26241 3 1 3 2 4 3 1 14 
17032 2 1 8 2 6 9 4 10 
25263 4 9 1 10 1 71 1 94 
32015 
11158 
14068 3 1 13 2 3 3 1 4 
23591 
37440 
7000 
17156 5 1 3 3 1 4 2 27 
28603 1 1 1 3 1 14 1 77 
8059 4 2 2 3 
97 4 9 1 10 1 11 1 38 
38285 
3824 
38728 4 2 1 29 
25746 
4320 3 9 1 36 1 39 
18462 3 1 6 2 1 4 5 9 1 10 
8510 4 1 5 2 2 3 1 4 
21595 6 1 4 2 4 3 
6172 8 9 2 10 2 11 2 77 
2979 1 1 1 7 5 9 1 12 
23259 3 1 1 14 1 34 
17803 5 1 3 2 2 4 3 9 3 10 
13413 2 1 1 2 1 3 1 35 1 77 
36902 
29415 1 1 4 9 1 10 1 30 1 71 
29604 
13792 2 1 9 9 1 10 1 12 1 13 
34997 1 2 4 3 1 6 1 114 
25578 1 76 
6437 10 9 4 10 2 12 
11869 1 1 3 2 1 3 2 27 
7035 2 1 2 9 1 10 1 26 3 53 1 77 
9696 11 9 6 10 1 11 
30918 6 3 2 4 2 42 
3386 1 1 10 2 1 14 1 22 
35126 3 2 1 29 
28148 2 1 5 2 1 3 1 42 
337 1 2 5 9 1 12 1 21 
1123 2 1 2 2 1 3 1 21 
32652 1 1 7 2 1 37 1 64 
10519 2 1 4 2 5 3 2 5 2 6 1 26 
22632 
1607 4 1 4 2 2 3 
7716 3 9 1 17 2 57 
14745 2 1 12 2 1 25 
1478 4 9 1 10 1 36 1 42 
204 3 2 1 3 1 5 1 6 
5271 1 1 17 2 1 42 
16622 4 1 3 2 1 3 1 8 1 70 
10366 
4947 4 9 2 10 2 63 
36311 
19640 3 9 2 34 
38815 
4748 
25022 2 2 8 3 10 14 2 77 
21361 3 1 19 2 1 3 
35610 5 2 3 14 1 32 
38370 
19363 1 1 7 2 1 37 
14150 1 1 6 2 13 9 5 10 
34446 2 1 8 2 2 34 
6699 3 1 2 2 1 3 1 34 
23365 
11060 
32379 
36377 
31074 
2831 
18364 1 1 3 2 2 3 10 9 2 10 1 14 
26254 2 1 6 2 2 4 4 9 2 10 
5019 1 45 2 49 
21207 8 1 6 2 6 3 
2567 8 9 2 10 2 53 
5550 2 1 1 35 1 65 
9736 
39716 
37302 
36819 1 1 2 2 5 9 1 10 1 25 1 38 
32817 
16241 5 1 1 2 1 3 1 4 1 7 
27032 
37052 
35445 
15263 1 1 6 2 1 3 4 9 2 12 
3548 2 1 14 2 1 34 
6813 
1979 1 1 5 2 1 107 
27803 
13259 1 2 1 38 1 60 
23413 
19604 2 2 4 35 
23792 
33284 
19415 2 9 1 11 2 34 
32871 
35979 1 1 1 2 1 25 1 37 
15578 
21869 2 1 6 2 1 3 1 14 
34125 6 9 2 10 1 108 
21158 2 9 1 11 1 36 2 57 
30713 
30492 
24068 
37136 1 63 
13591 6 9 4 10 4 11 
27156 
18603 1 1 1 44 1 46 1 51 
28462 
31138 
11595 3 1 2 2 1 8 2 77 
15746 3 1 10 2 1 4 1 14 
27499 4 9 1 10 1 53 1 97 
2229 1 1 17 2 1 100 
40835 
35114 
11692 2 1 16 2 1 19 
14654 1 1 6 2 1 74 1 77 
34689 1 2 1 3 1 14 1 118 
6362 2 9 1 10 1 25 1 42 3 53 
1850 6 2 1 3 1 8 
29368 1 1 6 2 1 22 1 94 
5988 3 9 1 11 2 36 
40029 
5787 
41294 
8604 
2032 1 1 6 2 1 4 1 14 
685 2 1 8 2 1 22 
30039 1 1 7 2 1 37 
18182 4 1 3 2 3 3 1 4 4 9 2 10 1 14 
4035 2 1 5 2 1 22 
18143 9 9 1 10 1 11 1 13 1 20 
38928 3 2 5 9 1 12 1 35 
25946 7 9 2 10 3 53 
24222 1 1 5 2 1 74 
12520 1 1 4 2 1 3 2 7 
20059 8 2 8 9 4 12 
18529 
13992 3 1 21 2 1 4 1 14 
4000 5 9 1 10 1 65 
28537 2 1 5 2 1 38 
36702 
7320 
26530 
30825 1 2 1 25 2 60 
6192 7 9 3 10 1 64 
2999 
36550 
9676 1 1 6 2 7 9 3 10 1 77 
968 
19144 2 1 2 2 1 3 1 8 1 77 
34797 
38557 6 1 2 4 7 9 4 10 1 17 
32886 3 9 3 10 1 20 1 21 1 24 
19100 3 1 6 2 1 8 
39724 
17808 1 1 5 2 4 9 1 12 1 13 
13418 5 18 1 25 5 26 
25573 1 1 11 2 1 102 
31547 1 1 4 9 2 10 1 25 1 94 
11806 3 1 2 2 1 8 
14063 4 1 2 3 6 9 2 10 2 12 
39787 
11153 2 1 9 2 6 6 1 77 
39131 3 1 7 2 1 34 
37777 1 1 5 2 1 34 
38723 1 6 4 9 1 10 1 17 1 77 
29151 
24945 
2498 1 1 3 9 1 11 1 12 1 36 
28608 3 1 5 2 3 3 3 4 2 8 1 18 1 19 1 21 
39699 
37711 
16525 4 1 4 2 2 3 2 25 
24641 
24479 2 1 1 70 1 114 
23580 3 9 1 10 1 25 2 53 1 77 
15497 
22346 2 1 14 2 2 96 
10850 
32555 
22535 
25268 
5489 1 2 1 30 1 42 1 94 
8380 
8741 5 1 3 3 1 4 2 27 
6708 1 14 1 19 1 74 
39916 1 1 4 9 1 10 1 57 1 77 
6907 8 75 2 76 
1032 
33826 1 1 12 9 6 10 3 24 1 81 
3516 1 1 1 7 1 63 
1229 2 9 1 10 1 36 1 42 2 53 
17499 3 1 5 2 2 3 1 14 
5531 5 1 3 2 1 3 1 4 
34634 4 1 11 2 1 22 1 35 1 64 
38086 
24654 
21692 3 1 2 2 1 3 1 4 1 118 
5867 
40037 2 2 1 24 1 37 
2850 3 2 2 3 2 6 
19368 
18537 1 1 24 2 3 3 
16530 3 1 8 2 1 3 1 25 
1999 2 2 1 19 1 103 
29144 
10309 2 1 4 2 2 45 
30027 2 16 
35779 1 1 8 2 1 103 
32216 2 21 
8564 
30913 
36501 
28143 3 1 4 2 1 3 1 22 
9558 
28182 5 1 1 2 3 3 2 26 
15946 5 1 6 2 1 3 1 4 
14222 3 1 15 2 1 3 
22520 4 1 4 2 2 34 2 64 
30084 5 9 1 10 1 32 1 94 
28529 
10059 1 1 1 6 2 9 3 10 1 17 2 24 1 77 
7947 2 1 1 2 1 9 2 10 1 35 1 36 2 57 1 74 
24063 
7748 1 24 1 48 
21153 1 1 1 35 
339 10 9 1 10 1 12 1 25 
30718 1 1 4 9 1 10 1 12 1 104 
31133 3 1 1 34 
1498 2 1 3 75 2 77 
14945 1 2 1 64 1 89 
19151 
18608 4 1 4 2 2 3 4 9 2 10 2 77 
5291 5 9 1 10 1 42 
29100 
4716 
23418 
27808 
15573 1 1 1 9 1 12 1 36 1 39 1 53 
21806 
6268 6 9 3 10 1 17 1 42 
37512 2 64 
5921 
10801 2 1 3 2 1 3 1 25 1 100 
6679 3 1 3 2 3 3 
12535 1 1 1 6 1 44 
15268 3 1 4 2 1 4 3 9 3 10 
41549 
26525 2 1 7 2 1 35 
30830 
9485 
41123 
25497 
14641 2 1 16 2 4 9 2 12 
13580 7 9 4 10 3 11 
14479 
20850 
316 1 1 2 2 9 9 3 10 
12346 
649 1 5 1 41 
23551 2 1 2 2 2 22 
7222 3 1 1 4 9 9 3 10 
31535 2 1 5 2 1 4 4 14 1 32 1 34 1 77 
11198 1 1 5 2 1 35 
21555 
34528 
8055 1 1 1 7 1 44 
17196 1 1 4 2 2 3 1 5 1 14 1 65 
14929 2 1 17 2 1 22 
10432 
13752 2 1 4 2 2 3 2 14 
24937 6 1 2 4 2 77 
15175 3 1 8 9 5 10 1 13 
23299 
2975 1 14 2 19 1 42 
31346 
126 2 1 2 2 1 3 1 18 
3973 2 2 1 24 1 29 
7039 
24461 5 2 1 44 1 64 
37348 1 1 16 2 1 34 
13500 2 1 4 2 1 3 1 4 1 14 
34957 
12133 1 1 3 2 1 8 2 69 
30040 
7381 2 1 2 2 4 9 2 10 2 77 
7740 
4972 3 1 1 2 1 4 1 21 
18688 1 7 1 8 1 64 2 69 
3711 1 9 1 17 4 53 
5736 
1490 4 9 1 10 1 17 1 24 
27888 8 9 2 36 2 53 2 64 
29878 
27170 7 9 4 10 1 12 1 20 
41525 
22547 
7992 3 1 3 2 1 33 
6260 9 9 3 10 1 64 
21886 1 1 5 2 1 14 1 22 
40768 
26123 1 37 
16294 2 2 1 31 1 73 
20334 
31347 
27925 2 64 
36044 
3283 
17197 2 1 4 2 1 3 1 4 1 7 1 14 
29614 3 1 4 2 1 34 
23662 3 1 15 2 1 34 1 64 
29405 1 1 2 2 1 14 1 30 
36912 2 1 6 2 1 3 1 14 1 34 1 77 
1966 3 1 3 2 2 3 1 14 
2285 
13403 10 2 2 19 
17813 2 1 1 2 2 3 1 6 4 9 2 10 
18337 1 1 4 2 1 3 1 7 
20290 
36051 
21271 
16330 
10509 
19273 
38260 
9429 
15935 2 1 1 7 3 9 2 10 1 71 
36267 2 2 2 25 2 35 
26031 2 1 8 2 1 103 
32269 
15199 
17242 3 1 17 2 1 3 1 22 
30908 2 1 1 2 2 4 3 27 
24177 14 9 8 10 
3746 2 9 3 11 1 17 
23275 
17283 1 14 3 75 2 76 
12021 1 1 18 2 7 3 
41433 1 1 10 2 1 14 2 19 1 33 1 77 
38805 2 1 21 2 1 19 1 103 
4388 4 9 1 10 1 57 1 64 
9538 1 1 1 6 4 9 1 10 1 57 1 77 
4802 3 1 1 2 1 8 
36301 
18274 5 1 5 2 5 3 
22320 6 1 2 4 8 9 4 10 
5270 8 2 2 29 
31423 3 1 5 9 1 10 1 32 1 81 
37950 
3803 
35600 5 9 1 10 1 22 
27930 3 63 
1052 
2805 3 1 5 2 2 3 1 14 
5551 2 2 1 4 2 65 
21217 
33049 
15631 5 1 8 2 1 3 1 4 1 96 
39969 3 1 4 2 3 3 
24111 4 1 9 2 1 35 1 63 
10276 1 1 9 2 1 22 1 44 
2830 
12973 3 1 2 2 1 3 1 4 2 14 
19568 
37312 2 1 18 2 2 22 
40658 1 74 1 77 
11824 10 2 14 9 6 10 
4546 
39706 
4683 2 9 1 17 3 53 
12335 8 9 2 10 2 11 
12778 1 1 6 2 1 33 
562 1 1 1 2 1 55 
17621 2 1 3 2 1 21 1 26 
41349 1 1 5 2 2 25 1 35 
11887 4 9 1 10 1 12 1 103 
26325 
11962 5 2 5 9 4 10 1 13 
9298 
23081 
28821 
35644 
2104 1 1 12 2 1 29 
13380 2 1 3 9 1 11 1 13 1 57 
7518 4 1 10 9 2 10 1 81 1 84 
8008 2 74 1 76 
25920 2 9 2 53 2 71 
12546 2 1 1 2 1 3 1 14 1 19 
36809 1 64 
32807 3 1 2 2 1 7 1 34 1 77 
9727 
9928 
13662 
19405 3 1 1 4 1 37 
19614 1 64 
27813 
23403 
2966 4 9 2 10 6 53 
1285 1 41 1 107 
8463 
18613 2 1 3 2 4 9 2 10 1 24 1 26 
15373 6 1 2 2 1 3 2 4 1 14 
14936 4 1 14 2 2 4 
20628 
3682 1 1 4 2 1 3 
30703 1 1 9 9 3 12 
17925 4 1 9 2 3 3 1 14 
9920 
3185 2 1 17 2 1 22 
2183 2 1 1 2 1 39 
17475 4 1 6 2 2 3 
23483 2 1 5 2 1 32 
39262 2 1 1 3 1 30 1 77 
946 
5756 1 1 1 2 1 14 1 66 
19485 
1944 1 2 1 32 1 96 
15496 
22347 12 2 2 4 10 9 2 10 
26349 
30742 2 1 5 2 1 3 1 20 
30783 4 2 1 29 1 94 
4604 1 2 5 9 1 12 1 14 
23351 
31335 
31778 
34328 
21355 2 1 2 2 1 6 1 77 
39786 
25470 3 1 1 4 3 9 1 10 2 17 
13050 1 1 5 9 1 13 1 44 
32824 
33331 
8035 
37776 2 2 7 9 1 10 2 13 1 28 2 53 
3541 2 1 22 2 2 3 
9290 14 9 8 10 
23001 1 1 1 2 1 8 1 14 1 76 1 77 
31546 
11807 6 2 1 3 3 14 
35795 4 1 7 2 1 21 1 35 
7059 
36889 1 1 7 2 1 34 
32962 2 1 3 2 1 22 1 35 
17949 6 1 2 2 1 3 2 4 1 14 
32887 1 5 3 9 3 10 1 21 1 24 1 56 1 77 
6877 1 1 13 2 1 23 
8000 1 1 12 2 3 3 
7510 
16854 
37548 1 74 6 75 1 77 
13300 2 1 6 2 1 3 1 42 
13344 2 1 23 2 1 22 
34796 
38556 9 9 2 10 1 17 
28536 2 1 5 2 1 38 
41031 3 1 3 2 3 10 3 34 
5669 2 64 1 75 
12423 4 1 3 9 2 13 1 71 
35680 
6755 3 1 8 9 3 10 1 13 
25863 4 9 1 10 1 11 
25947 7 9 2 10 3 53 
26433 5 64 
31973 
28345 1 2 1 14 1 18 1 33 1 95 
2838 9 9 7 10 1 20 
36453 1 47 
26841 
14495 1 1 2 9 1 12 1 39 1 53 
24764 
20534 1 1 7 2 1 22 
11269 2 1 4 2 1 3 1 5 
1471 2 1 4 2 1 3 1 42 
33839 
9505 
10122 2 1 1 2 2 3 2 64 
30988 4 1 1 4 2 22 
17203 2 1 3 2 4 9 1 13 1 17 
23859 
30554 
33673 
10589 2 1 7 2 4 9 1 13 1 17 
33025 1 1 1 2 6 75 1 77 
9530 3 1 4 2 1 14 1 70 1 77 
38885 
3884 2 1 1 3 1 30 1 42 
23168 4 9 1 10 1 11 1 74 1 75 1 77 
4741 
4380 3 9 1 10 1 11 1 17 1 42 
31021 1 1 1 2 1 8 1 14 1 65 
5278 
35362 1 1 1 2 1 6 1 42 1 77 
25496 
38215 
12347 4 1 4 2 2 3 1 4 
16349 1 1 3 9 2 10 1 17 1 18 1 77 
40693 
13483 3 1 10 2 1 4 1 14 
30541 1 2 1 94 1 95 
27475 
3326 
13442 2 1 3 2 1 3 1 4 1 14 
1183 1 1 1 65 
2944 7 9 2 10 1 71 
29485 
36834 3 1 4 2 1 4 1 32 2 34 
32085 2 1 2 2 1 14 1 34 
3204 3 9 3 71 
35464 
21807 3 9 1 10 1 42 2 71 
13001 3 1 4 2 1 3 1 7 
27949 3 1 7 2 5 9 1 12 1 25 2 34 
5372 2 1 2 2 1 4 2 42 
11005 
23300 
26854 3 1 4 2 1 34 
13351 1 1 3 2 7 9 3 10 1 77 
33030 
15470 
11355 2 1 5 2 4 9 2 10 
23050 4 1 14 2 4 9 2 13 
4564 2 1 2 2 1 118 
9665 
15947 6 1 4 2 2 3 1 4 
15863 3 1 10 2 1 26 
16433 3 1 2 2 1 4 1 23 
36219 
32217 4 9 1 10 1 11 1 41 
39971 1 1 2 2 12 9 5 10 1 17 1 25 1 77 
18345 4 1 7 2 1 3 1 4 5 9 1 12 
1838 2 1 3 9 1 11 1 13 1 17 
16841 1 1 6 2 1 3 1 4 
37981 3 9 1 53 1 57 1 71 
41330 10 2 3 3 1 14 
23344 
30026 2 1 3 2 1 34 1 38 
18536 2 1 6 2 4 3 
22423 2 1 16 2 1 6 1 22 
8716 2 1 3 2 1 4 1 6 2 14 
31320 
40036 2 1 3 2 1 25 2 26 
39023 
13168 14 2 2 19 
36080 
33827 2 1 8 9 4 10 2 24 1 81 
34770 
5509 3 1 2 2 1 4 1 5 
38087 1 1 7 2 1 6 1 42 
24495 
14764 1 1 2 2 1 32 1 38 
9347 1 2 1 6 1 77 
2471 2 1 7 2 1 3 1 42 
20122 
10534 6 1 8 2 3 3 1 99 
21269 
38024 
39675 
27203 1 49 2 90 
13859 1 1 1 8 1 44 1 69 
3764 1 1 13 2 4 9 1 12 1 17 
39917 2 1 3 2 1 3 1 29 
37685 
33884 1 1 3 2 1 22 1 44 
32271 
37129 
6644 1 1 1 2 1 7 1 64 
34996 
5928 1 1 1 7 1 94 
37543 
5727 
39572 1 39 1 42 1 64 
31773 1 7 4 9 1 10 1 18 1 57 1 77 
17157 2 2 1 4 1 75 
13510 7 1 2 3 2 4 1 14 
25747 
2289 
34323 1 24 1 77 
40235 
962 10 9 1 10 1 13 1 42 
1491 4 9 2 10 2 24 
3710 2 1 2 9 1 11 1 13 2 17 
24964 2 2 2 3 5 10 4 14 1 36 3 63 2 96 
7380 20 9 2 10 2 13 
7741 3 1 3 9 3 10 3 77 
30225 
30788 1 1 1 6 1 42 
24822 3 2 2 14 1 23 1 29 
6261 2 1 2 2 1 34 
32395 2 9 6 10 4 17 2 77 
5298 
23488 
35691 3 1 2 2 1 32 
19165 5 2 13 9 4 10 1 13 
7604 3 1 3 2 1 25 1 26 
30014 
11206 2 2 1 6 1 20 1 26 
32286 
33678 5 2 1 31 
30983 1 2 1 14 1 110 
17208 1 1 14 2 3 3 
1809 11 2 1 22 
30942 1 2 3 3 4 14 1 20 
28112 2 1 6 2 1 3 1 42 
9551 1 25 1 74 2 75 
26438 
4059 3 2 1 25 2 64 
31978 
4510 1 1 1 45 1 64 
11579 2 1 14 2 1 22 
25868 2 9 4 10 4 64 
5429 1 1 3 2 1 3 1 6 
8320 1 2 7 9 2 10 1 13 1 19 2 53 
37976 1 1 1 30 1 60 1 77 
6701 1 1 9 2 1 100 
20201 
39986 3 1 8 2 1 35 1 100 
36458 
35995 4 1 10 2 1 14 1 22 1 32 1 42 
9270 
20367 
10250 
25159 
38397 
5538 
36390 4 1 13 2 1 22 1 35 
12428 3 1 2 2 1 4 1 65 
38016 3 23 
32762 2 1 2 2 1 14 1 34 1 74 6 75 1 77 
17749 4 1 1 2 1 4 3 9 2 10 1 13 
6897 1 1 15 2 1 14 1 22 
23510 2 1 1 2 1 29 
15747 7 1 4 2 3 4 1 14 
37781 2 1 3 2 1 35 1 77 
1289 
39771 
37137 
8947 2 1 5 2 1 6 
8748 2 1 1 2 1 5 1 8 
3357 2 9 2 10 8 53 
14822 4 1 2 2 4 3 
40698 
32816 4 1 1 2 2 3 1 4 5 9 1 10 1 35 1 38 1 94 
34970 
13488 3 1 7 2 1 4 1 14 
2491 1 2 3 6 2 8 
14964 2 1 2 2 1 3 1 5 1 77 
39717 
37990 
21206 1 16 
3006 1 1 3 2 1 6 1 23 
2809 1 2 10 9 2 13 
18112 3 1 11 2 2 3 1 14 
27208 4 9 1 10 1 12 2 64 
39028 
13163 1 1 2 2 1 51 
34447 
5162 
36376 1 6 2 9 3 10 1 17 2 24 1 42 
29165 4 1 11 2 1 35 
10367 
7564 
34619 
36091 
20250 1 2 1 14 1 35 
15159 1 1 16 2 1 8 
30230 1 1 1 2 1 30 1 77 
27749 
9425 
5392 2 1 1 3 1 5 1 77 
35184 
22428 8 1 1 3 4 9 8 10 1 14 1 70 
16438 2 1 7 2 1 3 1 5 
21579 1 5 3 9 1 10 1 11 1 17 
15868 3 1 10 2 1 3 1 25 
35127 1 1 1 2 1 117 
5981 9 2 2 29 
10201 1 1 6 2 8 9 4 10 1 24 1 25 1 77 
32561 
9509 
1851 
21762 2 1 18 2 2 29 
28564 
14455 8 2 1 4 
35104 
15720 4 1 4 2 3 3 1 14 
30594 1 1 1 25 1 107 
23899 4 1 3 2 2 34 2 64 
11561 4 1 2 2 1 19 1 70 
22978 2 1 3 2 1 3 1 4 1 8 
29563 2 64 
5347 
7282 
10281 
13565 3 1 2 2 1 3 1 4 2 64 
34756 
38596 1 1 1 49 1 74 
21286 
27725 2 1 3 2 1 3 1 26 1 77 
20566 
27288 
29278 4 2 1 34 1 41 
5665 
24736 
6759 2 1 2 2 2 26 
20319 4 1 7 2 1 35 
7321 1 9 4 11 1 17 
36712 2 9 3 10 1 17 2 24 1 77 
36493 
4001 1 1 1 2 1 38 
11816 3 1 2 2 3 9 3 10 
10075 4 2 1 14 1 18 
9372 1 55 1 64 
23391 
8039 3 2 1 22 
19110 6 1 13 2 3 3 1 8 
13408 1 1 1 2 1 75 1 76 1 77 
17818 1 1 11 2 3 3 
13090 4 2 8 9 4 10 2 25 2 64 
21395 
35755 1 1 7 2 2 35 
8222 
28618 2 2 2 5 1 31 
33172 
40247 
16894 2 1 3 2 1 3 1 8 4 9 2 10 
34420 5 2 3 14 1 32 
10623 
25735 
25378 1 69 2 76 
6457 1 1 1 5 1 77 
7055 
3189 8 2 1 3 1 14 
8992 1 1 1 2 2 6 5 9 1 10 
22773 1 1 3 2 1 4 1 14 1 27 
19626 12 9 6 10 1 11 3 57 
37701 
8740 2 1 1 2 1 8 1 26 1 27 
8381 
15456 4 1 3 2 2 4 1 70 
23076 
35140 3 1 20 2 1 32 
17730 2 1 2 2 2 3 2 14 
8328 
4518 2 1 1 49 
21561 4 2 2 27 1 35 1 84 1 102 
6842 3 2 5 9 1 10 1 99 
5505 
38570 5 1 11 2 1 30 1 35 1 77 
39906 1 1 15 2 4 9 1 10 1 17 1 37 1 77 
12978 5 1 2 3 1 4 1 14 
19563 
32579 
36577 
20281 
23565 2 1 32 2 2 22 
7546 
2851 
7683 1 24 1 74 1 75 1 76 
31428 
9278 1 9 1 10 1 17 1 39 1 53 1 63 
11762 4 1 1 2 1 4 1 5 1 8 
18564 4 1 4 2 1 3 1 46 
24455 4 1 13 2 1 35 1 64 
34435 8 2 2 35 
25720 6 9 4 10 2 64 
13899 3 1 4 9 1 12 1 13 
5530 6 1 1 2 2 4 
37426 
34667 1 1 3 2 8 9 3 10 1 13 2 14 1 33 1 94 
10319 
41438 
9669 
40064 
40192 
11286 3 1 17 2 1 3 
10566 
30903 1 1 2 2 1 35 1 63 
17725 2 1 2 2 1 3 1 7 1 8 
36511 2 1 3 2 1 14 1 34 
17288 1 1 6 2 1 22 4 75 
14736 
19278 
32206 3 1 3 2 1 3 1 4 1 8 1 14 
3917 
18618 4 1 2 2 1 3 1 4 5 9 1 10 
3718 
37145 
26894 
30708 
7388 1 5 1 74 
15378 2 1 10 2 2 96 
15735 3 1 8 2 1 4 1 14 
7802 1 1 6 2 1 25 1 100 
20623 2 1 12 2 1 14 1 25 1 34 
21816 2 1 3 2 2 3 1 27 
20075 3 1 7 2 1 34 1 64 
6506 1 1 2 2 2 8 1 24 
13391 2 2 1 48 1 64 
8107 
29110 3 2 1 14 1 30 1 74 5 75 1 77 
27818 1 1 1 75 1 76 
23408 
5290 4 2 1 24 1 26 
10877 
23090 4 1 10 9 2 10 3 84 
8623 3 1 2 2 1 4 1 26 1 27 
11395 3 1 6 9 3 10 1 13 
546 3 1 2 2 1 3 
37750 1 4 16 9 8 10 
9756 
25456 1 1 3 2 1 103 
13076 1 1 1 6 1 64 
35436 
30249 
10811 2 1 1 8 6 9 4 10 1 26 2 77 
36866 
27730 2 1 2 2 2 3 1 27 1 77 
37502 
5920 4 1 2 3 
40653 
12773 3 1 6 2 2 3 1 14 
29626 
39769 
29873 3 1 3 2 3 3 1 4 
30202 3 2 1 29 1 30 1 77 
19684 
13875 1 1 1 3 1 26 2 44 1 48 
27883 
17674 4 1 5 2 1 3 1 4 1 14 
39659 
27842 
29639 
26128 4 8 8 9 8 10 
23077 
15457 2 1 7 2 1 4 
36065 
11871 1 1 2 2 1 8 4 9 2 10 
9921 1 16 
12138 3 1 5 2 1 4 1 14 
19627 
32595 
5485 8 2 4 3 
37660 
28874 3 1 11 2 1 14 2 26 
18642 5 1 1 4 1 7 1 8 
35429 
18683 1 8 9 9 2 10 1 17 1 107 
37343 1 1 23 2 1 34 
37382 
40246 
39372 3 1 3 2 1 21 1 25 1 35 
21015 2 1 3 2 1 38 
13310 1 1 4 2 5 9 1 12 1 32 
20876 
7511 12 1 6 84 
11193 2 1 4 2 1 7 1 70 
8001 1 2 1 64 1 74 
34149 2 1 4 2 1 25 1 101 
11817 4 2 1 8 1 44 2 69 
23011 
9291 14 9 10 10 
29191 7 2 1 3 1 96 
3540 7 2 1 3 1 14 
34523 
4039 2 2 1 14 1 64 
38069 1 14 
32060 
11379 3 1 9 2 1 4 1 14 
647 1 1 2 2 1 29 
6486 
20099 
14729 12 2 2 19 
21224 2 1 3 2 1 3 1 33 
24181 1 6 8 9 5 10 1 12 
2995 1 1 2 2 2 9 2 10 1 35 1 44 2 57 1 74 
24737 
2 2 1 16 2 1 32 1 96 
13952 14 2 2 104 
34757 
38597 1 1 1 2 1 87 
12074 
5558 2 1 2 2 1 5 1 8 
4222 
21287 3 9 1 10 2 57 1 77 
18221 2 1 18 2 1 3 1 21 
3993 2 1 1 2 1 45 1 77 
2225 2 1 4 2 5 9 1 13 
17213 
27459 
1470 1 1 3 2 1 4 4 9 2 10 1 14 
37439 
3223 2 1 1 2 1 14 1 35 
11652 8 9 2 10 2 11 1 66 
14694 
4992 
7972 
9867 4 1 1 2 2 3 5 9 1 10 1 35 
40968 
29460 1 1 5 2 1 14 
4381 4 9 2 10 1 24 1 42 
4740 3 9 1 39 1 53 
9531 2 1 3 2 1 3 1 18 1 77 
41241 3 1 6 2 1 3 4 9 2 10 
3966 
16912 2 1 2 2 2 3 1 4 1 8 5 9 1 12 
1283 4 2 1 3 1 64 
16044 
37197 1 1 2 2 1 3 1 9 4 10 1 36 1 42 3 63 
30628 4 1 2 3 1 35 1 60 
20703 3 63 
8465 7 2 2 3 
2682 
11347 1 1 1 6 1 65 
9841 2 1 3 9 1 10 1 33 2 57 
14956 5 2 1 3 5 9 1 12 
13840 2 1 1 2 1 8 5 9 1 10 
16350 2 1 3 2 4 9 2 10 1 70 
17605 2 1 7 2 1 3 1 5 
28260 5 1 18 2 1 4 1 34 2 35 
13804 3 1 5 2 2 3 1 14 
17414 6 1 4 2 2 3 2 4 
22269 1 1 1 2 1 4 10 9 2 10 1 14 
36031 1 64 
26267 1 1 5 2 3 3 
2746 
33275 1 25 1 74 
18357 
34177 5 2 2 4 1 56 
20908 
26051 1 1 14 2 1 51 
30290 3 9 2 10 1 17 2 77 
31271 
15955 2 1 5 2 2 25 
32320 
18007 1 1 3 9 1 10 1 13 2 24 1 57 
16498 2 1 12 2 2 3 
38329 
16000 
41453 2 1 4 2 1 14 1 30 1 34 1 77 1 94 
701 2 2 2 29 
28805 
26301 
850 3 9 1 10 2 11 1 63 
25600 4 1 10 9 2 10 3 84 
3805 2 2 2 103 
37930 
19421 1 21 
21423 3 2 1 3 5 9 1 12 1 14 1 35 
2803 
40507 2 1 2 3 2 14 2 77 
27950 3 1 7 2 5 9 1 12 1 25 2 34 2 64 
34111 
9584 1 106 
29969 4 1 4 9 2 10 2 25 1 81 
17901 2 1 10 2 1 3 1 14 
3830 3 1 1 4 1 64 
4334 1 2 1 4 3 9 1 10 1 27 1 51 2 53 
31217 
41381 
15651 10 1 8 2 4 4 
23049 2 1 7 2 2 3 1 4 
33380 
5097 1 1 4 2 1 65 
12807 2 1 1 3 1 14 1 19 
16809 8 9 3 10 1 36 1 64 
32546 
9190 2 1 6 2 2 3 
31887 
31962 2 1 2 2 6 9 4 10 2 77 
25872 3 1 3 9 3 10 1 77 
15644 2 1 4 2 2 9 4 12 
6617 
37621 1 1 10 2 1 32 1 77 
32778 
19706 4 1 13 2 1 35 
32335 
17312 1 1 6 2 1 74 4 75 1 77 
22355 
31824 1 1 1 2 4 9 1 12 1 17 1 18 1 33 1 77 
34936 
35373 1 1 4 9 2 10 1 25 1 64 
37925 3 1 9 2 8 3 2 4 2 14 1 22 
10703 
21347 2 1 1 6 7 9 2 10 1 13 2 57 
1682 3 9 1 36 1 53 1 57 
38613 
24956 
23840 1 63 
39614 2 64 
33662 3 9 1 57 2 71 
39405 
3285 
26912 4 1 20 2 1 35 
26044 1 1 16 2 1 48 
2283 
40295 
9360 
4053 6 1 2 4 1 22 1 77 
26498 16 9 6 10 
41219 
5423 
26000 5 1 3 2 1 3 1 4 
448 4 9 2 53 
4476 1 1 2 2 1 32 1 94 
5178 20 9 4 10 1 70 
18805 
32021 
38274 1 2 3 9 2 12 1 36 
16301 4 1 2 3 1 4 1 19 
18260 
35935 5 9 1 12 1 30 1 77 
40386 
39273 
23804 6 1 3 2 3 3 1 34 
30509 1 2 1 30 1 77 1 94 
26350 2 1 20 2 2 35 
27605 4 3 4 14 1 20 1 77 
1746 3 1 3 2 3 3 
37283 
28357 3 1 8 9 3 10 1 13 
10908 
12269 2 1 23 2 2 3 
37242 
35199 
5954 
16267 4 1 12 2 1 4 1 77 
7496 6 1 1 2 1 25 2 84 
16051 
38337 
36330 
25955 3 9 1 10 2 11 
30276 3 9 1 13 1 14 1 42 1 53 1 71 
35631 
32973 
41080 5 1 4 2 3 10 3 35 
39568 4 1 3 2 1 35 
13049 
25651 20 3 
3052 3 1 2 2 1 4 1 5 
15600 2 1 9 2 1 25 
29421 
866 1 1 7 2 1 23 
11423 4 1 8 2 1 4 
6371 1 2 5 9 1 10 1 44 1 77 
1803 
17950 6 1 2 2 1 3 2 4 1 14 
22217 1 1 5 2 3 27 1 35 1 81 1 103 
16453 1 1 9 2 1 95 
26219 10 2 4 3 
8282 2 10 1 17 2 24 3 53 
30354 2 1 3 2 5 9 1 12 1 22 1 31 
170 4 1 4 9 2 13 
40847 2 1 7 2 2 22 2 35 
10389 5 1 1 3 1 4 1 25 
40963 
20277 
9550 
28102 1 1 3 2 3 3 2 64 
17218 3 1 16 2 1 3 1 22 
36581 2 29 2 42 
9019 1 1 4 2 2 3 1 14 
11216 2 1 12 2 1 22 
35562 3 1 15 2 1 35 1 96 
30004 
24190 1 9 4 53 1 71 
13544 2 1 3 2 2 3 2 14 
38356 
14176 3 1 2 2 1 3 1 45 
20211 4 9 1 10 1 11 1 77 
6700 2 2 2 3 4 14 
4511 1 64 1 89 
28336 6 2 6 16 6 27 
38006 3 9 3 10 3 20 
6735 3 9 1 10 1 11 1 53 1 109 
3129 1 74 1 75 
28545 
2858 5 2 1 3 1 5 1 77 
9271 3 9 2 10 1 53 1 114 
6016 10 2 1 19 
57 4 1 8 2 2 9 4 10 4 77 
14937 4 1 14 2 2 4 
7107 2 1 2 2 1 6 
13299 1 44 1 45 2 49 
226 
1975 4 9 1 12 1 42 1 53 
25175 4 1 15 2 1 35 
14461 2 1 4 2 2 3 1 6 
7623 1 1 1 6 4 9 2 10 1 24 
23500 
13551 1 2 3 3 4 14 1 20 
5696 3 1 1 4 1 18 
30452 
21198 2 3 3 45 4 46 1 49 
20881 4 16 2 21 
8388 1 1 1 6 5 9 1 12 
11555 4 1 1 4 3 9 2 10 1 17 
20432 1 14 1 77 
8802 
24929 3 9 1 10 1 11 1 17 1 77 
19180 2 1 15 2 1 25 
17888 2 1 6 2 2 3 2 14 
12547 
16549 
19878 3 1 1 2 1 3 1 7 1 8 1 18 
32806 3 1 8 2 2 3 5 9 1 12 1 14 1 34 
17170 1 1 4 2 1 14 1 22 
11886 2 1 12 2 5 9 1 13 
16123 8 1 2 2 6 3 
22133 10 9 1 12 1 13 1 14 
39707 1 1 5 9 1 10 1 30 
28688 
37164 3 9 1 10 2 17 1 77 
30341 
2490 
37092 
27218 
6147 
8546 3 1 1 4 1 6 1 44 
10277 11 2 1 42 1 63 
18102 4 1 2 2 1 3 1 4 1 21 
31520 
8683 3 1 2 2 2 3 1 8 
3462 3 2 5 9 1 12 1 35 
21216 3 1 1 2 2 3 1 14 1 77 
6695 3 9 1 10 1 42 1 53 1 71 
14190 
26294 4 1 1 2 1 3 1 4 1 26 1 27 
36743 
7328 4 9 1 10 1 36 1 63 
36782 1 1 3 2 1 33 1 38 
10334 2 36 3 57 1 71 
34072 
4008 1 5 3 9 1 10 2 11 
40045 
270 1 1 5 2 1 3 1 7 1 77 
38478 3 1 5 2 3 3 2 4 1 7 
35761 4 1 3 2 4 3 1 22 1 34 1 38 
5015 4 1 1 4 1 24 1 26 
32692 2 1 3 2 1 22 1 25 
18545 6 1 1 2 2 4 3 9 2 10 1 17 
1858 4 2 2 3 2 21 
34609 
23544 6 1 9 2 2 35 
30849 4 2 2 3 4 9 2 10 4 14 2 77 
10211 4 1 13 2 2 3 
36266 2 1 1 22 1 105 
5980 6 2 2 109 
24176 1 6 8 9 5 10 1 12 
4463 3 1 3 2 1 3 
18336 2 1 1 2 1 3 5 9 1 13 1 14 
7469 
21133 1 6 2 42 
18723 2 1 12 2 1 6 
19787 4 1 11 2 1 35 
34063 4 1 11 2 1 35 
17777 7 1 2 2 1 3 2 4 
20718 2 64 
19131 
31153 1 1 6 2 1 3 1 77 
239 1 1 3 2 1 27 1 35 
31806 1 1 4 2 1 34 
11547 8 2 1 6 
12886 3 1 22 2 1 3 
33418 
37808 
19724 
39100 1 64 
22198 
12555 3 1 4 2 2 3 1 4 1 14 
27512 2 1 1 8 1 14 
5848 1 1 1 8 10 9 2 10 
35497 5 2 1 27 1 34 1 41 
9483 
30850 8 1 1 2 4 3 1 4 2 77 
905 2 1 13 2 1 34 
216 6 2 1 3 1 14 
7207 1 78 1 109 
36525 1 1 5 2 2 29 
20830 
19699 6 1 2 3 1 35 
17711 3 1 5 2 1 3 1 25 
29916 
40307 3 9 3 10 1 20 2 24 
34654 4 2 3 3 10 9 2 10 1 14 1 19 1 34 
31692 4 1 2 3 2 25 1 101 
3850 
4354 1 1 3 2 1 3 1 19 
40261 
14689 1 1 5 2 1 5 2 22 
23826 2 1 1 2 1 3 1 77 
2516 
40057 
24634 2 1 10 2 4 3 
15114 3 1 2 2 1 3 1 34 
28086 3 1 3 2 4 3 1 14 
39144 2 1 13 2 3 3 1 4 1 34 1 64 
16550 1 1 1 7 7 9 3 10 
14797 1 1 14 2 1 63 
18557 
20027 
25779 1 20 1 64 1 66 
7767 4 9 1 10 1 53 1 109 
33992 
7968 5 2 5 27 
10825 
16702 6 1 1 3 1 4 3 9 2 10 1 12 
32520 
18928 3 1 13 2 1 8 
6247 1 2 1 3 2 5 1 14 
20084 2 1 5 9 1 13 1 14 1 33 
4629 
38529 1 2 1 19 1 33 1 42 
10039 
22216 2 1 1 2 1 8 1 64 
38143 
26501 
20913 1 16 
38182 1 1 12 2 1 14 1 32 
35573 
21547 1 1 3 2 3 27 1 35 1 81 1 103 
5524 9 9 3 10 1 25 1 110 
22886 
6160 4 9 1 17 1 57 
29724 3 2 2 14 1 32 
28723 
39151 2 1 6 2 3 3 1 4 1 34 
3498 1 1 1 74 1 77 
34945 
40972 
11133 1 1 1 31 
38608 6 9 
29787 
10718 
29131 1 1 12 2 1 27 1 34 
139 1 1 13 2 5 9 1 10 1 19 
27777 3 2 2 3 2 42 
33580 2 1 13 2 1 3 2 14 1 32 
34479 1 14 
34641 
116 2 1 4 9 1 10 1 13 1 64 
32346 1 6 4 9 1 10 1 42 1 53 
10830 1 1 9 2 1 3 2 14 1 103 
29699 1 1 3 2 10 9 2 12 1 14 2 26 
27711 2 1 1 2 2 3 1 77 
8827 3 1 1 2 3 26 
7122 
6390 
12198 9 9 1 10 1 11 1 12 
32535 
30801 
17512 2 1 8 2 1 4 1 27 
22555 18 9 5 10 1 12 
40855 2 1 3 2 1 3 1 14 1 101 
24689 4 9 1 12 1 14 1 17 
39368 2 1 10 2 1 14 1 25 1 34 
37499 3 1 9 2 1 5 4 9 2 10 1 35 
1516 3 2 1 6 5 9 1 13 
3229 
13826 2 1 6 2 1 3 1 14 
18086 3 1 3 2 2 3 1 21 
25114 1 2 1 14 1 30 1 77 
14634 1 1 4 2 1 24 1 70 1 77 
9171 2 1 1 8 1 25 1 64 
3032 2 1 3 2 1 3 1 64 
8961 4 1 1 2 2 3 1 6 
19916 
7887 
4033 2 1 19 2 1 19 
34222 1 2 2 5 1 25 2 116 
35946 1 1 9 2 1 35 1 41 1 64 
28928 
30059 12 1 4 4 2 9 4 10 
20039 3 1 2 2 1 3 1 4 1 8 1 42 
12216 2 1 2 2 1 4 2 44 
16501 2 1 13 2 1 22 
10913 1 1 2 2 1 34 1 35 
30309 
26550 
40586 
15779 2 1 1 4 1 18 1 21 
5934 2 1 1 56 
10027 
28557 
24797 1 2 1 16 1 30 1 42 1 94 
38537 1 1 5 2 1 5 1 66 
41266 
8182 2 3 6 6 
26702 8 1 2 3 2 4 
3999 2 1 4 9 1 10 1 13 1 42 
36530 1 1 4 2 1 6 3 9 2 10 1 14 1 17 1 24 1 29 1 77 
20825 
8685 3 1 4 2 2 3 1 14 
2462 
31216 
10004 1 2 1 4 5 9 1 13 2 24 
15562 4 1 1 3 1 4 1 7 1 69 
16581 20 2 2 3 
37218 3 1 2 2 2 3 1 4 1 8 2 14 
21520 1 1 7 2 4 9 1 39 
6693 
4914 
370 5 9 1 12 1 23 
10354 
40506 1 1 4 9 2 10 1 20 1 25 
28478 1 1 1 2 1 5 1 38 
25761 8 9 4 10 2 64 
30389 1 6 2 42 
36294 5 2 3 14 1 32 1 42 1 77 
26782 3 2 1 33 1 77 
5013 4 9 2 12 2 64 
24072 
24609 
1129 2 1 12 2 1 22 
40279 
22692 2 1 3 2 1 4 2 26 
18006 1 1 3 9 1 10 1 13 1 24 1 25 1 48 1 57 
41550 
33544 1 2 4 9 1 10 1 24 1 32 1 57 
20849 
26266 
34176 4 2 2 4 1 56 
4465 2 2 1 5 1 42 
18356 5 1 2 2 5 3 
6819 2 1 5 2 1 3 1 5 1 77 
1973 1 1 4 9 2 10 1 42 1 77 
14957 1 1 4 2 1 6 1 8 1 70 
23732 
33500 
17348 6 1 6 2 2 4 
33752 1 1 1 2 1 74 2 75 1 77 
7625 1 14 
11346 
326 
35175 4 2 9 9 1 10 1 13 1 25 2 35 1 42 1 53 
14528 2 1 3 2 1 4 2 14 
6398 3 9 1 10 1 11 1 25 1 42 1 53 
450 4 9 1 17 1 53 
30432 4 2 3 3 10 9 2 10 1 14 1 19 1 34 
34929 
37196 2 1 5 9 1 13 1 14 1 33 
13531 
20452 4 1 10 2 1 35 
31198 2 1 2 2 3 3 1 8 1 77 
11535 4 2 3 3 1 5 
5361 3 9 2 11 1 53 
30881 1 1 1 2 2 6 1 21 
40422 
5191 2 9 1 36 3 53 
26948 1 1 3 2 1 37 
6168 2 9 4 10 4 42 
22806 
38688 3 1 1 32 
20341 
27164 3 1 3 2 1 39 
3490 4 1 2 2 1 4 1 25 1 101 
22153 
27092 
1711 2 1 16 2 1 22 
78 5 2 1 3 5 9 1 13 1 42 
10040 1 1 3 2 1 6 1 8 
32133 2 1 1 3 1 26 2 107 
8334 8 1 1 2 1 25 3 84 
29707 
20354 
6292 5 2 1 29 1 42 
742 1 1 5 2 1 14 
18478 4 1 9 2 2 3 1 19 
20303 4 1 1 3 1 30 
15761 
16782 1 1 1 7 5 9 1 10 1 66 
7960 8 9 3 10 1 13 2 24 1 51 
16743 6 1 5 2 3 3 1 4 5 9 1 10 
14072 2 1 4 2 2 3 10 9 2 10 2 77 
30334 1 1 10 2 1 25 1 37 
1462 
34190 
20004 
25562 1 74 2 75 
9816 1 5 1 20 
38102 
11520 3 1 3 2 1 46 1 66 
30277 3 9 1 13 1 14 1 42 1 53 1 71 
26581 
38336 
40387 1 64 
10849 
28356 22 9 6 10 4 39 6 53 6 71 6 77 
16266 3 1 12 2 1 3 1 77 
30211 
14609 4 1 10 2 3 3 1 42 
2129 1 5 3 9 1 10 2 11 
6922 1 1 2 2 1 31 
38545 
3858 
6733 6 2 2 3 
41501 1 1 8 2 3 3 2 14 1 30 1 34 1 77 
12692 4 1 3 2 3 3 1 14 
40324 2 1 7 2 1 3 1 14 2 77 
31555 
6532 2 1 4 9 2 10 1 77 
24528 
23531 
10452 4 2 1 8 6 9 4 10 1 64 
33551 4 1 13 2 1 4 3 22 
8053 
8476 1 2 1 103 
848 1 1 7 2 1 29 
21535 
2973 
34461 2 1 1 2 1 4 1 14 1 44 
27348 3 1 2 2 1 3 2 104 
5840 2 1 1 4 10 9 2 10 
24957 
13732 6 1 1 2 1 3 2 4 1 14 
34937 
7836 1 1 4 9 1 10 1 12 1 24 
21346 
3975 4 9 1 10 1 17 1 63 
33299 3 1 2 19 1 26 
10341 
17164 2 1 5 2 4 3 1 4 
9404 
17092 2 1 7 2 1 70 
2711 2 1 11 2 1 22 
12153 1 1 11 2 7 9 3 10 
20040 1 7 5 9 1 12 1 24 
19707 4 1 14 2 1 35 
466 1 1 2 2 1 5 1 25 1 77 
31886 
36123 
37888 
39180 
16948 8 2 4 3 
37170 9 9 3 10 7 16 6 17 3 77 
39878 
12806 2 1 3 2 1 3 1 20 
36549 
32547 
32074 
23932 
14757 2 1 3 2 1 4 2 14 
18597 
16590 4 1 4 2 2 4 
1993 4 1 8 9 2 10 2 13 
38221 
15272 3 1 2 2 3 9 3 10 1 70 
801 1 2 1 32 2 41 
41010 3 1 3 10 3 34 
750 2 2 1 14 2 35 
33952 
22207 3 1 1 4 2 6 1 8 
26209 4 1 8 2 4 25 
24666 
34729 
4625 2 1 2 2 1 3 1 14 
6378 1 1 1 2 4 9 1 10 1 36 1 77 
22361 4 1 4 2 5 3 1 8 
18069 4 1 5 2 1 3 1 4 1 14 
9934 3 1 3 2 2 3 1 8 
31379 
12060 
5171 1 1 1 2 2 3 3 64 
28473 2 1 6 2 1 38 
13240 3 1 3 2 1 4 1 6 1 14 
40569 
26748 
41289 
2622 2 2 5 9 1 10 1 25 1 44 
27427 
48 6 1 2 9 3 13 1 17 
1223 
17439 1 1 9 2 1 3 2 14 
3470 2 1 11 2 1 22 
31652 
34694 
11747 2 1 4 11 2 12 
40316 
27484 2 1 1 3 1 18 1 33 1 95 
29907 2 1 7 2 1 6 
21632 
37213 1 2 1 3 1 14 1 96 
29474 1 64 
26576 
40097 
17660 4 1 2 3 1 19 
22158 
28205 2 1 6 2 4 3 
15429 5 1 1 3 2 4 2 27 
38683 2 1 9 2 1 29 
38642 
654 1 1 2 35 
6673 
12595 2 1 1 45 1 49 
39627 
32138 3 1 5 2 1 34 
25961 2 9 1 53 3 71 
30890 6 2 1 14 1 27 1 34 
31871 1 1 8 2 1 34 
16065 6 1 1 2 2 4 2 25 
7914 1 5 9 9 3 10 
25437 
39684 2 1 2 2 1 14 1 34 
28860 2 1 3 2 1 14 1 26 
13204 2 1 6 2 1 3 1 25 1 100 
22869 6 2 1 5 9 9 3 10 
19659 8 9 2 10 3 11 3 57 
26867 
26982 
33875 1 1 4 2 1 22 1 44 
26943 
25665 
31817 
14523 
6067 
1540 10 2 2 66 
7465 4 5 1 81 
31193 4 3 4 14 1 27 
9524 
33310 
14149 3 1 2 2 1 3 1 4 1 27 
17382 2 1 17 2 1 3 1 14 
17343 4 1 2 3 1 8 3 9 3 10 
2337 6 1 2 4 3 9 3 10 1 64 
14666 2 1 1 2 4 9 1 12 1 35 1 57 
4836 1 1 3 2 1 99 
30099 
31224 1 1 9 2 1 5 1 22 
12361 1 1 5 9 1 13 1 18 
28069 2 1 1 2 1 111 
8496 2 1 5 2 2 3 1 7 
22060 2 1 4 2 1 3 1 14 
13932 2 1 3 2 1 4 1 27 
24757 
28597 
31287 6 2 3 3 1 4 1 109 
25272 
41311 6 2 6 3 
26590 
2993 
30567 
3995 4 9 2 10 4 53 
34181 6 1 2 2 4 3 3 77 
12207 2 1 16 2 1 22 
16209 7 1 8 2 1 3 2 4 
3 2 1 4 2 1 3 1 64 
34737 3 9 1 10 2 17 1 77 
27439 2 1 2 2 1 14 1 29 1 34 1 77 
2223 5 9 2 10 3 11 
41377 
40895 2 2 1 14 1 74 1 101 
19907 3 2 1 14 1 24 
11632 2 1 16 2 4 9 2 12 
17484 3 1 2 3 1 64 
766 1 1 5 2 1 5 
3225 1 1 2 2 1 22 1 74 
19474 4 1 11 2 1 35 
37459 
16576 2 1 4 2 2 3 
39460 1 2 5 9 1 12 1 33 1 42 1 77 1 94 
18473 4 1 6 2 4 9 2 13 
41234 2 2 1 37 1 74 5 75 
23240 4 9 1 10 1 17 1 77 
17427 4 1 2 3 1 6 4 9 2 13 
16748 4 1 1 3 4 9 1 12 1 13 
1622 2 9 1 17 3 53 
39639 
36128 
15961 
6272 2 1 3 2 1 34 
33077 3 1 4 2 1 14 1 35 1 64 
26065 1 1 13 2 1 75 
18860 3 1 2 2 1 3 1 8 5 9 1 10 
23204 
39873 1 1 15 2 1 22 5 25 
15437 2 1 6 2 8 9 4 10 
37883 
16943 1 1 5 2 1 3 1 4 
37842 2 1 2 3 2 14 2 16 2 77 
12869 4 1 3 2 3 3 1 5 
29659 
16867 1 1 2 2 1 3 10 9 2 12 
16982 3 1 11 2 2 3 1 42 
18205 3 1 5 2 2 3 1 14 
4960 2 63 1 66 
27660 4 1 1 2 2 3 1 25 1 101 
12158 3 9 1 17 1 53 1 57 
38874 2 1 2 2 6 9 7 10 1 17 2 34 1 64 1 77 1 103 
25429 2 1 1 2 1 3 3 9 1 10 1 33 1 42 2 57 
505 1 20 1 44 
22595 
5483 1 1 5 2 4 3 1 4 1 14 
9848 3 1 7 2 1 3 
442 4 9 1 10 1 53 1 64 
27343 2 1 2 2 2 104 
1337 
27382 1 1 7 2 1 22 
29372 1 1 8 2 1 22 1 94 
33011 
15665 1 1 4 2 1 6 1 42 
2540 1 1 5 2 1 109 
39191 2 64 
24523 
30876 1 1 6 2 1 26 
31015 3 9 2 34 
24149 1 64 1 87 
41065 
27302 
29716 
5404 1 1 14 2 1 3 2 14 
7354 
12015 2 1 2 2 1 56 
27052 
22193 
25445 1 1 1 34 1 38 
2548 3 1 1 2 1 3 1 45 
22817 2 1 3 2 1 38 
26819 
37032 
25979 1 9 3 53 2 71 
14997 5 1 1 3 1 4 1 7 
13239 7 2 2 94 
6815 
31869 2 1 3 2 1 38 
16902 2 1 9 9 1 10 2 13 1 14 
33413 4 1 3 2 3 9 1 10 1 17 1 35 1 57 1 77 
37803 1 2 1 21 1 76 
7629 2 1 5 2 4 3 2 4 1 6 1 8 1 18 1 19 
33792 3 1 6 2 1 80 
22871 
23284 
37156 
4767 1 1 1 2 1 38 1 77 
17440 1 1 11 2 3 3 4 14 
4968 2 1 1 2 1 44 1 46 
21138 
38462 4 2 1 102 
18728 
1824 2 1 10 2 1 22 
18285 5 1 8 2 5 3 
9840 1 1 1 2 3 9 1 10 1 32 2 57 
23227 1 64 
24125 
20713 
31158 2 1 6 2 2 22 1 66 
20492 
27136 
34068 
32632 2 16 2 22 2 30 2 42 
1125 2 1 5 2 1 3 1 14 
18923 7 1 2 2 1 3 2 4 1 6 
25126 
38148 7 1 8 2 2 3 1 4 1 99 
2386 3 1 3 2 1 3 1 22 
237 5 2 1 14 1 26 
20918 
17977 3 1 8 2 1 4 1 94 
17404 6 1 2 2 1 3 2 4 1 14 
13814 2 1 14 2 1 3 1 42 
19987 
22652 4 1 4 2 3 3 1 8 1 70 
17615 2 1 7 2 1 3 1 14 
19862 
26311 2 1 6 2 4 9 2 12 
40571 
28815 
6114 
4469 1 2 2 5 
304 3 1 5 2 1 35 
18396 4 1 5 2 2 3 1 70 
19924 
16010 2 1 1 4 9 9 3 10 1 24 
18017 1 1 4 9 1 10 1 13 1 24 1 25 1 65 
28370 
40517 4 2 1 35 1 42 
24446 5 18 1 25 5 26 
33365 3 1 3 2 4 3 1 14 
26377 3 29 3 42 
22379 2 1 5 2 2 3 1 4 1 6 
35022 
18071 3 1 6 2 2 3 1 14 
12224 
14130 1 1 3 2 2 49 
25610 
4207 1 1 1 3 2 64 
31361 
26234 3 2 2 3 2 64 
31207 
10394 4 9 2 10 4 57 
3567 1 8 9 9 2 10 1 12 
3831 3 1 1 46 
21074 6 1 3 26 
12287 3 1 2 2 1 3 1 6 
16289 2 1 17 2 2 3 
5816 2 14 
17911 2 1 6 2 4 9 2 10 
1313 3 1 2 2 1 3 2 77 
36254 
34101 
1548 1 1 2 2 1 107 
35263 1 65 1 110 
12193 5 1 2 2 3 3 
15445 
17052 1 1 1 2 1 3 2 19 
22015 4 2 1 19 
9191 1 1 1 8 4 9 2 10 2 24 
12817 2 1 22 2 2 3 
16819 5 1 1 4 8 9 3 10 1 13 
36241 
17302 12 9 6 10 2 24 2 77 
19716 3 11 2 34 
27440 3 1 2 2 1 14 1 30 1 34 1 77 
38603 
35746 2 1 22 2 4 35 
28728 
2824 
28285 
31595 
11138 
10713 2 1 4 2 2 3 2 4 2 27 
13227 1 6 4 9 2 10 1 24 1 42 
14125 2 1 1 7 1 8 1 69 
8856 2 1 6 2 4 3 
17136 
33591 
10492 
9361 3 9 1 10 1 42 2 57 
24997 
15979 2 1 12 2 1 34 
35578 
23239 5 9 1 10 1 77 
3979 3 9 3 17 
4887 1 1 17 2 1 3 2 14 1 22 
7033 
26902 
12871 1 1 3 2 1 3 2 64 
13284 
39415 3 2 1 33 1 77 
39604 
39640 2 1 3 2 1 19 1 33 1 42 
16311 3 1 6 2 3 9 3 10 
30366 
18815 1 1 5 2 2 3 1 14 
26010 1 1 6 2 1 74 
28396 24 1 16 9 6 10 12 13 6 17 4 39 6 77 
29924 
36622 
28017 2 1 6 2 2 35 
3607 4 9 1 10 1 20 1 71 
3478 1 1 6 2 1 63 
34745 
2125 
28923 7 1 2 2 1 3 2 4 2 77 
27977 4 1 7 2 3 25 2 34 
3123 1 48 1 87 
137 5 1 1 4 3 9 2 10 1 12 
1386 1 1 14 2 1 29 
15126 2 1 8 2 2 3 
10918 6 2 4 3 
30519 1 1 1 2 1 4 1 33 1 35 1 42 
27615 3 1 5 2 1 3 1 22 
29987 4 9 1 23 1 39 
29862 
12652 2 1 6 2 2 3 
23814 2 1 17 2 1 29 1 64 
27404 
16234 3 1 2 2 2 3 1 5 
20394 
22287 
4122 2 1 7 2 1 22 
26289 1 1 4 2 1 3 1 104 
11074 
27911 2 2 4 35 
38364 2 1 6 2 1 27 2 34 
14446 2 1 1 2 2 6 1 77 
39363 2 1 5 2 1 14 1 25 1 34 
34150 3 1 2 2 1 3 1 25 1 101 
18370 3 1 5 2 2 3 1 8 
16377 
9013 
12379 8 2 1 8 1 24 
6370 2 1 1 3 5 9 1 10 1 77 
31060 
28071 2 1 1 2 2 3 2 14 
24130 1 29 1 77 
15610 
22224 2 1 1 2 1 8 1 14 1 77 
13678 1 1 18 2 1 6 1 42 
12286 6 1 2 4 1 6 
10942 6 3 5 14 1 24 
3809 1 2 2 44 1 103 
37208 1 1 2 2 1 3 1 9 4 10 1 36 1 42 3 63 
10983 
10014 2 1 2 9 4 10 1 17 1 25 1 57 1 77 
2006 
31206 
29028 1 1 2 2 1 22 
15691 3 1 1 3 2 7 
24447 1 1 2 2 2 77 
40516 4 2 2 35 2 42 
39165 2 1 17 2 3 3 1 4 1 34 
18397 5 1 4 2 1 3 2 4 1 6 
20230 1 1 2 2 1 22 
18016 1 1 4 9 1 10 1 13 1 24 1 25 1 48 
37749 2 1 2 2 2 3 1 4 2 42 
12762 3 1 5 2 1 3 1 77 
16390 3 1 5 2 1 3 1 4 
32428 6 2 1 14 1 34 
25184 3 9 2 34 
9178 1 2 2 76 
15995 9 9 3 10 1 38 
9423 6 75 2 90 
30250 
26091 2 2 2 3 
15139 2 1 2 2 1 3 1 44 
24619 6 2 4 3 
25127 
41493 
17976 2 1 9 2 2 3 2 14 
16458 
19986 
22561 
11978 1 1 3 9 1 12 2 53 
9954 2 1 8 2 
8767 4 1 2 2 1 8 1 26 
8968 2 1 9 2 1 8 1 20 
31579 1 1 12 2 1 3 1 35 
27781 1 1 7 2 3 3 
23226 
14323 1 1 9 2 1 8 10 9 2 10 
27137 
33510 2 1 5 9 1 10 1 24 1 84 
37157 3 1 22 2 1 34 
11773 1 1 9 9 4 10 1 12 
5360 2 9 1 36 3 71 
2357 
17543 3 1 7 2 1 3 1 77 
8469 4 1 1 3 1 4 1 18 
17582 3 1 5 2 1 3 1 19 
671 
19572 4 9 2 17 
14996 3 1 3 2 1 4 1 44 
17129 2 1 1 2 1 7 1 103 
22816 
24970 
8207 3 1 1 2 1 4 1 21 
5190 2 9 1 36 3 53 
9097 3 1 1 2 1 6 1 26 
4689 3 9 2 10 1 11 2 64 
12395 2 1 2 25 2 96 
29717 4 2 1 33 1 38 
10788 1 1 4 2 8 9 4 10 1 64 1 108 
10225 6 9 3 10 1 36 1 64 
1710 2 2 1 3 1 14 
3491 1 18 1 76 
7961 1 1 1 30 1 42 2 96 
14447 
33163 3 1 3 9 3 10 1 34 
25691 
19028 2 1 1 2 1 8 5 9 1 10 1 66 
16376 3 1 3 2 1 4 1 14 2 66 
22286 2 1 9 2 3 3 1 4 1 14 
23678 
20983 2 1 32 2 2 35 
38112 1 1 1 2 1 105 
20942 
17990 9 1 2 2 1 3 3 4 
20014 
1006 2 1 1 7 4 9 2 10 
5584 3 1 1 2 1 3 1 7 
4856 3 1 2 2 1 4 1 5 
30201 
27976 3 1 7 2 5 9 1 12 1 25 2 34 
15127 4 2 2 23 
29986 1 23 
12561 3 1 2 2 1 3 1 6 1 70 
26458 
7182 1 6 2 41 
36438 
21978 4 1 8 2 2 3 4 9 2 10 2 25 
35868 3 1 11 2 1 22 1 34 
10230 5 9 1 10 1 19 1 55 
35159 3 1 7 2 1 34 
8887 
28397 24 1 16 9 6 10 12 13 6 17 4 39 6 77 
26390 
15184 2 1 14 2 1 66 
41511 1 1 1 19 1 22 
22762 1 1 2 2 2 9 1 10 1 32 3 57 
25995 4 1 4 2 2 3 
30367 
25139 12 2 6 14 3 31 
14619 
16091 5 1 13 2 1 3 1 4 
27582 4 1 3 2 1 35 1 74 1 77 
27543 3 2 3 3 1 5 1 6 
1357 
29572 2 2 8 3 10 14 4 16 2 77 
24996 2 2 1 30 2 42 
27129 2 1 11 2 1 25 2 77 
17781 1 1 5 2 1 3 2 14 
13226 5 2 2 94 
3289 4 9 2 10 6 53 
24323 2 1 3 2 1 38 
17137 
19771 2 1 7 2 1 38 
5841 
40255 
21773 12 9 4 10 1 11 3 57 
35747 2 1 22 2 4 35 
19717 
8122 9 9 2 10 1 11 
20788 
20225 
2710 
34964 
14970 1 1 2 2 1 74 
12816 1 1 5 2 1 3 5 9 1 13 
33488 
503 1 2 1 14 1 65 
7827 4 2 1 27 
34822 
22395 4 1 5 2 3 3 1 4 1 8 
20708 3 64 
36894 
401 1 1 1 2 1 44 1 77 
30623 6 1 2 4 1 25 1 101 
14420 3 1 2 2 1 3 4 9 2 10 
2917 3 9 1 10 2 11 1 63 
15755 7 1 6 2 3 4 1 14 
2718 3 9 1 11 1 17 1 36 
27145 3 1 8 2 1 39 
13172 1 1 20 2 1 29 
37818 
33408 3 9 1 10 1 17 1 57 1 77 
39110 1 1 1 3 1 14 1 77 
33090 
8625 1 1 5 2 2 3 1 14 
30075 3 9 2 10 1 11 2 77 
31816 2 1 4 2 2 77 
25436 
20249 1 1 16 2 1 35 
37730 
88 1 1 1 3 3 6 
26866 2 1 4 2 2 96 
27502 
27750 
15140 3 1 9 2 1 8 
7334 3 1 2 2 1 3 1 22 
35456 12 2 1 22 1 27 
17701 2 1 2 2 2 3 1 6 1 7 
29769 1 1 7 2 1 4 2 35 
40633 
39626 
5702 2 1 1 2 1 3 1 5 
1189 2 1 4 9 2 10 2 77 
40879 
40317 
29906 2 1 8 2 1 6 
28570 
26577 4 1 4 2 2 3 1 4 1 77 
22579 
33565 
30281 3 9 2 10 1 36 2 77 
31561 6 2 4 35 
5503 
24435 1 4 1 14 2 22 1 77 
15104 4 9 2 10 1 24 1 38 
35720 2 64 
7685 2 1 11 2 5 9 1 13 
10594 
27426 
3851 
21428 
34455 
16712 8 1 1 2 3 4 4 9 2 10 
9314 7 75 2 76 
41458 1 1 1 30 1 77 
5262 1 1 1 5 1 66 
16493 5 1 6 2 1 3 2 4 
24667 
41390 4 1 11 2 1 35 
26511 4 9 1 10 1 71 1 94 
20903 1 1 9 2 1 22 
22206 3 1 3 2 2 3 1 4 3 7 
14756 6 1 2 2 2 4 3 9 2 10 1 17 
18596 10 9 1 10 1 12 1 45 
4496 2 1 16 2 
30877 4 2 1 3 1 63 
31395 
6161 2 9 4 10 1 42 3 63 
8836 4 1 1 2 1 4 2 26 
33391 4 9 1 10 1 17 1 77 
5198 2 2 4 9 2 10 1 32 
10708 1 1 1 25 2 74 2 75 1 76 
24420 3 1 3 2 1 8 1 77 
35378 1 64 
38618 2 16 
7053 1 1 1 4 8 9 3 10 2 35 1 53 
25755 
1917 2 1 14 2 1 19 
9042 
23172 2 2 3 9 3 10 1 19 1 24 
748 1 1 3 2 1 109 
7476 
17145 2 1 14 2 1 108 
1718 1 47 
32773 1 1 4 9 1 10 1 12 1 33 
19769 
27701 2 1 2 2 2 3 1 77 
2189 2 2 1 49 
6982 2 1 7 2 4 3 2 4 2 19 
10249 
15436 3 5 3 9 3 10 
17502 2 1 11 2 1 3 1 14 
5368 2 75 1 76 
17750 2 1 3 2 1 3 1 4 1 14 
33076 3 1 4 2 1 14 1 35 
6391 
25140 22 9 8 10 
9170 2 1 1 24 1 69 1 70 
25104 2 1 1 2 1 3 1 18 1 33 1 95 
14435 1 1 9 2 1 22 1 42 
5077 1 1 4 2 1 63 
20594 
17426 8 1 3 2 2 3 2 4 
33899 2 1 3 2 1 45 1 77 
38564 3 1 1 4 8 9 3 10 1 17 
31762 5 9 1 10 1 77 
11428 6 2 2 3 
32978 3 2 1 22 1 42 
39563 2 1 1 3 4 9 2 10 1 20 1 25 1 77 
19906 1 74 6 75 
18570 
842 
16577 11 2 2 3 
12579 2 1 17 2 5 9 1 13 
8960 4 1 1 4 1 6 
41376 4 1 11 2 1 35 
16511 2 1 18 2 2 3 
37288 
37725 2 1 5 2 3 9 2 10 
10903 3 6 10 9 2 10 
30566 
12206 2 1 14 2 1 22 
39278 
34736 3 9 1 10 2 17 1 77 
41091 3 1 3 2 3 10 1 32 2 34 
24756 
28596 
5663 2 1 1 34 
31286 5 2 4 3 1 30 
40070 1 1 20 2 1 34 
26712 
26493 3 1 6 2 1 34 
14667 2 1 1 2 4 9 1 12 1 35 1 57 
30319 
40638 
29706 
8914 
4685 3 1 2 2 2 3 1 14 
12355 3 2 1 3 1 5 1 6 
31085 
3104 1 1 2 2 1 6 8 9 4 10 1 24 1 25 
35920 1 2 4 3 5 14 1 77 
903 1 1 12 2 1 14 
22807 
26809 
36325 
33081 
38821 2 1 23 2 1 19 1 103 
15872 2 1 10 2 1 25 
25644 2 1 2 2 1 101 
12005 1 1 14 2 3 3 
33403 
37813 1 1 4 2 1 35 
40581 
41057 1 63 
28662 1 3 2 4 3 44 3 45 1 49 
12211 2 1 2 3 1 7 
38840 3 1 9 2 3 9 3 10 3 77 
23613 
19977 1 1 10 2 4 6 1 42 
16506 4 1 6 2 1 3 1 4 5 9 1 10 
36963 1 5 1 74 1 75 
4821 1 2 1 30 2 42 
19404 
36847 1 1 11 2 1 27 1 34 
19615 1 64 
32849 6 9 6 10 1 19 3 21 1 26 
17862 5 1 1 2 2 3 1 4 1 14 
17987 3 1 11 2 1 3 
41307 
35941 5 1 12 2 1 3 9 9 2 12 1 13 1 34 1 77 
19911 2 1 8 2 4 25 
16279 
12277 1 1 20 2 1 3 
35645 5 2 2 9 6 10 1 35 1 74 1 77 
3568 10 9 2 10 1 19 
21913 
11039 4 1 2 4 8 9 4 10 2 14 2 25 2 66 
12334 3 1 8 2 1 8 
13821 
21027 
4208 1 1 1 7 1 64 
14838 2 9 4 57 
18081 3 1 3 2 2 3 1 21 
5215 4 9 1 10 1 53 1 63 
22389 2 1 1 111 
26387 
11825 3 1 1 2 1 4 1 35 1 77 
28380 
38030 
16855 3 2 1 7 4 9 2 10 
4235 1 1 1 5 1 45 
3795 2 1 3 2 1 3 1 33 
21004 
34171 3 1 1 10 5 71 1 81 
18351 5 1 1 2 3 3 1 4 
32039 
36037 1 64 
22059 3 1 6 2 5 3 
26057 1 1 18 2 1 74 
25282 2 1 2 2 1 4 2 5 2 77 
35794 4 1 7 2 1 35 
25243 2 1 5 2 2 3 
3560 4 9 2 10 1 20 1 74 
28050 6 16 
10520 
2793 1 1 4 2 1 38 
31277 
18001 2 1 8 2 3 9 2 12 1 13 
32825 5 9 1 13 1 24 1 77 
4200 1 1 3 2 1 3 2 14 1 22 
24392 2 1 2 3 2 42 
21354 
31334 
22309 
5872 5 2 1 4 1 14 1 65 
26307 
1633 4 1 6 2 2 3 1 6 1 8 1 18 
19427 
14048 3 1 3 2 1 3 1 4 2 14 
2029 2 1 1 2 2 3 2 64 
41324 
37460 2 1 2 2 1 14 1 34 
18442 3 1 3 2 1 45 1 46 
3826 1 18 1 64 
35629 
18483 2 1 5 2 2 3 1 14 1 18 
25766 
40501 14 2 2 27 2 34 
17907 4 1 2 2 2 4 1 5 1 14 
34117 1 1 13 2 2 14 1 34 
16586 10 2 5 9 1 12 1 42 
19484 
17474 4 1 6 2 1 4 
39459 
34893 
29439 1 1 4 2 1 14 1 32 
31211 4 9 2 10 1 21 1 24 
15657 1 1 22 2 1 41 
9694 3 1 3 2 2 3 1 20 
2232 3 9 2 17 1 53 
41387 
11849 4 1 1 2 1 3 1 8 
9847 
4595 1 1 1 18 1 77 
20346 
38884 
29660 
12850 6 1 2 2 4 3 
4760 2 1 3 2 1 3 1 18 
18859 4 1 13 2 1 6 2 9 4 10 
33024 1 1 1 74 5 75 1 77 
18168 4 1 21 2 1 4 
37873 1 1 3 2 1 3 1 35 1 77 
16972 2 1 8 2 1 3 1 42 
39883 
22801 2 1 3 2 1 3 1 4 5 9 1 10 2 14 
27659 1 2 1 14 1 27 1 99 
39842 3 1 2 2 3 3 3 14 1 32 1 42 1 77 
30555 
7575 
37639 
33087 2 1 2 2 1 5 4 9 2 10 1 33 1 101 
36820 1 1 2 2 5 9 1 10 1 25 1 38 1 64 
20535 
25909 3 2 1 3 1 63 
8153 1 9 3 10 1 17 1 20 2 24 1 53 
24765 
38827 10 2 1 3 1 34 
14494 1 2 2 3 2 64 
11452 
28344 
30886 2 1 4 2 1 6 1 22 
15812 2 1 5 2 1 3 1 29 
13536 4 9 2 10 1 42 1 64 
343 1 1 1 2 5 9 1 12 
11341 5 2 1 3 1 74 1 77 
29343 
2592 1 1 3 2 1 3 1 27 
29382 1 1 2 2 1 3 2 42 
1338 6 1 2 2 2 4 1 7 
13345 
27372 1 1 12 2 5 3 
31389 1 1 2 2 1 14 1 22 1 35 
41506 
9734 
11354 2 1 4 2 1 7 
14392 2 1 6 9 3 10 1 12 
18300 2 1 13 2 1 3 1 21 
32027 
36029 4 1 11 2 1 35 1 64 4 103 
5113 1 1 4 2 1 41 
12309 1 2 1 51 1 74 
6377 2 1 1 2 4 9 2 10 1 77 
16307 3 2 4 9 1 13 1 36 
32913 
11004 
7443 
26855 2 1 3 2 1 14 1 34 
16261 1 1 3 2 2 3 3 14 
9452 9 9 6 10 1 57 
30216 
28351 7 16 2 39 4 77 
38331 
35465 
15243 6 1 3 3 1 4 1 14 
12059 
16057 
15282 1 1 5 2 1 3 4 9 2 12 
36835 3 1 6 2 1 4 1 32 2 34 
18050 2 1 6 2 1 3 1 14 1 103 
20520 4 9 2 10 1 42 1 77 
1793 
32084 
35637 
26586 4 1 1 3 5 9 1 10 1 70 
29484 6 2 1 4 1 29 1 42 
40550 
27907 
27474 
39213 
19439 1 1 5 2 1 37 
3600 4 9 2 10 1 20 1 74 
1232 1 1 2 2 1 3 1 27 
25657 9 16 
40702 3 2 1 26 1 77 
41279 2 1 2 2 1 6 5 9 1 10 1 14 1 34 1 77 
24048 3 1 3 2 2 4 1 29 1 30 
1029 1 1 1 2 4 9 1 10 1 17 1 77 
29427 2 1 6 2 1 3 1 14 
38214 1 3 1 32 1 42 1 103 
15766 7 1 2 2 3 4 1 14 
28442 1 1 9 2 1 34 
3635 
26972 
37684 
4880 1 1 1 2 4 9 1 12 1 17 
28168 3 1 6 2 1 3 1 77 
33885 1 2 1 5 1 48 1 77 
31432 1 16 
3384 
39674 
17659 2 1 3 2 2 3 1 8 1 14 
38025 
12801 2 1 3 2 1 3 1 7 1 8 
15909 2 1 2 2 1 4 1 5 1 14 
31881 1 6 4 9 1 10 1 53 1 94 
30198 1 1 2 2 1 3 2 66 
10535 
7714 2 1 2 2 1 111 
14765 1 1 2 2 1 25 1 41 
21452 8 1 6 2 2 35 
24494 1 1 2 2 1 3 5 9 1 13 1 77 
35508 
38839 
6403 2 1 3 9 2 10 2 25 1 36 
32830 3 1 5 2 5 9 1 12 1 35 
37627 18 2 2 27 2 34 
19660 8 9 2 10 3 11 3 57 
22850 1 1 14 2 5 9 1 10 1 103 
38673 1 1 2 2 1 35 
10346 
28859 2 1 2 2 1 14 1 26 
6611 
32718 2 1 5 2 1 22 1 25 
21341 
34466 
19382 
1592 2 1 1 8 1 65 
19343 
17372 5 1 2 3 1 46 
2338 2 1 15 2 1 22 
23345 1 16 
11040 4 1 1 2 2 4 8 9 4 10 2 14 2 25 2 66 
5091 2 1 5 2 1 45 
33556 
41422 4 1 5 2 1 22 1 35 
18344 4 1 1 2 3 9 2 10 1 13 1 70 
25812 2 1 1 6 1 24 1 26 
6068 7 9 3 10 1 44 
23182 
1717 
23143 
14951 
7606 
1918 2 1 17 2 1 22 
19145 8 9 3 10 1 24 1 57 
23529 
35388 
30824 
8235 
36693 
9090 6 6 
5197 3 9 1 39 1 53 
13537 7 1 3 4 1 14 
34298 1 1 1 6 3 9 1 10 2 17 1 77 
28992 1 18 1 33 1 42 1 60 
24900 2 1 2 2 2 7 2 77 
30962 3 1 6 2 1 3 1 4 2 22 
30887 2 1 3 2 1 6 1 22 
7259 2 1 2 2 2 19 
8200 
5645 2 1 1 3 1 64 
19750 1 21 
33086 
38826 1 1 8 2 3 9 2 10 1 17 1 18 
25848 1 2 1 19 1 45 
41295 
2350 2 2 1 18 1 22 1 24 
5367 2 1 4 2 1 4 2 64 
19502 2 2 2 29 
11703 1 19 2 27 
20347 
6782 2 1 10 2 1 34 
14655 1 1 5 2 1 22 1 74 
35115 9 16 
40834 
17769 6 1 3 2 2 4 
32742 2 1 12 2 1 22 1 25 
32783 
29701 1 1 4 2 10 9 2 12 1 14 2 26 
22534 
8760 3 1 3 3 3 25 
12122 2 1 3 2 1 3 1 7 1 8 
6646 1 1 1 2 1 30 1 42 
11908 4 1 2 2 4 3 
31509 
15656 
6583 
41386 4 1 11 2 1 35 
37563 3 63 
17906 3 1 2 2 1 3 1 4 4 9 2 10 
12589 3 1 12 2 1 3 
34116 1 1 11 2 2 14 1 34 
16587 2 1 14 2 1 3 5 9 1 12 
18580 4 1 2 2 1 3 1 4 7 9 3 10 
8595 4 1 2 3 1 4 2 27 
32988 1 1 2 2 1 3 1 77 
32554 
36152 
4153 1 1 8 2 4 9 2 10 1 25 1 42 
25767 1 2 1 6 
16524 4 1 2 2 2 3 2 25 
19426 
5078 1 2 1 41 1 44 
26132 4 66 
28418 
26306 
24944 5 2 1 42 1 103 1 104 
3152 9 1 1 3 3 4 
24012 
1419 4 1 2 2 3 9 2 13 1 17 
10423 
34620 4 1 1 3 1 14 1 35 
26056 1 1 17 2 1 74 
389 4 2 1 39 
40080 1 1 13 2 2 6 1 64 
31276 
39288 
39725 4 16 
13608 1 1 2 4 5 9 1 10 3 27 
37278 
36036 1 64 
913 1 1 15 2 1 5 
7820 
23537 
3004 1 1 8 2 1 42 
30085 2 2 3 3 1 4 4 14 1 42 
18992 3 1 1 2 1 3 1 8 5 9 1 10 
39818 1 2 1 14 1 38 
33557 2 1 2 2 1 14 1 34 
37110 
14900 
2717 1 1 1 2 1 30 1 42 
13143 1 1 8 2 1 14 1 101 
34467 
13182 2 1 4 2 1 6 
24951 
29145 1 1 1 22 
2918 3 9 1 10 2 11 1 63 
9649 1 1 5 2 7 9 3 10 1 19 
635 1 1 3 2 1 42 
13529 
34931 
33928 
5902 1 1 1 3 1 14 1 29 
7566 1 1 1 78 
21703 1 2 2 6 4 9 2 10 
40889 
10347 
31628 
24655 1 3 5 9 1 10 2 24 1 34 
34635 
35093 
19701 3 1 6 2 1 34 
37626 1 1 11 2 1 35 
29750 4 1 20 2 2 34 2 64 
15848 4 1 2 3 1 4 2 64 
1350 2 1 4 9 2 12 
6862 1 25 1 74 3 75 
32541 
39730 
29502 
40453 3 1 17 2 1 22 1 34 
15767 8 1 1 3 3 4 1 14 
8880 2 1 5 2 1 6 
16132 4 1 14 2 1 4 
26524 
711 1 1 1 2 1 25 1 29 
29426 1 2 1 3 2 14 1 44 
22122 1 74 1 78 
21908 
544 2 1 2 2 1 3 1 64 
12534 1 1 1 3 2 25 2 44 
25656 
22589 
35636 
26587 
27906 
30271 2 2 3 3 1 4 4 14 1 77 
31290 3 1 7 2 2 25 1 26 
28580 
16056 3 9 2 10 1 12 2 24 1 29 
23608 3 1 3 2 1 34 
40381 3 1 16 2 1 35 1 64 1 100 
30217 
33723 
32026 
18418 6 1 2 3 2 70 
14944 1 1 1 44 1 76 
16306 
14012 4 1 2 3 4 9 2 13 
2419 1 1 19 2 1 42 
41507 
20423 
1653 4 2 1 103 
6241 3 1 1 2 1 3 1 34 
20973 
41524 
22276 
40301 1 1 11 2 1 3 4 6 2 14 1 22 
23688 
16386 2 1 3 9 2 10 1 12 1 26 
25719 3 9 1 10 1 11 1 63 1 71 
17028 4 1 2 2 3 3 7 9 3 10 
40267 6 2 1 4 2 35 
40051 
11026 
2252 4 2 2 44 
7761 
4255 1 42 1 44 1 45 
14791 
20021 3 1 3 2 2 3 2 4 1 14 
18551 7 1 1 2 2 4 1 33 
15174 7 1 1 3 2 4 1 7 
8302 
10320 
8888 
6664 1 6 3 9 3 10 2 24 1 42 
18299 2 1 13 2 1 3 1 21 
35160 3 1 7 2 1 34 
21554 5 1 9 2 4 3 1 64 
28752 
24592 
12290 4 1 8 9 2 10 2 13 
21988 4 1 2 3 4 9 2 12 
28500 
29976 1 1 12 2 1 34 
38732 1 1 5 2 1 32 
31534 4 1 14 2 1 4 3 14 1 32 1 35 1 77 
27986 4 1 7 2 3 25 2 34 
22509 8 2 2 3 1 70 
26507 2 1 8 2 2 96 
7201 3 1 1 4 1 14 1 19 
21783 
40809 12 2 3 10 3 35 
21742 2 1 1 2 1 8 1 64 
34253 
24233 1 1 7 2 1 48 
19781 8 9 2 10 2 11 1 17 3 57 
12628 
19137 
17771 2 1 2 2 1 3 1 44 
345 
29129 1 1 4 2 1 27 1 34 
26638 2 1 1 2 1 111 
11541 3 1 1 4 1 8 4 9 2 10 
3083 4 9 1 53 1 71 
2085 
29582 1 2 2 14 1 19 
29543 3 1 1 4 3 9 1 12 1 13 2 14 1 17 1 29 
27572 2 1 7 2 2 3 1 4 
1358 
13545 
36658 2 1 20 2 3 9 1 10 1 26 1 34 2 53 1 77 
30005 3 1 1 2 2 4 1 14 2 27 
41000 4 9 2 10 2 25 2 77 
29971 2 1 6 2 2 77 
41498 1 1 7 2 3 3 1 14 1 34 
27981 4 1 9 2 3 25 2 34 
9663 
40132 
11973 
32423 
15680 1 1 5 2 1 4 1 20 
41350 4 2 1 5 2 25 1 35 
33344 
20026 
14796 
18556 
23827 3 2 2 22 
26080 2 1 12 2 1 104 
40056 
11021 
24770 
15362 3 1 1 2 1 4 2 7 
28087 4 1 3 2 3 3 1 4 1 14 
21320 
13025 3 1 6 2 1 3 1 22 
16381 2 1 16 2 2 7 
29023 
9077 3 1 4 2 4 3 1 7 1 8 
5170 2 9 3 10 1 11 3 64 
18885 3 1 2 2 1 3 1 6 1 7 
1884 1 1 13 2 1 3 
29675 2 1 7 2 4 3 2 4 1 8 2 19 1 21 
10554 
37203 1 1 5 9 1 13 1 14 1 30 
10988 
30589 1 1 1 2 5 9 1 12 1 19 
7689 2 1 1 3 1 14 1 77 
2764 1 1 17 2 5 9 1 12 
29917 
27685 2 1 5 2 2 3 4 9 2 10 
13673 1 1 9 2 1 3 2 14 
22271 
40306 3 9 3 10 1 20 2 24 
23884 
34495 
13839 
30122 
3471 
31269 
10783 
10742 5 2 1 3 1 24 1 77 
35496 5 2 1 27 1 34 1 41 
28215 
27790 4 1 3 2 2 3 1 4 1 19 
2326 3 1 4 2 1 3 1 19 
37475 6 2 1 5 4 9 2 10 1 34 
39485 7 2 1 14 1 34 
3944 4 9 2 57 
13214 1 24 1 38 
19262 1 1 1 6 1 65 
9368 3 9 1 10 1 24 2 53 
1185 8 9 4 10 2 64 
8354 
9198 
37949 
12962 2 1 7 2 4 9 1 13 1 17 
12887 3 1 22 2 1 3 
16889 1 1 13 2 3 3 
33300 2 1 5 2 1 19 1 22 
17548 2 1 12 2 1 3 1 42 
36854 
1541 6 2 2 3 2 6 
26834 
22085 4 1 1 2 1 4 1 19 1 22 
2204 2 9 4 10 1 20 3 24 
31807 1 1 6 2 1 34 
15795 3 1 3 2 1 3 1 34 
25464 
11546 12 2 2 5 
33050 
19786 5 2 3 14 1 35 1 43 
5042 2 1 3 2 1 3 1 14 
14328 3 1 5 2 1 26 
17776 6 1 3 2 2 3 1 4 
12824 2 1 2 2 1 56 
13331 2 1 13 2 1 22 
41044 4 1 3 2 3 10 2 34 1 35 
23030 6 1 3 2 3 3 2 4 1 14 
8629 3 1 2 3 1 4 5 9 1 10 2 27 
11778 
11335 2 1 1 6 1 7 
41267 
38536 
25680 
9262 
40587 
5314 
41051 
24796 1 2 1 30 1 42 1 94 
28556 
10026 
38345 
3838 4 9 2 10 1 21 1 42 
19971 3 1 3 2 3 3 2 4 1 8 2 14 1 35 2 77 
12217 
26453 2 7 1 14 
16219 3 1 17 2 1 3 
17981 4 1 5 2 2 3 2 8 
36841 1 1 6 2 1 27 1 34 
6753 
35863 3 1 5 2 1 22 1 34 
35947 1 1 9 2 1 35 1 41 
41301 
36433 11 2 1 25 2 34 
40524 5 9 1 10 2 108 
21973 2 1 2 2 1 3 1 14 1 19 
9503 5 2 1 3 1 94 
33859 
4827 2 1 1 73 
20988 
19675 1 21 
20554 
18024 1 1 4 9 1 10 1 13 1 24 1 25 1 74 
12271 2 1 22 2 2 3 
13884 
1764 4 1 6 2 4 4 
23673 1 22 1 77 
19917 
17685 2 1 4 2 2 3 2 14 
34764 2 1 4 2 1 14 1 34 
30534 3 1 1 4 1 32 2 34 
23839 1 64 
21021 1 14 
13827 2 1 6 2 1 3 1 14 
16080 8 9 2 10 1 11 1 53 
18087 5 1 5 2 2 4 1 14 
14770 2 1 1 26 1 75 1 89 
25362 1 1 2 2 1 75 
26381 
11320 1 1 7 2 1 4 1 14 
23025 5 1 11 2 7 3 2 4 1 6 
2884 4 11 2 36 
28885 4 1 16 2 1 14 3 26 
19023 2 1 3 2 1 3 2 6 1 7 5 9 1 10 
33442 1 1 4 2 1 3 1 4 1 42 1 64 
3183 
1326 2 1 6 2 2 22 
33483 2 3 2 14 2 77 
10541 
29262 
23214 
2185 3 1 1 3 1 104 
20742 1 21 
20783 
9702 2 2 1 29 1 31 
36349 
4961 2 1 1 32 
32347 1 6 4 9 2 10 1 42 1 64 
17790 2 1 7 2 1 3 1 63 
18215 3 1 11 2 1 3 1 22 
24328 3 1 1 3 1 25 1 101 
6552 3 1 2 2 1 3 2 8 
29786 
35470 3 9 2 10 7 53 
31355 
27776 5 2 2 3 2 21 
23331 2 16 
8033 
13030 2 1 4 2 2 3 2 14 
21335 1 6 9 9 3 10 1 24 
21778 9 2 1 3 1 42 
22887 
22962 2 1 4 2 2 96 
4182 2 1 2 2 2 3 1 6 1 7 
26889 2 2 7 3 8 14 1 16 3 26 
31005 2 1 9 2 2 3 1 4 2 22 
27548 2 9 1 10 1 11 1 31 2 57 
7856 6 1 2 4 8 9 4 10 
1204 
12085 6 2 4 25 2 100 
2541 3 1 12 2 1 3 1 22 
16834 
21546 2 1 3 9 3 10 2 34 1 77 
33001 
25795 3 1 2 2 1 3 1 6 
15464 3 1 1 2 3 3 
4575 3 1 1 26 
40311 
30287 4 9 1 11 1 13 1 14 1 42 
26571 2 2 1 22 1 42 
6240 14 9 4 10 
34898 
31567 
14082 3 1 18 2 1 4 1 14 
14043 4 1 4 2 1 4 1 70 
7760 
30224 
16772 1 1 5 2 1 4 3 9 3 10 2 42 
31099 
9215 
24965 
18488 4 1 1 2 7 9 4 10 1 13 
25709 5 1 2 2 3 3 
7595 
40234 
124 2 2 1 42 1 65 
6722 1 1 4 2 1 3 2 14 
24661 4 1 1 4 1 34 1 77 
6933 5 9 2 10 5 53 
22366 
3857 3 1 13 2 1 3 1 22 
22519 
26517 2 1 1 3 1 4 5 9 1 10 2 18 
40377 1 5 1 74 5 75 
28510 3 19 3 35 3 44 
2572 2 1 9 2 4 6 1 22 
38226 
25248 
10632 1 1 1 4 10 9 1 10 1 13 2 18 
3775 6 2 1 19 
2773 
40819 12 1 30 2 6 10 6 35 
7200 1 1 1 2 5 9 1 12 1 22 
515 2 2 1 19 1 103 
35994 2 1 7 2 1 22 1 42 
29348 
8259 
8606 2 1 1 2 1 8 1 22 1 69 
7235 16 9 12 10 
5892 2 1 1 2 1 3 1 14 
6523 4 9 1 10 1 11 1 42 
39888 
39170 2 1 11 2 3 3 1 4 1 34 
37878 6 2 4 24 2 25 
18163 2 1 7 2 1 3 1 4 1 14 
25966 
31876 1 8 9 9 2 10 1 57 1 94 
30015 
17707 1 1 6 2 1 3 2 14 1 103 
19164 6 1 1 2 2 4 3 9 2 10 1 17 
9674 1 1 3 2 7 9 3 10 1 77 
13112 1 2 1 4 1 14 3 44 
2309 4 1 3 2 2 3 
19092 2 1 1 2 1 14 1 18 1 22 1 70 
2911 
24043 
24082 
26772 2 2 4 3 5 14 1 31 
28488 1 85 
390 2 1 4 9 2 12 
30379 
14965 2 1 12 2 5 9 1 13 
15709 7 2 1 4 2 14 
39218 
4714 3 9 1 11 1 39 
16571 3 1 5 9 4 10 1 12 
40010 3 9 2 34 
7880 5 1 1 26 1 81 
811 1 1 10 2 1 94 
5219 2 1 1 108 
12519 1 1 4 2 1 26 
16517 4 2 1 3 1 24 
34186 6 2 2 4 1 56 
30652 2 1 11 2 1 3 1 14 
18510 1 1 7 2 3 3 
32918 
41097 5 1 6 2 3 10 3 35 
1572 
15248 1 1 13 2 1 3 2 14 
20632 3 1 14 2 5 9 1 12 1 35 1 64 
41316 8 1 1 2 7 25 3 84 
224 1 6 1 44 1 69 
5071 3 1 3 2 1 8 
14661 
40289 
12366 
30871 2 64 
31890 
4443 
33016 2 14 
6397 10 2 1 96 
33397 
39196 
32492 
8820 2 1 1 6 2 25 
35185 
3514 2 1 3 9 1 11 1 13 1 17 
32713 2 1 5 2 1 22 1 25 
1773 2 18 1 45 
34409 
19348 4 1 9 2 1 35 
35318 
27707 1 2 10 9 2 13 1 77 
40902 
23112 4 1 2 3 1 4 2 103 
1309 5 9 1 10 1 41 
29164 
38678 2 1 5 2 1 29 
29092 1 1 9 2 2 35 
1911 
6167 1 39 2 42 
8566 1 1 3 2 3 3 2 64 
30817 
28163 2 1 3 2 1 3 1 29 
3442 1 24 1 74 
15966 2 1 4 9 2 10 1 32 
35503 3 1 2 2 1 3 2 4 2 42 
30193 7 1 8 2 3 3 1 35 1 63 
27787 5 1 2 2 3 3 1 4 1 19 
27131 2 1 19 2 1 25 2 77 
29777 
37151 3 1 1 2 1 5 1 35 
40943 
40867 
3497 1 1 2 2 1 6 1 8 
8201 1 3 1 14 2 74 
22876 
27724 4 1 3 2 1 4 1 26 1 104 
24910 
35583 
35542 3 1 2 2 2 8 1 20 
9091 1 1 1 2 1 3 1 6 2 14 
4599 1 1 17 2 1 3 
13564 1 1 4 2 1 3 1 4 2 14 
19512 4 1 7 2 1 35 
2351 
18899 2 1 10 2 2 6 
7133 2 1 1 2 1 3 1 44 
12890 4 1 19 2 4 3 
30595 1 1 2 2 1 19 1 107 
29711 
27699 
10138 
35105 
8828 3 1 1 2 3 26 
14454 
11492 
28565 
34489 
33570 
11713 3 1 6 2 1 3 1 77 
7579 
6342 
2025 3 1 1 2 2 3 1 20 
34106 1 34 
17916 1 2 5 9 1 12 1 45 1 51 
31519 
11918 3 1 6 2 1 3 1 19 
3023 
8761 3 1 3 3 3 25 
18076 2 1 4 2 1 3 1 21 
39499 4 1 7 2 1 35 
24833 5 1 9 2 3 3 1 14 1 26 
31366 
24679 
24441 3 9 1 57 2 71 
15697 2 1 3 2 3 9 2 10 1 17 
40209 4 9 1 13 1 14 1 19 1 29 1 53 
37368 2 1 42 2 2 34 
34853 
30060 10 9 2 12 2 104 
18391 3 1 3 2 2 3 1 4 1 64 
25734 
9113 4 2 4 3 
24002 
3799 6 1 10 2 4 3 
4239 2 1 1 3 1 18 
16895 1 1 3 2 1 3 1 8 5 9 1 12 
15789 8 9 2 10 1 36 1 57 
28090 2 1 4 2 3 3 1 14 
26316 12 1 2 3 4 4 
35754 2 1 10 2 4 35 2 74 2 77 
5734 
40576 6 9 3 10 1 17 1 77 
26097 2 1 13 2 1 103 
28408 2 1 6 2 4 3 
22099 6 1 14 2 3 3 1 35 
24352 2 1 4 9 2 10 1 32 
21394 4 9 2 10 1 26 1 27 1 42 
25121 1 20 1 75 
22567 1 1 8 2 3 3 4 25 
13618 2 2 1 45 
26569 2 1 2 2 2 45 
7302 
5452 4 9 1 10 1 17 1 42 
10074 
7888 2 9 2 10 1 17 1 20 1 24 1 53 
4022 3 1 1 3 1 4 2 14 
34332 1 1 4 2 1 99 
40748 4 9 2 10 1 14 1 19 1 74 
8544 1 1 4 2 1 6 1 42 
14910 1 1 15 2 1 23 
12876 1 1 12 2 3 3 
39808 1 2 1 14 1 38 
37100 
17724 2 1 2 2 1 3 1 48 
7821 
17787 3 1 2 2 1 3 1 4 2 14 
36763 
40065 
19777 1 1 1 2 1 37 
17131 3 1 1 8 1 25 1 103 
33596 3 78 1 80 
35741 4 1 10 2 2 3 4 35 
17699 2 1 5 2 2 3 
19711 
20138 
34434 
21492 1 16 
24454 4 1 13 2 1 35 
7208 
18565 2 1 4 2 1 3 1 64 
8412 3 1 2 2 2 3 1 4 1 14 
21713 4 1 2 2 2 8 
5847 1 1 3 2 1 4 3 14 
30158 1 1 7 2 2 6 1 14 
30869 2 1 1 3 4 9 2 10 1 25 1 42 
29512 5 1 3 9 3 10 2 26 
23564 1 16 
1351 1 1 1 2 1 18 1 22 
36246 
28899 
22890 1 2 4 3 4 14 1 77 
28076 7 2 2 3 1 19 1 70 
6014 
14833 1 1 7 2 5 9 1 10 1 25 
40590 
8881 
25697 
14679 8 9 2 10 1 39 
14441 1 1 13 2 1 3 
314 
1025 1 1 3 9 1 10 1 26 1 42 2 53 
5694 1 1 1 2 1 97 
27916 
3639 5 1 1 3 1 4 
21918 
36968 
15121 3 1 3 2 1 3 1 19 
11394 2 9 1 10 1 17 1 24 2 53 
30207 
14352 4 1 20 2 2 3 
38172 
23618 3 1 17 2 1 34 
12567 3 2 2 21 1 103 
16569 3 1 5 9 3 10 2 12 
20074 
6248 
28391 
7967 5 1 1 2 1 4 1 26 
15734 1 1 1 2 2 9 3 10 1 36 2 64 1 77 
9872 
41517 6 16 
7768 
26895 
14002 1 1 16 2 2 3 1 4 5 9 1 10 
16316 
37144 
30361 
25789 2 1 9 2 1 103 
18090 4 1 5 2 3 3 1 14 
18408 4 1 4 2 2 3 1 4 1 7 
16097 1 6 9 9 3 10 1 25 1 42 
12099 2 1 15 2 1 3 5 9 1 12 
38049 
17716 3 1 7 2 2 3 1 14 
10133 
6484 2 1 2 2 1 3 1 20 
32040 
2330 1 5 3 9 1 10 2 11 
11718 3 9 2 10 1 11 2 64 
19302 3 1 5 2 1 34 
3303 2 9 1 36 3 71 
20547 
19052 4 1 1 3 1 8 1 19 
2305 4 1 3 2 2 3 
6060 
1547 3 1 1 104 
13274 5 9 1 12 1 74 
3779 
12881 1 1 18 2 7 3 
4302 6 9 2 10 2 11 
4888 2 1 1 3 2 25 1 44 
25934 7 9 2 10 3 53 
37415 2 1 10 2 1 18 1 27 1 33 1 34 1 77 
33805 6 1 3 2 3 3 1 80 
7022 3 1 1 4 1 25 1 110 
37604 1 1 12 2 1 35 
35588 
8255 5 1 11 2 7 3 2 4 1 8 1 24 
23329 
35954 1 63 
12432 3 1 1 2 1 7 1 8 
31801 
15989 3 1 2 2 1 3 1 4 5 9 1 10 1 99 
106 1 1 13 2 1 44 
19136 3 2 5 9 1 13 2 14 
13337 6 2 2 3 
28275 12 9 3 10 1 16 3 17 3 77 
40948 5 1 3 2 1 3 1 14 1 35 1 77 
29440 
11830 4 2 1 3 1 7 1 14 
7239 2 1 5 2 2 22 
29977 2 1 3 2 1 14 1 34 
13613 4 1 8 2 2 3 4 9 2 10 2 77 
22211 2 1 9 2 6 3 2 4 1 14 1 18 
3132 4 9 1 10 1 36 1 41 
27862 18 2 3 74 3 77 3 96 
29615 1 1 7 2 1 34 
27987 1 2 3 3 1 45 5 46 
26506 1 1 1 8 5 9 1 10 1 18 
29404 1 1 2 2 1 14 1 30 
3477 2 42 1 108 
40782 
40743 3 1 2 2 1 35 1 37 
3608 
36045 
24710 3 1 1 4 3 9 1 12 1 13 2 14 1 17 1 32 
27924 2 64 
9071 
37640 1 1 1 2 1 6 1 77 
28403 
18662 
11027 
22334 
23821 1 25 2 74 1 75 
28081 6 1 3 2 3 3 2 4 1 14 
24838 2 1 4 2 2 38 
31309 
4579 1 1 3 2 1 3 
12389 3 1 3 2 1 4 1 42 
16387 2 2 3 9 2 10 1 11 1 27 
21825 
37363 
34858 1 1 1 2 1 37 
32354 
8082 
18380 1 1 4 2 1 3 1 7 
40266 
9219 
31059 
4133 3 9 2 10 1 57 1 114 
26279 1 1 1 14 1 19 1 66 
22277 1 1 15 2 1 3 
29911 1 1 5 2 1 34 1 64 
34169 
11084 1 2 1 103 1 118 
7599 1 2 1 6 1 103 
32004 
11913 1 5 3 9 1 10 1 12 1 17 1 24 
21039 2 2 2 22 
15202 4 1 2 2 1 4 1 70 
16324 
10547 
30806 4 1 9 2 2 3 1 32 
39032 
29052 
1305 2 1 15 2 1 22 
2547 3 1 2 2 1 4 1 64 
27716 2 1 4 2 1 25 2 26 
5674 
35410 2 1 2 2 1 25 1 38 
20133 2 1 2 2 4 9 2 10 1 26 1 34 1 44 
21718 3 1 4 9 2 10 1 19 1 35 
30153 2 1 2 3 1 22 
1330 3 1 2 2 1 6 2 8 1 18 
34646 
29302 
32341 1 6 4 9 2 10 1 24 1 42 
206 1 5 5 9 1 10 
31850 
915 1 1 17 2 1 14 
23337 
16422 2 1 10 2 1 118 
6216 4 9 1 39 
29136 
36768 3 1 1 2 1 4 1 26 1 27 1 32 1 38 
39156 2 1 9 2 3 3 1 4 1 34 
4967 3 1 2 2 1 4 1 14 
18275 6 1 4 2 4 3 1 4 
19440 3 1 5 2 1 39 
4768 2 2 1 7 
21830 7 16 1 113 
38804 2 1 20 2 1 19 1 103 
23274 2 2 1 34 2 44 
39803 
22881 
633 
9892 2 1 5 2 5 9 1 10 1 104 
15934 2 1 1 7 3 9 2 10 1 71 
32452 1 1 4 2 2 14 1 22 1 29 
13329 1 1 3 9 1 10 1 12 1 17 1 24 
22432 
25989 1 1 1 76 
33007 1 1 1 7 1 8 
17924 3 6 2 45 
41261 
14710 1 1 14 2 1 33 
30692 1 1 3 2 1 3 1 5 1 8 
18403 3 1 2 2 1 3 1 4 1 6 
27795 2 1 2 2 2 26 
28210 
9263 1 2 5 9 1 12 1 14 1 32 
17464 3 1 3 2 3 3 1 7 
19802 2 29 
37470 3 1 1 3 4 9 1 12 1 13 1 77 
6752 1 2 1 44 1 104 
39480 1 1 2 2 5 9 1 13 1 14 
25776 4 1 6 2 1 4 
3827 1 18 1 63 
36423 4 1 8 2 4 25 2 103 
40534 2 64 
26085 1 1 14 2 1 102 
2604 2 1 10 2 1 3 1 14 
9379 10 9 2 10 1 76 
23321 1 63 
22834 1 2 1 35 1 99 
24775 1 2 1 3 1 14 2 27 
24338 
6553 2 1 4 9 1 11 1 13 
31809 1 1 7 2 1 34 
15981 4 1 2 2 2 3 1 66 
12889 4 1 22 2 1 4 
37947 
13020 2 1 4 2 1 3 1 14 
3961 1 2 1 3 4 9 2 12 1 14 
21325 
16887 2 1 1 2 1 3 2 8 5 9 1 10 
16962 5 1 1 2 1 4 1 8 
18178 5 1 5 2 1 3 1 4 1 22 
37863 
34358 2 1 9 2 1 22 1 35 
8032 
32854 17 9 8 10 1 17 1 25 
18880 3 1 3 2 1 6 1 8 
29670 2 1 3 2 1 38 
27680 3 1 4 2 3 3 
4183 
8229 2 1 2 2 1 3 1 33 
38402 
512 
9846 
34490 
10693 3 1 3 2 1 4 10 9 1 10 1 13 3 77 
16824 1 1 7 2 11 9 7 10 
34008 2 1 2 2 1 24 1 26 
8999 2 1 1 2 1 3 1 5 1 6 
41005 3 1 9 2 3 10 3 34 
3182 
27362 1 1 7 2 3 3 
19696 4 1 7 2 1 35 
38041 1 1 1 4 15 9 3 10 1 70 
9703 4 1 2 4 2 19 2 35 
1564 1 1 12 2 1 14 1 101 
15685 2 1 4 2 1 3 1 14 1 66 
41355 
29697 1 1 2 2 10 9 2 12 1 14 2 26 
34477 2 1 13 2 1 7 1 77 
2716 5 2 2 3 1 27 
34904 3 9 1 10 1 11 1 25 1 42 1 57 
17114 
36346 
26555 1 1 6 2 1 14 2 25 
704 4 2 2 14 
9482 
41153 
36535 3 1 5 2 1 3 2 14 1 30 1 34 1 77 
20820 3 63 
16198 3 1 24 2 1 3 
40850 
8471 2 1 1 2 2 3 1 6 
26886 2 1 1 2 1 3 1 18 1 33 1 95 
21123 
18733 
19121 
21549 5 75 1 76 
29789 
7831 
27779 
19734 
7567 3 1 1 80 
34411 4 9 1 12 1 29 1 71 
20037 
16216 4 1 15 2 1 4 
4850 
30261 1 1 13 2 1 4 2 35 
33585 2 1 10 2 1 3 2 14 1 32 
3354 4 9 2 10 1 64 1 74 
12501 1 1 2 2 8 9 3 10 1 13 
28291 8 9 2 39 2 64 
10835 3 1 5 2 1 3 
8944 2 1 6 2 1 6 
31581 
35808 
30057 
600 3 9 2 11 1 36 
38539 
32530 
39741 2 64 
18938 4 1 1 4 1 6 1 7 
22702 
30307 1 14 1 74 2 76 
22550 2 1 1 19 1 33 1 95 
11294 1 1 7 2 4 9 1 12 1 17 
14252 
28559 
24799 2 1 1 31 
10029 
15777 3 1 5 2 2 3 1 21 
3629 3 2 2 29 
37497 3 1 9 2 1 5 4 9 2 10 1 35 
15711 1 1 2 2 1 22 4 75 
33103 2 1 6 2 3 3 3 4 1 8 2 14 2 19 1 21 1 76 
1035 3 9 1 10 2 53 1 100 
24687 
33856 
34940 
24624 10 9 8 12 
9811 
23836 
1000 1 1 1 2 1 3 2 19 
16555 3 1 2 2 6 9 3 10 1 13 
33648 3 1 20 2 1 3 1 22 
4498 1 76 
30972 
5196 3 9 1 36 1 53 1 57 
10820 
26198 1 1 4 2 2 3 1 14 
8838 6 1 2 3 2 4 2 27 
19697 4 1 11 2 1 35 
32525 
7123 1 1 1 2 1 14 1 26 1 51 
7478 
1716 
35499 2 2 1 37 1 41 
27114 
7607 4 2 2 24 2 25 
19789 
39754 1 1 1 3 1 14 1 22 1 35 1 44 
17779 4 1 2 2 2 3 4 9 2 10 
6894 2 1 7 2 4 3 2 4 1 8 1 18 1 19 
29734 1 2 1 14 1 30 1 77 
40801 12 2 3 10 3 35 
5366 3 1 1 2 1 26 
16886 2 2 1 6 3 9 2 11 1 13 
37946 
28733 1 64 
11123 1 15 
29121 1 1 12 2 1 14 1 30 1 77 
34593 2 1 5 2 3 3 3 4 1 8 2 14 3 19 
38753 3 1 15 2 1 6 1 14 1 22 1 34 
31948 
15038 3 1 8 2 1 3 2 77 
7828 
4082 
20546 2 1 3 2 1 14 1 34 1 64 
33478 
14980 6 1 1 3 2 4 3 9 2 10 1 12 
8579 2 1 3 3 1 24 2 27 
35491 
2910 4 2 2 3 1 7 
13102 4 2 2 6 
30355 5 9 1 10 1 28 
17717 2 1 4 2 1 3 1 4 1 14 
20335 
20778 
8133 2 51 
16295 2 1 6 2 1 32 1 98 
40350 
27028 1 6 5 9 1 10 1 95 
15719 6 1 2 2 1 3 2 4 1 14 
26386 2 1 1 8 1 14 
37165 9 9 3 10 7 16 6 17 3 77 
21026 
1252 
29990 3 1 1 23 1 39 
2653 2 1 2 2 5 9 1 13 
40498 10 2 2 27 2 34 
7881 1 1 1 2 1 3 1 7 
40000 
6504 3 1 1 4 4 9 1 10 1 17 
10973 6 2 6 3 2 4 2 14 
41132 
13688 6 1 2 2 2 3 1 4 1 77 
3655 6 1 2 4 4 9 2 10 4 25 
39208 1 2 2 3 1 14 1 32 1 42 
12276 1 1 2 2 1 4 1 21 2 27 
9754 3 2 8 3 2 6 
41306 1 6 2 9 4 10 3 24 1 42 
31589 
8967 1 1 5 2 1 6 1 42 
11988 1 1 5 2 3 9 3 12 
22290 3 1 11 2 1 8 
18752 3 1 1 2 1 6 1 8 1 77 
11554 2 2 2 64 1 66 
8768 
14592 3 1 3 2 1 3 1 45 
30269 2 2 3 3 1 4 4 14 1 77 
18500 8 1 14 2 6 3 2 4 
31122 5 2 1 3 1 28 
32908 5 1 1 4 2 9 3 10 1 17 
12509 3 1 5 2 1 4 1 14 
16507 2 1 22 2 2 3 
17986 3 1 10 2 1 4 1 94 
36846 1 1 10 2 1 27 1 34 
41056 
28551 
10021 3 9 2 10 1 11 1 17 1 57 1 77 
24791 
9432 4 1 5 2 3 25 1 84 
5070 6 9 2 10 4 53 
9177 3 1 1 3 1 4 5 9 1 13 2 103 
38531 4 9 1 10 1 16 1 57 1 77 
25174 3 1 1 2 5 9 1 13 1 26 
39749 2 64 
20320 
16638 4 1 11 2 2 3 1 4 
19129 2 1 16 2 2 96 
21541 
33006 1 19 1 27 
19543 
1085 2 2 5 9 1 12 1 14 
19582 16 9 8 10 1 17 3 57 
2358 1 51 1 75 1 90 
23545 1 22 1 77 
17572 3 1 11 2 1 3 
691 2 1 2 2 1 3 1 23 
39157 2 1 9 2 3 3 1 4 1 34 
33356 1 1 6 9 3 10 1 13 1 24 1 77 
7544 4 1 1 81 
18544 4 1 2 2 1 3 1 4 4 9 1 10 1 17 
11742 1 1 5 2 1 5 1 66 
34419 5 2 3 14 1 32 
11783 4 2 2 3 2 64 
32703 2 1 5 2 1 22 1 25 
29781 
14233 1 1 13 2 1 8 10 9 2 12 
27771 
23336 
22628 1 1 6 2 1 3 1 4 6 9 4 10 
8821 2 1 8 2 2 3 
1910 1 5 1 102 
34647 1 2 2 29 
5142 2 1 15 2 
40912 
23102 2 1 1 2 4 9 1 10 1 13 2 26 1 74 
10335 4 1 5 2 1 4 1 25 
10778 
27717 2 1 3 2 1 26 1 104 
40044 
35308 4 1 3 2 1 35 
26295 
35513 
25038 2 3 2 14 2 16 2 77 
9098 3 1 1 3 1 7 2 103 
10546 2 1 15 2 1 3 5 9 1 10 2 77 
35058 
7412 1 2 2 42 
8208 2 1 1 7 1 25 
30807 4 2 2 3 2 27 
24980 3 2 1 18 1 29 1 33 1 94 
21942 
3561 1 19 1 27 1 77 
21983 1 1 8 2 1 3 1 4 
1106 
17971 5 1 1 2 1 3 1 4 1 25 
1415 1 1 16 2 1 14 
19981 1 1 1 6 3 9 2 10 1 17 1 24 
3837 2 98 
22566 1 1 4 2 3 3 4 25 
21014 
6953 2 1 3 2 2 3 
22319 
26317 
28310 4 16 
26096 2 1 13 2 1 103 
40577 3 2 6 9 3 10 2 14 1 17 1 29 1 77 
4201 1 1 1 2 1 5 1 25 
25670 
6424 3 9 2 11 1 17 
18011 2 1 4 9 1 10 1 13 1 25 1 34 1 44 
28875 
40511 1 14 1 19 1 35 
15696 2 1 3 2 3 9 2 10 1 17 
33860 
26371 5 2 7 3 1 14 
11230 2 2 2 9 2 11 2 12 
17023 2 1 5 2 2 9 4 12 
32594 
18077 2 1 4 2 1 3 1 21 
8599 4 1 2 3 1 4 2 27 
14780 1 1 4 2 2 7 
31367 
16070 1 9 1 10 2 11 1 36 1 57 1 64 
36064 
36192 
31201 1 1 4 2 1 14 1 29 
23642 1 64 
13874 1 1 1 12 5 53 
12281 10 9 2 10 1 75 1 76 
17675 5 1 3 2 2 3 1 4 1 14 
23683 1 1 1 25 
34107 1 34 
20978 10 9 1 10 1 12 1 29 
4828 
944 2 1 6 2 1 4 2 14 
7082 
1964 3 1 3 2 2 3 1 14 
17917 4 1 9 2 3 3 1 64 
19685 
4761 2 1 8 2 1 19 
19790 2 1 2 9 1 17 1 39 3 57 
9902 
41255 
20773 5 9 1 10 1 77 
15033 4 1 12 2 2 8 
261 6 1 2 4 4 9 2 10 
14695 
25919 2 9 3 53 1 71 
22811 
27262 1 1 4 2 2 3 1 21 
33473 
14991 
12075 
15802 
26633 2 1 1 8 1 77 
36653 2 1 8 2 3 9 1 10 1 26 1 34 2 53 1 77 
8239 
26879 1 6 2 77 
22877 
513 
29548 
21788 2 30 2 42 2 103 
21225 
28952 
34258 1 8 8 9 2 10 2 53 1 69 
8022 14 2 2 42 
40866 
12623 2 1 1 2 1 46 1 65 
5649 2 1 1 3 1 63 
7255 
27786 6 1 2 2 2 3 2 4 1 19 
23221 
38932 3 2 5 9 1 12 1 35 1 64 
24238 3 53 3 71 
29776 
35480 4 1 8 2 2 3 1 77 1 99 
12319 1 1 17 2 7 3 
16317 
16096 2 1 7 2 1 3 1 4 1 14 
18310 2 1 12 2 1 3 1 64 
15670 5 1 2 3 1 8 
4544 
28011 2 34 
41516 
3413 
11983 2 1 2 2 1 4 2 64 
41369 
11942 5 1 3 2 1 3 1 4 
35664 
2106 2 1 5 2 1 66 
30206 
2415 1 1 15 2 1 3 2 14 1 22 
29981 1 1 6 2 1 22 1 29 
32903 
12566 1 20 1 48 
11014 2 2 8 9 4 10 2 25 2 65 
4412 4 1 2 2 2 3 
40712 
3601 
40493 
27675 3 1 5 2 3 3 2 4 
13683 
30579 1 1 9 2 1 39 1 77 
23874 
39203 5 1 7 2 1 3 1 30 1 34 1 77 
13642 1 1 19 2 1 21 
22281 1 1 1 8 4 9 1 12 1 13 1 24 
29685 1 1 16 2 1 6 1 42 
27917 
2964 
10978 
25696 1 113 
9078 3 1 4 2 4 3 1 7 1 8 
18875 2 1 1 2 1 5 1 8 
27023 
21230 
16371 3 1 1 2 1 3 1 4 2 64 
38204 
24780 9 2 3 3 1 14 
31250 
28077 
26070 1 1 18 2 1 75 
35518 
161 4 9 1 17 1 57 
24695 2 1 3 2 1 38 
25033 3 2 1 33 1 77 
9367 
15919 5 1 1 3 1 4 1 7 
39475 
12811 2 1 9 2 1 3 1 14 1 77 
38240 2 1 1 2 1 3 1 29 
4881 2 1 1 3 1 4 3 64 
3744 
37485 
36247 
32249 2 1 1 2 1 35 1 96 
17262 2 1 8 2 2 25 
29790 2 1 4 2 1 14 1 34 
10773 
18952 1 1 1 2 1 3 1 6 1 14 1 65 
11788 4 75 1 76 
11225 1 5 1 24 
17786 3 1 3 2 2 3 1 24 
13221 1 1 3 9 1 11 1 12 1 17 
22623 
19776 2 1 1 2 1 38 
32708 2 1 4 2 1 22 1 25 
6610 3 9 2 10 1 42 1 64 1 71 
33597 2 78 4 79 
14238 3 1 7 9 3 10 1 70 
9645 
24991 3 2 1 33 1 42 
33069 2 2 1 14 1 37 1 64 
22075 1 1 1 2 2 3 1 5 1 6 5 9 1 13 
16633 1 1 13 2 1 3 
25802 
39949 2 1 2 2 2 22 
9197 
19548 4 1 11 2 1 35 
16879 8 2 1 3 1 5 
12877 2 1 13 2 4 3 
5090 4 1 1 2 2 3 1 25 
19312 3 1 6 2 1 34 
13364 1 7 1 24 1 44 
11708 1 1 4 2 3 9 3 12 
2331 3 1 3 2 3 3 
6618 
9142 4 1 2 2 2 3 1 22 
32788 3 2 1 14 1 37 
32225 5 9 2 10 5 53 
8575 4 1 2 3 1 4 2 27 
39621 
7153 2 1 11 2 2 22 
17706 1 1 8 2 1 3 2 14 1 103 
25967 2 5 
25882 2 1 6 2 1 103 
30395 
6061 
25843 
35451 
31877 1 8 9 9 2 10 1 53 1 94 
16255 3 1 4 2 1 7 1 8 
5098 2 1 1 2 2 6 
28365 
25431 4 2 1 22 1 42 
26861 2 1 2 2 1 14 1 34 
33370 4 1 6 4 4 6 18 9 6 10 4 34 4 42 2 77 
34293 
31811 3 1 3 2 2 3 2 4 1 5 1 77 
24744 1 1 2 2 1 25 1 29 
11249 1 1 3 2 7 9 3 10 
37614 1 1 1 21 1 28 
37405 2 1 6 2 1 18 1 27 1 33 1 34 1 77 
33815 4 1 5 2 2 25 1 84 
387 
23148 
3886 5 1 2 3 1 4 1 14 
36698 
35342 3 16 
35383 
39925 
2089 12 9 8 10 
14751 7 1 2 2 3 4 1 14 
18591 2 1 16 2 4 3 
36220 
4259 4 1 2 3 1 7 
38227 
26516 
37273 2 9 3 10 1 17 1 20 2 64 
29414 2 1 6 2 1 30 
29605 
23462 
40376 1 1 5 2 1 5 1 22 
1946 7 2 1 4 
39283 6 9 3 10 1 12 1 57 1 71 
22201 2 1 2 3 2 14 2 77 
13603 
39242 1 74 1 77 
5754 2 1 1 2 1 5 1 8 
38284 
12250 4 1 1 4 1 8 1 24 
28792 
24552 
21594 1 1 7 2 4 9 1 12 1 13 
28413 1 1 4 9 1 10 1 17 1 77 
18259 
5177 3 9 1 10 2 11 1 42 
6313 3 2 1 98 
22367 
9070 
26369 
10428 2 1 8 2 10 9 2 13 
5432 4 9 1 10 1 53 1 64 
30762 
34532 
24700 16 9 6 10 
4606 2 1 13 2 1 22 
19950 1 6 5 9 1 10 1 20 
31319 
27421 
15212 3 1 1 2 1 76 
31566 
32014 2 1 12 2 1 19 2 108 
11903 2 1 2 2 1 3 1 44 
29901 2 1 7 2 1 6 
41070 1 63 
32983 
17969 3 1 5 2 1 26 
32942 1 16 
37568 
30286 4 9 1 13 1 14 1 42 1 53 
40091 3 2 1 16 1 33 1 42 
15843 3 1 1 2 3 3 2 64 
15967 4 1 3 2 2 3 5 9 1 10 1 35 
15882 2 1 17 2 1 3 1 14 
36235 7 9 3 10 1 77 
33071 
18365 3 2 1 3 10 9 2 12 1 14 
15431 
26255 3 2 2 3 2 42 
16861 1 1 5 9 2 10 3 12 
31075 
30816 
31623 1 1 7 2 1 34 
23364 
29312 
1331 2 1 4 2 2 22 
21708 
411 1 1 1 2 1 41 1 77 
35400 
27706 1 2 10 9 2 13 1 77 
35098 
8714 2 1 19 2 1 6 1 22 
38814 
13148 1 2 3 3 4 14 1 20 
33923 
1089 1 1 10 2 5 9 1 12 
33017 2 1 8 2 1 22 1 34 
14744 2 46 2 49 1 75 
33396 3 2 3 9 1 10 1 16 1 30 1 32 1 42 2 57 
21249 4 1 2 39 
39197 
39813 2 2 1 14 1 38 
3766 5 9 1 12 1 14 1 19 
11594 3 1 5 2 3 3 2 4 
22250 2 1 1 2 1 3 1 30 1 42 
18792 1 1 4 2 1 6 5 9 1 12 
14552 2 1 7 2 2 7 
8443 1 1 2 2 1 3 5 9 1 13 1 77 
12367 
16369 3 1 2 2 1 8 1 70 
18413 5 1 1 2 2 3 1 4 1 8 
28259 5 1 18 2 1 4 1 34 2 35 
38239 
20428 1 29 1 77 
14700 4 1 3 2 1 4 1 7 
34124 1 1 9 2 2 14 1 34 1 64 
32230 2 1 2 2 10 9 10 10 2 19 
31281 
28591 
41096 5 1 6 2 3 10 3 35 
24751 4 1 11 2 1 35 
41317 
19605 4 1 8 2 1 35 1 63 
13462 1 2 3 3 4 14 1 20 
34187 2 1 7 2 1 38 1 64 
33728 
4820 1 1 1 2 1 18 1 77 
16516 2 1 1 2 1 4 5 9 1 10 1 44 
30561 
33285 
3324 2 9 3 11 1 71 
19414 
23603 
34731 
2946 1 1 11 2 1 110 
12201 5 1 1 2 2 4 1 24 
3206 3 9 1 36 2 71 
41371 
25212 1 2 1 14 1 30 1 77 
21903 3 1 4 2 1 3 1 22 
35444 
40390 
19901 1 1 1 5 2 6 
40458 3 1 11 2 1 22 1 34 1 64 
4566 
3659 3 1 3 2 2 3 1 14 
39930 3 9 1 10 1 17 1 42 1 57 
17421 2 1 7 2 1 4 2 14 
15582 1 1 2 9 1 10 1 12 1 39 1 64 
32438 1 4 10 9 6 10 2 11 2 24 1 77 
15543 4 1 1 4 1 7 1 25 
651 1 2 1 14 1 41 
20220 1 14 
15129 4 2 2 24 1 70 
22458 4 2 4 3 1 6 
16561 2 1 1 75 2 77 
30516 
9422 
5395 2 76 
14975 2 1 12 2 4 9 2 10 2 77 
30369 
4809 1 1 1 2 1 3 1 5 1 14 
25781 2 1 17 2 1 103 
12091 1 1 15 2 1 3 4 9 2 12 
25137 
14617 
41206 1 21 
28399 8 9 2 10 2 17 2 77 
7944 5 2 2 3 
35157 1 2 4 3 5 14 1 26 
26762 3 1 3 2 2 25 1 34 
22390 2 1 15 2 1 19 
14449 1 1 1 2 2 3 2 5 1 14 
38514 1 1 15 2 1 22 
31712 1 85 
14671 4 1 6 2 1 4 1 22 
31493 1 1 12 2 1 7 1 42 1 77 
39308 4 1 14 2 1 4 1 14 1 22 1 29 
12376 1 1 20 2 1 60 
1510 
1059 
39058 2 1 7 2 1 34 1 38 
5165 4 9 2 10 1 21 1 42 
40250 
26286 2 1 1 3 7 9 3 10 1 32 1 101 
29038 
39513 2 2 2 22 
11894 1 1 17 2 1 41 
14852 
5864 1 1 4 2 1 4 3 14 
804 3 2 1 5 1 64 
17691 2 1 1 2 1 4 1 5 5 9 1 10 
19719 
28891 2 1 5 2 1 38 
10235 
6396 1 1 4 9 1 10 1 25 1 36 
35208 
25990 5 1 1 2 3 3 
16816 2 1 2 2 1 3 1 44 1 77 
30861 2 1 1 4 8 9 2 10 2 17 
6904 1 1 5 2 9 9 3 10 
15976 8 1 2 4 4 9 5 10 1 12 2 17 
27127 4 1 11 2 1 35 
14333 1 1 4 2 1 22 4 75 
23236 1 21 
8831 3 1 2 2 1 3 2 26 
8567 4 1 1 2 1 4 2 26 
6166 4 9 2 10 2 42 
28173 7 1 1 2 1 3 2 4 2 26 
4491 1 1 10 2 1 18 
7471 2 1 1 5 5 9 1 10 1 81 
29174 
27184 2 74 1 75 2 76 
38668 3 1 5 2 4 3 1 4 1 14 1 31 1 70 1 77 
35749 2 1 22 2 4 35 2 74 2 77 
3689 3 1 8 9 5 10 1 13 
17995 3 1 2 2 2 3 1 26 
17139 2 2 1 18 1 22 1 64 
20698 
15781 3 1 4 2 1 3 1 34 
24975 5 1 1 2 1 4 3 9 3 10 
22091 2 1 16 2 2 96 
9399 
24617 4 1 2 4 5 9 1 10 1 31 
15137 3 1 6 9 3 10 1 13 
18399 2 1 5 2 1 3 1 8 
7183 1 1 3 2 1 21 2 25 
36428 13 2 3 25 2 34 
12390 4 1 1 2 1 4 1 77 
16762 1 1 1 2 2 7 2 25 
37747 2 1 1 2 2 3 1 4 2 42 
25543 1 2 2 76 
25582 
9818 1 5 1 20 
10220 5 1 5 2 3 3 
31577 1 1 10 2 1 3 1 35 
25129 
26561 
12458 2 1 4 2 1 6 1 8 1 26 
31511 
8979 2 1 1 2 1 8 1 69 
16286 1 1 5 2 1 4 1 5 
33515 
40367 
19038 1 1 2 2 1 6 10 9 1 10 1 13 
24449 3 1 1 34 1 74 6 75 1 77 
24671 4 1 1 3 1 4 5 9 1 10 1 34 
3856 3 1 11 2 1 3 1 22 
22376 4 1 1 2 1 4 1 7 1 22 
40201 1 1 17 2 1 5 1 77 
39491 2 64 
2510 1 1 2 2 1 3 1 14 1 64 
2059 4 2 1 5 1 110 
9169 4 1 2 2 1 26 1 69 1 70 
18891 4 1 2 2 1 3 1 5 1 70 
20235 2 1 1 26 
4289 
8123 1 1 1 2 4 9 1 12 1 17 
16395 2 1 5 2 4 3 
26816 
15990 3 1 4 2 1 3 1 4 2 64 
8478 3 1 2 3 1 4 1 102 2 103 
5784 2 1 1 2 1 4 2 27 
30255 
8607 2 1 1 2 1 8 1 44 1 77 
21894 5 1 1 2 3 4 3 14 
24852 
34481 3 1 1 8 1 66 
27691 5 1 3 3 2 25 1 101 
29719 
7838 15 9 1 10 1 12 1 13 
34832 
37159 1 1 2 2 1 14 1 23 1 31 
19174 2 1 1 8 1 14 1 77 
17184 4 1 6 2 1 3 1 4 1 14 
34003 
27995 2 1 28 2 2 35 
10698 1 1 10 9 2 12 1 76 
17127 3 1 1 3 1 7 1 103 
24333 1 64 
25976 
31866 
13236 2 9 2 10 1 17 1 20 1 24 1 53 
18173 3 1 9 2 1 3 1 77 
37868 
34353 
39160 2 1 15 2 3 3 1 4 1 34 
37720 2 1 5 2 3 9 2 10 
17104 3 1 1 25 1 44 1 70 
34914 
25426 
38448 2 1 22 2 8 3 8 14 2 22 2 26 2 29 
36773 3 1 2 2 1 14 1 22 1 32 
34083 
40075 2 38 2 94 
19767 
34042 
40623 
39636 
301 3 9 2 10 2 24 1 36 
6144 4 9 1 10 1 53 1 74 
10247 
5703 2 1 2 2 1 7 
12866 1 1 3 2 1 44 1 45 
29656 2 81 
30633 1 1 2 9 3 11 1 12 
14430 6 1 3 2 3 3 1 4 1 14 
23574 
30879 8 2 2 63 
20653 1 37 
8470 2 1 1 8 1 24 1 77 
24146 1 14 1 21 
7805 2 75 
5379 1 7 
18575 3 1 1 3 1 4 6 9 2 10 2 12 
34401 
5846 2 1 3 2 1 4 2 14 
912 1 1 18 2 1 6 1 42 
7830 
35818 
5263 1 2 2 27 
12511 
16206 10 1 2 2 4 4 
4851 1 1 4 9 1 10 1 34 1 57 
30096 
14669 3 2 1 4 3 14 1 42 
40281 
30317 
28066 3 1 6 2 1 3 
22712 2 4 10 9 2 10 4 27 
17755 2 2 1 3 1 46 4 64 
7104 
22493 
25145 
2518 1 1 3 2 1 6 1 21 
39093 1 2 5 9 1 10 1 14 1 35 1 77 
30371 
31390 1 1 4 2 1 14 1 22 1 35 
33113 
15701 
7966 1 1 3 9 2 11 1 13 1 14 
5502 4 9 2 10 1 18 1 74 
6845 10 9 6 10 2 12 
33897 3 1 2 2 1 3 1 45 1 77 
1001 1 1 4 9 1 10 1 17 1 77 
20192 
27436 
24425 
25502 
9810 5 2 1 42 1 65 
20064 9 9 3 10 1 21 1 25 
31458 
35730 2 1 1 2 4 9 1 17 2 35 1 71 
38162 
25750 
21438 
36978 
16579 7 2 2 8 1 66 
38094 
37456 2 1 3 2 1 3 1 34 1 77 
12577 1 4 2 6 1 7 
17140 
19848 4 2 4 35 
8 3 1 4 2 1 3 1 22 
8995 2 1 1 5 1 8 
20247 
6983 
19656 8 9 2 10 2 11 1 17 3 57 
22866 1 65 1 78 
41395 4 1 3 2 1 35 
27104 
3496 1 1 4 2 1 14 1 25 
40877 
15426 
29767 1 1 13 2 1 4 2 35 
28575 
40811 
9375 3 9 1 11 1 36 1 57 
33560 
32894 
34398 4 1 1 2 2 3 2 25 1 101 
24430 6 1 2 4 2 9 2 10 2 17 
35288 
35725 
8225 1 5 3 9 1 10 1 12 1 17 1 24 
9043 
13574 
7052 1 1 1 8 4 9 1 10 1 12 
14146 2 1 4 2 13 9 4 10 1 13 
10653 
34450 2 1 11 2 5 9 1 12 1 34 
39388 3 1 11 2 1 21 1 25 1 35 
34726 
24669 12 1 2 3 4 4 2 6 
37735 1 1 1 38 
37378 1 1 14 2 1 34 
27755 
18066 6 1 2 2 1 3 2 4 1 14 
12712 1 1 5 2 3 3 
1518 1 1 3 2 1 8 
5662 1 3 3 63 
15145 1 1 2 9 2 11 1 12 1 17 
12493 
31376 
22511 1 1 5 2 1 4 3 9 3 12 
26206 
17436 2 1 2 2 3 9 2 11 1 13 
2001 
10192 
14425 
10064 
15502 
15750 6 1 6 2 1 3 2 4 1 14 
40319 
11438 1 1 7 2 4 25 1 100 
27140 
29848 1 1 1 30 1 42 
26579 
22577 4 8 8 9 
39115 2 1 5 2 1 14 1 29 1 30 1 34 1 77 
25701 
40566 
33095 
7285 4 75 
30070 
31091 
41286 
41085 3 1 3 10 1 32 2 34 
4104 1 2 2 41 
33296 2 1 2 2 1 19 1 22 
1282 2 1 2 2 1 3 1 14 
21349 
870 1 5 3 9 1 10 2 53 
15414 4 1 2 2 1 4 3 9 2 10 1 13 
2683 9 2 1 14 1 65 
22044 2 1 9 2 2 3 1 70 
15605 2 1 6 2 2 9 4 10 
2546 2 1 3 2 2 3 
7851 1 1 2 2 1 6 1 42 
30638 2 1 1 2 1 4 1 14 1 26 1 27 
20658 6 1 6 22 
22912 1 1 1 2 1 22 
17955 3 1 3 2 2 3 1 20 
3685 
15901 
31889 
9784 1 1 2 2 1 5 1 6 
14892 2 1 1 7 3 9 3 10 1 64 
11854 2 1 2 2 1 3 5 9 1 12 
26005 1 1 2 2 1 3 2 63 
40628 
18800 1 1 7 2 1 3 1 6 
23264 2 1 1 2 1 6 4 9 1 10 1 13 1 35 1 38 2 42 1 64 
29212 1 1 4 2 1 27 1 34 
1321 1 1 1 2 1 5 1 77 
39444 1 1 2 2 1 4 4 5 1 34 2 35 
17651 4 1 3 2 2 3 1 4 2 14 
36546 
12809 3 1 6 2 1 3 1 4 
16807 3 1 4 2 1 3 6 9 4 10 
38443 3 1 3 2 1 14 1 22 1 32 
18265 2 2 4 3 6 64 
35930 2 1 5 2 1 3 2 35 1 42 1 74 
26355 
4966 2 102 
38482 
28851 
38831 3 1 1 2 1 5 1 84 
34088 4 1 4 2 2 3 1 29 1 77 
36335 1 64 
36778 
25950 7 9 2 10 3 53 
6217 4 9 1 10 1 24 1 57 
31453 
19431 
21841 
34714 
37920 
13047 
2802 2 1 6 2 1 7 
1055 4 9 1 10 1 17 1 18 
19882 2 1 1 3 4 9 1 10 1 12 1 18 
19967 2 1 2 3 1 14 1 42 1 77 
19843 1 1 11 2 1 38 
27644 3 1 4 2 1 3 1 22 
17872 4 1 2 3 1 6 1 19 
21433 14 9 10 10 
23845 6 2 6 5 1 6 2 35 2 64 
2388 1 1 10 2 4 9 2 10 1 25 1 42 
36973 
5169 1 1 2 2 1 4 3 64 
39400 4 1 11 2 1 35 
826 1 1 2 2 1 3 1 6 
39098 7 2 1 3 2 24 1 29 1 77 
28672 1 3 2 4 2 44 4 45 1 48 
18844 3 1 1 2 1 6 1 8 
41271 2 2 1 6 5 9 1 10 1 14 1 37 1 77 
25312 
40290 
36021 
4830 
14606 4 1 3 2 1 4 2 9 4 10 
33385 1 1 2 2 1 14 1 29 
3334 3 9 2 10 7 53 
12301 2 1 3 2 1 3 3 27 1 35 1 81 1 103 
5399 4 1 1 2 1 4 1 6 
31381 
28009 2 1 6 2 2 35 
22498 
8490 1 1 6 2 1 3 1 6 
22000 4 3 3 14 1 24 1 27 
41217 
38339 
12051 1 1 16 2 5 9 5 10 
35813 
4805 2 1 2 2 1 45 
32330 
30507 3 2 5 9 1 12 1 27 1 34 
22350 2 1 10 9 2 10 1 70 
10846 
12267 2 9 1 10 2 11 1 12 1 19 
35197 
5818 2 64 
16269 5 1 8 2 1 3 1 4 1 22 
28359 3 1 8 9 3 10 1 13 
12044 6 2 1 3 15 9 3 12 
25605 3 1 4 2 4 3 1 7 1 8 
37935 2 64 
25414 
1683 8 2 2 3 
37199 2 1 5 9 1 13 1 14 1 33 
35242 4 9 1 10 1 65 1 71 
34926 
35283 
1546 3 2 1 8 5 9 1 12 
10658 
27955 4 1 9 2 1 25 2 34 
12912 5 1 1 2 1 26 1 70 
34393 1 7 1 18 1 24 
2282 3 1 6 2 1 4 1 14 
11349 2 1 1 2 1 6 1 77 
16355 3 1 4 2 2 9 3 10 1 13 
17600 4 1 9 2 2 3 
4285 2 1 1 4 1 14 1 51 
28265 5 16 
18851 2 1 6 2 1 8 1 42 
30295 4 9 1 11 1 13 1 14 1 42 
9864 11 9 8 10 1 17 
8858 2 1 6 2 4 3 
15950 
37631 2 1 15 2 2 27 2 35 
25901 
16005 4 1 14 2 2 8 
21854 
24892 
19212 1 5 1 6 5 9 1 10 
31834 
28800 
13264 
22809 
26807 
2321 
27651 2 1 13 2 1 3 1 42 
8975 3 1 1 2 1 3 1 6 1 19 
28844 2 2 1 14 1 74 5 75 
18672 
30386 
40509 16 2 1 19 
35621 6 1 45 2 2 22 2 32 
15312 3 1 5 9 4 10 1 12 
31219 1 1 1 2 1 5 1 22 
29431 
3476 2 1 1 2 1 49 
348 4 2 1 14 2 35 
3053 4 1 1 2 1 3 1 8 
23047 2 1 4 2 2 3 2 14 
11841 2 1 8 2 2 25 
9165 2 1 1 18 1 24 1 70 
29843 1 1 12 2 4 9 1 12 1 17 1 96 
2055 2 1 3 2 1 3 1 4 1 14 
1802 10 9 4 10 
29967 4 1 4 9 2 10 2 25 1 81 
29882 
1388 3 9 1 53 2 71 
13845 
17644 2 1 6 2 1 4 1 5 1 14 
27872 2 37 2 64 
11433 5 1 1 4 2 9 3 10 1 17 
39451 4 1 11 2 1 4 2 34 1 35 1 63 
22051 2 1 6 2 1 3 1 21 
5422 1 1 3 2 1 8 
9395 3 9 1 10 1 42 2 57 
4052 1 1 15 2 1 3 
20846 
38384 2 1 2 2 1 14 1 34 1 51 1 77 
12350 1 1 1 2 1 6 1 69 
18359 1 1 4 2 2 3 3 64 
34179 6 1 2 2 4 3 3 22 
22267 
32031 
26269 3 1 1 2 2 3 1 14 
24606 
31080 
37373 2 1 30 2 2 34 
39383 3 1 9 2 1 21 1 25 1 35 
40276 
35925 1 1 14 2 1 27 1 34 1 64 
22301 4 2 1 3 2 4 2 9 4 10 2 14 1 19 1 26 1 34 
39342 
18009 3 1 4 9 1 10 1 13 1 25 1 34 
36320 9 1 3 34 
12498 
38327 
12000 10 9 6 10 2 11 
31350 
35475 6 1 3 3 1 4 2 9 4 10 1 18 
23837 
39053 2 1 5 2 1 34 1 38 
11031 1 1 9 2 1 5 8 9 4 10 
29033 2 2 1 32 1 103 
39518 3 2 2 22 
33857 2 14 2 19 
6849 6 2 1 111 
21330 1 1 13 2 4 9 1 12 1 17 
19919 1 1 1 5 1 6 
13035 2 1 3 2 4 9 1 13 1 17 
38304 1 1 5 2 1 3 4 14 1 35 1 42 
16271 4 1 4 2 1 3 1 4 1 21 
31498 
39303 1 1 1 34 1 45 
22381 4 1 1 2 1 3 1 4 1 14 
638 
28034 2 1 16 2 2 29 
6376 1 1 1 2 5 9 1 10 1 19 1 77 
31000 2 1 7 2 2 3 1 4 2 22 
20152 
24686 
13829 
30132 
12080 4 1 1 3 1 4 1 5 
37496 3 1 9 2 1 5 4 9 2 10 1 35 
38054 
18089 4 1 6 2 1 3 1 4 1 14 
25790 1 1 1 49 
40589 
30306 1 14 1 74 2 76 
9662 1 1 4 2 7 9 3 10 1 77 
15776 8 9 3 10 1 24 1 57 
40122 
4471 4 1 2 2 2 3 
41269 2 2 1 6 5 9 1 10 1 25 1 37 
35949 1 1 9 2 1 35 1 41 
7491 
32433 4 1 5 2 1 3 1 34 
30056 
15548 5 1 1 3 1 4 1 49 
12219 2 1 1 2 2 22 
22453 1 1 1 5 5 9 1 13 
20036 3 1 1 2 1 8 
16217 9 1 6 2 3 3 2 4 
1380 9 9 1 11 2 12 
1741 6 1 2 3 1 4 
29802 
18210 6 1 3 2 1 3 2 4 1 5 
32841 
17795 4 1 1 2 2 3 1 22 
27464 
4944 2 1 2 2 1 22 
38663 
19670 8 9 2 10 3 11 3 57 
17680 2 1 8 2 2 3 
5375 
7809 2 1 8 2 4 9 2 10 2 25 2 77 
8850 6 1 2 2 2 4 2 26 
20693 
26824 
13321 
12834 3 1 1 2 1 3 1 4 2 64 
1604 3 1 6 2 1 3 
16085 5 9 1 10 1 42 1 45 
25981 4 1 9 2 1 4 
5043 1 1 2 2 1 3 1 5 1 14 
14338 1 1 1 2 1 4 1 5 1 14 1 65 
14775 4 1 3 2 1 3 1 4 1 8 
28178 7 1 3 3 1 4 2 26 
22889 
23020 1 1 1 6 2 24 1 26 
26962 
11325 3 1 22 2 1 3 
26887 
28880 4 1 5 2 1 14 3 26 
33612 
39664 
35203 
31912 
2564 6 2 1 3 1 64 
25685 1 74 8 75 
31044 3 1 2 2 1 24 1 35 
38340 
34476 1 1 8 2 1 14 1 103 
36347 
17362 1 1 10 2 1 3 2 14 
32349 
29696 1 2 1 3 5 9 1 12 1 14 1 24 
12381 13 2 1 8 1 24 
14686 21 2 
4838 
10152 2 1 2 2 
9502 3 1 1 3 1 4 2 27 
33305 2 1 9 2 1 19 1 22 
18034 1 1 18 2 7 3 
30524 1 4 1 14 2 22 1 77 
23829 2 1 21 2 1 29 
22080 4 1 1 2 2 3 1 6 4 9 2 10 
28089 2 1 4 2 3 3 1 14 
8498 3 1 2 2 2 3 1 8 
15790 1 1 3 9 1 11 1 12 1 17 1 34 
31301 
33055 1 22 1 32 1 77 
31267 
21031 1 6 1 42 1 77 
13837 1 6 8 9 2 10 2 57 
19033 1 1 4 2 1 6 4 9 1 10 1 17 1 77 
5810 
31051 
26271 2 1 1 38 
30587 1 1 5 9 1 12 1 19 
11330 10 2 1 6 
7289 1 29 1 76 
34161 
29919 
23035 
25548 
38526 
6434 3 9 2 11 1 36 
2380 1 1 1 2 1 18 1 103 
2741 3 1 1 6 1 8 
22219 3 1 3 2 2 3 1 8 
12453 3 1 1 46 1 49 
10036 2 3 10 9 2 10 2 18 
26217 2 1 1 2 2 45 
843 1 1 9 2 1 21 
15769 7 1 1 2 2 3 2 4 1 14 
18648 4 1 2 2 2 8 
22587 3 1 5 2 1 3 1 7 2 8 
4152 
26589 2 1 1 3 4 9 2 10 1 25 1 64 
29140 1 74 1 77 
27848 
16534 5 2 3 9 2 11 1 13 
19436 
7886 
787 1 1 6 2 1 44 
26122 1 37 
21846 4 1 2 2 2 4 4 27 
31638 4 1 1 2 1 4 2 34 1 35 
5903 
18103 3 1 10 2 1 4 1 14 
27656 2 1 2 2 1 3 1 42 
25906 1 7 1 69 1 76 
37636 
34625 
21658 
34073 4 1 11 2 1 35 
40085 9 64 
4004 4 9 1 10 1 24 1 36 
36783 
17767 6 1 2 2 2 3 1 4 
7324 
36742 
19104 7 1 1 3 2 4 1 6 
39720 
20349 4 1 4 2 2 34 
18856 4 1 2 2 2 3 1 8 5 9 1 10 
8635 6 1 4 2 2 3 2 4 
23527 3 1 2 2 5 9 1 12 1 35 
32693 2 1 2 2 1 22 1 25 
7206 2 1 13 2 1 3 1 14 1 77 
1854 
18585 2 1 12 2 4 3 
10854 
8600 5 1 3 3 1 4 2 27 
5245 1 1 1 2 1 14 
23584 
7659 
30889 2 1 5 2 1 6 1 22 
23958 
33938 1 1 2 2 2 25 1 37 
13539 
34921 
2517 1 5 5 9 1 12 1 77 
23753 
5069 2 1 2 2 2 22 
41290 
24601 
40271 
22306 
20841 
30453 
32036 
14650 
20433 1 6 1 42 1 77 
22056 
35110 
8384 
1155 
12587 2 1 4 2 1 3 1 18 
16589 2 1 11 2 2 3 1 70 
36554 
39456 
19140 4 1 4 2 1 4 1 25 
36988 6 1 4 2 2 3 8 9 4 10 2 14 2 25 2 33 2 42 2 101 
17848 5 1 2 2 2 3 1 4 1 14 
6246 1 1 1 65 1 77 
16122 5 1 9 2 1 3 1 4 
26534 2 1 3 2 1 14 1 34 
29436 
11846 2 1 3 2 1 22 1 25 
31507 4 1 1 35 
930 5 9 1 10 1 42 2 96 
7766 
22132 
12524 3 1 2 2 2 3 1 4 1 8 
37093 4 1 30 2 1 22 1 34 
24905 
25769 1 106 
28648 2 1 17 2 1 25 2 77 
35626 2 1 2 2 2 9 2 10 1 16 1 24 1 35 1 36 1 53 1 96 
30381 
36908 2 1 6 2 1 21 3 34 
30267 1 1 7 2 1 4 2 35 1 64 
20031 1 1 15 2 3 3 1 6 3 14 1 22 1 26 
32846 
13798 3 1 5 2 2 3 1 14 
12507 6 2 2 19 
16509 3 1 14 2 1 3 1 4 
31587 
10330 4 1 18 2 2 3 
28297 
26290 1 1 7 2 1 3 1 4 
8303 
30051 1 1 13 2 1 22 
9817 1 5 1 20 
25572 2 6 2 69 
14194 5 1 2 2 1 3 2 26 
11152 
14062 2 1 14 2 1 3 1 42 
39747 2 64 
30301 1 1 1 30 1 77 
15771 3 1 10 2 2 3 1 14 
18468 4 1 1 2 1 4 5 9 1 13 
31524 4 1 10 2 2 3 2 22 
38722 1 6 4 9 1 10 1 17 1 77 
2494 3 1 4 2 1 3 1 77 
24985 3 1 8 2 9 3 2 4 3 14 1 22 
37491 
1652 2 1 4 2 1 103 
15717 7 1 1 2 3 4 1 14 
24681 1 1 6 2 2 34 
41534 
16276 2 1 23 2 1 3 1 21 
17038 4 1 6 2 2 3 2 9 4 12 
3255 1 2 1 14 1 74 2 75 
2253 3 1 4 2 1 3 2 77 
11036 7 2 8 9 4 10 2 25 2 64 
8779 2 1 2 3 2 27 1 45 
27719 1 1 4 2 2 26 1 74 
29691 3 1 16 2 1 14 2 26 
15028 1 1 11 2 2 9 1 10 3 57 1 77 
502 6 1 2 2 2 4 
7837 
4083 2 1 1 2 2 3 2 24 
445 4 9 2 11 
22295 3 1 1 2 1 3 1 14 1 18 1 70 
34649 
34471 1 1 1 2 4 9 1 10 1 36 1 77 
18505 2 1 3 2 4 3 
7561 
11693 20 2 
30809 4 1 3 2 2 4 2 14 1 77 
8608 2 1 1 2 1 3 1 29 
23504 1 4 1 14 2 22 1 42 
5984 2 1 3 2 2 3 
8477 3 1 2 3 1 4 1 102 2 103 
8132 
20325 
40355 
18142 1 4 9 9 2 10 1 11 1 14 1 42 
18183 1 1 9 9 1 10 1 12 1 13 1 14 
39868 
37160 5 2 1 3 1 14 1 35 1 77 
12638 3 1 3 2 1 3 1 22 
19127 3 1 4 2 2 3 1 63 
13326 2 1 7 2 1 3 1 14 
24223 
25986 
3082 
36703 
29995 3 1 5 2 1 39 
26628 
40005 
29139 
13993 4 1 2 2 1 3 1 4 1 5 
39159 2 1 15 2 3 3 1 4 1 34 
17174 3 1 5 2 1 19 1 26 
19184 
34417 3 1 2 2 4 9 1 10 1 17 1 32 1 77 
30000 2 1 1 2 1 38 
24194 
21152 2 1 1 3 1 14 1 35 1 77 
7744 4 2 2 25 2 29 
24062 
30498 
4655 3 9 1 36 2 57 
1494 4 9 2 10 2 24 
14985 1 1 7 2 1 8 
25771 2 1 9 2 1 103 
31132 
28468 
10031 
9433 1 5 1 65 
22507 1 2 1 26 1 35 
30350 
26509 3 1 3 2 2 3 2 4 1 21 
23798 2 1 4 9 4 10 1 25 1 77 
18297 2 1 13 2 1 3 1 21 
20330 
6264 9 9 2 10 1 36 
15572 1 1 1 9 1 10 1 12 1 36 1 39 1 64 
16290 2 1 17 2 2 3 
38521 10 9 2 10 1 42 1 94 
31056 3 1 1 3 1 103 
27038 
34166 
37513 3 1 7 2 1 14 1 22 1 34 
26276 4 2 2 3 1 14 1 64 
37058 
1253 
6641 1 1 5 9 1 13 1 14 
31306 
2652 
25717 
12386 20 9 2 12 2 13 
40269 
37308 
41122 
14681 
13540 2 9 2 10 6 53 
5143 1 1 13 2 1 41 
13504 1 1 6 2 1 14 1 22 
6704 
10325 5 9 2 10 3 57 
25028 2 2 10 3 12 14 2 77 
19691 
17719 4 1 4 2 1 3 1 4 1 14 
35165 3 1 8 2 1 34 
12295 6 2 2 3 
28505 1 1 8 2 1 35 
7413 2 1 3 2 2 22 
21693 4 2 4 9 2 12 
19995 
16628 7 2 1 3 1 65 
19139 1 1 14 2 4 9 2 10 1 24 1 25 
27174 3 1 1 2 2 3 1 14 1 77 
7601 1 2 1 25 2 44 
29184 
40807 
28183 5 1 2 2 1 3 1 4 2 26 
30912 2 1 25 2 1 19 
9554 
28142 1 1 6 2 3 3 
32658 
8568 4 1 1 2 1 4 2 26 
23326 
22638 3 1 3 2 2 3 1 4 1 8 
29127 1 1 10 2 1 27 1 34 
15986 1 1 6 2 1 3 2 5 
30044 1 1 8 2 1 35 
14223 4 1 13 2 2 3 
26281 
17033 10 2 1 3 3 9 3 12 
11220 2 1 2 2 1 3 1 18 
30577 1 1 7 2 1 39 1 77 
27919 
3201 1 1 15 2 1 14 
25262 
8497 3 1 7 2 2 3 1 4 3 9 3 10 
28079 6 1 3 2 3 3 2 4 1 14 
4561 3 1 3 2 1 4 1 14 
22070 
14676 
4837 2 1 4 9 1 13 1 17 
7083 
12371 
530 2 1 2 2 4 9 2 10 
745 4 2 1 14 1 24 
24690 3 2 4 3 
41201 6 2 1 4 2 35 
38245 
18463 2 1 8 2 1 3 5 9 1 12 
3828 
25786 3 74 3 77 
39470 
9069 4 1 1 3 1 8 1 25 
12317 2 1 8 2 1 6 
2159 2 1 5 2 1 3 1 21 
6952 
16319 
37480 
28602 
12096 1 1 20 2 5 9 1 12 
2941 1 6 1 19 
13793 
36903 2 1 3 2 2 34 
16566 
29795 9 1 7 2 1 34 1 81 3 84 
19464 4 1 11 2 1 35 
30511 3 2 1 33 1 77 
17802 5 1 3 2 2 4 3 9 3 10 
13412 2 1 4 9 1 13 1 71 
41367 1 74 1 77 
26623 2 107 1 108 
13998 1 1 6 2 1 38 
6210 4 9 2 12 2 64 
23 2 1 10 2 5 9 1 13 
33599 2 78 3 79 
20894 
36708 3 9 2 10 1 17 1 24 1 77 
27670 4 1 1 2 1 3 1 4 1 26 1 27 
29680 
38864 
39947 2 1 2 2 2 22 
3761 1 39 2 42 
8023 
18870 6 1 3 2 1 3 1 4 1 8 
16877 6 2 2 8 4 9 2 10 1 66 
21235 
12879 3 1 12 2 1 3 
18188 5 1 5 2 3 3 3 25 
2474 
38922 4 2 5 9 1 12 1 35 
24785 
24228 1 1 10 2 1 74 
9245 2 27 2 45 
15971 1 1 2 2 1 38 1 77 
31255 
12633 1 1 4 2 3 3 
26075 1 1 9 2 1 75 
33067 
23231 1 1 1 28 
16811 8 9 3 10 1 11 1 64 
30866 2 2 5 9 1 12 1 14 1 25 
36249 
32247 
18315 2 1 1 26 1 110 
15675 1 1 2 2 1 38 1 77 
28896 12 16 
9903 1 1 1 2 5 9 1 10 1 19 1 66 
121 2 1 3 2 2 3 
15917 3 1 5 2 1 3 1 4 2 64 
17696 1 1 3 2 1 3 1 45 
15023 2 1 4 2 1 4 2 14 
8799 2 1 2 3 2 27 1 56 
1336 1 1 7 2 1 14 1 22 
11698 1 1 7 2 1 7 1 64 
29362 
23314 
39496 1 1 3 2 1 37 
18079 5 1 16 2 2 3 1 4 1 14 
36594 
4413 3 1 4 2 1 3 
12070 
31369 
37303 
24676 
22371 3 1 5 2 2 3 1 18 
40206 
21220 1 1 2 2 2 5 1 44 1 81 
27033 1 6 4 9 1 10 1 53 1 97 
37518 3 1 6 2 1 3 1 18 1 27 1 33 1 34 1 77 
16281 1 1 23 2 1 20 
17919 2 1 5 2 4 9 1 13 1 17 
34109 1 21 
32064 
31516 
15262 5 1 3 2 2 4 3 9 3 10 
37053 
3544 1 1 1 2 2 66 
35485 
5065 2 1 2 2 2 7 
1941 1 4 4 24 
23793 
23412 
27802 
26566 2 1 1 3 3 9 1 10 1 33 1 42 2 57 
19795 2 2 7 3 8 14 1 16 3 26 
29464 1 1 8 2 4 3 5 14 1 32 
41250 
4601 1 1 19 2 1 3 
14690 26 2 
30493 
3412 
30712 
22317 
1159 
28463 3 1 1 3 4 9 1 12 1 13 1 77 
15786 8 9 3 10 1 57 1 64 
22096 1 1 1 20 
40579 3 2 4 9 1 10 1 11 2 14 1 25 1 29 1 77 
18602 
32653 1 1 5 2 1 37 
28870 
28188 2 1 5 9 1 13 2 26 
33865 2 2 6 3 8 14 1 19 2 26 
26877 1 6 2 77 
11235 3 1 7 2 1 3 2 77 
22879 1 2 4 3 4 14 1 24 1 26 
8639 5 1 1 4 1 8 1 25 
25971 2 1 8 2 1 103 
14785 2 7 2 64 
1474 1 1 3 2 9 9 5 10 
14228 3 1 23 2 1 3 
13231 1 1 10 2 1 22 1 42 
22633 
16075 
23998 
814 2 1 11 2 1 6 1 22 
7655 2 1 3 2 1 3 1 7 1 8 
16623 5 1 2 2 2 3 1 8 1 70 
5249 9 9 2 10 1 11 
13 
3881 
4744 18 9 6 10 
17670 2 1 2 2 3 9 2 12 1 13 
19680 
27696 1 1 8 2 1 3 1 4 
25023 1 2 4 3 5 14 1 77 
2336 
21698 3 1 3 2 2 3 1 14 1 19 
13314 2 1 2 2 2 3 2 14 
34486 4 9 1 10 1 13 1 14 1 42 1 64 
19362 
26811 2 1 2 2 2 3 1 29 1 77 
28315 
18896 3 1 6 2 1 6 1 8 
221 
25675 1 14 1 16 1 19 1 30 1 77 
6066 
25917 2 9 3 53 1 71 
40395 1 1 13 2 5 9 1 13 1 14 1 37 1 77 
34406 
13953 
29955 
24141 
33019 
39935 
35273 1 63 1 65 
39199 2 1 1 2 1 3 1 30 1 77 
5554 
21247 4 1 2 39 
17212 
22255 
487 1 1 3 2 1 7 1 20 
4886 3 9 2 10 1 17 1 20 1 24 
28108 6 1 6 3 
12861 2 1 2 2 1 3 1 41 
29651 
11653 3 1 1 2 1 4 5 9 1 12 
15969 1 1 6 2 1 38 1 77 
39631 
7152 6 2 3 3 1 4 1 63 
14705 3 2 1 3 1 20 
9143 2 1 2 2 2 4 10 9 2 10 
35568 1 5 1 77 
32235 
8857 2 1 6 2 4 3 
33280 
789 2 1 1 35 1 42 
25421 
1387 1 1 5 2 1 3 1 22 
27843 
27967 3 1 9 2 5 9 1 12 1 25 2 34 2 64 
27882 
19644 2 1 3 2 1 34 1 38 1 64 
29872 
11549 
12702 3 1 6 2 1 3 1 22 
34232 2 9 2 11 1 17 1 53 
4032 3 1 4 2 1 3 1 4 1 30 
28938 6 1 7 2 2 3 1 35 
21294 
24252 3 9 3 53 
12550 2 1 2 2 1 3 1 104 
31743 
38958 3 1 12 2 1 3 1 19 1 33 1 42 
31782 
38584 2 1 1 2 
25777 1 1 8 2 1 32 1 94 
14799 2 1 2 2 1 75 
20029 1 1 11 2 3 3 3 14 1 22 1 26 
18559 
10037 
26216 8 1 7 2 4 3 1 35 1 64 
37573 1 63 
39542 
6195 7 9 2 10 1 17 
5724 
30855 
39583 
22501 1 1 1 2 9 9 2 10 1 13 1 14 
6647 
18291 3 1 13 2 1 3 1 77 
36520 1 23 
20835 
38527 
4229 4 1 2 2 1 4 
8183 2 1 6 9 4 10 2 77 
40309 3 9 3 10 1 20 2 24 
37268 
30586 2 1 11 2 2 22 
15512 2 1 16 2 1 19 
14624 2 1 2 2 2 8 
4999 4 1 3 2 2 4 2 14 
2000 12 9 12 10 
31266 
6365 3 9 1 10 1 24 1 39 
13836 1 6 5 9 1 10 1 64 
40059 
7979 2 64 1 75 1 76 
3033 2 1 3 2 1 3 1 64 
2035 2 1 6 2 1 66 
25711 1 1 13 2 1 102 
14687 22 2 
39105 2 1 16 2 2 34 
30506 4 2 1 5 1 27 1 34 
10963 1 1 5 2 3 3 
40389 
10847 1 1 2 2 1 8 1 32 
12266 4 1 4 2 1 3 1 4 1 14 
35196 1 2 3 3 4 9 2 10 5 14 2 26 
470 1 44 1 110 
20045 2 2 3 3 4 14 1 26 
2008 
8104 2 2 1 14 1 63 
16692 3 1 1 3 1 7 4 9 2 10 
15348 5 1 1 3 1 4 4 9 1 10 1 12 
41216 6 2 2 14 1 34 1 100 
3914 
39185 1 64 
14607 2 1 17 2 1 3 1 14 
37175 9 9 3 10 7 16 6 17 3 77 
31550 1 81 
25164 1 1 4 2 3 3 
918 1 1 5 2 1 38 
9176 3 1 1 3 1 4 5 9 1 13 2 103 
12743 3 1 12 2 1 3 
12782 3 2 1 3 1 6 1 64 
25092 3 1 2 2 3 3 1 19 
1511 
2463 
39318 1 1 8 2 6 6 1 42 
3465 
38504 1 74 1 77 
31702 
21530 2 1 10 9 2 10 1 70 
6692 
19966 4 2 1 6 1 111 
39503 1 21 
22581 
30279 3 9 1 13 1 14 1 42 1 53 1 71 
8966 1 1 5 2 1 6 5 9 1 10 
13046 1 1 7 2 3 3 
5012 1 1 2 2 1 14 1 66 
350 5 9 1 12 1 18 
40432 1 22 1 77 
19709 6 1 6 2 2 3 1 35 
27761 2 1 2 2 2 74 4 75 1 81 
41198 1 1 4 2 1 6 4 9 1 10 1 17 1 30 2 77 
40881 
16153 5 9 1 12 1 65 
12948 1 1 2 2 1 44 1 45 
38540 2 1 1 2 1 3 1 44 1 45 
36547 
17562 2 1 2 2 1 3 1 24 1 70 1 77 
32549 
16806 2 1 1 2 1 3 1 4 15 9 3 10 
426 3 1 3 2 1 3 1 22 
35218 
32123 1 1 2 2 2 22 
4490 2 1 13 2 1 3 1 14 
23722 
1972 
19248 
8830 3 1 1 2 1 4 1 24 2 26 
30422 1 1 1 22 1 85 
34939 
10768 1 1 1 5 5 9 1 10 1 35 
13521 2 1 1 8 1 42 
34195 
33297 3 1 1 3 2 19 1 25 
14538 
11525 12 9 7 10 1 12 
24959 
8805 
7470 3 2 3 5 1 80 
26692 2 2 4 3 1 6 
25348 2 1 5 2 2 3 
39994 3 1 16 2 2 9 2 10 1 24 1 35 2 53 1 77 1 100 
38326 
6454 
24607 
33142 1 1 1 26 6 75 
40277 
6732 1 1 14 2 1 6 1 42 
20847 3 16 
20963 2 1 24 2 2 35 
6923 2 1 3 2 1 3 1 42 
22266 
1008 2 1 5 2 1 3 1 33 
10045 
38993 
40334 8 9 4 10 1 45 
6293 9 9 3 10 1 42 
29966 4 1 1 4 4 9 2 10 2 25 
12581 3 1 2 2 2 3 1 4 1 8 
4858 
33505 
35888 
30324 1 1 10 2 1 25 1 37 
8285 8 75 
23046 2 1 2 25 1 111 
31501 9 2 1 4 5 9 1 10 1 35 
35170 1 63 
22782 1 1 1 3 1 4 10 9 1 10 1 12 1 14 1 42 
15164 4 1 8 2 2 3 
32294 1 8 4 9 1 10 2 42 1 57 
22743 3 1 1 4 5 9 1 13 1 42 
15092 
2511 1 1 1 55 1 77 
1463 
40211 
11530 4 1 2 8 
30387 
22948 
5344 3 1 1 3 1 6 
26806 
27562 3 9 2 10 1 11 2 109 
4975 3 1 4 2 1 4 1 14 
36133 
7 4 1 2 2 2 3 1 77 
17761 3 2 1 3 1 8 2 24 
7995 3 1 1 4 4 9 1 10 1 53 
29709 
26153 10 9 10 10 
20768 1 63 
7225 
23521 2 1 13 2 1 29 
34013 5 2 1 14 1 27 1 34 
6533 3 1 1 2 1 4 1 24 
366 1 1 2 2 5 9 1 12 
38798 2 1 17 2 1 19 1 103 
34558 
21525 1 2 1 6 5 9 1 10 1 14 
34984 4 9 2 10 1 14 2 19 1 42 
14959 1 1 5 2 1 3 1 7 
8052 
33468 1 1 1 35 2 74 
13722 
6179 3 9 1 10 2 11 1 18 
2972 9 2 1 3 1 8 
29248 
34927 
726 2 1 1 2 1 3 1 14 1 101 
27961 4 1 9 2 2 25 2 34 
38314 3 64 
2107 2 1 5 2 1 66 
19909 
12576 1 9 4 11 1 17 
39508 3 1 2 3 1 4 1 8 8 9 3 10 1 12 1 69 1 74 1 77 
37457 
3625 2 1 9 2 1 19 
41379 
2623 3 1 5 2 2 3 1 14 
27437 6 45 
1039 3 9 1 17 2 53 
35674 1 29 1 38 
15660 
1222 
33896 2 1 1 2 1 3 1 22 1 44 
12748 2 1 7 2 1 3 3 9 3 12 
17429 2 1 7 2 1 4 2 14 
31010 4 9 2 53 
674 2 2 2 94 
39313 
21622 3 1 3 2 1 3 1 22 
28067 2 1 6 2 1 3 1 5 
15343 2 1 4 2 3 3 1 14 
38231 3 1 5 9 1 10 1 22 1 32 
1992 14 9 10 10 
15382 
23922 3 1 4 2 2 3 1 4 1 77 
26060 1 1 12 2 1 74 
4470 
30097 
18865 4 1 4 2 1 3 1 8 
16361 2 1 1 14 1 19 1 26 
30316 
28251 2 1 2 2 1 3 1 14 1 28 1 77 
18200 3 1 15 2 1 4 1 14 
23864 
30569 3 1 6 2 3 22 
27665 
29812 3 1 3 2 1 3 1 14 1 35 
1740 5 1 2 2 1 3 1 4 
1381 1 1 8 2 1 21 
10968 2 1 4 2 2 45 
34739 
12209 
16207 3 1 13 2 1 3 
7490 
31289 
24759 
28599 
9724 
38 
22590 
14292 5 1 3 2 1 3 2 4 1 8 1 14 
11254 5 1 3 2 1 3 1 4 
14533 8 2 2 3 2 14 
8851 6 1 2 2 2 4 2 26 
10763 4 1 1 84 
40890 4 1 6 2 6 25 1 35 
18244 
19282 
33602 
39465 2 64 
19243 
17272 10 9 6 10 2 11 
2328 1 5 1 51 
23245 
24147 
21241 
770 1 1 6 2 1 14 
9366 
15439 1 1 5 2 1 5 1 25 
10246 
12867 3 1 2 2 2 9 3 10 1 13 
29657 1 81 
12982 4 1 4 2 1 3 1 4 1 14 
16869 1 2 8 9 4 12 
12943 2 1 5 2 1 3 1 4 1 14 
9196 
6672 1 1 10 9 1 10 1 13 1 32 
39637 
31902 
25484 
32128 
22065 2 1 1 2 1 3 4 9 2 10 1 42 1 77 
35213 
33079 2 16 
19766 3 1 3 2 1 34 
16158 
25427 2 1 2 2 1 8 1 69 
41193 2 117 
25660 
31311 
27429 
2222 5 9 2 10 3 11 
41287 
22748 
6369 1 1 7 9 2 10 1 12 
4 2 1 4 2 1 3 1 64 
33315 2 1 3 2 1 38 1 63 
40567 
11622 5 1 2 2 3 3 
4995 
41224 1 29 1 42 
29909 
17961 3 1 8 2 1 26 
7975 1 1 4 2 1 6 5 9 1 10 1 77 
1107 2 1 2 2 2 7 1 8 
5811 1 11 5 71 
22576 4 1 4 2 1 4 2 103 
3836 3 1 1 112 
40099 
17437 2 1 2 2 3 9 2 11 1 13 
1623 2 1 2 2 2 3 2 25 
35842 
35883 
2039 2 1 9 9 2 10 1 13 
31234 2 1 3 2 1 3 1 5 2 77 
17665 5 1 2 2 1 4 1 26 
19812 1 1 1 3 1 14 1 77 
28200 
13864 
22209 2 1 1 8 1 69 
26207 1 2 2 45 
2740 
2381 1 1 1 2 1 7 1 64 
20968 2 1 28 2 2 29 
36074 
14759 3 1 10 2 1 4 1 14 
18599 1 1 1 3 1 7 1 14 1 69 
34784 1 3 1 14 2 29 
38998 
12590 2 1 3 2 1 3 1 44 
24292 
21254 12 9 6 10 1 11 3 57 
25382 1 1 14 2 1 60 
30895 1 6 8 9 3 10 1 13 1 14 
18067 2 2 5 9 1 13 2 64 
2992 1 1 4 9 1 10 1 13 1 14 1 24 
25343 
6199 9 9 2 10 1 17 
13922 1 5 2 9 3 11 1 12 
16060 5 1 13 2 3 3 
31377 
4225 1 1 11 2 1 3 
34727 
28865 3 1 3 2 1 14 2 26 
18251 
26361 1 1 1 2 1 25 
33870 2 1 1 3 1 22 1 44 
39794 
29243 1 21 
29282 
1328 2 1 2 2 1 6 2 77 
33463 4 2 1 4 1 21 2 35 
13245 4 1 2 2 1 70 
14147 1 1 6 2 13 9 5 10 
27272 1 2 2 3 2 45 4 46 1 49 
3960 18 2 2 5 
342 1 2 5 9 1 12 1 64 
11241 
34018 6 2 1 14 1 34 1 64 
24533 
20763 
38412 4 1 3 2 1 35 
28244 3 1 5 2 5 3 
38793 2 1 14 2 1 19 1 103 
34553 
36138 
39629 
29766 
16595 4 1 7 2 2 3 1 4 
6273 2 2 1 21 1 64 
26158 10 9 14 10 
40876 
41015 6 1 4 2 3 10 3 35 
15427 2 1 2 2 1 3 1 74 1 77 
20246 4 2 1 8 8 9 4 10 1 28 
25439 1 2 3 3 5 14 1 19 
22943 5 1 1 3 2 104 
22982 3 1 1 2 3 3 1 4 1 6 
22867 2 1 5 2 4 3 2 7 
19657 9 9 2 10 2 11 3 57 
26869 
15484 
5482 
35459 6 1 1 4 4 10 2 57 
7858 4 1 2 2 2 81 
12065 3 1 3 2 1 3 1 66 
13229 1 1 1 2 1 3 1 5 1 20 
23374 
632 2 1 12 2 2 22 
22902 4 3 2 14 2 77 
21128 
18738 5 1 1 3 1 4 1 6 
18375 3 1 6 2 3 3 
39941 2 16 
34155 
31065 1 1 3 2 1 22 1 63 
16871 1 1 4 2 7 9 3 10 1 70 
15977 3 1 1 2 1 119 
7850 2 45 
27126 3 1 2 2 4 3 1 4 1 14 
8809 
24999 5 16 
23237 
15615 
33061 1 22 1 32 1 42 
24135 
15404 3 1 12 2 1 3 
39645 6 2 1 3 2 9 3 10 1 34 1 36 2 64 
3968 4 2 2 9 4 12 
12819 2 1 22 2 2 3 
16817 3 1 2 4 1 8 10 9 2 10 
1320 
29202 
3767 10 9 2 10 1 66 
18810 3 1 7 2 1 3 1 22 
32241 
26015 8 9 4 10 2 64 
16193 6 1 4 2 2 3 1 4 
9344 
15911 1 1 4 2 1 4 2 5 1 14 
41158 2 1 3 2 1 79 
34740 1 21 
37022 
27610 2 1 3 2 4 3 
2748 1 1 16 2 1 60 
30571 
13472 2 1 1 2 1 4 10 9 2 10 
22289 2 1 2 2 2 3 2 64 
26287 2 2 2 3 2 5 
28280 
2947 1 1 3 2 1 3 2 64 
31590 1 1 1 24 4 25 
12234 2 1 2 2 2 103 
34704 2 16 1 64 
14120 
404 
3469 3 1 3 2 1 3 1 4 
35032 1 1 5 2 1 22 
26224 2 1 12 2 1 6 1 22 
25302 
39410 
33108 
16379 2 1 3 2 1 7 2 66 
12377 1 20 1 44 1 49 
41207 
15440 
18933 5 1 7 2 1 8 1 70 
22010 1 1 6 9 3 10 1 13 1 24 1 42 
35156 
4567 1 1 1 19 1 64 
28019 
8491 2 1 7 2 2 3 1 6 
32622 1 2 1 8 1 14 2 69 
12311 1 1 10 2 1 14 1 22 
4831 
25136 
14616 1 1 5 2 8 9 3 10 1 13 
27979 4 1 9 2 1 25 2 34 
30517 
16652 5 2 1 8 1 21 
29989 3 1 1 39 
35803 1 1 2 2 1 14 1 22 1 31 1 42 
3207 2 9 1 36 3 71 
41361 1 9 2 11 2 34 
19934 
28375 4 14 
28738 
12902 
11128 
33360 1 6 2 42 
26871 
7229 5 2 6 3 
14999 4 1 3 2 1 3 1 4 1 14 
25977 1 1 5 2 1 32 1 94 
31982 2 1 12 2 6 9 4 10 2 77 
31867 
25404 2 1 3 2 1 38 
38758 1 1 3 2 1 14 1 30 
34598 4 1 9 2 1 35 
13237 1 1 1 2 1 5 1 25 1 103 
31943 
25615 
14135 4 1 1 2 2 4 1 5 1 14 
23229 1 63 
6175 3 9 2 53 1 57 
13374 1 1 5 2 1 6 5 9 1 10 1 77 
7032 
3887 
4979 2 1 2 2 1 30 
17610 5 1 2 3 1 8 
2320 
7999 1 1 3 2 4 9 2 10 1 64 
22819 2 1 2 2 1 3 1 14 
26817 
28810 
33682 
19202 
33643 1 16 2 77 
26193 2 9 2 53 2 71 
16015 
25911 8 9 2 10 2 53 
30772 2 2 2 5 1 6 2 77 
4478 2 2 2 5 
4607 1 1 1 2 1 3 2 42 
15302 5 1 5 2 1 4 1 9 5 10 
16224 1 1 5 2 1 3 10 9 2 12 
40519 8 2 2 35 2 42 
26379 2 1 2 2 1 3 1 26 
4123 1 1 4 2 1 3 1 7 
8289 1 1 1 2 1 74 1 75 
22377 1 64 1 74 1 75 1 76 
518 
5176 1 2 1 18 1 44 
12289 1 1 5 2 1 55 
23472 
16287 2 1 15 2 2 3 
15052 4 1 10 2 2 4 2 66 
9012 
37263 
17445 3 1 2 2 2 3 1 8 
1748 1 1 6 2 1 3 
32254 
18280 2 1 2 3 1 22 2 64 
1947 
40366 
24120 1 23 
22234 
7498 
31209 
6874 1 1 3 2 2 35 
39954 1 64 
17979 2 1 4 2 1 4 1 27 
41060 1 1 1 2 1 3 5 9 1 12 1 14 
39588 
26652 3 1 3 25 
19989 3 9 2 10 1 57 2 64 
36632 6 1 2 34 
31576 1 1 10 2 1 3 1 35 
29934 6 1 10 2 2 30 2 32 1 81 1 84 
12010 2 1 15 2 2 3 
28933 1 1 4 2 1 37 
25440 1 2 3 3 5 14 1 19 
18019 1 1 3 9 2 10 1 13 1 14 1 24 1 64 
37746 1 2 3 75 1 76 
22311 2 1 4 2 1 4 4 9 2 10 
3122 
38953 3 2 1 29 1 30 1 77 
31748 
15136 2 1 3 2 1 3 1 63 
24616 
38836 8 1 10 9 2 10 1 81 3 84 
27767 1 1 1 2 1 3 1 14 1 74 2 75 
40962 2 2 4 9 1 10 1 17 1 18 2 35 
40887 
10349 2 1 17 2 1 3 1 14 
29104 
28856 2 1 2 2 1 14 1 26 
8560 3 1 1 8 1 25 
6783 1 1 1 19 1 74 1 75 
17656 4 1 2 2 2 3 1 4 2 14 
36541 
28103 2 1 3 2 2 104 
15906 4 1 12 2 1 3 1 26 
11658 2 1 6 2 1 45 
8795 3 1 3 3 2 27 1 77 
40824 2 1 1 2 1 25 
20854 2 1 5 2 1 29 
13958 16 2 2 26 
13584 1 1 21 2 3 3 
23539 1 24 
30834 2 1 1 25 1 30 
35278 1 3 3 74 
13527 4 1 3 2 2 3 2 25 1 101 
8826 2 1 1 4 5 9 1 10 1 64 
33291 
34469 
31295 1 1 3 2 1 51 1 77 
9249 
2854 4 1 3 9 1 11 2 13 
28585 
10841 3 1 11 2 1 3 
3153 7 9 2 10 3 53 
30219 
24650 
10433 
12056 24 2 4 3 
34630 2 9 4 10 1 24 3 64 
2155 4 1 4 2 2 3 
9065 
41509 2 1 5 2 1 19 1 22 1 34 
1517 3 1 2 2 1 3 1 25 
31386 
29755 4 14 
13753 2 1 12 2 1 3 1 42 
37388 1 1 1 3 1 14 1 30 1 77 
14601 1 1 3 2 1 7 1 8 
36026 1 64 
39378 3 1 6 2 1 21 1 25 1 35 
39735 6 2 3 14 1 34 
12306 
41276 1 1 3 2 1 6 5 9 1 10 1 37 1 77 
6582 
489 1 65 
22524 
30080 2 1 1 2 1 38 
12132 1 1 3 2 1 8 2 69 
37115 
14905 1 66 2 76 
38857 
31768 
37909 1 1 7 2 1 34 
32586 
25639 6 9 3 10 1 11 1 77 
14119 3 1 24 2 1 3 
9521 10 9 2 10 1 32 1 96 
33340 
17508 5 1 1 3 1 4 1 19 
19457 
15684 2 1 7 2 1 45 
2200 2 2 1 5 1 20 
25873 2 1 2 2 2 14 1 19 1 22 1 34 
41354 1 74 8 75 1 76 
11506 1 1 1 2 1 5 1 6 
31963 2 1 2 2 6 9 4 10 2 77 
35659 4 1 11 2 2 3 5 9 1 10 1 30 1 42 3 77 
7773 2 1 1 2 1 6 1 77 
31847 
4793 3 9 1 11 1 17 1 53 
3233 4 9 1 17 1 71 
39429 
2235 4 9 2 10 1 18 1 64 
41004 3 1 9 2 3 10 3 34 
15627 2 1 5 9 2 10 1 13 1 34 
17313 1 1 7 2 1 74 4 75 1 77 
10702 
3792 2 1 1 3 1 14 1 19 
4232 4 1 3 2 1 4 
16825 9 2 2 3 10 9 2 12 
21387 
35372 2 1 4 9 2 10 2 25 
18321 1 1 1 3 1 21 1 65 
38612 2 64 
26027 2 2 1 6 6 9 4 10 
23880 3 1 3 3 2 27 1 31 
22029 3 1 1 2 2 3 1 6 1 8 
10550 3 1 1 2 1 6 1 7 1 8 
28020 4 3 3 14 1 42 1 77 
23178 
32855 
20501 2 3 2 14 2 77 
26913 
21324 5 1 1 10 5 12 1 18 
33663 
16039 4 1 18 2 2 3 
25191 
12037 4 1 20 2 2 3 
3940 2 9 3 11 1 17 
24774 
7911 2 7 5 9 1 10 
4029 3 1 2 2 1 3 1 22 
8350 
26084 1 1 12 2 1 102 
7309 
22835 2 1 3 2 1 3 1 5 1 77 
11279 3 1 11 2 1 3 
5875 
5459 2 1 9 2 1 22 
3356 4 9 1 10 1 71 1 74 
30241 
10819 
8946 4 1 1 2 1 3 1 8 
2443 2 1 17 2 5 9 1 13 
39761 
3445 
38515 1 1 11 2 1 22 
16492 3 1 8 2 3 3 
9318 2 1 1 2 1 4 2 27 
16713 1 1 4 9 1 10 1 12 1 65 
14407 4 1 5 2 2 3 
14974 2 1 8 2 4 9 2 10 2 77 
34960 
9899 2 1 6 2 1 22 1 25 
7633 3 2 8 9 6 10 
20902 1 1 5 2 1 22 
13399 3 2 2 76 
5580 1 1 1 2 4 9 2 10 1 24 1 77 
30622 2 1 2 2 1 35 1 60 
18236 3 1 6 2 1 3 1 19 
17994 3 1 13 2 2 3 1 14 
20010 2 2 7 3 8 14 3 26 
27185 
13173 2 1 17 2 1 6 1 22 
2714 5 2 2 3 1 32 
29175 
10311 4 1 15 2 2 3 
36366 2 16 
9401 
1575 2 2 1 14 1 29 
36519 1 1 7 2 1 23 1 34 
32517 
16918 3 1 3 2 2 3 5 9 1 12 1 70 
3007 1 1 10 2 1 76 
27503 8 1 10 2 6 8 
32571 
20289 
15180 3 1 1 2 1 4 1 44 
424 2 1 6 2 1 6 2 77 
7338 
15878 
10234 1 8 1 14 1 18 1 24 
21569 2 1 2 2 1 4 2 27 
40632 
21316 4 1 1 4 3 9 2 10 1 36 
13891 3 1 3 2 1 3 1 19 
21097 
27318 1 1 1 2 1 14 1 22 
10377 
9613 
11895 
35707 4 1 2 2 1 22 1 32 
1443 1 1 15 2 5 9 1 12 
37709 
7793 
31763 1 1 1 22 
33514 1 1 1 24 5 25 
4773 2 1 4 9 2 10 1 25 
39562 3 9 3 10 1 20 2 64 
5726 
20819 3 64 
9950 
4911 5 9 1 10 1 25 1 44 
7029 2 2 2 5 2 25 
37248 
3772 6 2 1 3 1 14 
4309 3 9 1 10 2 11 1 64 
10902 
23399 1 4 1 14 2 22 1 77 
31246 3 1 5 2 1 3 2 77 
26492 3 1 6 2 1 34 
26713 1 1 3 2 2 3 1 26 
24407 3 9 1 10 1 18 2 53 
5895 2 1 1 2 1 45 
7232 2 1 1 2 1 3 1 60 
24974 5 1 1 2 1 4 3 9 3 10 
3139 2 74 2 75 
33668 1 1 1 24 6 25 
26918 
5194 4 1 2 9 4 10 4 77 
8331 
28236 3 1 5 2 5 3 
3573 3 9 1 11 2 71 
10010 
27994 
364 
23173 1 1 1 94 3 96 
1714 7 9 2 10 3 53 
17185 6 1 3 2 1 3 2 4 1 14 
38256 1 16 
2575 2 1 2 2 1 4 2 14 
19175 2 1 1 2 1 7 1 25 
20311 
37451 2 1 3 2 1 3 1 34 1 77 
27431 
3606 4 9 1 10 1 44 1 71 
3259 1 1 5 2 4 9 1 12 1 36 
30376 
18682 3 1 1 2 1 8 2 69 1 70 
8775 2 1 3 3 2 27 1 102 
18643 2 1 1 2 1 8 1 18 
15706 1 1 7 2 1 3 1 7 
13758 2 1 5 2 2 3 
38237 1 3 2 14 2 16 1 19 1 42 
28061 4 1 9 2 1 35 
36230 1 64 
18360 1 1 2 2 1 3 1 4 4 64 
40286 
39373 3 1 3 2 1 21 1 25 1 35 
30091 2 1 1 102 
26250 2 1 6 2 2 3 2 77 
37383 
28257 3 1 21 2 1 34 
31070 1 64 
37342 1 1 20 2 1 34 
12369 
16367 2 1 9 2 4 9 2 10 
34189 
11064 
12516 4 1 1 4 1 45 
6312 
2101 1 1 1 5 1 6 
38374 
16201 6 1 4 2 4 3 
14154 1 1 10 2 13 9 5 10 
11192 2 1 14 2 2 22 
34522 
35405 1 1 3 2 1 14 1 38 
35614 1 1 9 2 2 3 3 14 1 18 1 25 2 26 1 33 
41319 8 2 2 3 2 4 2 64 
10438 
5433 
311 2 1 7 2 1 29 1 35 
23953 
14141 1 1 6 2 13 9 5 10 
19955 
11247 10 2 1 6 
33933 1 1 6 2 1 37 
6044 10 2 2 3 4 9 2 10 2 77 
32698 2 1 5 2 1 22 1 25 
890 2 1 9 2 1 25 
41075 
40816 12 1 6 2 6 10 6 35 
36225 
36788 
6218 3 1 1 2 4 9 4 10 1 35 1 77 
34078 4 1 11 2 1 35 
29600 
4766 
15421 2 1 22 2 1 96 
902 2 1 15 2 1 34 
38472 5 1 2 4 1 19 5 26 1 27 1 77 
18108 5 1 7 2 2 3 1 4 1 14 
12255 1 6 9 9 2 10 1 57 
27212 1 1 2 2 1 35 1 64 
37444 3 1 4 2 2 34 
31633 
22861 2 14 8 16 
19651 2 1 4 9 1 10 1 13 1 25 1 34 1 74 
21653 
9984 
25969 1 46 1 63 2 64 
31879 1 6 4 9 1 10 1 57 1 94 
24705 
31317 
41281 2 1 2 2 1 6 5 9 1 10 1 34 1 77 
31096 4 1 3 2 1 4 3 22 
28643 6 2 2 37 
37400 1 1 1 2 1 14 1 16 
33810 3 1 9 2 1 80 
7004 1 1 1 3 1 5 1 64 
28682 
37098 
8514 5 1 2 2 1 3 2 8 
3820 
25706 1 49 1 51 
40561 
4324 4 9 2 10 1 18 1 24 
17882 4 1 2 2 2 3 1 4 2 14 
17967 3 1 7 2 1 4 1 41 
36983 1 9 2 10 3 11 2 21 
2387 3 1 7 2 1 3 1 22 
17843 4 1 3 2 3 3 1 14 
19872 
29644 
17431 2 1 13 2 5 9 1 13 
36014 
39920 2 1 8 2 1 30 
30458 
5817 2 1 1 2 5 9 1 12 1 35 
21064 
22516 
26201 3 1 1 4 1 5 1 6 
8442 1 2 1 3 5 9 1 13 1 42 
1101 2 1 2 2 2 22 
21192 3 1 2 2 1 4 1 64 2 77 
24154 2 9 2 53 2 71 
34134 
32220 6 9 2 10 4 53 
3566 2 1 1 8 5 9 1 12 
4659 2 1 18 2 1 22 
20438 
23758 
18061 4 1 2 2 1 4 2 25 
30390 2 3 2 14 2 42 
31371 
4206 1 2 1 63 1 64 
34721 3 2 3 3 1 4 1 6 2 9 3 10 1 17 1 21 1 26 1 34 
16250 3 1 9 2 1 4 1 5 
28360 3 1 8 9 3 10 1 13 
22369 3 1 1 2 3 3 2 64 
26367 10 9 4 10 
18257 
33375 
41099 3 1 3 10 1 25 1 32 2 34 
1007 
40224 
23668 2 22 
12517 2 1 2 2 2 3 4 9 2 10 
6932 
2139 3 9 1 10 1 31 2 57 
16519 1 1 10 9 1 10 1 13 1 25 
6723 1 1 5 9 1 10 1 30 
36918 1 1 6 2 1 21 2 34 
40287 3 1 6 2 2 3 1 7 1 8 1 9 3 10 2 17 1 42 
3575 3 9 1 11 2 17 
28256 
16366 2 1 9 2 2 77 
30311 2 1 2 2 1 96 
2573 2 1 11 2 2 6 1 22 
38236 1 3 2 14 2 16 1 19 1 42 
10622 
264 4 2 6 9 4 10 
37994 
30377 
31895 
15707 2 1 1 2 2 75 1 77 
6099 1 20 1 38 
887 3 2 2 29 3 32 
8886 2 2 4 3 1 6 1 114 
22772 2 1 14 2 1 6 1 22 
33891 2 1 3 2 1 22 1 45 
21968 10 1 6 2 7 3 1 33 
35180 
5619 1 59 
30234 
35878 4 1 11 2 1 3 1 14 1 22 1 34 1 77 
20254 
27966 3 1 9 2 5 9 1 12 1 25 2 34 
4857 1 1 4 2 1 46 
12571 1 16 
743 5 2 2 14 
7560 4 1 2 25 1 81 
1445 16 2 2 5 
21763 2 1 22 2 2 29 
18515 3 1 3 2 3 3 1 4 
7795 4 2 1 32 
19761 
27709 6 1 1 2 2 3 2 4 1 77 
4775 
1356 3 2 1 6 
10241 
23514 2 1 13 2 5 9 1 12 1 34 
30819 3 1 8 2 2 3 2 4 1 7 1 8 1 14 1 20 
29562 
7826 4 1 2 4 2 14 1 66 
21246 
33399 1 1 1 30 1 77 
14960 10 2 2 3 
2772 2 1 1 4 2 6 1 7 
27248 6 1 2 2 2 4 1 22 
941 
34407 
34974 
40015 
36492 
6522 1 38 1 42 
36713 2 9 3 10 1 17 2 24 1 77 
5893 2 1 1 3 1 20 
3714 3 9 1 10 2 17 1 42 
26366 11 9 5 10 1 20 
39175 2 1 11 2 3 3 1 4 1 34 
18256 
1573 3 9 1 10 1 17 1 24 1 57 
20622 
164 3 1 1 7 1 8 
30010 1 1 12 2 2 6 1 42 
7384 1 24 1 65 
2007 2 1 6 2 1 6 
13668 2 1 4 9 1 10 1 13 1 14 1 34 
22517 
1139 1 1 12 2 1 20 
490 1 2 1 44 1 51 
40379 3 1 12 2 1 35 1 64 1 100 
36394 
8766 4 1 2 2 1 8 1 26 
6640 
11968 3 1 1 103 1 104 
31569 1 3 1 6 6 9 1 10 1 12 4 17 1 42 1 77 
17966 2 1 1 2 2 3 1 14 1 18 
37503 
10254 2 1 5 2 2 9 1 10 1 35 3 57 
22571 
30289 4 9 1 11 1 13 1 14 1 42 
37318 4 1 11 2 2 3 2 77 
25707 
40652 
31316 
9615 4 2 1 63 1 65 
12772 3 1 4 2 2 3 1 14 
31097 4 1 6 2 1 4 3 22 
8324 
4514 
2356 
13514 3 9 1 10 1 17 1 57 1 64 
11763 1 46 2 74 1 90 
9274 
2445 
40871 
28515 2 1 1 102 1 104 
17709 2 1 1 2 2 3 1 14 1 65 
3443 3 9 1 10 2 11 1 63 
29761 3 1 1 3 1 14 1 22 1 35 
40817 12 1 30 2 6 10 6 35 
8659 2 1 14 2 1 6 
7600 13 2 1 22 
40193 
4442 
9096 3 1 1 2 1 6 1 26 
7635 2 1 14 2 1 3 1 42 
11246 2 1 1 3 5 9 1 10 1 25 
24960 
30902 1 64 
1772 1 1 5 2 1 107 
8206 10 9 2 10 
17248 3 11 3 53 
1916 
7608 3 2 2 20 
23094 2 1 3 2 2 3 2 14 
7477 
29114 3 2 1 14 1 30 1 74 5 75 1 77 
6075 3 1 1 2 1 3 1 77 
23162 2 1 2 3 2 27 
7132 1 26 2 74 1 75 
17697 2 1 13 2 1 3 1 42 
35368 2 1 4 2 2 3 1 4 1 25 
8837 4 1 1 2 2 3 1 4 2 27 
28897 2 1 4 2 2 3 2 14 2 35 
15916 3 1 4 2 1 3 1 4 2 64 
26890 6 3 5 14 1 20 1 27 1 101 
10128 
30943 1 1 9 2 1 22 1 65 
28113 2 1 5 2 1 3 1 42 
30867 2 1 1 3 4 9 2 10 1 25 1 42 
30982 1 2 1 14 1 110 
18095 8 1 1 3 3 4 1 14 
6343 12 9 4 10 1 77 
4497 2 1 25 2 
32246 
8561 2 1 1 6 1 25 1 77 
27121 
40595 
33066 
39946 4 2 1 3 1 4 1 6 2 9 4 10 1 14 1 24 1 26 1 34 
16876 2 1 16 2 6 9 6 10 
27734 2 1 7 2 2 3 
3599 9 2 2 64 
32763 
17789 3 1 3 2 1 3 1 19 
19779 3 1 8 2 2 9 1 17 1 35 3 57 
37754 
5534 
41366 4 1 11 2 1 35 
6648 
25724 2 1 7 2 1 104 
9112 4 2 2 3 8 9 4 10 2 24 2 77 
30209 
18560 7 1 3 2 3 4 1 14 
39573 2 1 7 2 2 3 
32968 3 1 1 2 1 4 1 19 1 35 
37542 
12569 14 1 7 84 
5924 1 49 1 75 
16567 
25787 
12316 2 1 14 2 1 6 
14611 1 1 6 2 1 6 1 42 
38574 4 1 11 2 1 35 
31772 2 2 1 5 1 24 1 77 
25131 
16099 4 9 1 12 1 17 1 44 
12097 1 1 15 2 1 3 
35151 
5076 2 2 2 65 
508 2 20 
4023 3 1 1 4 1 104 
34322 
7303 3 2 2 3 1 19 
41519 4 16 
5453 
14677 
25699 1 44 
14915 1 1 4 2 1 14 1 25 
37105 
3022 3 2 5 9 1 12 1 14 
30748 5 2 1 3 1 42 
7779 1 1 1 2 1 110 
4799 
3239 2 1 5 2 2 3 
24823 
5294 4 1 2 2 2 3 1 22 
30576 
23448 
39268 
34424 
18897 
30065 
25916 2 64 2 66 
16890 2 1 12 2 4 3 
20128 1 1 11 2 1 38 
18113 4 1 11 2 1 3 1 4 1 14 
8413 3 1 2 2 2 3 1 4 1 14 
13094 
2916 1 1 7 2 1 109 
13162 2 1 2 2 1 6 
19114 5 1 11 2 3 3 1 4 
34487 
27697 
17734 2 1 5 2 2 3 2 14 
40869 2 1 7 2 1 14 1 34 
7568 
27789 4 1 3 2 2 3 1 4 1 19 
35144 3 1 14 2 1 32 
29779 4 9 1 10 1 53 1 63 
17121 
8601 5 1 3 3 1 4 2 27 
26876 1 51 1 77 
22316 
15787 2 1 2 2 1 4 4 9 2 10 2 14 
26099 2 1 12 2 1 103 
15131 6 1 3 2 2 4 
24611 6 2 2 4 
22097 3 1 3 2 1 4 1 14 
37741 6 2 1 24 1 34 
12895 2 1 22 2 2 3 
4639 14 9 6 10 
30590 1 1 2 2 5 9 1 12 1 19 
8744 3 1 1 3 1 4 5 9 1 13 2 27 
15724 
35100 
9873 1 81 
31571 
28560 
414 4 2 1 96 
33575 
22569 1 1 6 2 8 9 3 10 1 25 1 57 1 77 
26567 5 2 3 14 1 32 
31517 
14823 4 1 2 2 2 70 
13448 3 1 11 2 5 3 2 4 
40361 
15699 2 1 5 2 3 9 2 10 1 17 
24677 
40207 1 1 7 2 4 9 2 10 1 19 1 25 1 35 
24915 2 2 2 3 4 14 
39497 1 1 5 2 1 37 
33359 
25924 2 9 1 53 3 71 
7023 2 1 1 8 1 64 
13384 2 1 11 2 1 32 
4303 6 9 2 10 2 11 
34416 3 1 2 2 5 9 1 10 1 32 1 77 
35640 5 9 3 10 1 34 1 42 
32768 
23339 
6616 2 42 1 118 
12422 4 1 3 9 2 13 1 71 
19126 4 1 6 2 2 4 4 27 
31972 2 1 10 2 6 9 4 10 2 77 
13327 2 1 7 2 1 3 1 14 
26432 1 7 1 14 1 65 
33009 
25987 
25862 1 1 9 2 1 102 
26881 1 1 2 2 4 9 1 13 1 32 1 53 1 77 1 108 
11820 1 1 1 2 1 4 2 27 1 41 
36452 
2834 
5096 3 2 2 21 1 25 
10123 
14715 3 1 4 2 3 9 3 10 
1449 8 9 4 10 1 34 
33672 1 1 1 3 1 14 1 30 1 77 
7799 1 1 4 2 1 21 1 25 
10549 
30948 1 1 1 2 1 22 1 65 
28118 3 1 7 2 3 3 
17202 2 1 5 2 1 3 1 18 
38845 
3888 
4779 4 9 1 10 1 12 1 19 
36341 1 64 
19610 1 2 4 3 5 14 1 16 1 26 
3302 1 2 2 19 
35363 1 1 1 3 1 42 1 64 
5274 2 2 1 24 1 64 
24828 1 1 2 2 1 6 1 42 
6095 1 1 1 2 4 9 1 10 1 36 1 77 
7497 7 1 1 81 2 84 
31855 
11037 8 2 8 9 4 10 2 25 2 64 
22324 
23831 2 1 21 2 1 29 
8083 
33851 4 2 2 3 2 42 
39263 
1948 3 2 2 3 
19445 1 1 7 2 4 9 1 39 
18270 7 2 2 3 2 64 
16277 4 1 19 2 1 4 1 22 
12279 3 1 1 18 1 70 
23482 
21835 1 1 4 2 1 3 1 8 1 14 
845 2 1 11 2 1 34 
23443 2 1 5 9 1 12 2 35 1 38 
1747 3 1 4 2 3 3 
4132 3 1 3 2 2 3 1 14 
26389 
5615 1 1 1 63 
15716 7 1 2 3 2 4 1 14 
38264 
21029 3 1 3 29 3 30 
4608 
16334 
4477 1 1 3 2 1 5 
30782 3 9 1 10 2 53 1 74 
20294 
30743 1 2 1 25 2 29 
3133 1 4 3 64 1 74 
41059 1 1 1 2 1 3 5 9 1 12 1 14 
39746 
2135 2 1 15 2 1 32 
31586 
41335 
28296 
41309 2 9 1 11 2 34 
3579 2 1 10 2 5 9 1 13 
35604 
27934 7 16 
35415 
37954 
19979 
2100 1 1 1 64 1 66 
16211 6 1 16 2 4 3 
30266 1 1 7 2 1 4 2 35 
36849 5 2 3 14 1 32 
17989 7 1 5 2 1 3 2 4 
32847 
39578 4 2 1 4 2 35 
32963 24 16 
12506 2 1 2 2 4 9 2 12 
23327 6 16 
16432 4 1 12 2 2 4 2 14 
29126 1 1 10 2 1 27 1 34 
714 2 1 2 103 
8655 3 1 2 2 1 4 1 24 2 26 
15862 3 1 10 2 1 26 
15987 4 1 2 2 2 4 2 5 
21820 3 2 1 25 2 44 
16881 2 1 1 3 10 9 1 12 1 13 
37941 
1834 2 1 8 2 1 34 
18385 3 1 2 2 4 3 1 14 
9893 1 1 2 2 1 14 1 101 
15924 9 9 2 10 1 11 1 32 
7639 
23384 4 1 11 2 1 35 
40806 6 1 3 2 3 10 3 35 
13339 1 1 3 2 7 9 3 10 1 22 
22422 1 81 
541 1 1 2 2 1 3 2 64 
39022 
29610 
38047 
36040 1 64 
24715 1 16 2 77 
20123 4 2 4 35 
2449 
3768 3 1 1 26 2 77 
37645 1 2 1 5 1 22 
20549 
33844 5 10 1 11 5 64 
27202 1 69 1 74 2 76 
3967 
18118 4 1 4 2 1 3 1 4 1 21 
3821 1 1 23 2 1 14 
25716 1 1 5 2 1 3 1 4 
12387 2 2 1 8 8 9 3 10 1 11 
16389 4 1 3 2 2 4 
33800 4 1 5 2 1 25 1 84 
37410 3 1 5 2 1 3 1 18 1 27 1 33 1 34 1 77 
36354 
610 5 9 1 11 
26334 
11029 
10294 1 36 3 57 2 71 
31307 
40692 2 1 5 2 1 4 1 26 1 27 1 34 
36004 2 1 2 2 1 31 
14828 3 1 5 9 5 10 3 77 
12324 1 1 10 2 7 9 3 10 
13831 4 1 5 2 2 3 1 77 
21037 1 1 1 2 1 22 
31261 
31057 
2948 
29445 
28270 12 9 3 10 2 16 3 17 3 77 
9619 
34167 
13443 
30581 1 1 9 2 1 39 1 77 1 96 
2747 
26277 
13482 1 1 7 2 1 27 1 99 
22279 3 1 2 2 1 26 1 101 
11835 1 1 5 2 1 3 2 14 
18296 3 1 13 2 1 3 1 77 
17934 1 1 6 2 1 3 2 14 
3208 8 9 4 10 2 11 
32045 
1100 4 1 10 2 3 3 1 14 
29979 3 2 1 23 1 29 
22506 10 2 1 70 
1135 1 1 6 2 1 20 
4568 2 1 1 3 1 65 
3200 
19437 2 1 3 2 1 38 
35873 3 1 5 2 1 22 1 34 
13041 3 1 9 2 2 3 1 14 
25659 
21963 3 2 1 4 4 14 1 30 
1632 1 1 6 2 1 4 1 14 
21847 10 1 2 2 4 4 4 9 2 10 
27909 
35639 
7775 4 2 2 14 1 34 
19961 1 24 2 74 1 76 
22586 11 2 1 8 1 24 
41334 
1108 1 1 1 2 1 20 
11045 
23340 
3235 3 9 1 36 2 71 
4795 2 1 7 9 2 10 1 13 
4560 3 1 9 2 1 4 1 14 
2233 2 1 3 9 1 13 2 17 
41277 1 2 1 6 5 9 1 10 1 44 1 77 
29429 3 1 2 2 1 103 
33880 1 1 1 22 1 44 
32029 
36027 1 64 
28612 2 1 2 2 1 31 
12307 3 1 18 2 1 3 
38020 
16309 1 1 9 2 4 9 1 12 1 36 
33178 
31387 
10530 2 1 8 9 2 10 2 12 
2792 17 2 
25372 1 5 
14760 3 9 1 10 1 49 2 53 1 74 
41211 2 1 3 2 1 25 2 34 
12057 3 1 24 2 1 3 
34774 
16059 9 9 2 10 1 57 1 77 
36084 1 16 
32835 
5873 
17812 2 1 1 2 2 3 1 6 4 9 2 10 
22855 8 9 2 10 1 17 1 53 
13402 1 74 7 75 1 76 
19665 8 9 2 10 2 11 1 17 3 57 
4826 
36913 2 1 7 2 1 3 1 14 1 34 1 77 
30501 
23663 
31324 
2940 
12261 1 1 10 2 3 9 3 12 
35191 1 2 1 14 1 35 
40555 
36718 
6211 
3595 4 9 2 10 1 20 1 74 
27243 2 1 5 2 2 3 1 22 
1327 4 1 4 2 2 3 2 22 
27282 
2593 
29272 
3760 2 1 3 9 1 11 1 13 1 17 
6079 1 3 1 5 2 21 
15907 2 1 1 2 1 4 1 5 1 14 
7857 16 9 4 10 4 13 
15474 
23054 5 1 1 2 5 3 
443 4 9 1 10 1 36 1 64 
18305 2 1 6 2 1 3 1 64 
22972 2 1 9 2 2 8 1 66 
33034 1 2 4 75 1 100 
16801 1 1 4 2 1 3 10 9 2 12 
17657 5 1 1 2 2 3 1 4 1 14 
889 
23304 
40886 
26850 4 1 2 3 1 22 1 77 
28857 2 1 3 2 1 14 1 26 
21768 2 1 4 2 2 35 
35460 1 5 2 9 4 10 1 25 3 64 
8152 
38837 
37629 15 2 2 27 2 34 
27766 2 1 1 4 1 14 1 74 2 75 
36830 3 1 2 2 1 4 1 32 2 34 
20525 
18055 2 1 4 2 2 3 1 32 
694 4 2 2 64 
37313 2 2 10 9 2 12 2 22 
35627 1 1 7 2 4 9 1 39 
1233 4 1 1 2 3 3 1 14 
19429 
29437 
35684 4 1 23 2 1 35 
41389 
11847 2 1 26 2 1 34 
2632 
23041 
9294 12 9 8 10 
15659 7 1 4 9 7 10 1 13 1 19 
11963 2 1 2 2 1 7 1 25 
31506 
34119 1 1 13 2 2 14 1 34 1 64 
8004 5 1 1 3 2 26 
29961 4 2 2 14 1 32 2 42 
12586 2 1 5 2 1 3 1 42 
17909 3 1 8 2 1 3 1 22 
39457 
37508 2 64 
2108 2 1 2 2 1 32 
13340 2 1 6 2 1 19 1 66 
7514 6 1 3 84 
22057 
9924 6 9 2 10 2 12 
26059 1 1 11 2 1 74 
31279 
5112 1 1 5 2 1 44 
4635 2 9 3 11 1 57 
29665 
27812 1 74 2 76 
23402 
12855 6 1 1 2 2 3 1 4 
32037 
1940 1 44 1 45 1 48 
36039 1 64 
22261 2 2 4 9 1 10 1 13 1 64 
13663 2 1 9 2 4 3 2 4 1 19 
9453 14 9 2 10 2 12 
18612 2 1 2 2 4 9 2 10 1 24 1 26 
7442 
30550 
22307 
9076 2 1 1 2 1 4 4 9 2 10 1 19 
908 1 1 14 2 1 6 1 42 
26309 4 9 1 10 1 11 1 97 
20530 
36825 1 64 
1792 
30702 5 2 3 3 1 42 
38321 
15372 2 2 1 3 1 6 1 65 
24760 1 64 
4600 
790 2 1 1 18 1 33 
17282 4 1 1 2 1 3 1 4 1 21 
37465 
2327 
17243 3 1 18 2 1 3 1 22 
19272 1 1 6 2 1 34 
1593 
9534 
3880 5 2 3 3 5 9 1 13 1 14 1 34 1 77 
4384 2 1 4 9 1 10 1 13 1 64 
41432 
23526 4 1 10 2 2 34 
40198 
38035 1 22 1 42 
16850 2 1 4 2 2 3 1 4 
13304 2 1 15 2 1 25 
11768 1 49 1 76 
18857 2 1 2 2 1 3 1 6 1 42 
31422 
28055 4 1 3 2 1 35 
17766 5 1 4 2 1 3 1 4 
6402 6 1 3 9 3 13 
25907 
32820 
37637 
33089 4 1 11 2 5 9 1 10 1 35 1 77 
38829 2 14 2 19 2 30 2 77 
25474 3 1 1 3 3 9 3 10 1 25 1 64 
13054 1 1 1 8 10 9 2 10 
12972 3 1 2 2 1 3 1 4 2 14 
28305 
27657 2 1 1 2 1 3 1 63 
26801 2 1 6 2 4 22 
36334 
10743 
21307 4 9 2 10 1 36 3 57 
10782 
35716 
2821 1 1 1 2 7 9 3 10 1 77 
18264 2 1 7 2 1 3 1 64 
27410 4 1 13 2 1 35 1 101 
23800 
26354 2 1 4 2 2 3 1 77 
38270 
19263 3 1 1 2 1 3 2 6 
39445 1 1 2 2 1 4 4 5 1 34 2 35 
3948 2 9 1 10 3 11 1 42 
21057 1 23 
13851 1 3 5 9 6 10 1 12 5 14 1 26 
23265 
20581 7 16 
3747 3 1 1 4 1 6 1 24 2 77 
24167 14 9 10 10 
32279 
36277 
11855 3 1 4 9 1 12 1 13 
5212 3 1 1 3 1 22 
8358 2 1 1 2 1 3 1 14 
26004 3 9 3 10 3 64 
9364 1 6 3 9 2 10 1 17 1 24 1 42 
21261 2 1 4 2 1 25 1 101 
10266 1 4 15 9 3 10 1 74 
17588 3 1 1 2 1 3 1 4 2 64 
36211 
17954 2 1 5 2 2 3 2 14 
39979 1 50 
32506 
19578 8 9 2 10 
12963 3 1 15 2 1 3 
9194 
37989 
12847 2 1 1 2 3 9 1 11 1 13 1 17 
16849 7 2 2 3 1 6 
1579 3 1 2 2 1 3 1 8 1 14 
11586 3 1 6 2 1 8 
15415 4 1 2 2 1 4 1 25 
15604 
22045 1 74 1 76 1 90 
41027 5 1 2 2 3 10 1 34 2 35 
2208 3 1 6 2 1 4 1 14 
19746 
41084 4 1 2 2 2 10 2 35 1 36 
1133 1 1 6 2 1 5 
8653 2 1 4 2 2 3 
16452 1 1 13 2 1 109 
33327 
11972 2 1 6 2 1 70 
40133 
39126 2 1 6 2 3 3 1 4 1 34 
13009 2 1 1 2 1 22 1 45 
15640 3 1 12 2 2 3 1 42 
4547 1 4 15 9 3 10 1 42 
32422 2 2 1 30 1 42 1 77 
9895 4 46 2 49 
12768 1 1 5 2 1 26 
13359 6 2 1 8 1 14 
14416 
33384 1 2 1 6 5 9 1 10 1 14 
28047 
15363 5 1 1 2 1 4 1 46 
26040 1 1 4 2 1 48 
29022 
18845 3 1 1 2 1 6 1 8 
1888 
39610 5 2 2 22 2 35 
1302 1 1 4 2 2 14 1 35 
16341 1 1 3 2 8 9 4 10 1 64 
30549 
2768 
27645 8 2 2 3 2 14 
23844 6 2 6 5 1 6 2 35 
13672 2 2 1 5 1 26 1 27 
37202 3 1 2 2 2 3 1 4 1 8 2 14 
2967 2 9 3 10 1 11 3 64 
5950 2 1 1 8 1 42 
10948 
9726 
34715 4 9 1 10 1 17 1 77 
30123 
3449 1 1 18 2 1 44 
406 2 1 1 3 1 44 1 77 
23851 
11057 6 9 4 10 2 65 2 77 
29263 
31835 2 9 1 17 3 57 
33482 1 1 4 2 1 27 1 34 1 64 
6093 2 1 1 2 4 9 2 10 1 77 
13265 4 1 2 9 1 11 2 13 1 17 
33443 1 1 3 2 1 3 1 8 1 42 
10581 
14167 1 1 3 2 1 45 2 49 1 51 
34828 
16004 8 1 4 2 4 3 2 8 
21855 3 10 3 57 3 64 
11261 5 1 1 3 2 4 4 9 2 10 
33831 2 1 8 9 4 10 2 24 1 81 
8085 
31029 1 1 5 2 1 37 
20782 
5613 1 65 
20743 
11307 
30294 4 9 1 10 1 13 1 14 1 42 1 64 
36389 4 1 14 2 1 22 1 35 
32387 3 75 1 90 
1821 1 1 10 2 1 21 
16354 2 1 8 2 2 3 1 4 
28264 5 16 
13800 6 1 1 2 1 3 2 4 3 9 3 10 
17410 6 1 2 2 2 4 1 7 
5401 1 1 2 2 1 4 1 42 
41039 4 1 5 2 3 10 2 34 1 35 
7351 1 1 2 2 4 9 2 10 1 64 
8910 1 2 4 3 5 14 1 20 
29746 1 18 1 77 
3135 1 51 1 74 
2133 1 1 6 2 1 3 
6729 5 2 2 3 2 14 
27954 5 1 4 2 1 5 1 25 2 35 2 64 
20266 3 1 6 2 8 3 1 6 1 8 3 14 2 77 
3100 3 9 2 10 7 53 
22847 3 2 2 7 
26849 6 1 2 4 2 22 
29578 1 1 4 3 4 14 1 20 
22963 
21586 1 1 4 2 1 7 1 8 
2579 1 1 13 2 1 29 
38296 6 9 6 10 12 16 6 77 
25604 1 2 1 63 1 75 
1208 
12045 4 1 17 2 2 9 4 10 
25415 2 1 9 2 1 3 1 14 
37934 2 64 
4305 3 1 4 2 1 26 
25640 6 9 3 10 1 11 1 77 
6427 3 9 2 11 1 53 
22768 
7025 5 1 9 2 3 3 1 4 1 14 1 65 
33339 
23359 1 21 
35924 1 1 14 2 1 27 1 34 
8252 2 1 5 2 1 3 1 14 
5318 
40547 
24416 
17941 2 1 6 2 2 3 2 14 
11044 
36881 
9580 3 9 1 10 1 24 2 53 
3834 1 75 1 89 1 90 
38385 
26452 
4330 
21972 2 2 1 3 1 14 2 65 
36432 14 2 4 25 2 34 
23009 1 1 2 2 1 3 2 18 1 22 
35987 1 1 1 2 1 25 1 37 
35862 3 1 13 2 1 22 1 34 
5899 13 9 4 10 1 13 
13844 3 1 1 2 2 3 1 6 1 8 
23672 6 1 9 2 2 35 2 64 
17645 2 1 5 2 1 3 7 9 3 10 
1768 3 1 1 4 1 107 
38118 5 1 10 2 3 3 1 8 1 14 
20948 1 1 1 22 
1967 3 2 4 3 
18047 4 1 1 2 2 3 1 4 2 14 
25363 2 9 1 53 3 71 
16040 1 1 10 2 7 9 3 10 1 32 
19022 2 1 7 2 2 6 
2888 
28845 
6111 3 9 1 10 1 20 2 53 
26341 2 1 6 2 2 3 
2302 1 65 
3327 9 2 2 14 
27465 
17794 2 1 2 2 4 9 1 13 1 17 
1760 2 1 14 2 1 3 1 14 
1595 3 2 1 5 1 42 
41452 2 1 4 2 1 14 1 30 1 34 1 42 1 77 
16718 6 1 3 4 1 8 5 9 1 10 
33526 
23210 
2880 
18837 6 1 1 3 1 4 1 6 1 46 
15460 3 1 3 2 1 3 1 32 
16830 3 1 3 2 3 4 15 9 3 10 
38055 
17629 2 1 5 2 1 4 1 27 
28035 2 1 12 2 2 29 
676 1 6 2 42 
5310 1 1 4 2 3 9 3 12 
21422 1 1 5 2 1 37 
8419 6 1 3 9 3 13 
13034 2 5 4 9 2 10 
724 4 1 1 2 2 3 1 32 
38305 
4338 2 38 
9588 1 1 12 2 4 6 1 42 
37657 1 22 1 44 
36801 
35907 1 29 1 77 
41341 
22820 2 1 2 2 1 3 1 14 
27637 1 16 
23089 1 1 9 2 4 3 1 35 
28829 
35474 
40520 9 9 3 10 1 107 
8918 3 1 3 2 4 3 1 14 
8717 8 2 2 3 
25627 
1235 1 1 4 2 1 3 1 14 1 35 
39961 8 1 4 26 
24119 1 1 1 22 
15639 
31045 1 1 8 2 1 99 
3108 5 1 2 2 1 3 1 4 
29457 1 1 7 2 1 14 
27508 1 74 2 75 1 77 
15873 4 1 2 2 1 4 1 49 
25684 1 74 7 75 
39437 4 1 11 2 1 4 2 34 1 35 
1200 1 1 1 7 1 26 
3632 1 1 6 2 1 76 
21506 
33041 
10501 7 9 3 10 1 24 2 57 
16913 3 1 3 2 2 3 2 4 5 9 1 10 
39665 
33402 2 78 2 79 
37812 
15191 6 1 1 3 1 4 1 8 
32261 
26039 1 1 17 2 1 44 
22037 5 1 11 2 7 3 2 4 1 8 1 23 
11324 1 1 1 4 1 26 1 27 
36059 
14774 3 1 3 2 1 4 1 8 
32057 1 14 1 77 
4633 
12835 2 1 5 2 1 3 5 9 1 12 
21279 2 1 1 2 1 3 1 14 1 22 
16084 2 1 1 2 2 7 1 77 
9346 3 9 1 11 2 17 
30530 8 9 1 10 1 12 2 17 
11387 2 1 1 3 7 9 2 10 1 12 
26825 
20702 2 63 
28321 
620 1 14 1 38 
9879 3 1 3 2 1 4 1 14 2 103 
34760 2 1 4 2 1 14 1 34 
9455 
16027 2 2 1 3 2 66 
12029 3 1 10 2 8 9 3 10 1 13 
13880 1 1 2 2 1 30 1 42 
13178 2 1 14 2 2 22 
9705 
36309 
18020 2 1 3 9 2 10 1 13 1 24 1 25 1 64 
32307 
20550 
26718 
40535 
13210 2 1 4 2 4 9 2 10 
5174 2 1 1 108 
1880 1 1 14 2 1 3 
17465 3 1 3 2 3 3 1 7 
37243 
27794 4 1 2 2 1 4 2 26 
37282 
5958 3 9 2 11 1 57 
3593 8 2 2 41 
40346 
5757 1 9 1 10 1 17 1 39 1 53 1 64 
2760 4 9 1 10 1 53 1 109 
39272 
2595 3 1 2 2 3 3 
41040 4 1 1 2 3 10 2 34 1 35 
23034 3 1 1 2 1 3 2 104 
32972 1 64 1 78 
688 2 1 7 2 1 22 
6876 1 2 2 20 
4592 4 14 4 19 2 35 
12820 2 1 22 2 2 3 
13089 
17637 1 1 8 2 1 3 2 14 
33054 1 22 1 32 1 42 
18829 2 1 3 2 2 3 1 6 1 45 
25460 3 1 1 2 1 4 1 103 
28837 
26830 
37766 
30525 
27629 6 1 1 2 3 3 1 4 1 14 
9931 
33304 2 1 8 2 1 19 1 22 
965 
36850 5 2 3 14 1 32 1 74 1 77 
18035 1 1 9 2 2 3 1 14 
6349 1 1 1 2 5 9 1 13 1 14 
7572 
11422 4 1 8 2 1 4 
12152 14 9 5 10 1 12 
17093 2 1 6 2 1 3 1 8 
9677 1 1 5 2 7 9 3 10 1 77 
10381 2 1 2 2 2 64 1 70 
9408 4 9 1 10 1 17 1 94 
15626 
32524 
20080 3 9 2 34 
8592 1 1 5 2 2 3 1 14 
36122 4 1 16 2 4 3 2 77 
11507 1 1 2 2 7 9 3 10 
31846 
7089 4 9 2 10 1 20 1 42 
32587 
37848 6 64 
16988 4 1 2 3 1 32 
39140 2 1 13 2 3 3 1 4 1 34 
19456 
16554 3 1 6 9 2 10 1 12 1 13 
39104 1 64 
19720 1 1 4 2 1 34 
38856 
28836 
9909 
14073 2 1 5 2 1 4 2 14 
9311 3 9 1 17 2 71 
16742 5 1 5 2 2 3 1 4 5 9 1 10 
37767 
16783 6 1 1 2 1 4 3 9 2 10 1 13 
17636 2 1 9 9 2 10 1 13 
6785 
25563 1 51 
14625 3 1 1 2 1 3 2 8 
8793 
11638 1 1 16 2 1 63 
38103 
26541 
13938 
14921 3 1 1 8 1 66 
33539 10 16 
20834 
8232 
30854 1 2 1 3 1 14 1 22 
23559 2 1 2 22 
40347 
8029 
24469 4 9 1 10 1 11 1 94 
21295 
38585 2 1 1 3 1 14 
3854 5 1 1 3 1 4 1 77 
4350 4 1 2 2 2 3 
12693 4 1 1 2 1 3 1 4 1 14 
5642 1 113 
23291 1 1 1 22 
5145 2 1 13 2 1 25 
5697 3 1 1 4 1 42 
10809 18 3 
38505 
4358 3 9 1 10 2 11 1 64 
14471 2 1 1 2 1 3 1 5 2 25 
14649 4 1 1 2 2 8 1 25 
31693 4 1 2 2 1 3 1 4 1 42 
6017 8 9 1 10 1 13 1 42 2 53 
7415 6 2 3 3 1 4 1 42 
41541 1 1 14 2 1 95 
35028 1 1 1 2 1 22 
28046 1 1 5 2 3 3 
25165 
7106 2 1 1 2 1 3 1 30 1 42 
19159 
37174 9 9 3 10 7 16 6 17 3 77 
14417 1 1 4 2 1 74 
39184 
979 
7964 
16703 6 1 1 4 3 9 1 10 1 12 1 13 
1082 5 9 1 10 1 21 
33993 
33326 4 1 2 2 2 3 2 4 4 14 2 22 2 96 
39127 2 1 6 2 3 3 1 4 1 34 1 64 
32638 1 22 1 77 
5581 
38183 1 1 14 2 1 14 1 32 
38142 
20912 
17160 
22658 
19868 1 1 1 2 1 3 2 14 
9400 
10301 
18722 2 1 11 2 1 6 
11524 3 1 2 2 1 8 
38468 
35771 1 1 7 2 4 3 2 4 1 7 1 8 1 14 1 19 1 65 
31152 1 1 7 2 1 3 1 77 
34194 
20000 6 2 2 3 2 35 4 42 
19747 
34062 
20498 4 9 1 10 1 57 1 77 
4653 6 9 2 10 2 57 
30330 3 1 18 2 1 34 
11587 
9435 
10051 
41026 5 1 2 2 3 10 1 34 2 35 
28521 
8547 4 1 1 2 1 3 1 8 
10267 
6146 3 1 1 4 4 9 1 10 1 17 
16908 3 1 6 2 3 3 1 4 1 7 
36509 1 1 2 2 1 14 1 31 
20350 1 1 9 2 1 22 
32507 
33798 
12846 3 1 1 2 3 3 1 19 
27058 2 1 5 2 1 38 
40320 
31036 
21056 1 1 3 2 1 22 
24166 14 9 10 10 
37038 
1255 2 1 2 3 2 42 
36276 
27513 3 1 1 14 1 70 
35717 
5844 
806 2 1 3 2 1 66 
27308 1 44 1 95 
17491 2 1 2 2 2 3 
21306 
3652 1 42 1 65 
24471 
24649 
4085 
37719 1 1 3 9 1 11 1 12 
39691 1 64 
18046 3 1 3 2 1 3 1 4 2 14 
9149 
15165 3 1 5 2 1 4 1 14 1 77 
32295 1 8 5 9 1 10 2 42 
9951 
30325 1 1 8 2 1 25 1 37 
963 
33504 
34223 
10044 6 1 4 4 
40335 8 9 6 10 2 64 
40778 6 1 9 2 3 10 3 35 
35986 1 1 1 25 1 37 
10912 4 1 1 2 1 3 1 8 
27160 3 1 7 2 1 39 
4910 1 1 1 2 5 9 1 10 1 25 
29868 
12658 4 1 7 2 2 3 
5938 2 1 3 2 2 3 1 4 1 7 
29159 
5737 2 1 1 66 2 77 
24417 2 9 1 11 3 57 
39995 3 1 16 2 3 9 1 10 1 11 1 25 1 35 1 53 1 77 1 100 
26703 2 1 8 2 2 3 4 9 2 10 
2082 2 1 13 2 1 3 1 14 
39139 2 1 17 2 3 3 1 4 1 34 
36628 
4252 4 1 1 2 2 3 
21587 1 5 4 9 1 11 1 12 
38297 3 1 11 2 1 35 1 110 
5528 
18521 
20051 1 1 2 2 2 5 5 9 1 10 1 81 
36290 1 18 1 77 
35572 
26908 1 2 1 14 1 74 5 75 
30031 
8305 1 1 3 2 1 3 1 7 
20267 
22846 1 1 9 2 1 25 1 100 
10350 
11132 
40973 5 9 1 10 1 77 
34985 
21524 1 1 2 4 10 9 1 10 1 13 3 27 
28722 5 9 1 12 1 35 1 77 
3494 
761 3 1 2 2 1 99 
10000 
10498 3 9 1 10 1 36 1 57 1 63 
5439 
8330 2 1 8 2 4 3 1 4 3 9 2 10 1 17 1 22 
29747 4 9 2 10 1 18 1 64 
32386 2 75 1 90 
33540 
17308 16 2 2 4 4 27 
41554 1 1 8 2 1 35 1 64 
27491 4 2 2 4 2 6 
11306 3 1 1 5 1 70 
17058 1 49 2 51 1 75 
3253 1 1 4 2 1 3 1 6 
11056 
40021 1 74 1 77 
17513 2 1 2 2 2 3 2 64 
14166 
2255 2 1 4 2 
21819 7 9 3 10 1 18 
242 2 1 6 9 4 10 2 34 
13602 3 1 1 2 1 3 1 6 
39243 
19465 1 1 1 2 1 29 
29794 3 1 3 2 1 24 1 35 
39282 
5758 4 1 2 8 
23463 1 1 15 2 1 37 1 64 
5957 1 1 1 45 1 51 
37272 
2960 2 1 1 111 
28412 
28793 1 64 
24553 
38244 
24018 
34533 4 1 1 2 1 4 2 34 1 35 
30763 3 1 9 2 2 3 2 4 1 7 1 8 2 14 
6275 2 2 1 14 1 65 
36158 
4540 4 1 1 2 1 3 1 4 1 14 
39766 
29629 
26138 
9731 
12128 
11902 2 1 3 2 2 3 1 4 1 7 
19637 14 9 10 10 1 17 3 57 
7129 
13079 1 1 1 8 2 69 
25459 2 1 2 2 1 3 1 103 
15213 1 1 1 74 2 75 
30246 
35439 
32943 
36869 1 1 1 22 1 25 
32982 1 74 1 77 
23315 1 64 
11010 8 9 4 10 2 25 2 65 
19313 
21311 1 38 1 74 
35660 1 1 2 2 1 14 1 31 
4993 1 1 1 18 1 103 
6614 4 2 2 3 1 29 1 42 
37429 
3222 
13896 1 1 19 2 5 9 1 12 
25842 
7973 1 4 8 9 2 10 1 49 2 53 
15674 2 1 3 2 1 4 2 24 
3039 1 44 1 45 1 74 
25883 2 1 6 2 1 103 
39909 
18314 2 1 1 5 1 26 
1625 
5094 3 2 3 3 3 14 
2836 1 1 1 30 1 42 
32576 3 9 2 11 1 12 1 42 
19508 
17457 3 1 5 2 2 3 1 14 
26074 1 1 8 2 1 75 
18 1 1 3 2 1 3 1 96 
7711 1 14 1 18 
11289 6 1 4 3 
24784 
31254 
34292 
28998 
21234 
10569 
38200 
36207 
32209 
30968 
14739 2 1 1 2 1 3 1 7 1 64 
3381 2 74 1 114 
3740 
24727 
38865 
10097 4 1 3 9 1 10 2 13 1 64 
23188 
23870 1 5 3 24 1 81 
10316 
36361 
35382 1 64 
3992 2 1 1 2 1 3 1 64 1 77 
35343 
18231 5 1 7 2 1 3 1 4 1 77 
20895 
528 2 1 1 22 1 34 
5276 1 1 7 2 1 107 
21377 1 1 7 2 8 9 4 10 1 22 1 25 1 65 
4223 2 2 1 29 1 42 
8189 1 50 
18412 4 2 1 3 1 6 1 14 
7462 8 1 1 81 2 84 
18793 4 1 1 2 2 3 1 6 
14553 4 1 2 2 1 3 1 4 5 9 1 10 
14018 8 2 2 19 
142 1 1 3 2 1 38 1 77 
9691 2 1 5 9 1 13 1 25 
11819 3 1 1 3 2 103 
31241 4 1 2 2 2 3 1 6 2 77 
29465 4 1 8 2 5 3 4 9 1 12 1 13 5 14 1 32 1 42 
23602 
19794 10 9 3 10 1 12 1 17 3 57 
1960 
34147 4 1 1 4 1 25 1 101 
13463 5 1 2 2 2 3 1 4 1 14 
3328 4 1 1 2 1 4 1 77 
35484 2 1 12 2 1 22 1 25 1 99 
22128 1 3 2 19 1 24 1 77 
29637 
21902 
32065 1 14 1 77 
23079 
15459 4 1 2 3 1 25 
25213 1 37 
9587 
580 2 2 10 9 2 12 
39657 1 14 1 19 1 30 1 77 
4337 6 9 2 10 2 11 
696 2 1 4 2 
35427 
36595 5 63 
16138 2 1 3 2 1 3 1 21 
19629 12 9 5 10 1 12 1 17 3 57 
6420 4 9 1 17 1 36 
3623 3 1 1 2 1 4 1 14 1 32 
37437 
15883 2 1 3 2 1 3 1 4 3 14 
25674 
15842 2 1 3 2 2 3 2 64 
28314 2 3 2 14 2 77 
3107 2 1 10 2 1 66 
37961 
27457 
29508 2 1 2 3 2 14 5 16 2 77 
1836 4 9 2 10 2 94 
2625 3 1 4 2 2 3 1 14 
13315 1 1 3 2 1 3 2 14 
21010 2 2 1 30 1 77 1 102 
29313 3 2 1 6 15 9 2 10 1 13 2 35 
31622 2 1 1 2 1 38 1 74 3 75 1 77 
11311 2 1 1 25 1 66 
8718 2 1 8 2 2 3 1 4 
23896 
8917 
13188 4 9 2 10 4 53 
20097 
14727 2 1 6 9 3 10 1 12 
13870 9 9 2 10 1 71 
20316 
38251 3 9 1 11 2 36 
28231 3 1 5 2 5 3 
10895 
38067 
11377 
36060 
33922 
4622 7 1 1 2 1 3 2 4 
21289 
38599 
34759 
28 4 2 2 110 
16074 
32590 
18998 4 1 1 2 1 6 2 9 4 10 
14784 
33864 
39812 1 2 1 14 1 38 
11234 3 1 5 2 1 3 2 77 
20569 
24739 
6299 
32377 
13108 1 1 4 2 1 6 1 20 
19410 
20772 10 2 1 3 1 30 
4125 2 1 4 2 2 3 
34120 2 1 9 2 2 14 1 35 
14704 3 1 7 2 1 3 1 77 
32234 
15032 1 1 18 2 1 21 
1469 1 16 
21209 
33472 
27263 7 1 3 2 1 3 2 4 1 22 
10571 
22254 3 2 8 9 4 10 2 25 2 42 
11590 
1207 2 1 4 2 1 3 1 14 
15803 
26632 2 1 4 2 1 3 1 21 
21576 1 1 13 2 1 3 1 6 
39934 
29954 
29588 3 1 14 2 1 34 
10517 1 1 4 2 1 3 2 14 
36652 1 1 13 2 1 34 
27578 2 1 7 2 2 3 1 4 
32311 
28953 1 1 3 2 1 37 
21748 
2122 2 9 2 10 2 11 1 31 1 77 1 102 
6929 4 2 1 3 1 14 1 32 
34616 
5671 1 64 1 74 
15156 5 1 5 2 1 3 1 4 
38933 2 2 5 9 1 12 1 35 1 64 
35440 
40394 1 1 13 2 1 37 
8710 6 2 1 6 2 42 
12622 2 1 3 2 1 3 1 7 1 8 
95 1 1 22 2 1 3 
27746 
35977 
35404 1 1 3 2 1 14 1 38 
21982 1 1 5 2 1 5 4 9 2 10 
21867 3 1 6 2 2 3 1 14 
35615 3 2 2 14 1 29 1 74 1 77 
13061 1 1 1 6 1 25 1 69 
28758 1 2 2 3 1 14 1 32 1 42 
24598 
21943 6 2 10 9 2 12 
6539 4 1 4 9 2 13 
19941 
14155 2 1 8 2 13 9 4 10 1 13 
13257 2 1 6 2 1 6 
38738 
38375 
36871 2 1 1 22 1 24 1 32 1 41 
11065 
23360 1 14 
6173 3 9 1 11 1 53 1 57 
5317 1 1 1 18 
6428 3 9 1 11 2 53 
17022 7 2 1 3 3 9 3 12 
2887 
14740 1 1 2 9 2 11 1 12 1 17 
36193 
11316 1 1 2 3 3 64 
4572 1 2 1 14 1 94 
11097 1 44 1 48 
32772 1 1 2 2 1 3 1 32 
6896 1 1 1 6 1 24 1 77 
23891 4 1 3 3 2 27 1 103 
8089 
17318 2 1 5 2 4 9 1 13 1 17 
21895 
30254 
5364 1 1 5 2 5 9 1 10 1 77 
17503 3 1 9 2 2 3 1 42 
37966 1 1 5 2 2 14 1 35 
9212 1 1 2 2 1 26 1 77 
10289 
31968 4 1 4 2 2 3 6 9 4 10 2 77 
16394 
25180 6 2 1 30 
7592 
20234 
25878 2 1 1 111 
11569 2 1 3 9 2 11 1 13 
14322 1 1 5 2 1 8 10 9 2 10 
15151 5 1 5 2 1 3 1 4 
27741 2 1 8 2 2 3 
7547 3 1 1 2 1 5 1 81 
32097 1 1 2 2 4 9 1 10 1 17 1 19 
36099 
34611 
11772 1 1 11 2 9 9 5 10 
18574 2 1 4 2 1 4 6 9 4 10 
12968 4 1 3 2 1 3 1 4 1 14 
19573 
38560 4 1 2 9 1 11 2 13 1 17 
9875 4 1 7 2 1 4 3 103 
9459 
10209 4 9 2 10 2 12 1 36 1 57 
23575 
17583 4 1 1 2 4 9 2 13 
36567 
32569 
17542 5 1 6 2 3 9 1 12 2 13 
20590 2 38 2 42 
25100 
21571 3 2 1 8 9 9 3 10 
10576 
706 1 1 3 2 1 31 
19268 3 1 13 2 1 34 
1239 3 1 22 2 1 3 
21517 5 1 5 12 1 53 
5521 1 1 4 2 1 14 
10748 
1022 10 9 4 10 
29497 
40074 
34677 3 1 1 3 5 9 1 13 1 14 1 34 
17105 4 1 2 2 1 3 1 7 1 26 
34915 
38095 3 9 3 10 1 20 2 24 
10867 
10982 1 1 2 2 5 9 1 12 1 26 2 27 1 35 1 81 1 103 
10943 
12246 4 1 2 3 1 8 1 24 
8415 2 1 4 2 3 3 1 14 
20065 
24424 3 1 4 2 1 8 1 77 
8106 1 1 5 9 1 12 1 103 
35916 6 2 3 14 1 34 1 64 
6507 
37697 
565 3 1 1 2 1 3 1 30 
15368 1 1 11 2 1 3 2 14 1 32 
5931 1 1 1 42 1 104 
3916 
24487 2 1 9 9 1 10 1 12 1 13 
25144 
9174 2 1 2 2 1 6 1 26 1 69 
12763 2 1 5 2 1 104 
39779 
17754 2 1 11 2 1 3 1 42 
1599 4 1 8 2 2 4 
19946 1 6 10 9 2 10 
36876 
41492 1 64 
9757 2 9 1 12 3 57 1 64 
8964 3 1 1 6 1 8 
13066 
9958 1 1 1 6 1 41 
40138 
5346 
20209 
29573 
22968 7 1 12 2 5 3 
861 4 9 2 10 1 20 1 64 
27542 3 2 3 3 1 5 1 6 
13575 
27583 3 1 1 34 1 74 1 77 
10590 1 51 1 78 
7330 3 1 1 4 1 19 1 64 
11571 3 1 4 2 1 3 1 77 
15100 
35724 2 64 
25151 2 2 1 18 1 33 2 94 
24322 
32895 
17741 4 1 3 3 1 14 1 66 
5879 
5455 3 1 7 2 1 3 
35787 
7305 
4025 3 6 1 7 
28574 
35131 
21772 2 1 10 2 2 29 
19497 
20748 
2022 
35699 1 1 1 2 1 37 
41394 4 1 3 2 1 35 
27105 1 74 1 77 
33448 4 2 1 6 4 9 2 10 1 19 1 31 1 42 1 70 1 77 1 108 
20576 1 1 1 3 1 14 1 77 
29268 
2239 1 1 4 2 1 8 
11517 4 1 4 2 2 3 2 77 
34823 
6073 8 9 3 10 1 12 
9310 4 9 1 10 1 63 1 71 
25368 4 9 1 10 1 11 
6456 1 1 1 22 1 64 
33094 
14487 2 1 6 9 2 10 2 12 
39114 2 1 2 2 1 14 1 30 1 34 1 60 1 77 
33162 2 1 4 9 2 10 1 34 1 77 
38113 4 2 1 31 
20943 
20982 
20867 3 1 3 29 3 30 3 64 
22246 1 5 1 6 2 9 1 10 3 11 
10065 
38897 
5588 3 1 2 3 1 5 
14424 3 1 3 2 1 4 1 18 
6345 1 1 3 9 2 11 1 12 
36890 
29946 
6667 5 9 2 10 3 11 
37121 
23066 4 2 1 3 5 9 1 13 1 14 
15144 1 1 15 2 1 51 
22763 1 1 1 2 2 9 1 10 1 32 3 57 
27754 
37734 1 1 1 38 1 74 1 77 
4351 4 9 2 10 2 64 
2599 
35971 1 1 7 2 1 25 1 34 
11255 5 1 3 2 1 3 1 4 
18922 3 1 8 2 1 8 
13067 1 1 2 2 1 3 4 9 2 12 
21861 
32633 
38870 
19863 3 9 1 10 1 42 2 71 
22653 3 1 4 2 2 3 1 4 1 8 
13251 1 1 11 2 4 9 1 10 1 36 1 77 
19947 
1761 2 1 16 2 1 3 1 14 
23865 
38188 
32879 1 19 1 22 1 77 
27664 
36877 
2881 
6118 3 9 3 53 
9642 5 9 1 71 
18864 4 1 3 2 1 3 1 8 
23200 2 1 1 6 1 25 
7653 2 1 1 2 1 3 1 30 1 42 
33998 
16708 3 1 3 9 1 11 1 12 1 13 
13599 4 1 12 2 2 3 4 9 2 10 2 77 
31698 2 2 2 74 
3336 1 1 9 2 1 8 
5311 2 9 1 11 3 53 
5909 1 1 1 2 1 94 
24486 
37696 
35023 3 9 1 10 1 24 1 36 1 57 
321 2 1 1 2 1 4 5 9 1 12 1 14 
35675 4 1 7 2 1 4 1 22 1 35 1 38 
35917 1 2 4 3 5 14 1 77 
10866 
36811 1 1 2 2 5 9 1 10 1 25 1 38 
6869 1 1 14 2 5 25 1 100 
12247 3 1 1 2 1 4 1 7 1 24 
16249 2 1 9 2 1 7 
34676 3 9 1 10 1 17 1 20 1 57 
4415 
27303 
4106 1 2 3 6 
5408 1 5 1 23 
7358 8 9 3 10 1 13 2 21 1 38 
26594 2 1 12 2 1 35 
29496 1 64 
5677 1 86 
21369 3 1 4 2 1 24 1 45 1 81 
22064 
21516 
22192 
1201 
25485 
2544 1 9 1 10 4 11 1 42 
27053 
10577 3 1 3 2 1 3 1 22 
37033 1 3 1 14 2 42 
31220 1 1 2 2 1 5 1 22 
27518 1 1 7 2 3 3 
24109 1 1 7 2 1 21 1 34 
9786 2 1 
977 6 53 
5063 1 1 1 5 1 25 
33793 3 1 7 2 1 80 
23244 4 1 5 2 1 35 1 64 
37802 5 2 1 3 1 74 
33412 4 1 3 2 1 35 
10511 
39464 
36566 
16903 2 1 3 2 1 4 1 7 5 9 1 13 
4964 
36319 12 1 9 2 3 35 
19470 3 1 13 2 1 34 
18245 
38463 1 1 6 2 1 103 
1828 2 1 5 2 2 22 
32096 1 1 4 2 4 9 1 10 1 17 1 19 
17480 2 1 7 2 4 9 1 13 1 17 
20493 1 1 1 22 
20712 3 63 
2412 1 1 11 2 1 18 
1881 1 1 16 2 1 3 
39680 3 1 3 2 1 3 1 4 1 8 1 14 
28864 3 1 2 2 1 14 2 26 
13200 2 2 15 9 2 12 1 13 
36623 
23599 1 1 9 2 1 37 
33 1 1 1 38 1 77 
26708 8 9 2 10 
461 5 2 1 3 3 14 
30894 8 9 1 10 2 12 1 13 1 14 
34228 
34785 6 9 2 10 4 53 
3474 1 1 19 2 1 64 
28922 8 1 4 2 3 4 2 77 
40773 6 1 3 2 3 10 3 35 
21255 3 9 1 10 1 24 2 53 
36075 
11861 
8025 1 7 10 9 2 10 
23067 1 1 1 3 4 9 1 13 2 27 1 57 
23251 5 9 1 10 1 77 
2761 
29947 
7252 4 9 1 10 1 11 1 14 1 19 1 25 
12653 2 1 3 2 1 104 
29863 2 1 1 2 1 3 1 30 1 77 
17664 
31235 2 1 5 2 1 3 1 5 2 77 
9243 1 5 3 9 2 10 1 12 1 21 1 24 
13865 3 1 5 2 1 103 1 104 
20866 
22247 2 1 6 2 1 3 1 21 
41225 2 29 2 42 
9905 1 1 1 64 
26249 2 1 3 2 2 3 2 42 
39362 2 1 5 2 1 14 1 25 1 34 
6789 1 1 5 9 1 10 1 30 
14486 6 2 1 5 1 8 
33314 6 2 1 34 1 41 
9930 2 1 2 4 16 9 8 10 
11516 4 1 3 2 2 3 1 19 
12064 1 1 13 2 7 9 5 10 
15485 3 1 10 2 1 4 1 42 
1544 3 1 1 2 1 4 1 63 
17053 
35262 
12192 1 1 4 9 1 10 1 12 1 42 
2201 3 1 1 3 1 66 
17518 3 1 3 2 1 8 1 66 
36281 
20577 
9520 
14109 3 1 9 2 4 9 1 12 1 13 
37919 
41014 6 1 4 2 3 10 3 35 
17303 2 2 1 5 1 26 1 27 
38079 3 17 3 57 
16594 3 1 9 2 1 3 1 4 
19496 4 1 3 2 1 35 
6487 1 61 
11369 3 1 6 2 1 99 
7085 4 9 1 36 1 57 
32070 
29470 
35786 
28245 3 1 5 2 5 3 
40978 4 1 2 32 
2828 4 9 2 10 2 94 
3159 
38602 
27480 
10493 1 1 4 2 8 9 3 10 1 25 1 53 1 77 
9866 2 1 1 2 1 3 1 41 1 77 
34690 1 1 10 2 1 26 1 118 
10712 1 1 1 3 5 9 1 13 1 27 1 34 
1412 1 38 1 94 
8351 3 1 1 2 1 3 1 4 2 14 
7910 
13244 3 1 3 2 1 4 1 5 
3941 1 42 1 107 
20511 
39795 
26903 2 2 1 14 1 28 
38643 1 1 5 2 1 37 
38682 2 1 2 2 1 31 
10376 
27400 6 1 1 3 1 4 1 8 
23810 2 1 13 2 1 29 
4946 4 9 1 10 1 11 1 63 
27098 
35706 4 1 3 2 1 22 1 32 
2820 2 1 21 2 1 32 
1259 18 9 6 10 
21317 2 8 4 63 
7918 
1606 4 1 4 2 2 3 
26014 7 9 2 10 3 53 
7717 
29920 
40428 
26942 
3387 2 1 1 3 1 107 
26983 2 1 1 2 1 3 1 6 4 9 2 10 1 24 1 96 
17451 
39644 6 2 1 3 2 9 3 10 1 34 1 36 2 64 
24134 2 1 7 2 2 4 4 14 1 25 
15614 
15405 
22220 6 1 5 2 3 3 1 35 
14522 3 1 2 2 2 3 1 20 
2566 4 2 1 98 
28229 
30438 
20458 5 9 1 10 1 77 1 96 
31064 1 2 5 9 1 12 1 63 
32516 
14189 
9528 10 9 4 10 
34154 
31192 
36201 
18374 2 1 5 2 2 3 1 7 
10091 
24721 3 1 1 2 1 3 2 101 
19373 
38360 
9439 
36367 
32369 
17342 7 1 1 2 3 4 1 14 
11070 
23738 2 1 1 2 2 3 2 64 
17383 2 1 16 2 1 3 1 14 
23375 
33758 1 1 2 2 1 99 
18237 5 1 2 2 1 3 1 4 1 19 
20390 
21371 3 1 3 2 1 6 1 24 1 81 
16230 1 9 2 11 2 53 1 57 
15273 4 1 2 3 8 9 4 10 2 12 
19935 
13019 3 1 3 2 1 3 1 77 
23933 4 1 23 2 1 35 
19199 4 1 2 2 1 3 1 4 1 6 1 42 
211 
33953 3 2 1 3 1 4 2 8 2 9 4 10 2 24 1 26 1 34 
64 3 9 2 17 1 57 
14406 4 1 6 2 1 4 
6374 
22698 
9737 3 2 1 4 4 9 1 10 1 19 1 31 1 53 
9938 
5149 1 1 17 2 1 63 
13280 1 1 12 2 1 22 1 42 
824 3 2 1 45 
39600 
28472 2 1 4 2 1 38 
26788 3 2 1 29 1 30 1 77 
41249 3 1 8 2 3 3 
26225 2 3 4 27 
24078 
19631 14 9 8 10 1 17 3 57 
35969 
31653 4 1 21 2 2 34 
21879 6 1 4 2 2 4 1 9 4 10 1 13 
12235 1 1 4 9 1 11 1 12 1 30 
15568 1 1 1 9 1 10 1 12 1 39 1 57 1 64 
563 1 5 1 21 
34705 7 16 
37212 
5951 2 1 1 7 1 77 
32861 1 1 1 2 1 6 1 14 
7419 
27444 2 1 3 2 2 14 1 30 1 34 1 77 
21633 
37431 
2606 
19920 8 3 
16014 
37843 2 1 2 3 2 14 2 77 
16983 2 1 11 2 1 3 1 42 
37967 1 1 1 2 1 3 1 14 3 35 
37882 
16942 1 2 6 9 4 11 2 12 
27451 
39872 1 1 15 2 1 22 5 25 
20376 
17400 4 1 5 2 3 3 1 14 
13810 
1820 4 1 8 2 1 4 
17098 2 1 1 2 2 3 2 18 
2259 2 1 6 2 1 22 
11317 8 9 4 12 
9844 
11096 2 2 7 3 8 14 3 26 
8773 2 1 5 2 2 3 1 77 
29373 3 9 2 10 1 11 1 19 1 27 
36250 
20091 
14721 1 1 5 2 1 3 1 66 
21070 5 9 1 10 1 77 
27383 1 1 8 2 1 22 
38257 
13375 10 9 1 10 1 12 1 75 
13738 2 1 2 2 2 45 
27342 4 2 1 8 1 20 
10390 
38061 1 1 14 2 1 22 
28237 3 1 5 2 5 3 
8911 2 1 2 6 
26230 2 1 2 2 3 3 1 4 1 7 1 14 
8309 
5400 2 1 1 2 1 3 1 5 
7350 1 1 4 9 1 12 1 36 
11371 
25405 1 1 8 2 1 14 3 25 
24522 2 1 1 2 5 9 1 13 1 77 
12220 
14134 
25614 
1566 4 9 2 10 2 14 1 19 
18229 
24189 1 9 3 53 2 71 
5435 5 2 1 3 1 5 
682 2 1 12 2 2 22 
10458 
3101 3 9 2 10 7 53 
28374 2 1 9 2 1 29 1 64 
24406 4 9 3 10 1 11 1 24 1 77 
12698 3 1 2 2 2 3 1 8 
579 1 1 1 3 1 27 1 77 
25273 
29935 4 1 6 2 2 29 1 81 1 84 
23019 1 1 1 6 2 24 1 26 
29199 3 1 2 2 1 3 2 7 2 77 
13933 2 1 8 2 1 70 
31247 
111 2 1 6 2 1 34 
4331 2 1 23 2 1 22 
34141 
39955 
9581 
29631 
4089 1 1 1 42 1 96 
9697 
11879 2 1 2 2 2 8 
22235 4 1 4 2 4 9 2 13 
6436 3 9 2 11 1 17 
25568 22 9 8 10 
8572 2 1 2 2 2 3 1 19 
32255 
9145 3 1 6 2 2 3 1 4 1 14 
38108 1 1 5 2 1 37 
39651 2 1 7 2 1 7 2 77 
11633 2 1 4 9 1 10 1 13 1 21 
17444 5 1 1 2 1 3 1 4 1 7 
23280 
18472 1 1 4 9 1 11 1 13 1 64 
35421 
6110 1 1 3 9 2 11 1 12 
16788 1 25 2 74 1 75 
16225 1 45 2 76 
14078 1 1 5 2 1 33 
16026 1 4 12 9 6 10 1 14 3 24 
34601 1 23 
23733 1 63 
17388 3 1 1 2 1 3 1 7 2 8 
19735 
32306 
19378 
5866 4 1 1 4 4 25 
11386 
3517 1 1 4 9 2 10 1 42 1 77 
33753 
6394 10 9 2 10 1 25 
32056 2 2 7 3 8 14 3 26 
25110 
14630 2 1 6 9 3 10 1 12 
1153 2 2 1 4 4 27 
30841 4 9 1 11 1 12 1 14 
22036 1 8 10 9 2 10 1 42 
10219 1 1 3 2 5 9 1 10 1 19 1 66 
20453 
6906 3 9 1 12 2 17 1 30 1 42 
39436 3 1 22 2 1 34 
36534 1 1 3 2 1 6 3 9 2 10 1 14 1 17 1 24 1 29 1 77 
40423 
4419 3 1 1 2 1 3 1 6 1 77 
5520 1 1 3 2 1 14 
21507 1 1 18 2 7 3 
6164 2 9 1 17 3 57 
29456 
26554 1 2 1 14 1 74 8 75 
26988 
27093 
34905 3 9 1 10 1 11 1 25 1 36 1 42 
17115 4 9 2 10 1 19 1 24 1 42 
22152 4 1 19 2 1 35 
38648 1 1 13 2 1 6 1 22 
25626 1 18 1 51 
35769 4 1 13 2 1 30 1 35 1 42 1 77 
20381 
8338 
32132 3 1 1 3 1 26 1 107 
10080 3 9 2 10 1 12 1 32 1 64 
35906 
15563 3 1 3 2 1 4 1 42 
27636 
5905 1 1 1 2 1 48 
24625 
31658 1 2 1 6 2 9 4 10 2 14 2 24 
4918 
21638 4 1 2 2 8 9 4 10 2 35 
37656 1 2 1 22 1 44 
16541 
4717 
29720 
30349 9 2 2 14 3 25 
5930 1 1 1 7 1 42 
18836 3 1 4 2 1 4 1 6 1 44 
24073 2 21 
6865 1 1 1 25 2 75 
7946 
26783 
14469 1 1 26 2 1 5 
11295 1 1 2 2 2 8 1 24 
8633 2 1 2 2 1 8 1 69 
33527 1 2 1 118 
13291 1 2 1 48 1 51 
22693 
23938 
5243 
15278 1 1 6 2 1 46 
10834 4 1 3 2 2 3 
24921 
13559 
33584 2 1 17 2 1 3 2 14 1 32 
33958 1 2 3 3 5 14 1 19 
20889 3 9 1 10 2 11 1 77 
24630 
15110 3 9 1 11 1 34 
7331 
3155 4 9 2 10 6 53 
9063 
2153 2 1 7 2 1 32 
34650 
12036 5 1 19 2 1 3 1 4 
5786 
577 1 1 1 2 1 3 1 22 
10453 
20219 2 1 5 2 1 29 
27388 9 2 2 3 10 9 2 12 
13733 2 1 4 2 1 3 1 18 
26026 8 9 4 10 2 64 
29735 1 2 1 14 1 30 1 77 
29378 3 2 2 5 1 25 2 77 
39755 1 1 1 3 1 14 1 35 1 44 1 77 
21386 
27115 
5730 
1496 4 1 4 2 1 3 1 4 1 14 
4718 12 9 3 10 1 12 
39656 
4917 
6266 4 1 3 2 2 3 
29636 
5705 
201 2 1 3 2 1 14 1 35 
40708 9 1 3 2 2 22 2 35 1 81 2 84 
33574 1 1 6 9 3 10 1 13 2 16 1 24 1 77 
20879 6 1 2 34 
14450 5 1 1 2 5 3 
30653 1 1 1 2 1 5 1 101 
34146 2 1 4 2 1 25 1 101 
15725 
7803 2 1 7 2 3 25 
15288 5 1 2 9 2 10 1 12 1 13 1 70 
20633 4 16 
12894 1 1 22 2 3 3 
5049 1 1 1 14 1 19 1 25 
14398 1 1 7 2 10 9 1 10 1 13 
24401 3 1 1 8 1 77 
8622 2 1 2 2 2 3 2 27 
13560 2 1 15 2 1 22 
40249 6 1 2 4 2 8 2 42 
40462 4 1 9 2 1 3 1 14 1 22 1 35 
9929 
27187 
14273 
27731 1 1 7 2 1 3 1 4 
10810 14 3 
29177 
65 9 2 1 3 1 35 
37751 
15406 2 1 13 2 1 25 
8745 5 1 3 3 1 4 2 27 
17532 3 1 3 2 2 3 1 14 
32515 
16678 5 2 1 8 5 9 1 12 
25078 
13458 1 1 6 2 4 3 1 4 3 9 3 10 2 14 
34969 
10375 
29111 3 2 1 14 1 30 1 74 5 75 1 77 
10738 1 6 1 7 
11897 1 1 2 2 1 38 
35705 1 1 3 2 1 14 1 18 1 27 1 35 
14568 3 1 1 2 1 4 1 14 1 25 
9299 2 9 2 39 
23091 2 1 2 45 
8009 2 1 4 2 2 25 
7050 
13390 1 2 4 3 5 14 1 26 
11113 8 9 3 10 1 13 1 14 
7519 
10933 
41172 
34706 3 1 8 2 1 99 
12236 5 9 2 10 3 11 
20019 
5660 1 91 
2657 2 1 9 2 5 9 1 13 
4031 2 1 7 2 1 22 
36510 2 1 5 2 1 14 1 34 
38517 1 1 13 2 1 22 
26226 4 1 4 25 
15522 
14405 4 1 6 2 1 4 
38571 4 1 14 2 1 33 1 35 1 77 
14614 2 1 6 2 1 3 1 4 1 14 
9173 3 1 2 2 1 8 1 26 1 69 
2466 2 1 3 2 1 14 1 26 
20280 
15189 6 3 
17293 
21560 1 1 11 9 6 10 1 12 
35154 2 2 1 3 2 14 1 85 
9428 
484 1 2 1 44 1 64 
9539 
25721 1 45 1 69 1 76 
19936 1 3 1 14 2 44 
4389 
8963 3 1 1 2 1 3 1 8 1 20 
40148 2 1 9 2 2 77 
25406 1 1 2 2 1 5 1 6 
27532 1 1 3 2 3 3 1 6 
17124 3 1 1 4 1 18 1 19 
37700 1 74 3 75 1 77 
26678 2 1 8 2 2 3 
37552 
5925 
3087 
17187 2 1 6 2 1 4 2 14 
24273 1 114 
36163 
19177 3 1 2 3 1 4 3 14 
40603 
17731 3 1 10 2 2 3 1 42 
13376 
9481 
35141 4 1 25 2 1 22 1 32 
19111 3 1 5 9 5 10 3 77 
20738 2 3 2 14 2 77 
20375 
6536 3 9 2 53 1 57 
13091 18 9 6 10 
21897 1 1 4 2 1 3 2 64 
8137 2 1 5 2 2 3 
8472 2 2 1 3 1 60 
21113 
30758 1 1 4 9 2 10 1 20 1 77 
23390 1 14 1 22 
11095 1 2 4 3 5 14 1 20 
33438 
34421 
15078 
7832 
23458 1 1 4 2 1 22 
5295 1 1 2 9 2 10 1 24 2 53 1 77 
6074 4 1 4 2 1 70 
16226 2 2 1 4 3 14 1 42 
20933 2 1 2 2 2 35 
22236 3 2 1 3 2 6 1 35 
10019 1 1 1 48 1 79 
6926 1 1 5 2 1 38 
40364 
1657 1 1 8 2 3 3 
32256 
30953 1 1 7 2 1 22 1 65 
15721 3 1 6 2 2 3 1 14 
29936 6 1 6 2 2 30 1 81 1 84 
38772 1 2 4 3 5 14 1 77 
6296 2 1 19 2 1 22 
31574 
36488 
5500 3 1 4 2 1 3 1 4 
39956 
24614 12 9 1 10 3 11 1 12 1 13 
15134 1 1 10 2 7 9 3 10 
25522 1 1 4 2 2 3 1 14 
9812 4 9 1 10 1 12 1 32 1 56 
24405 
1466 4 9 1 57 1 71 
10280 
27293 
37744 6 2 1 24 1 34 
5535 9 9 4 10 1 53 
25189 1 1 7 2 4 9 1 39 
11560 9 9 2 12 1 13 
4515 1 1 2 2 1 3 
35676 6 1 2 4 2 22 1 35 1 38 
30231 1 1 4 2 1 22 2 35 
8325 1 1 3 9 1 13 1 14 2 17 1 30 
35911 
4824 
3320 
36817 1 1 1 2 5 9 1 10 1 25 1 34 1 38 
19645 2 1 4 9 1 10 1 13 1 14 1 34 
32819 
1968 1 1 3 2 2 3 1 14 
23682 1 14 
12241 3 1 2 2 1 24 1 70 
38810 
23643 3 1 9 2 1 34 1 64 
1767 3 1 1 4 1 107 
25032 3 1 6 2 8 3 1 6 1 8 3 14 2 77 
2469 4 2 1 70 1 114 
11209 4 3 4 64 
8357 
37445 3 1 5 2 2 34 
17263 4 1 4 2 2 26 
3748 3 1 1 4 2 22 1 24 
20571 12 16 
739 5 2 2 64 
36287 1 1 4 2 5 9 1 14 1 22 1 36 
32289 
3947 3 9 1 10 1 20 2 57 
38280 
12254 1 1 3 9 1 12 2 53 
21590 2 1 1 8 1 64 
9536 1 1 1 7 1 55 
23108 4 1 4 3 2 103 
40918 
4386 
29410 2 1 4 2 1 30 
437 2 1 10 2 1 22 
10772 
36224 
41074 2 1 8 2 1 27 2 35 1 40 1 118 
35136 
11748 1 1 2 2 1 3 2 27 
18953 3 1 2 2 1 3 1 8 1 14 1 66 
1122 2 2 2 27 
6481 1 4 19 9 4 10 1 17 
32010 1 1 1 2 2 108 
25156 2 1 2 2 2 3 1 4 1 18 1 42 
22622 4 16 
38019 
17746 2 1 5 2 1 3 1 4 1 8 
25803 2 1 1 2 2 24 1 84 
16632 1 1 17 2 1 3 
2207 2 2 3 9 3 10 2 24 1 42 
716 4 2 1 6 
11576 6 9 2 10 1 39 
19588 
19954 
37979 
17578 3 1 2 2 1 4 1 44 1 45 
39989 2 9 2 10 1 24 2 53 1 77 
33374 
6812 3 1 1 2 2 3 1 6 1 8 
4548 1 4 15 9 3 10 1 24 
34999 
37126 
23061 2 1 14 2 4 3 
34135 
9296 
14598 
11943 5 1 3 2 1 3 1 4 
18758 2 1 5 2 1 8 5 9 1 10 
11982 
11867 2 1 5 2 5 25 
31128 
32902 1 5 1 6 1 69 
29941 1 1 9 2 1 34 
24155 1 63 1 87 
8006 1 4 2 64 1 75 
23257 
7516 7 1 5 9 1 10 1 81 2 84 
13360 2 1 12 2 1 6 2 77 
9926 1 1 3 2 1 6 1 8 
40492 
36015 
40713 
41138 
29645 
2968 3 1 1 2 1 4 4 9 1 10 1 17 
2767 3 2 1 3 1 14 
39202 3 2 1 33 1 77 
13643 1 1 2 2 3 3 1 6 
5750 1 1 1 20 1 45 1 49 
13682 2 2 12 9 2 10 1 13 3 17 
22241 2 2 4 3 2 6 
27022 1 6 4 9 1 10 1 53 1 95 
9074 3 1 2 2 2 3 3 4 5 9 1 10 
37610 
1887 2 1 10 2 1 32 1 96 
24740 
21743 4 1 3 2 1 4 1 6 
28958 
34252 
31294 
10307 
21782 4 1 2 2 1 3 1 4 4 9 1 10 1 17 
28584 
35777 1 1 12 2 1 103 
30029 
18539 2 1 2 3 1 4 20 9 4 10 
38938 
19741 
24232 1 1 3 2 1 48 
12530 4 1 1 3 1 4 1 6 1 8 
11581 4 1 2 2 1 4 1 66 
26520 
30835 4 2 2 29 4 32 
6193 7 9 2 10 1 53 
28527 2 1 7 2 1 38 
10057 
15808 3 1 4 2 1 3 1 22 
8185 2 1 6 2 4 9 2 10 2 77 
10261 4 9 4 10 2 24 4 57 
27573 2 1 7 2 2 3 1 4 
13585 20 2 3 3 1 8 
1354 1 1 11 2 1 3 2 14 1 22 
20855 4 9 1 39 
29542 3 1 5 2 1 3 1 7 1 77 
32501 
29583 
7824 
40825 
21266 
3000 1 2 1 25 2 74 
13856 1 6 7 9 2 10 3 57 
14940 2 1 1 8 3 9 3 10 1 26 1 64 2 77 
6363 2 2 2 9 1 10 1 25 1 42 3 53 
8541 2 1 4 2 1 25 2 26 
20586 
27268 5 1 1 3 1 4 1 22 
3035 10 3 
35711 1 1 1 2 1 105 
13103 1 1 21 2 5 3 
29105 
40039 2 2 1 24 1 37 
17497 2 1 3 2 1 4 1 6 2 14 
1629 
2033 
36198 
16535 2 1 6 2 1 4 2 14 
980 2 9 3 10 1 17 3 64 
5587 2 1 7 2 1 34 
6279 1 1 4 2 1 3 2 14 
23648 4 1 22 2 1 35 1 64 
20972 4 1 2 9 1 10 2 13 1 17 1 77 
14477 
25499 1 7 1 22 
7125 1 5 5 9 1 13 1 14 
16346 3 1 14 2 1 3 1 22 
37114 
14904 4 1 3 9 1 10 2 13 1 64 
22525 
41547 
39734 
14411 4 1 7 2 1 4 
8884 2 1 1 8 1 64 
29754 4 14 
6011 1 5 7 9 3 10 
39121 
28753 
24593 
21948 
6668 1 1 9 9 6 10 1 12 
27946 2 1 18 3 2 4 2 77 
38733 1 1 4 2 1 35 
5691 
16520 1 1 1 4 15 9 3 10 1 25 
38291 1 1 20 2 3 14 1 22 1 32 
21581 
4516 1 46 3 64 
25808 
8326 2 1 8 2 6 6 1 22 
18527 3 1 6 2 1 3 1 4 2 9 4 10 
20057 1 7 
17573 3 1 15 2 1 3 
23585 
2354 1 74 2 75 
20261 7 1 8 2 3 3 1 35 
30037 
19583 1 1 1 37 1 64 
10855 
19542 
11782 2 1 12 2 1 22 
18584 1 1 8 2 1 6 4 9 1 10 1 13 
18958 3 1 22 2 1 3 1 6 
11743 3 1 1 2 1 103 1 104 
32550 
9276 5 9 1 10 1 25 1 42 
928 1 1 4 2 4 9 2 10 1 25 1 42 
34799 
38559 4 1 2 9 1 11 2 13 1 17 
7548 
28539 
29741 
22530 
14232 3 1 15 2 1 8 
32702 2 1 4 2 1 22 1 25 
23103 3 1 2 2 3 3 
40913 1 64 
19105 7 1 1 2 1 3 1 4 1 70 
34687 2 1 1 3 5 9 1 13 1 14 1 34 
2629 
27497 6 2 2 4 1 6 
1033 2 1 4 9 2 10 2 77 
40084 5 64 
34624 4 1 1 3 1 14 1 35 
35512 
9094 4 1 3 2 4 3 2 8 
33836 
11266 2 2 1 6 1 103 
40027 
23856 1 16 
24940 
10586 
8204 
17268 2 1 1 3 1 24 1 96 
15499 1 1 1 7 1 24 1 45 1 77 
5731 
3716 4 1 1 2 1 4 1 66 
24477 
24904 
26346 2 2 2 3 2 6 
12525 4 1 1 2 1 4 1 6 1 70 
39697 
7386 4 1 1 4 2 25 
737 4 2 2 21 2 25 
439 2 1 2 2 1 22 
6508 3 1 1 4 4 9 2 10 1 42 
40718 
30820 2 1 1 3 1 26 2 42 
26535 2 1 15 2 1 38 
13648 1 1 1 6 5 9 1 10 
36555 
10972 2 1 13 2 2 6 1 22 
41133 
9957 1 1 1 6 1 41 
18753 2 1 2 6 1 22 
11948 2 1 3 2 2 3 1 70 
14593 3 1 3 2 1 3 1 45 
8764 2 1 1 8 5 9 1 10 1 25 
9758 3 1 20 2 1 3 
31549 1 81 
40830 
17946 4 1 1 2 2 3 2 8 
36886 
416 2 1 3 2 1 22 
31123 1 1 7 2 1 3 1 22 1 28 
24411 
39789 3 9 3 10 2 14 1 19 1 24 
37779 
19754 1 1 7 2 1 34 
15218 2 1 4 2 1 3 1 14 
41346 
9750 1 6 2 24 
12123 2 1 23 2 1 32 
18540 6 1 3 2 2 3 3 4 
32948 2 1 1 2 1 96 
4973 
36806 
12549 1 9 4 11 1 17 
37562 
5926 
16547 3 1 2 2 1 4 1 20 
41535 1 1 1 6 1 24 2 26 
7993 
36153 
26133 1 1 1 66 
5074 1 1 3 2 1 55 
150 8 2 1 3 1 35 
39709 3 9 1 10 1 17 1 36 1 42 
28798 
6535 3 9 2 11 1 57 
24558 1 1 5 2 4 9 1 39 
24984 3 1 8 2 9 3 2 4 3 14 1 22 
31525 1 6 4 9 1 10 1 17 1 42 
7223 3 1 3 2 1 4 2 8 1 18 
33521 
14939 2 1 10 2 6 9 4 10 
30768 2 1 3 2 1 3 1 20 
10422 1 1 10 2 7 3 
24013 
34538 
13297 4 1 6 9 2 10 2 13 
266 1 1 3 2 3 3 1 6 1 77 
14195 1 1 2 2 2 3 3 64 
6500 3 1 1 4 3 9 1 10 2 17 
24927 
40040 4 9 1 10 1 36 1 77 
4711 
23468 3 14 
5296 4 3 1 6 
39248 
3972 2 1 1 2 1 96 
34607 
1914 5 9 2 10 5 53 
19185 2 1 5 2 2 3 1 4 
23142 
23183 2 1 6 2 2 3 2 77 
17175 2 1 9 2 1 8 5 9 1 10 
40004 
36692 
35348 24 16 
29994 2 1 5 2 1 25 4 77 
28326 4 35 
6925 3 1 2 2 2 3 1 14 
28993 
30847 2 1 1 2 1 4 1 7 10 9 2 10 
30963 
10506 1 1 19 2 5 3 
40354 
15196 2 1 6 2 7 9 4 10 1 17 1 19 1 25 1 77 
32266 
20324 
25888 1 2 1 6 
21501 2 1 1 2 2 64 1 70 
33046 
25170 1 1 1 30 1 77 
6295 14 9 4 10 
10279 1 1 1 2 1 25 1 74 3 75 
39966 1 1 5 2 3 3 
19503 2 28 
4129 1 1 1 5 4 9 2 10 1 25 
8283 2 1 1 3 1 14 1 77 
23505 4 1 23 2 1 35 
1465 
7540 
19318 
20387 
11702 3 1 1 2 1 4 1 6 3 9 3 10 
18504 3 1 2 2 3 3 1 4 
32782 
32743 2 1 5 2 1 22 1 25 
22294 2 1 2 2 1 14 1 18 1 70 
11550 
5536 
3511 5 2 1 3 1 23 
40452 1 29 1 77 
250 2 2 4 35 
37761 
8746 3 1 1 3 1 4 5 9 1 13 2 27 
6660 1 25 4 75 
25218 
22123 3 2 2 9 2 11 2 12 
28540 5 9 1 10 1 24 1 77 
22549 
26547 
14927 2 1 15 2 1 22 
7622 2 1 1 3 1 104 
33722 
13468 1 1 4 2 1 6 1 42 
40341 1 1 1 22 1 37 
14984 6 1 12 2 2 4 
14558 1 1 2 2 1 3 1 5 1 63 
18798 2 1 6 2 1 6 
34959 
20422 4 9 1 10 1 11 1 77 
9317 10 9 1 10 1 13 1 74 
8803 
24939 2 1 2 3 2 19 2 77 
166 4 9 2 10 1 24 1 42 
23297 
24195 1 75 1 89 
14013 4 1 18 2 2 3 
18993 3 1 1 2 1 3 1 8 5 9 1 10 
30045 
3008 5 2 2 4 
20506 
25196 
55 1 1 1 2 1 8 
2914 1 1 1 2 1 22 1 44 
29185 
13183 2 1 4 2 1 6 
27175 3 1 7 2 1 39 
9671 3 9 1 10 1 42 2 71 
13142 
41520 6 16 
4462 2 1 5 2 1 22 
18326 3 1 2 2 2 3 1 21 
19994 
29318 4 9 2 10 1 24 1 94 
2465 
8682 2 1 7 2 1 3 1 14 
28504 1 1 8 2 1 35 
21702 5 1 1 2 2 3 1 4 1 14 1 19 
40849 1 1 6 2 1 22 1 35 1 42 
31530 
10387 2 1 1 2 1 25 1 101 
21550 4 1 6 2 3 3 1 14 
35164 3 1 8 2 1 34 
12294 1 1 23 2 1 64 
3463 10 9 2 10 2 75 
35092 
10324 
15888 2 1 2 2 2 3 2 64 
15170 2 1 4 2 1 3 1 63 
11501 1 1 1 6 1 65 
7337 3 75 2 76 
32581 3 1 1 4 1 25 2 34 
29503 
20279 
13505 
8973 
13118 1 6 10 9 2 10 1 77 
19400 4 1 13 2 1 35 
20386 1 34 
38844 
19098 
25621 
39843 6 1 4 2 7 3 7 14 1 22 2 32 1 77 
39882 
39967 9 2 4 3 
3055 
16973 3 1 10 2 2 3 1 42 
29451 
37872 3 9 1 11 1 36 1 53 
39431 1 64 
11453 4 1 2 8 
21219 
2476 
248 5 9 1 10 1 38 
33047 
17920 2 1 8 2 2 3 
2053 4 1 1 2 1 4 1 19 
9163 3 1 1 2 2 3 1 4 5 9 1 10 2 27 
14714 2 1 2 2 3 9 2 10 1 17 
30846 
10507 
24179 1 6 8 9 5 10 1 12 
36269 1 1 2 2 1 7 4 9 2 10 1 42 2 77 
9393 3 9 1 11 2 17 
22031 10 9 7 10 1 12 
15197 10 1 4 4 
32267 
32051 
18339 1 1 3 2 1 3 1 8 1 18 
7189 1 4 1 20 3 64 
15813 3 1 8 2 1 4 1 29 
12330 1 1 1 2 1 5 1 6 
11381 3 1 4 2 3 3 
8711 4 1 6 2 1 8 3 9 3 10 
5670 1 51 1 64 
27373 12 2 8 3 
13385 2 1 15 2 1 22 
1334 1 2 1 14 1 29 
21080 2 16 1 21 
34606 
16021 3 1 2 2 1 4 1 14 1 25 
32301 
29383 1 1 1 2 1 3 2 42 
25925 2 9 1 53 3 71 
29342 1 1 8 2 1 3 1 22 
1685 1 1 2 2 4 9 1 12 1 17 
37955 2 2 2 29 1 32 
35605 5 2 3 14 1 32 
35414 
24926 2 1 3 2 1 14 1 35 
27199 1 63 2 75 1 76 
10638 
25242 
25283 3 1 1 2 1 21 1 35 
599 3 9 2 11 1 17 
24393 3 1 3 2 3 3 
13296 1 51 1 76 
3282 4 2 2 6 
18831 3 1 3 2 1 4 1 6 1 44 
14088 4 1 16 2 2 26 
20295 1 1 15 2 1 22 
522 
8129 3 9 1 10 1 11 1 17 1 64 
4283 
16778 5 1 4 2 1 4 4 9 1 10 1 13 
16335 
18482 2 1 3 2 2 3 1 14 1 18 
38265 
18443 2 1 1 3 1 8 1 19 
15930 1 1 4 9 1 13 1 44 1 53 
23270 
21834 1 1 1 6 1 25 1 64 
38800 2 1 22 2 1 19 1 103 
36807 1 64 
32809 1 2 1 85 1 110 
37651 1 1 1 2 1 6 1 77 
3321 
19444 
27631 10 9 2 10 2 64 1 70 
9698 
41347 
22325 5 1 11 2 7 3 2 4 1 6 
35901 2 1 1 2 1 5 1 35 1 44 
11889 
31854 
34892 
3802 3 2 2 14 
19451 2 1 2 2 1 38 1 77 
37644 4 2 2 22 
31433 
26973 1 1 1 30 1 77 
3388 4 2 5 9 1 10 1 35 
33845 1 1 5 10 1 12 5 64 
148 1 1 4 2 1 25 1 110 
1476 18 9 8 10 
7718 1 1 2 2 1 18 1 103 
11219 1 1 1 2 1 7 1 44 
21453 1 16 
7917 14 2 4 3 
31841 1 1 5 9 1 12 1 38 
24714 
27920 4 16 
1053 
35312 
23118 3 1 1 2 1 3 2 26 
40908 
4746 14 9 6 10 
29400 3 9 2 10 1 11 1 16 2 77 
29098 
15621 
10386 1 1 2 2 1 14 1 101 
38672 
21381 1 1 13 2 1 22 
16320 
32498 
38009 5 16 
32000 
18327 1 1 3 2 1 3 1 8 5 9 1 10 
6480 2 1 3 2 1 7 1 77 
26021 4 1 2 2 2 3 
2334 1 4 10 9 2 10 2 24 
23385 4 1 19 2 1 35 
17373 2 1 15 2 4 3 
11080 
19342 
19383 
15925 
9527 
20507 1 1 1 3 1 14 1 77 
32350 
4803 2 1 1 2 1 3 1 44 
18384 3 1 3 2 2 3 1 46 
12031 24 2 6 3 
25197 
41423 4 1 6 2 1 22 1 35 
14179 
38359 
28339 3 9 1 10 2 53 1 77 
6064 9 9 3 10 1 24 
25813 2 2 1 3 3 14 
22330 2 9 2 10 8 11 
9937 2 1 16 2 2 22 
14393 3 1 8 2 1 3 
31349 
23296 1 1 1 22 
9738 
30658 1 1 4 2 4 25 1 100 
2685 8 2 1 42 1 65 
8462 4 3 4 14 1 26 1 76 
32912 
3683 1 1 5 2 1 3 
17935 2 1 4 2 1 3 1 74 1 77 
32044 9 9 6 34 
15283 2 1 3 2 1 3 3 9 3 12 
3546 4 9 1 10 1 18 1 71 
14926 1 1 2 2 9 9 7 10 
17199 1 1 2 2 1 5 1 6 
15242 6 1 1 2 1 3 2 4 1 14 
20638 2 16 
11834 1 1 1 2 1 6 1 14 
39212 
5751 2 1 2 2 1 22 1 25 
26546 
29444 
4682 1 1 1 2 1 18 1 45 1 77 
12325 3 1 3 3 1 77 
40703 
21889 
17631 2 1 1 2 3 9 2 11 1 13 
36005 2 1 2 2 1 31 1 74 1 77 
24088 
28831 
10295 5 57 1 71 
26778 1 1 10 2 1 25 1 100 
26335 
35950 1 1 9 2 1 35 1 41 1 74 1 77 
25930 2 9 2 53 2 71 
28443 1 1 11 2 1 34 
28482 1 1 4 9 1 10 1 53 1 77 
36355 
37600 
13270 3 1 2 2 1 3 1 4 2 14 
38851 
31325 
2961 4 1 2 3 1 22 
24358 
6555 2 1 4 2 1 3 1 64 
27863 18 2 3 74 3 77 3 96 
22854 
19664 9 9 2 10 2 11 3 57 
13612 
36085 1 1 1 38 1 42 
3604 1 1 2 2 1 3 1 5 1 64 
32834 
33321 1 23 
34338 
34775 
40742 2 1 6 2 1 27 2 34 
21809 7 2 1 70 
40783 
24490 
4185 
24008 
39670 
9049 3 1 3 2 2 3 2 4 1 21 
18663 
28402 
37680 
41546 
9730 
28041 2 1 28 2 2 35 
4541 2 1 1 4 2 42 
14476 1 1 3 2 11 9 7 10 
18340 2 1 1 2 2 9 3 11 1 13 
12349 3 1 6 2 1 3 1 22 
6989 1 7 4 69 1 70 
2182 3 1 3 2 1 3 1 32 
16347 8 9 5 10 1 11 1 24 
20524 
18054 3 1 3 2 2 3 1 4 1 14 2 64 
17496 2 1 4 2 2 3 2 14 
6488 
10132 3 1 1 2 1 6 1 7 1 8 
33829 
32080 
38089 1 2 2 48 1 103 
21301 
19303 
11498 2 2 2 9 2 11 2 12 
23305 1 63 
11000 16 9 6 10 
13857 1 6 7 9 2 10 3 57 
19518 4 2 2 29 
21051 1 2 1 22 1 30 1 42 
18304 3 1 4 2 1 3 1 22 
36271 1 1 12 2 1 3 1 7 4 9 2 10 1 30 3 77 
39919 3 1 1 2 2 3 1 31 
24161 14 9 12 10 
33035 
20587 
23055 1 1 13 2 3 3 8 9 4 10 
15475 
11350 3 1 1 2 1 3 1 6 
31031 1 1 3 2 5 9 1 10 1 103 
21267 
19053 3 1 2 2 1 3 1 6 1 19 
5556 1 4 8 9 2 10 1 49 2 53 
4884 
3380 16 9 2 10 4 11 2 13 
3741 1 2 4 9 2 12 
36217 
32219 
38210 1 14 1 16 1 19 1 30 1 77 
12841 3 1 2 2 2 3 1 8 
9265 
15949 2 1 15 2 1 56 
41021 6 1 11 2 3 10 3 35 
35548 2 23 
28526 2 1 7 2 1 38 
10056 10 9 2 10 2 76 
12433 2 2 1 5 1 44 
7710 
26423 1 1 7 2 3 3 
10306 
27470 
40988 2 1 10 2 4 9 2 10 2 26 2 77 
2827 1 1 14 2 1 6 1 94 
29480 
35776 1 1 11 2 1 103 
40554 
30693 3 1 1 4 1 24 1 77 
14490 6 1 3 4 2 14 
14008 3 1 25 2 1 3 
36824 1 1 2 2 5 9 1 10 1 25 1 38 1 64 
7006 1 1 6 2 1 6 8 9 4 10 1 24 1 25 
28663 1 2 1 3 2 4 2 44 2 45 2 49 
6117 3 9 1 10 1 11 1 17 1 18 
40541 2 1 3 2 1 35 1 37 
4326 7 9 3 10 1 64 
18402 3 1 6 2 1 3 1 70 
8516 1 1 15 2 1 6 1 64 
5373 5 9 1 12 1 95 
14358 3 1 3 2 3 9 3 10 
17863 5 1 1 2 2 3 1 4 1 14 
38178 
5045 1 1 3 2 1 94 
36962 2 1 5 2 2 14 1 22 1 34 
36887 
33020 1 4 3 14 2 19 1 42 
1961 2 2 3 6 
32889 
17947 4 1 1 2 2 3 2 8 
23612 4 9 1 10 1 36 1 77 
38880 7 9 3 10 1 42 1 103 
29664 1 1 5 2 4 9 1 39 
12854 6 1 1 2 2 3 1 4 
11809 1 5 2 9 1 10 3 11 
35981 1 1 1 25 1 37 
9690 
21044 
21912 
3564 3 1 5 2 1 8 
35685 
6421 4 9 1 17 1 53 
39696 
18041 2 1 3 2 2 3 1 7 
4204 1 2 2 5 1 25 
28340 22 9 6 10 4 39 12 53 6 77 
24476 
5709 
22349 1 1 7 2 4 3 2 4 1 8 5 9 1 10 1 19 1 65 1 77 
26347 3 1 3 2 3 3 
1182 3 1 2 2 1 3 1 19 
11051 
40026 
39033 
23857 
29518 2 24 
14161 3 1 24 2 1 4 1 14 
31330 
10587 2 1 7 2 4 9 1 13 1 17 
28304 
13055 4 1 2 3 1 6 
25475 
21350 
6046 
33837 
11267 2 1 8 9 2 10 2 12 
29053 
5678 2 55 
20132 3 1 2 2 4 9 2 10 1 26 1 34 
28054 4 1 7 2 1 35 
27496 7 2 2 4 1 6 
7357 6 2 4 3 
11301 1 1 4 2 2 3 1 64 
5407 
35790 6 1 9 2 2 3 2 34 
21498 2 1 1 2 1 5 1 44 1 81 
839 1 1 7 2 1 21 
32381 
29303 
38034 2 16 3 29 3 42 
13305 5 9 3 10 2 12 1 63 
34686 2 1 1 3 5 9 1 13 1 14 1 34 
21000 
816 2 1 6 2 2 66 
5269 7 2 2 29 
16423 2 1 16 2 1 118 
4764 2 1 5 9 1 10 1 35 
20306 3 9 1 10 2 11 1 77 
17470 1 1 3 2 1 3 1 8 5 9 1 10 
1827 2 1 4 2 2 22 
19480 
30036 
32453 1 1 5 2 2 14 1 22 1 29 
39802 1 4 7 9 2 10 1 12 2 32 
41320 
37464 
22841 5 2 1 3 1 5 1 6 
25949 7 9 2 10 3 53 
997 2 1 3 2 1 4 1 32 
9986 
18526 1 1 4 2 1 3 1 4 4 9 2 12 
20056 9 2 8 9 4 10 
22433 
8125 
10861 
36816 1 1 2 2 5 9 1 10 1 25 1 34 1 38 1 64 
20255 
30235 
9751 
15208 5 1 1 3 1 4 1 19 
39719 
37691 2 1 2 3 2 14 2 77 
24832 
31894 
34852 
24481 2 1 3 2 3 3 1 14 
24003 
37995 
1689 1 7 1 44 1 64 
37139 
5738 2 1 4 2 1 14 1 26 
27159 3 1 7 2 1 39 
5937 3 1 3 2 1 4 1 6 1 18 1 70 
15749 6 1 5 2 3 3 1 4 1 14 
18668 2 1 1 6 3 9 2 11 1 13 
13256 3 1 5 2 2 4 1 14 
29160 
24353 9 9 2 10 1 17 1 25 
4710 1 1 1 65 
27868 10 16 
7884 3 1 1 4 1 44 1 77 
34333 2 1 1 2 1 23 1 29 
40225 
6501 4 9 1 10 1 57 1 74 
35976 7 2 1 24 1 34 
40788 6 1 3 2 3 10 3 35 
21866 3 1 2 2 2 3 1 14 
15157 1 1 12 2 1 8 
27747 
40014 
40983 3 1 2 2 1 32 
40942 
34975 
10369 1 1 10 2 1 22 1 63 
7185 2 1 6 2 2 25 
34617 
32091 2 1 4 2 1 14 1 22 1 29 
35129 
10516 1 2 1 27 1 118 
36561 
35543 
12438 1 1 5 2 1 3 
35582 
21577 2 1 11 2 5 9 1 13 
5527 4 1 4 2 2 3 
23515 1 1 3 2 1 35 
19513 
19058 
21511 4 1 9 2 4 3 1 4 
3510 2 10 10 71 
29491 
8824 
3059 1 1 2 2 2 3 1 8 1 114 
11712 3 1 16 2 1 35 
34671 
18514 2 1 5 2 2 3 1 4 
9158 
34449 2 1 11 2 5 9 1 12 1 34 
32376 
19308 1 37 
2856 
11493 3 1 2 2 1 4 5 9 1 10 
7541 
14832 5 1 1 2 1 3 2 4 2 14 
6018 2 9 4 10 1 20 3 24 
922 5 2 4 9 1 13 1 17 
4357 3 9 1 10 2 11 1 64 
14481 
20861 2 28 
35990 7 2 1 24 1 34 
10255 4 2 2 9 1 10 1 35 3 57 
5698 3 1 2 2 1 99 1 103 
38891 
36395 
25208 2 1 4 2 2 3 
6661 5 1 11 2 7 3 2 4 1 6 
8386 1 5 1 6 1 65 
837 
23256 4 1 19 2 1 35 
19160 
14353 4 2 1 5 5 9 1 12 
17868 3 1 4 2 2 3 1 14 
38173 
37127 
6244 12 9 6 10 
11866 2 1 4 2 1 4 2 27 
7764 
14003 3 1 20 2 3 3 
2689 10 2 2 29 
30698 3 1 4 9 2 10 1 26 
17159 1 1 4 9 1 12 1 71 
39174 2 1 11 2 3 3 1 4 1 34 
999 3 9 1 11 1 36 1 57 
25749 3 1 3 9 3 10 1 77 
28668 1 2 1 3 2 4 1 44 1 45 2 48 2 49 
8548 1 1 5 2 2 3 1 14 
32458 1 1 6 2 1 27 1 34 1 64 
20516 
5393 
22438 1 1 8 2 1 5 4 9 2 10 
11577 2 1 2 2 4 9 1 11 1 13 
30220 
38399 
4006 
25157 2 1 2 2 2 3 1 4 1 18 1 42 
17747 2 1 2 2 2 3 1 5 1 14 
7326 1 1 14 2 1 41 
36762 
32390 
16428 5 1 1 2 1 3 1 4 1 7 
9670 5 9 1 36 
20369 1 1 13 2 1 22 
35781 1 1 10 2 1 103 
35137 2 1 2 2 1 14 1 34 
19491 4 1 3 2 1 35 
28514 
21712 1 1 4 2 1 6 1 8 
21493 5 1 2 4 1 14 1 16 
7204 
1856 8 2 1 4 
29308 2 2 1 14 1 21 1 35 
5163 3 1 1 4 1 20 
13515 1 70 8 75 
36286 1 1 5 2 5 9 1 14 1 22 1 36 
39038 
29513 3 1 4 2 3 9 3 10 2 25 
11511 2 1 22 2 1 22 
29058 4 74 2 75 2 76 
40230 
37755 
21376 3 1 14 2 1 3 
29388 2 1 2 2 1 34 1 41 
34669 
24726 2 1 16 2 1 6 2 77 
10096 2 2 1 6 10 9 2 12 
27378 
27735 4 1 3 2 2 3 1 4 
9269 3 9 2 10 1 53 1 114 
10317 
32511 3 1 6 2 1 4 2 34 1 103 
36206 2 1 2 2 1 14 1 34 1 38 1 77 
597 2 1 1 3 1 21 1 25 
5986 4 2 2 3 2 14 
15818 3 1 6 2 1 3 1 14 1 35 
40594 
16978 1 2 1 3 2 64 1 74 
8540 2 1 2 2 2 3 2 25 
18162 5 1 1 2 2 4 5 9 1 10 
39848 1 1 1 3 4 9 2 10 1 19 1 24 1 35 1 77 
37140 1 63 
32577 3 1 1 2 1 3 1 4 1 19 1 22 
17456 7 1 1 2 1 3 2 4 
36579 
18094 3 1 3 2 2 3 1 21 
3001 
11458 3 1 3 2 1 4 1 6 1 14 
15730 
20070 6 2 4 27 2 32 
21091 
13897 2 1 7 2 1 32 
29115 3 2 1 14 1 30 1 74 5 75 1 77 
10371 8 9 4 10 1 11 1 57 
19093 
9407 1 1 4 9 1 10 1 57 1 77 
13113 
35701 
9678 1 1 2 2 7 9 3 10 1 77 
11390 7 1 1 3 2 4 
7283 
23095 2 9 3 11 1 12 1 64 
30247 
8993 3 1 1 3 1 6 
32866 
19636 14 9 6 10 1 17 3 57 
6985 
101 3 1 2 2 1 25 1 26 
9709 
16773 2 1 12 2 1 3 5 9 1 12 
14042 3 1 8 2 1 4 1 14 
39767 
14083 6 1 10 2 4 3 2 25 
14914 3 1 3 2 1 3 1 6 1 77 
37104 
17720 4 1 4 2 1 3 1 4 1 14 
2496 1 29 1 65 
18448 3 1 2 2 1 3 5 9 1 13 
6010 5 2 5 9 1 13 
9373 
22894 1 1 1 22 
24398 
6559 4 9 1 10 1 18 1 53 
14401 3 1 7 2 1 3 
38575 2 1 2 2 5 9 1 12 1 14 1 30 1 34 1 77 
23560 2 1 20 2 2 22 
10879 1 81 
5690 3 1 1 2 1 4 1 14 
4189 1 29 1 42 2 96 
8223 8 9 2 11 2 12 
24450 4 1 3 2 1 35 1 74 6 75 1 77 
34430 2 1 1 2 1 29 
10633 
25725 1 76 
25288 1 106 
9045 2 2 5 9 1 13 2 14 
41428 4 1 11 2 1 22 1 35 
5265 3 1 16 2 1 3 1 22 
6706 1 2 1 3 1 14 1 31 1 42 
25818 1 1 7 2 1 35 
38066 6 2 2 3 1 4 1 66 
32712 2 1 4 2 1 22 1 25 
11376 2 1 9 2 1 7 
35145 4 1 15 2 1 22 1 32 
3518 2 1 5 2 1 34 
32493 
14726 2 1 6 9 3 10 1 12 
20096 1 28 
19388 3 1 3 2 1 34 
20317 2 2 2 22 
17378 3 1 7 2 2 3 1 14 
17735 7 2 2 3 4 9 2 10 
10070 2 1 3 2 1 22 1 66 
23897 4 1 1 2 2 3 1 32 
8337 
11091 
29093 1 1 9 2 2 35 
19115 5 1 2 2 1 3 2 4 
20371 
6843 6 1 4 2 2 3 2 4 
21390 
13095 
23113 4 1 2 3 1 4 2 103 
40903 
7682 1 1 1 3 1 14 1 74 
28162 2 1 4 2 1 3 1 29 
35750 1 1 5 2 2 35 
9556 12 9 6 10 
26978 1 1 3 2 1 6 4 9 1 10 1 53 1 96 
27456 
28094 3 1 2 2 3 3 2 27 1 102 
30192 
37436 
30064 
35502 
34425 5 2 3 14 1 32 
25730 1 1 1 24 
26773 2 1 2 2 2 3 2 14 
7746 9 1 3 2 1 3 3 4 
24083 
24042 1 64 
27720 4 1 3 2 1 4 2 26 
24914 2 2 2 3 4 14 
35426 
28448 2 1 2 2 1 38 1 64 
32103 1 16 
2495 1 1 4 2 4 9 1 12 1 17 
29181 
27171 
29737 
27893 10 9 2 36 2 64 
1970 1 2 4 9 1 12 1 14 1 53 
33530 
23702 2 23 
4492 
19694 
10178 1 1 1 2 1 22 1 107 
27117 
23550 
10880 
8832 3 1 2 2 1 3 2 26 
32585 
3254 
24460 4 2 1 44 1 64 
13501 2 1 4 2 1 3 1 4 1 14 
7137 1 1 1 3 1 14 1 94 
30402 
7472 
18693 3 1 1 8 1 25 
9046 
11505 2 1 6 2 5 9 1 13 
23782 
23743 
1777 
33294 4 1 8 2 4 9 2 10 1 35 1 101 
1978 5 1 1 4 2 9 3 10 1 17 
19745 3 1 9 2 1 34 
10800 
30482 
4447 4 9 1 10 1 36 1 64 
6393 
10265 
30443 2 1 1 2 1 3 1 30 1 77 
13581 2 1 6 2 2 3 2 14 
14640 2 2 2 9 3 11 1 13 
20851 
32505 1 1 6 2 1 103 
11585 4 1 3 2 1 4 2 9 4 10 
1154 
30831 3 1 1 2 1 3 1 25 1 101 
8385 1 54 
22046 2 1 13 2 4 9 2 10 1 19 
15416 1 1 14 2 5 9 1 10 1 96 
14363 2 1 3 2 1 4 1 5 1 8 
19150 1 1 6 2 1 38 1 77 
17858 3 1 4 2 2 3 1 14 
36544 
39446 5 1 2 2 1 4 2 7 1 34 2 35 
23266 
6163 2 9 1 53 3 57 
11856 14 9 7 10 1 12 
11103 5 1 13 2 7 3 2 4 
38638 
7051 14 9 8 10 
35715 3 1 2 2 1 22 1 24 1 32 
28658 1 2 2 3 2 4 1 44 2 45 2 49 
17169 3 1 2 3 1 14 1 32 
32183 3 1 1 4 1 5 1 77 
3549 1 1 9 2 1 3 
29101 
32468 
4030 3 1 4 2 2 3 1 14 
12722 3 1 2 2 1 3 1 4 1 19 
27646 1 1 8 2 3 3 
5661 1 74 
21648 4 1 3 2 2 3 1 22 
20009 
34716 5 9 1 10 1 77 
16531 2 1 14 2 1 25 
6698 2 2 1 5 1 8 4 9 2 10 
22521 
36752 1 1 4 2 1 21 1 27 1 34 
7325 
30339 
4005 14 9 8 10 
25167 2 1 3 2 1 38 1 64 
18846 2 1 2 2 1 6 1 7 
38507 1 1 6 2 1 27 1 34 
36500 
20359 4 1 2 9 1 10 2 13 1 17 1 77 
5018 4 1 2 2 1 3 1 33 
26732 2 6 1 19 
40329 
8634 4 1 3 2 1 3 1 8 
1855 1 1 3 9 2 11 1 12 
1479 2 1 2 2 1 70 
2002 
14604 2 1 2 2 1 4 1 7 
14415 2 1 4 2 2 25 
23948 2 34 
5244 3 9 2 10 1 57 1 114 
10844 4 1 1 2 1 4 1 45 
20672 2 63 
4749 
39125 4 9 1 10 1 36 1 77 
29068 
23581 4 9 1 10 1 53 1 77 
20265 
24640 10 9 8 10 
8126 4 2 2 27 
10851 
6527 4 9 1 36 1 57 
9064 1 1 15 2 1 27 1 99 
37710 
38295 6 9 6 10 12 16 6 77 
34924 
2154 2 10 10 53 
21585 2 1 4 2 1 4 2 27 
25416 
8058 
12046 3 1 26 2 1 3 
13743 2 1 7 2 4 9 1 13 1 17 
9480 1 1 3 2 5 9 1 10 1 19 
2777 9 2 2 3 
13782 
29745 1 18 1 77 
2978 1 1 6 2 1 3 1 77 
20800 
40613 5 2 1 3 5 9 1 36 1 42 
34862 
34987 
21103 
18658 2 2 1 6 10 9 2 10 
19101 4 1 5 2 1 3 1 8 
27169 3 1 7 2 1 39 
24363 2 1 5 2 2 3 
27858 3 16 3 74 3 77 
13266 1 1 6 2 1 38 
31836 3 1 2 2 1 24 1 35 
21856 5 1 13 2 7 3 2 4 
39130 2 1 11 2 3 3 1 4 1 34 
37838 2 16 2 64 
12521 3 2 3 9 2 12 1 13 
32297 1 8 4 9 1 10 2 42 1 53 
15167 
36299 
4852 1 1 4 9 2 10 1 63 1 77 
30384 
28846 1 63 
16732 2 1 6 2 4 9 2 10 
7186 3 2 1 25 2 100 
717 2 2 2 32 
10359 
22722 
419 2 2 1 3 1 14 2 21 
17646 1 1 4 2 1 3 1 104 
36551 
8794 
11648 3 2 1 7 1 8 1 24 
10009 
30327 1 1 5 2 1 25 1 37 
26531 2 1 6 2 2 22 
5501 3 1 4 2 1 3 1 4 
13948 7 1 5 2 3 4 1 14 
33549 7 1 4 2 3 3 1 4 3 22 
38386 2 1 2 5 1 81 
20844 
10672 1 1 1 2 1 4 10 9 1 10 1 13 2 19 
436 2 1 6 2 1 22 
40337 10 9 8 10 2 64 
19068 2 1 1 6 2 9 2 11 2 13 
33123 
6738 2 1 24 2 1 22 
39997 1 16 
6937 4 1 2 2 2 4 4 9 2 10 
3853 
2479 
1002 5 2 4 9 1 13 1 17 
2855 
40274 
24415 6 1 1 2 3 25 2 81 
24604 
38633 6 1 7 2 4 3 3 4 
11108 14 9 5 10 1 12 
12922 3 1 2 3 1 44 
38879 
6678 
4325 4 9 2 10 1 24 1 42 
32188 1 64 
25424 
8515 1 6 14 9 6 10 
6407 1 6 4 9 1 10 1 12 
34916 
7005 1 1 5 2 1 6 8 9 4 10 1 24 1 25 
32870 
17106 5 1 2 2 1 26 1 70 
28653 
29654 1 81 
12864 4 2 2 3 2 64 
10575 
14368 2 1 3 2 1 4 2 14 1 66 
17853 4 1 4 2 1 3 1 4 1 14 
23209 1 1 6 2 1 22 
5046 1 1 6 2 1 3 2 64 
36952 1 1 11 2 4 9 1 10 1 17 1 77 
2281 3 1 2 2 1 33 
26932 
7030 5 1 7 2 3 3 
31472 
39634 
25487 1 9 2 53 3 71 
13590 2 1 14 2 4 3 
7749 2 1 1 3 1 4 8 9 2 10 1 14 2 53 1 77 
24144 5 9 2 10 1 17 1 77 
30448 
23576 
1499 2 1 3 9 1 11 1 13 1 53 
19222 
17332 1 1 4 2 1 3 1 49 
23748 8 1 3 2 4 3 1 35 
381 1 1 11 2 1 20 
2322 4 1 2 4 2 6 
18247 
32315 
6269 
16240 5 1 1 2 2 4 1 5 
14151 2 1 4 2 1 3 1 18 
1998 14 9 12 10 
19945 1 1 1 18 1 33 1 94 
16204 4 1 9 2 2 3 
38371 
15322 3 1 5 9 4 10 1 12 
36875 
11061 
23943 
1797 1 1 1 7 4 9 1 10 1 53 
23867 2 1 2 2 1 6 4 9 2 10 
23982 
6045 
7447 
11257 2 1 3 2 2 3 
29063 1 1 11 2 1 22 1 34 
13065 1 2 9 9 2 12 1 13 
35611 1 1 8 2 2 3 3 14 1 18 1 25 2 26 1 33 
21360 3 1 18 2 1 3 
9559 
28192 4 1 2 3 2 26 
1801 14 9 4 10 
5117 2 1 10 2 1 19 
28064 2 1 2 3 1 14 1 64 
6373 10 9 2 10 1 114 
9010 3 1 4 2 1 3 1 6 
31229 3 1 4 2 1 8 2 77 
30162 
30094 1 1 11 2 1 37 
24100 
6709 2 1 3 2 1 96 
5421 2 2 1 3 1 5 
41239 
2637 2 9 2 10 2 24 2 53 
4051 
36310 
37454 3 1 5 2 1 3 1 35 1 64 1 77 
19479 3 2 2 29 
38096 2 1 16 2 2 35 
19641 
12245 4 1 2 3 1 8 1 24 
32463 
1228 2 1 4 2 1 6 
38317 
17489 4 1 10 2 2 3 
35677 2 1 14 2 1 35 1 38 
20066 1 1 1 6 1 44 
3120 2 1 14 2 1 66 
21643 1 2 2 14 1 35 1 94 
35915 1 2 4 3 5 14 1 77 
9985 1 2 5 9 1 13 1 27 1 32 
21682 12 1 9 2 3 3 4 4 1 14 
37679 
22864 10 9 2 12 1 76 
19654 1 1 1 2 1 37 
37441 3 1 5 2 2 34 
39689 
1281 
8157 
24368 2 16 
6556 2 1 1 2 1 3 1 5 1 6 
27853 1 37 
13209 1 1 12 2 4 9 2 10 1 25 1 42 
719 3 27 
37833 
16932 3 1 5 2 5 3 
23590 
15487 
21108 2 1 2 35 
22922 2 1 
417 3 9 2 11 1 17 
4186 
5488 3 1 8 2 1 3 
15424 2 1 6 9 4 10 2 77 
9843 2 1 1 3 3 9 1 10 1 32 2 57 
27106 
18653 4 1 10 2 2 8 
7852 1 1 1 2 1 3 2 14 1 77 
8774 2 1 5 2 2 3 1 77 
29222 1 1 12 2 1 34 
13748 2 1 6 2 1 3 1 4 1 14 
32896 
1322 2 1 2 2 2 19 
27332 1 1 2 2 1 24 2 26 
37352 1 1 11 2 1 34 1 64 
28247 3 2 2 37 
26240 
40618 4 1 11 2 1 35 
736 8 2 2 42 
9706 
14144 1 1 6 2 13 9 5 10 
13576 
39797 
37002 
2499 
18192 4 1 16 2 2 3 
31374 
2801 
18064 3 1 6 2 1 3 1 22 
34724 
14100 2 1 15 2 3 3 1 4 5 9 1 10 
37910 
25322 1 1 13 2 2 6 1 14 
24151 
29945 
2998 6 9 2 10 4 53 
26204 1 1 5 2 1 22 
13867 
13982 20 2 1 44 1 51 
21061 
13943 8 1 1 2 2 3 2 4 
31237 4 1 2 2 2 3 1 6 2 77 
2797 5 2 2 3 1 7 
38070 3 9 1 10 1 42 1 53 1 57 
19063 1 1 1 2 1 6 1 64 
21257 
33128 
34787 
5555 
34131 
23065 
11360 6 2 1 3 5 9 1 12 
32079 2 1 2 2 1 14 1 34 
36077 6 9 2 10 2 25 4 57 
29479 
29641 
32602 
27489 1 2 2 3 1 6 4 9 2 10 
2228 1 1 15 2 1 100 
41227 1 1 1 102 
22245 3 1 2 2 1 3 2 4 1 114 
10066 
34699 3 1 3 2 1 4 2 14 1 35 
36011 8 1 11 2 1 35 4 104 
11682 4 1 4 2 1 4 1 66 
11643 
17434 2 1 13 2 5 9 1 13 
9266 2 2 1 6 1 27 
41284 
5989 5 2 1 3 1 18 
40564 
1637 9 9 6 10 1 36 
35823 1 1 3 2 1 37 
30514 3 2 5 9 1 12 1 27 1 34 
19461 1 42 1 51 
2220 1 1 13 2 5 9 1 12 
23819 3 1 4 9 2 10 2 34 1 77 
27409 4 1 11 2 1 35 1 101 
32682 
32643 4 1 20 2 1 35 1 101 
11602 2 1 20 2 2 22 
19937 
1859 1 1 2 2 1 3 1 6 
1475 1 1 2 2 4 9 2 10 1 25 1 42 
9501 4 9 1 10 1 63 1 71 
21463 
29929 4 1 4 2 2 29 1 81 1 84 
41204 1 1 1 22 
7654 3 2 3 3 1 4 1 6 2 9 4 10 1 14 1 24 1 26 1 34 
4745 8 9 2 10 2 11 
2742 3 1 12 2 1 3 
26227 6 2 3 4 
22229 1 1 1 6 1 42 
28220 2 1 6 2 4 3 
12374 2 1 3 2 1 4 1 5 1 14 
14180 
38516 1 1 13 2 1 22 
14878 1 1 11 2 1 51 
36413 11 2 1 25 2 34 
4009 1 3 10 9 2 12 1 14 
38369 
13902 
2990 8 9 2 10 2 53 
32360 
26284 4 1 4 2 2 4 6 26 1 27 
36792 
11079 
7329 
6751 
34707 3 1 2 2 2 8 4 9 4 10 1 24 1 25 1 77 
16239 5 1 1 2 1 3 1 4 1 7 
12237 4 1 2 9 4 12 
21315 2 1 1 2 1 3 5 9 1 13 1 14 
3962 9 9 6 10 1 17 
13010 2 1 1 2 2 3 1 6 
8031 
17898 3 1 7 2 2 3 1 14 
19190 8 9 2 11 2 12 
23311 
11896 1 1 2 2 1 3 1 7 
20173 
267 1 1 5 9 1 10 1 22 
2686 1 2 1 6 
30668 1 1 5 2 2 3 1 14 
16814 2 1 8 9 3 10 1 12 
2543 2 9 1 10 3 11 1 42 
37043 
3545 7 2 1 3 1 14 
37082 
28698 
39072 7 1 29 2 2 3 1 22 1 25 1 34 1 99 
22472 
13289 2 1 3 2 1 3 1 14 1 22 
39609 
884 1 1 11 2 1 14 
5064 1 1 1 96 
41240 
15407 2 1 7 2 2 3 
23234 1 21 
3181 7 2 1 7 
15974 3 1 2 2 1 3 2 7 
21188 1 1 2 2 15 9 1 12 2 13 
4963 2 1 1 103 
35960 4 2 3 3 5 9 1 12 1 14 1 34 
18235 1 24 1 44 1 45 
21870 2 1 7 2 1 3 1 14 
38861 
27186 
23377 
8389 4 2 2 6 
5480 7 2 1 3 1 42 
29176 
36365 3 1 2 2 1 4 1 32 2 34 
39528 1 1 3 2 1 4 2 14 1 42 
