1 2 1 12 2 1 32 1 96
2 2 1 16 2 1 32 1 96
3 2 1 4 2 1 3 1 64
4 2 1 4 2 1 3 1 64
5 
6 2 9 1 10 3 11 1 18
7 4 1 2 2 2 3 1 77
8 3 1 4 2 1 3 1 22
9 
10 9 9 3 10 1 64
11 2 1 1 2 1 3 1 7 1 14
12 2 1 7 2 1 7 1 77
13 
14 
15 1 7 1 19 1 77
16 2 1 4 2 2 3
17 2 1 4 2 2 3
18 1 1 3 2 1 3 1 96
19 2 1 3 2 5 9 1 10 1 35
20 
21 1 1 8 2 1 41
22 3 1 5 2 1 3 1 77
23 2 1 10 2 5 9 1 13
24 2 1 17 2 5 9 1 13
25 2 1 17 2 5 9 1 13
26 2 1 1 2 2 3
27 3 9 1 10 2 11 1 31 1 77
28 4 2 2 110
29 1 1 3 2 1 25 1 110
30 1 1 2 2 4 9 2 10 1 42
31 2 1 16 2 2 22
32 1 1 1 38 1 77
33 1 1 1 38 1 77
34 3 2 1 44 1 51
35 1 1 9 2 1 44
36 6 2 1 7
37 8 9 3 10 1 12 2 109
38 
39 1 7
40 1 6 5 9 1 10 1 44
41 2 1 13 2 1 103
42 
43 3 1 1 2 1 4 1 44
44 1 1 3 9 2 11 1 12
45 1 1 13 2 1 3
46 1 1 12 2 3 3
47 4 1 3 9 2 13 1 17
48 6 1 2 9 3 13 1 17
49 8 2 1 8 1 35
50 2 1 1 2 1 35 1 41
51 4 2 1 35 1 41
52 1 2 1 18 1 63
53 
54 1 1 12 2 1 5 1 77
55 1 1 1 2 1 8
56 1 1 22 2 1 14
57 4 1 8 2 2 9 4 10 4 77
58 5 2 1 3 1 29
59 2 1 3 9 1 11 1 13 1 17
60 2 1 3 9 1 11 1 13 1 17
61 2 1 3 9 1 11 1 13 1 17
62 2 1 3 9 1 11 1 13 1 17
63 
64 3 9 2 17 1 57
65 9 2 1 3 1 35
66 1 1 5 9 1 10 1 19 1 34
67 5 1 1 9 5 10 5 77
68 6 1 2 2 2 4 4 9 2 10
69 1 1 17 2 1 5
70 1 1 6 2 1 65
71 1 1 1 5 4 9 1 10 1 12
72 1 48
73 
74 3 9 1 10 2 11 1 18
75 
76 2 1 1 22 1 25
77 3 9 1 36 2 71
78 5 2 1 3 5 9 1 13 1 42
79 2 1 9 2 1 3 1 14
80 2 1 3 2 1 3 1 5 1 77
81 
82 1 1 1 2 1 25 1 110
83 2 1 2 2 1 3 1 5
84 
85 1 1 3 2 1 5 2 25
86 
87 2 1 8 2 1 3 1 14
88 1 1 1 3 3 6
89 2 1 2 2 1 4 1 14 1 65
90 3 1 1 3 1 4 5 9 1 10 1 14
91 
92 4 1 2 3 1 4 2 27
93 
94 8 9 2 10 2 11
95 1 1 22 2 1 3
96 1 1 16 2 5 9 1 12
97 4 9 1 10 1 11 1 38
98 2 1 7 2 5 9 1 13
99 2 1 7 2 5 9 1 13
100 2 1 4 2 3 3 1 14
101 3 1 2 2 1 25 1 26
102 2 1 1 2 1 24 1 26
103 1 1 5 2 1 24
104 1 1 2 2 1 4 2 14 1 42
105 1 1 14 2 1 44
106 1 1 13 2 1 44
107 1 1 2 2 1 3 1 4 1 77
108 
109 3 1 3 2 2 3 1 5
110 
111 2 1 6 2 1 34
112 1 1 7 9 3 10 1 25
113 2 2 1 41 1 64
114 2 1 2 2 1 35 1 41
115 3 2 1 14 1 65
116 2 1 4 9 1 10 1 13 1 64
117 2 1 10 2 1 22
118 2 1 2 2 2 3 1 19
119 
120 9 2 4 3
121 2 1 3 2 2 3
122 
123 3 1 6 2 1 3
124 2 2 1 42 1 65
125 2 1 3 2 1 7
126 2 1 2 2 1 3 1 18
127 3 1 2 2 1 3 1 19
128 
129 1 1 3 2 1 95
130 2 1 2 2 1 4 1 14 1 65
131 6 9 2 10 1 12 1 13 1 14
132 1 2 4 9 1 12 1 13 1 14
133 2 1 4 2 1 3 1 14 1 77
134 2 1 2 34
135 2 1 8 2 1 22
136 
137 5 1 1 4 3 9 2 10 1 12
138 4 1 4 2 2 9 4 10 4 77
139 1 1 13 2 5 9 1 10 1 19
140 1 1 1 3 1 5 1 21
141 2 1 8 2 1 3 1 14
142 1 1 3 2 1 38 1 77
143 5 2 1 4 4 9 1 10 1 11 1 14
144 2 1 6 2 2 3
145 
146 1 1 5 2 1 6 1 35
147 5 1 1 2 2 4 1 14
148 1 1 4 2 1 25 1 110
149 2 1 1 3 1 18 1 19
150 8 2 1 3 1 35
151 3 1 1 2 1 3 1 19
152 
153 
154 2 1 4 2 1 6
155 2 1 2 2 1 6
156 2 1 3 2 1 6
157 
158 
159 4 9 1 53 1 57
160 4 9 1 36 1 57
161 4 9 1 17 1 57
162 4 1 2 2 1 4 1 25
163 
164 3 1 1 7 1 8
165 4 1 1 4 1 70
166 4 9 2 10 1 24 1 42
167 1 1 4 9 2 10 1 20 1 34
168 4 9 1 12 1 57 1 64
169 4 9 1 10 1 24 1 57
170 4 1 4 9 2 13
171 2 1 4 2 1 45
172 4 9 1 10 1 18 1 57
173 1 1 7 2 1 100
174 
175 4 9 2 10 2 42
176 
177 1 1 4 9 1 10 1 34 1 57
178 1 1 4 2 1 14 1 66
179 3 1 8 2 1 3
180 
181 4 9 2 57
182 6 2 1 29 1 42
183 
184 1 39 2 42
185 1 1 8 2 1 44
186 1 1 13 2 1 42
187 4 2 1 30
188 1 2 1 19 1 103
189 1 64 1 107
190 1 2 1 19 1 103
191 1 1 2 2 1 110
192 2 1 2 2 1 4 1 27
193 
194 
195 
196 
197 1 1 5 2 1 8
198 
199 
200 
201 2 1 3 2 1 14 1 35
202 2 1 1 2 1 3 1 119
203 5 9 1 12 1 64
204 3 2 1 3 1 5 1 6
205 1 1 5 9 1 12
206 1 5 5 9 1 10
207 2 1 7 2 1 3 1 14
208 1 5 1 38
209 
210 5 9 1 10 1 44
211 
212 3 9 1 10 2 11 1 24
213 5 9 1 10 1 29
214 
215 
216 6 2 1 3 1 14
217 3 2 1 3 1 6 1 20
218 
219 5 9 1 12 1 14
220 5 9 1 10 1 20
221 
222 5 2 1 3 1 31
223 1 6 1 44 1 69
224 1 6 1 44 1 69
225 5 9 1 10 1 31
226 
227 
228 
229 5 9 1 10 1 24
230 
231 
232 5 9 1 10 1 102
233 
234 1 5 1 38
235 
236 1 1 1 2 1 38
237 5 2 1 14 1 26
238 3 1 1 4 5 9 1 12
239 1 1 3 2 1 27 1 35
240 
241 
242 2 1 6 9 4 10 2 34
243 1 1 8 2 3 3
244 
245 
246 5 9 1 10 1 38
247 
248 5 9 1 10 1 38
249 1 1 2 2 5 9 1 10 1 19
250 2 2 4 35
251 4 1 3 2 1 4 1 25
252 
253 
254 
255 1 1 8 2 1 33
256 8 2 1 19 1 70
257 1 6 4 9 2 10 1 24 1 42
258 
259 
260 
261 6 1 2 4 4 9 2 10
262 6 1 2 4 4 9 2 10
263 
264 4 2 6 9 4 10
265 2 1 4 2 1 3 5 9 1 10 1 32
266 1 1 3 2 3 3 1 6 1 77
267 1 1 5 9 1 10 1 22
268 
269 4 1 9 2 2 3 1 25
270 1 1 5 2 1 3 1 7 1 77
271 6 1 2 4 4 9 2 10
272 
273 
274 
275 1 1 1 5 1 103
276 
277 
278 8 9 1 10 1 12 2 36
279 
280 
281 10 9 1 10 1 12
282 
283 10 2 1 3 1 33
284 
285 1 1 1 2 5 9 1 10 1 22
286 
287 2 1 9 2 1 3 1 14
288 2 1 9 2 1 3 1 14
289 2 1 9 2 1 3 1 14
290 2 1 9 2 1 3 1 14
291 10 9 1 10 1 12 1 19
292 
293 
294 2 9 1 10 1 31 3 57
295 
296 3 1 3 9 3 12
297 1 18 1 55
298 3 1 9 2 1 3 1 22
299 4 1 1 4 1 22
300 4 1 3 2 2 35
301 3 9 2 10 2 24 1 36
302 1 1 1 2 4 9 2 10 1 24 1 77
303 
304 3 1 5 2 1 35
305 2 2 3 5 1 35
306 5 2 3 14 1 35
307 
308 1 1 6 2 2 14 1 35
309 2 1 7 2 1 14 1 35
310 3 1 8 2 1 35
311 2 1 7 2 1 29 1 35
312 
313 3 1 14 2 1 35
314 
315 2 1 1 2 2 3 2 64
316 1 1 2 2 9 9 3 10
317 2 1 10 2 1 3 1 14
318 
319 3 1 6 2 1 4 1 14
320 1 1 5 2 2 3 1 14 1 32
321 2 1 1 2 1 4 5 9 1 12 1 14
322 3 1 6 2 2 3 1 14
323 2 1 5 2 1 3 1 21
324 2 1 5 2 1 3 1 5 1 77
325 1 2 1 20 1 24
326 
327 2 1 5 2 1 3 1 35
328 2 1 3 2 1 3 1 27 1 35
329 8 9 2 10 2 53 1 103
330 4 1 7 2 3 3 1 14
331 4 1 15 2 2 3 2 22
332 10 9 2 12
333 1 6 10 9 2 10
334 10 9 2 10 1 32
335 1 1 1 2 1 6 5 9 1 10 1 77
336 1 6 10 9 1 10 1 12 1 77
337 1 2 5 9 1 12 1 21
338 10 9 1 10 1 12 1 32
339 10 9 1 10 1 12 1 25
340 2 1 2 2 1 6 1 77
341 
342 1 2 5 9 1 12 1 64
343 1 1 1 2 5 9 1 12
344 1 1 5 9 1 10 1 32
345 
346 1 1 5 9 1 10 1 25
347 1 1 2 2 1 6 1 25 1 26
348 4 2 1 14 2 35
349 6 2 1 3 1 18
350 5 9 1 12 1 18
351 
352 5 9 1 12 1 94
353 5 9 1 12 1 42
354 1 1 5 9 1 12 1 34
355 
356 
357 
358 4 9 2 10 1 14 1 19 1 24
359 
360 3 1 3 2 3 35
361 1 1 1 2 2 66
362 2 1 2 2 1 3 1 64
363 1 1 1 2 1 4 1 27 1 35
364 
365 1 1 7 2 4 9 1 12 1 17
366 1 1 2 2 5 9 1 12
367 1 2 5 9 1 12 1 44
368 1 2 5 9 1 12 1 20
369 4 1 2 3 1 4 1 8 1 42
370 5 9 1 12 1 23
371 3 1 2 2 3 3 1 19
372 1 1 5 2 1 3 1 22
373 
374 
375 1 1 8 2 5 9 1 12
376 2 1 4 2 1 3 1 29
377 2 1 5 2 1 3 1 14
378 4 9 1 11 1 12 1 64
379 2 1 15 2 1 22
380 
381 1 1 11 2 1 20
382 4 9 1 10 1 11 1 20
383 
384 4 2 1 4 5 9 1 10 1 14
385 4 9 1 10 1 20 1 53
386 2 1 3 2 2 3 1 32
387 
388 4 9 1 10 1 24 1 36
389 4 2 1 39
390 2 1 4 9 2 12
391 2 5 4 9 2 10
392 4 9 1 10 1 12 1 14 1 24
393 3 1 3 2 1 7 1 35 1 77
394 2 1 9 2 1 3 1 14
395 2 1 3 2 1 3 1 14
396 1 1 1 41 1 77
397 1 1 1 2 1 22 1 64
398 2 1 1 2 1 22
399 1 1 1 5 1 22
400 1 6 3 9 3 10 2 24 1 42
401 1 1 1 2 1 44 1 77
402 1 1 1 25 1 95
403 1 1 1 18 1 22
404 
405 2 1 1 2 1 3 1 21
406 2 1 1 3 1 44 1 77
407 18 9 10 10
408 2 1 3 2 2 77
409 2 1 2 2 1 22
410 
411 1 1 1 2 1 41 1 77
412 
413 2 1 1 116
414 4 2 1 96
415 
416 2 1 3 2 1 22
417 3 9 2 11 1 17
418 3 1 2 2 1 3 1 22
419 2 2 1 3 1 14 2 21
420 2 1 4 2 2 22
421 2 1 1 2 5 9 1 10 1 26
422 4 1 1 2 1 70
423 2 1 6 2 1 6 2 77
424 2 1 6 2 1 6 2 77
425 3 1 3 2 2 8 1 21
426 3 1 3 2 1 3 1 22
427 2 1 8 2 2 22
428 2 1 12 2 1 22
429 2 1 6 2 2 22
430 3 1 5 2 2 3 1 14
431 3 1 3 2 2 8 1 14
432 3 1 3 2 2 8 1 14
433 3 1 3 2 1 3 1 22
434 2 1 5 2 1 22
435 2 1 4 2 1 114
436 2 1 6 2 1 22
437 2 1 10 2 1 22
438 2 1 3 2 1 19
439 2 1 2 2 1 22
440 4 9 2 10 2 64
441 4 9 1 10 1 11 1 64
442 4 9 1 10 1 53 1 64
443 4 9 1 10 1 36 1 64
444 4 9 1 10 1 17 1 64
445 4 9 2 11
446 4 9 1 11 1 53
447 4 9 1 11 1 17
448 4 9 2 53
449 4 9 1 36 1 53
450 4 9 1 17 1 53
451 4 9 1 11 1 36
452 4 9 2 36
453 
454 4 2 1 3 1 14 1 34
455 4 2 2 34
456 2 1 1 2 1 3 1 14 1 101
457 2 1 1 2 1 3 1 5 1 77
458 2 1 4 2 2 34
459 3 1 3 2 2 3 1 14
460 2 1 4 2 1 19
461 5 2 1 3 3 14
462 2 1 3 2 1 22
463 4 1 3 2 1 4
464 4 1 4 2 1 4
465 2 1 4 2 1 22
466 1 1 2 2 1 5 1 25 1 77
467 2 1 6 2 2 22
468 4 1 4 2 1 4
469 5 1 1 2 3 3
470 1 44 1 110
471 1 1 1 2 1 7 1 77 1 110
472 2 2 2 64
473 1 1 2 2 1 64
474 5 1 1 2 3 3
475 1 2 1 5 1 64
476 1 2 1 64 1 65
477 2 1 2 2
478 1 1 1 2 1 5
479 2 5
480 
481 1 1 1 2 1 65
482 1 5 1 20
483 1 1 1 2 1 60
484 1 2 1 44 1 64
485 1 5 1 44
486 2 44
487 1 1 3 2 1 7 1 20
488 1 2 1 14 1 44
489 1 65
490 1 2 1 44 1 51
491 3 1 1 4 1 14 1 19
492 1 1 2 2 1 63
493 6 1 1 2 2 4
494 1 1 1 2 1 29
495 1 5 1 29
496 1 1 1 41
497 4 1 4 2 1 4
498 1 68
499 6 1 4 2 2 4
500 
501 2 29
502 6 1 2 2 2 4
503 1 2 1 14 1 65
504 
505 1 20 1 44
506 4 1 3 2 2 3
507 4 1 4 2 2 3
508 2 20
509 1 1 1 2 1 104
510 1 1 1 3 2 27
511 3 2 1 8 1 24
512 
513 
514 1 1 1 26 1 96
515 2 2 1 19 1 103
516 
517 4 9 1 10 1 64 1 71
518 
519 1 24 1 44
520 4 9 1 10 1 64 1 71
521 1 20 1 24
522 
523 
524 1 5 4 9 1 10 1 53
525 4 1 1 2 1 4 1 7
526 5 1 1 4 1 8
527 2 1 2 2 4 9 2 10
528 2 1 1 22 1 34
529 2 1 2 2 4 9 2 10
530 2 1 2 2 4 9 2 10
531 4 1 1 4 4 9 2 10
532 
533 3 2 4 9 2 12
534 4 1 1 4 4 9 2 10
535 3 1 1 2 1 3 1 4 1 14 1 65
536 5 9 1 10 1 32 1 41
537 1 2 1 27 1 118
538 6 9
539 2 9 1 10 3 11 1 42
540 1 1 4 2 5 9 1 12
541 1 1 2 2 1 3 2 64
542 4 1 2 2 1 4 2 9 4 10
543 2 1 2 2 1 3 1 64
544 2 1 2 2 1 3 1 64
545 
546 3 1 2 2 1 3
547 2 1 1 2 1 3 1 44
548 2 1 1 2 1 3 1 29
549 1 1 5 2 5 9 1 12
550 1 1 2 2 1 18
551 1 1 1 2 1 3 1 14 1 20
552 1 41 1 94
553 1 1 2 2 1 42
554 3 9 1 10 1 31 1 77 1 108
555 1 1 1 6 1 42
556 1 14 1 19 1 44
557 1 14 1 19 1 29
558 1 14 1 19 1 60
559 1 14 1 19 1 31
560 4 2 2 9 4 12
561 1 1 2 2 1 14 1 34
562 1 1 1 2 1 55
563 1 5 1 21
564 4 1 1 2 2 3
565 3 1 1 2 1 3 1 30
566 3 1 1 3 1 19
567 3 1 1 2 2 3 1 14
568 1 2 2 94
569 1 2 10 9 2 12
570 1 1 7 2 5 9 1 12
571 4 1 1 3 1 33
572 
573 4 1 1 3 1 26
574 2 1 1 3 1 21
575 1 1 1 7 1 21
576 1 18 1 21
577 1 1 1 2 1 3 1 22
578 1 19 1 22
579 1 1 1 3 1 27 1 77
580 2 2 10 9 2 12
581 4 9 2 10 2 64
582 4 9 1 10 1 53 1 64
583 4 9 2 11
584 4 9 1 11 1 17
585 4 9 1 11 1 53
586 4 9 1 17 1 53
587 4 9 1 11 1 36
588 4 9 2 36
589 4 9 2 17
590 2 1 1 39
591 2 1 1 39
592 2 1 1 2 1 3 1 32 1 33
593 3 2 1 114
594 2 1 1 22 1 77
595 2 1 1 3 1 26 2 44
596 3 1 1 2 1 3 1 22
597 2 1 1 3 1 21 1 25
598 3 9 3 11
599 3 9 2 11 1 17
600 3 9 2 11 1 36
601 10 2 4 9 2 13
602 4 2 10 9 2 12
603 
604 
605 
606 4 1 2 2 3 3 1 14
607 4 1 1 2 2 3 1 19
608 5 2 1 3 1 64
609 5 9 1 10 1 64
610 5 9 1 11
611 1 1 1 38
612 5 9 1 53
613 5 2 1 30
614 5 2 1 3 1 14
615 4 2 1 19
616 5 9 1 17
617 
618 
619 1 1 1 38
620 1 14 1 38
621 3 2 1 32 1 34
622 
623 3 2 1 27 1 34
624 1 1 1 38
625 1 1 2 2 1 32 1 33
626 
627 
628 3 1 7 2 1 3 1 77
629 3 1 3 2 1 3 1 22
630 2 1 4 2 1 22
631 14 2 1 22
632 2 1 12 2 2 22
633 
634 2 2 1 5 1 18
635 1 1 3 2 1 42
636 2 1 1 3 1 5 1 25
637 2 1 1 2 2 35
638 
639 1 1 2 2 1 21
640 
641 3 2 2 64
642 1 1 3 2 1 64
643 2 1 3 2
644 1 1 2 2 1 5
645 1 1 2 2 1 44
646 2 2 1 44 1 64
647 1 1 2 2 1 29
648 1 1 1 2 1 41
649 1 5 1 41
650 1 2 2 29
651 1 2 1 14 1 41
652 1 1 2 2 1 60
653 1 2 2 60
654 1 1 2 35
655 2 2 1 14 1 31
656 
657 1 1 1 25 1 29
658 1 1 1 100
659 1 2 2 24
660 2 1 1 2 1 32
661 1 1 1 5 1 25
662 1 1 1 2 1 23
663 1 2 1 6 1 32
664 
665 3 2 1 27
666 
667 3 2 1 103
668 1 106
669 4 1 2 2 2 4 2 14
670 
671 
672 2 1 2 2 1 3 1 18
673 2 2 2 18
674 2 2 2 94
675 2 14 2 19
676 1 6 2 42
677 1 6 2 42
678 4 1 2 35
679 2 1 1 2 1 3 1 21
680 
681 3 1 11 2 1 3 1 22
682 2 1 12 2 2 22
683 3 1 14 2 1 3 1 22
684 2 1 14 2 1 22
685 2 1 8 2 1 22
686 2 1 8 2 1 22
687 2 1 8 2 2 22
688 2 1 7 2 1 22
689 1 1 4 2 1 18
690 1 1 2 6 1 42
691 2 1 2 2 1 3 1 23
692 
693 2 2 1 21 1 24
694 4 2 2 64
695 1 1 4 2 1 64
696 2 1 4 2
697 2 2 2 44
698 1 6 2 44
699 1 1 3 2 1 29
700 1 1 2 2 1 41
701 2 2 2 29
702 2 41
703 1 1 3 2 1 20
704 4 2 2 14
705 1 2 1 24 1 41
706 1 1 3 2 1 31
707 2 2 2 24
708 1 1 2 2 1 14 1 32
709 1 1 2 2 1 23
710 1 5 1 25 1 44
711 1 1 1 2 1 25 1 29
712 1 1 2 2 1 14 1 103
713 1 1 1 2 1 100
714 2 1 2 103
715 6 2
716 4 2 1 6
717 2 2 2 32
718 1 37
719 3 27
720 1 105
721 2 1 2 2 1 8 1 18
722 3 2 2 42
723 2 1 3 2 2 34
724 4 1 1 2 2 3 1 32
725 2 1 1 2 2 3 2 14 1 32
726 2 1 1 2 1 3 1 14 1 101
727 1 2 1 25 2 42
728 8 1 16 2 6 3
729 2 1 16 2 1 22
730 2 1 5 2 1 22
731 1 1 5 2 1 18
732 1 1 5 2 1 42
733 1 1 2 2 1 21 1 25
734 5 2 2 42
735 2 1 6 2 2 34
736 8 2 2 42
737 4 2 2 21 2 25
738 
739 5 2 2 64
740 1 1 5 2 1 64
741 1 1 4 2 1 29
742 1 1 5 2 1 14
743 5 2 2 14
744 1 1 4 2 1 60
745 4 2 1 14 1 24
746 1 1 2 2 1 5 1 25
747 1 1 3 2 1 14 1 25
748 1 1 3 2 1 109
749 1 2 2 29 1 32
750 2 2 1 14 2 35
751 3 2 2 14 1 32
752 2 1 3 2 1 25
753 2 1 3 2 1 103
754 3 2 2 14 1 103
755 5 2 1 32
756 1 1 1 3 2 5
757 2 1 4 2 2 34
758 4 1 2 35 1 66
759 2 2 2 21
760 2 1 16 2 1 22
761 3 1 2 2 1 99
762 2 1 14 2 1 6 1 22
763 6 1 2 2 3 3 1 35
764 
765 2 1 6 2
766 1 1 5 2 1 5
767 3 1 20 2 1 35
768 1 1 5 2 1 29
769 2 2 2 41
770 1 1 6 2 1 14
771 1 1 5 2 1 20
772 2 1 5 2 2 77
773 1 1 2 2 1 3 2 21
774 2 1 10 2 1 22
775 2 1 7 2 1 22
776 1 1 3 2 1 100
777 2 2 1 24 1 100
778 2 1 5 2 1 45
779 1 1 6 2 1 3 2 14
780 2 1 5 2 1 6 1 77
781 4 1 1 4 1 25
782 
783 1 1 7 2 1 5 1 22
784 2 1 9 2 1 22
785 1 1 7 2 1 64
786 2 1 7 2
787 1 1 6 2 1 44
788 1 1 6 2 1 29
789 2 1 1 35 1 42
790 2 1 1 18 1 33
791 
792 1 1 7 2 1 14
793 1 2 1 5 1 18 1 22
794 1 1 6 2 1 60
795 1 1 6 2 1 97
796 5 2 2 24
797 1 2 2 25 2 44
798 2 1 2 2 1 3 1 20
799 2 1 5 2 1 32
800 2 1 1 2 2 22
801 1 2 1 32 2 41
802 3 2 1 42 1 44
803 2 1 2 2 1 96
804 3 2 1 5 1 64
805 2 14 2 19 2 103
806 2 1 3 2 1 66
807 1 2 2 41 1 103
808 1 1 8 2 1 3 2 14
809 2 1 7 2 1 3 1 14
810 1 1 7 2 1 94
811 1 1 10 2 1 94
812 2 1 9 2
813 2 1 9 2 1 34
814 2 1 11 2 1 6 1 22
815 2 1 17 2 1 22
816 2 1 6 2 2 66
817 2 1 17 2 1 6 1 22
818 1 1 11 2 1 5
819 2 1 13 2 1 32
820 2 1 17 2 1 32
821 1 1 7 2 1 42
822 2 6
823 3 2 1 7
824 3 2 1 45
825 1 1 6 2 1 21
826 1 1 2 2 1 3 1 6
827 1 1 1 4 1 27 1 35
828 1 1 2 2 1 3 1 19
829 1 1 1 2 1 8 1 19
830 1 38 1 64
831 6 9
832 1 1 1 2 1 3 2 27
833 3 1 15 2 1 3 1 22
834 
835 1 1 1 14 1 39
836 1 1 8 2 1 18
837 
838 
839 1 1 7 2 1 21
840 1 5 1 38
841 1 20 1 38
842 
843 1 1 9 2 1 21
844 1 1 1 14 1 39
845 2 1 11 2 1 34
846 
847 6 2 1 32
848 1 1 7 2 1 29
849 1 1 6 2 1 23
850 3 9 1 10 2 11 1 63
851 2 2 2 29 2 32
852 1 1 5 2 1 100
853 1 18 1 38
854 1 1 1 34 1 38
855 5 2 1 56
856 1 18 1 38
857 2 2 2 25 2 44
858 2 1 1 2 1 39
859 2 2 2 100
860 1 1 2 2 1 38
861 4 9 2 10 1 20 1 64
862 1 1 9 2 1 64
863 1 1 9 2 1 14
864 2 1 1 2 1 3 1 8 1 19
865 1 1 8 2 1 20
866 1 1 7 2 1 23
867 1 1 5 2 1 4 1 42
868 1 1 2 2 2 25 1 100
869 1 1 9 2 1 42
870 1 5 3 9 1 10 2 53
871 1 1 5 2 1 3 1 19
872 8 2 1 5 1 42
873 2 1 13 2 1 22
874 2 1 10 2
875 
876 1 1 9 2 1 5
877 1 1 10 2 1 14
878 
879 1 1 9 2 1 20
880 8 2 1 3 1 14
881 10 2 2 14
882 1 1 3 2 2 25 1 100
883 1 1 10 2 1 44
884 1 1 11 2 1 14
885 1 1 10 2 1 20
886 1 1 10 2 1 60
887 3 2 2 29 3 32
888 2 2 3 9 2 12 1 17
889 
890 2 1 9 2 1 25
891 5 9 1 13 2 24
892 
893 2 1 15 2 1 22
894 2 1 13 2 1 6 1 22
895 2 1 11 2 2 6 1 22
896 
897 1 1 11 2 1 21
898 
899 1 1 2 2 5 9 1 10 1 32
900 1 1 2 2 5 9 1 10 1 25
901 1 1 2 2 5 9 1 10 1 103
902 2 1 15 2 1 34
903 1 1 12 2 1 14
904 1 1 13 2 1 14
905 2 1 13 2 1 34
906 
907 1 1 7 9 2 10 1 12
908 1 1 14 2 1 6 1 42
909 1 1 14 2 1 6 1 42
910 1 1 15 2 1 64
911 1 1 20 2 1 42
912 1 1 18 2 1 6 1 42
913 1 1 15 2 1 5
914 1 1 17 2 1 64
915 1 1 17 2 1 14
916 2 1 18 2
917 1 1 3 2 5 9 1 10 1 66
918 1 1 5 2 1 38
919 10 2 1 66
920 
921 5 9 1 13 1 19 1 77
922 5 2 4 9 1 13 1 17
923 3 9 3 10 2 24 1 42
924 1 3 5 9 1 12 2 18
925 
926 6 1 2 4 3 9 2 10 1 17
927 8 9 3 10 1 12 1 19
928 1 1 4 2 4 9 2 10 1 25 1 42
929 2 1 4 9 2 10 1 26 1 31 1 77
930 5 9 1 10 1 42 2 96
931 2 38 1 39
932 1 1 1 5
933 1 1 1 24
934 2 1 1 4 1 5 1 14
935 2 1 1 4 1 14 1 18
936 
937 4 75
938 1 4 8 9 2 10 1 14 1 51 2 53
939 
940 
941 
942 2 1 4 2 1 4 2 14
943 4 2 1 4 4 14
944 2 1 6 2 1 4 2 14
945 
946 
947 
948 3 1 2 2 1 4 1 5 1 8 1 21
949 
950 
951 1 1 1 7 1 24
952 1 74 1 75 1 76
953 5 2 1 3 1 65
954 
955 2 1 1 2 1 3 1 42
956 1 1 1 48 1 77
957 1 1 11 2 2 9 1 10 3 17 1 77
958 
959 
960 1 1 1 2 8 9 1 10 1 13 2 53 1 56
961 1 1 8 9 1 10 1 13 2 53 1 56
962 10 9 1 10 1 13 1 42
963 
964 
965 
966 2 1 14 2 4 9 2 10 2 77
967 2 9 4 10 3 24 1 42
968 
969 3 1 2 2 1 4 1 14
970 9 9 1 10 1 12 1 17 1 77
971 
972 1 1 1 2 4 9 1 10 1 17 1 77
973 2 1 3 2 1 4 1 5 1 14
974 3 1 1 3 3 77
975 3 9 1 11 2 53
976 4 1 1 2 1 35 1 99
977 6 53
978 1 1 1 2 1 95
979 
980 2 9 3 10 1 17 3 64
981 4 9 1 10 1 11 1 42
982 4 9 1 10 1 42 1 53
983 4 9 1 10 1 36 1 42
984 4 9 1 10 1 17 1 18
985 2 9 1 11 3 57
986 1 1 1 2 1 44 1 45
987 2 1 7 2 2 77
988 
989 2 2 2 60
990 2 1 1 2 1 8 1 21
991 2 2 1 19
992 1 1 3 2 1 3
993 1 2 1 6 1 27
994 5 2 1 7
995 
996 3 9 1 10 1 24 2 57
997 2 1 3 2 1 4 1 32
998 
999 3 9 1 11 1 36 1 57
1000 1 1 1 2 1 3 2 19
1001 1 1 4 9 1 10 1 17 1 77
1002 5 2 4 9 1 13 1 17
1003 
1004 3 9 1 10 1 11 1 17 1 24
1005 
1006 2 1 1 7 4 9 2 10
1007 
1008 2 1 5 2 1 3 1 33
1009 
1010 2 2 4 9 2 12
1011 4 9 1 39
1012 
1013 2 1 2 2 5 9 1 13
1014 2 1 3 9 2 12 1 17
1015 
1016 
1017 4 9 1 12 1 36 1 42
1018 
1019 2 17 4 53
1020 
1021 3 2 5 9 1 10 2 14 1 35
1022 10 9 4 10
1023 2 1 4 9 2 10 1 34 1 77
1024 
1025 1 1 3 9 1 10 1 26 1 42 2 53
1026 1 1 3 9 1 12 2 57
1027 2 1 5 9 1 13 1 22
1028 
1029 1 1 1 2 4 9 1 10 1 17 1 77
1030 2 1 1 2 1 3 5 9 1 10 1 77
1031 10 9 1 10 1 12 1 77
1032 
1033 2 1 4 9 2 10 2 77
1034 
1035 3 9 1 10 2 53 1 100
1036 
1037 
1038 4 9 2 17
1039 3 9 1 17 2 53
1040 8 9 1 10 1 12 2 36
1041 3 2 1 19
1042 1 32 1 96
1043 4 2 1 34
1044 6 1 2 2 2 4 3 9 2 10 1 17
1045 3 9 1 11 2 57
1046 1 1 3 9 2 10 1 17 1 20 1 25
1047 3 9 2 10 1 17 1 24 1 42
1048 
1049 3 1 2 2 1 35
1050 
1051 
1052 
1053 
1054 1 1 5 9 1 10 1 34
1055 4 9 1 10 1 17 1 18
1056 2 1 4 9 2 10 1 34
1057 4 9 1 53 1 57
1058 
1059 
1060 3 9 1 36 1 53 1 57
1061 4 9 1 10 1 42 1 57
1062 1 1 4 9 2 10 1 24 1 77
1063 4 9 1 10 1 11 1 18
1064 
1065 2 1 4 9 1 10 1 13 1 20
1066 
1067 
1068 3 1 2 2 3 3 3 14 1 35
1069 
1070 
1071 
1072 4 9 1 10 1 11 1 21
1073 3 1 1 3 3 25
1074 
1075 1 6 5 9 1 10 1 18
1076 5 9 1 10 1 25 1 110
1077 4 1 16 2 2 3 2 22
1078 1 1 5 9 1 12 1 22
1079 
1080 2 2 5 9 1 12 1 21
1081 5 9 1 12 1 20
1082 5 9 1 10 1 21
1083 4 9 1 10 1 25 1 42 1 53
1084 6 2 2 14 2 35
1085 2 2 5 9 1 12 1 14
1086 1 2 5 9 1 10 1 14 1 32
1087 5 9 1 10 1 100
1088 4 2 1 27 2 35
1089 1 1 10 2 5 9 1 12
1090 1 1 11 2 5 9 1 12
1091 2 1 4 2 1 3 1 44
1092 2 1 4 2 1 3 1 20
1093 1 1 4 9 1 12 1 17
1094 4 9 2 10 1 20 1 24
1095 2 1 2 2 1 3 1 20
1096 5 1 3 2 4 3 1 14
1097 5 1 2 2 3 3 1 19
1098 2 1 3 2 1 19
1099 1 1 1 2 1 5 1 22
1100 4 1 10 2 3 3 1 14
1101 2 1 2 2 2 22
1102 2 1 7 2 1 22
1103 4 9 1 17 1 36
1104 4 9 2 17
1105 
1106 
1107 2 1 2 2 2 7 1 8
1108 1 1 1 2 1 20
1109 1 95
1110 1 2 2 18
1111 
1112 2 1 1 19 1 22
1113 3 1 3 26
1114 2 1 4 2 1 22
1115 1 1 2 2 1 20
1116 1 1 1 6 1 20
1117 2 2 1 18 1 42
1118 2 1 16 2 2 22
1119 2 1 2 2 2 22
1120 2 1 4 2 1 30
1121 1 1 3 2 1 21
1122 2 2 2 27
1123 2 1 2 2 1 3 1 21
1124 2 1 18 2 1 22
1125 2 1 5 2 1 3 1 14
1126 7 2 2 42
1127 1 2 2 5 1 32
1128 4 2 2 42
1129 2 1 12 2 1 22
1130 1 1 6 2 1 42
1131 4 2 2 29
1132 2 1 11 2 1 22
1133 1 1 6 2 1 5
1134 1 1 5 2 1 41
1135 1 1 6 2 1 20
1136 2 1 8 2
1137 1 1 7 2 1 20
1138 1 1 10 2 1 29
1139 1 1 12 2 1 20
1140 1 1 16 2 1 94
1141 2 1 17 2 1 34
1142 1 1 16 2 1 29
1143 
1144 1 1 1 31
1145 1 45 2 64
1146 
1147 
1148 2 64 2 75
1149 
1150 2 2 1 118
1151 
1152 2 1 1 2 1 4 2 27
1153 2 2 1 4 4 27
1154 
1155 
1156 
1157 2 1 1 2 1 4 2 19
1158 4 1 1 4 2 25
1159 
1160 2 7 1 69
1161 1 1 1 3 1 14 1 44
1162 
1163 
1164 1 18 1 42
1165 2 49
1166 1 1 1 97
1167 
1168 3 1 2 2 1 3 1 4 1 6 1 8 1 18
1169 
1170 1 1 1 4 5 9 1 10 1 14 1 65
1171 
1172 
1173 2 1 3 2 2 3 1 4 1 7
1174 6 1 2 4 3 9 2 10 1 17
1175 
1176 
1177 10 9 6 10
1178 
1179 3 1 6 2 1 25 1 26
1180 
1181 2 9 1 17 1 39 1 53
1182 3 1 2 2 1 3 1 19
1183 1 1 1 65
1184 8 9 2 10 2 53
1185 8 9 4 10 2 64
1186 1 54
1187 
1188 
1189 2 1 4 9 2 10 2 77
1190 2 44 1 49
1191 1 1 2 49
1192 2 1 4 2 4 9 2 10 2 77
1193 2 2 2 5 4 9 2 10 2 77
1194 2 1 8 2 4 9 2 10 2 77
1195 5 9 1 17
1196 4 1 6 2 2 3
1197 2 1 3 2 1 3 1 5
1198 2 1 3 2 1 3 1 5
1199 
1200 1 1 1 7 1 26
1201 
1202 4 2 2 24
1203 6 2 2 24
1204 
1205 8 9 2 10 2 11 1 114
1206 
1207 2 1 4 2 1 3 1 14
1208 
1209 4 1 3 2 1 3 1 4 1 14
1210 
1211 
1212 7 9 3 10 1 41
1213 3 1 10 2 1 3
1214 
1215 
1216 
1217 3 1 5 2 1 3 2 77
1218 3 1 3 2 1 3 2 77
1219 3 2 1 14 1 29
1220 
1221 2 1 4 2 2 25
1222 
1223 
1224 1 1 12 2 1 5
1225 2 1 3 2 1 32
1226 
1227 1 1 18 2 1 60
1228 2 1 4 2 1 6
1229 2 9 1 10 1 36 1 42 2 53
1230 1 1 2 2 1 6 1 42
1231 1 1 4 9 1 10 1 36 1 77
1232 1 1 2 2 1 3 1 27
1233 4 1 1 2 3 3 1 14
1234 7 9 2 10 1 36
1235 1 1 4 2 1 3 1 14 1 35
1236 
1237 
1238 3 1 2 2 2 3 1 4 1 8
1239 3 1 22 2 1 3
1240 6 1 2 2 2 4
1241 7 1 2 2 1 3 2 4
1242 
1243 
1244 
1245 2 1 4 9 2 12
1246 4 9 2 10 1 20 1 24
1247 3 9 1 10 1 11 1 42 1 57
1248 
1249 5 2 1 5 1 8
1250 2 1 1 4 1 42 1 44
1251 7 9 2 10 1 17
1252 
1253 
1254 8 9 1 10 2 11 1 12
1255 2 1 2 3 2 42
1256 14 9 8 10
1257 1 1 3 2 4 9 1 12 1 13
1258 
1259 18 9 6 10
1260 
1261 3 9 3 10 3 24
1262 
1263 
1264 2 1 1 2 5 9 1 13
1265 
1266 
1267 2 1 3 9 1 11 2 12
1268 
1269 
1270 2 1 2 2 2 6
1271 3 9 2 11 1 12 1 14
1272 1 1 3 2 5 9 1 10 1 77
1273 2 9 2 17 2 53
1274 1 1 4 2 3 9 1 12 2 17
1275 1 1 3 2 4 9 1 12 1 17
1276 7 2 2 5
1277 
1278 
1279 1 1 1 2 1 5 1 66
1280 
1281 
1282 2 1 2 2 1 3 1 14
1283 4 2 1 3 1 64
1284 
1285 1 41 1 107
1286 4 1 10 2 2 3 4 9 2 10 2 77
1287 2 1 3 2 1 3 1 14 1 77
1288 
1289 
1290 
1291 3 1 1 2 1 5 2 8
1292 
1293 2 1 3 2 1 3 1 7 1 8
1294 
1295 2 2 1 35 3 42
1296 
1297 3 1 2 2 1 3 3 22
1298 2 1 20 2 1 22
1299 2 1 1 2 1 30
1300 
1301 3 9 1 10 2 17 1 20
1302 1 1 4 2 2 14 1 35
1303 1 1 1 2 1 6 1 42
1304 
1305 2 1 15 2 1 22
1306 1 6 5 9 1 10 1 42
1307 5 9 1 12 1 21
1308 6 2 10 9 2 12 2 22
1309 5 9 1 10 1 41
1310 3 2 3 35
1311 
1312 1 1 2 2 1 3 1 114
1313 3 1 2 2 1 3 2 77
1314 4 9 1 10 1 11 1 21
1315 5 1 1 2 2 4 4 9 1 10 1 17
1316 1 5 4 9 1 10 1 12 1 24
1317 2 1 3 2 1 4 1 6
1318 3 1 3 2 1 3 1 4 1 6
1319 1 1 1 5 1 39
1320 
1321 1 1 1 2 1 5 1 77
1322 2 1 2 2 2 19
1323 
1324 2 14 1 32 1 96
1325 3 2 4 9 2 10 5 27
1326 2 1 6 2 2 22
1327 4 1 4 2 2 3 2 22
1328 2 1 2 2 1 6 2 77
1329 2 1 4 2 1 22
1330 3 1 2 2 1 6 2 8 1 18
1331 2 1 4 2 2 22
1332 1 1 17 2 1 29
1333 1 1 3 2 1 5 1 77
1334 1 2 1 14 1 29
1335 2 1 1 2 2 7
1336 1 1 7 2 1 14 1 22
1337 
1338 6 1 2 2 2 4 1 7
1339 4 1 4 2 1 4 2 25
1340 
1341 2 2 4 9 2 10 4 27
1342 
1343 
1344 1 1 1 2 1 21
1345 2 1 1 8 1 18
1346 1 2 2 42
1347 
1348 2 2 8 9 4 10 6 27
1349 2 1 1 2 1 3 1 26 1 32
1350 2 1 4 9 2 12
1351 1 1 1 2 1 18 1 22
1352 1 14 1 38
1353 
1354 1 1 11 2 1 3 2 14 1 22
1355 1 2 2 44
1356 3 2 1 6
1357 
1358 
1359 
1360 2 42 1 66
1361 2 1 7 2 1 22
1362 1 1 4 2 1 42
1363 2 2 1 44 1 65
1364 2 1 5 2 1 3 1 42
1365 1 2 1 32 2 42
1366 2 1 16 2 1 6 1 22
1367 2 1 5 2
1368 2 1 3 2 1 32
1369 3 1 2 3 1 42
1370 4 1 1 4 1 103
1371 3 1 13 2 1 3 1 22
1372 1 1 5 2 1 21
1373 2 1 5 2 1 25
1374 2 2 2 7
1375 1 1 10 2 1 42
1376 1 1 8 2 1 14
1377 2 1 1 2 1 70
1378 1 1 7 2 4 9 1 10 1 36 1 77
1379 1 1 8 2 1 60
1380 9 9 1 11 2 12
1381 1 1 8 2 1 21
1382 1 1 11 2 1 64
1383 2 1 9 2 1 32
1384 1 1 5 2 2 25 1 100
1385 5 2 2 24 3 25
1386 1 1 14 2 1 29
1387 1 1 5 2 1 3 1 22
1388 3 9 1 53 2 71
1389 3 9 1 53 2 71
1390 3 9 2 53 1 71
1391 
1392 
1393 1 6 5 9 1 10 1 20
1394 3 2 2 45
1395 2 1 1 3 1 110
1396 4 1 1 2 2 3 1 4 2 14
1397 1 1 8 2 1 97
1398 5 2 1 5 1 35
1399 5 1 1 4 2 9 3 10 1 17
1400 1 1 1 4 3 24
1401 3 2 1 19 1 34
1402 2 42
1403 1 1 1 2 1 4 3 64
1404 2 1 7 2 1 19
1405 
1406 
1407 
1408 1 38 1 94
1409 1 1 5 2 1 8
1410 1 1 5 2 1 8
1411 
1412 1 38 1 94
1413 
1414 1 1 18 2 1 14
1415 1 1 16 2 1 14
1416 1 15
1417 1 1 3 2 1 107
1418 1 1 7 2 1 60
1419 4 1 2 2 3 9 2 13 1 17
1420 1 1 14 2 5 9 1 12
1421 1 1 12 2 5 9 1 12
1422 9 1 3 4 3 9 3 10
1423 2 1 4 9 2 10 2 77
1424 9 1 3 4 3 9 3 10
1425 6 1 1 3 2 4 1 14
1426 3 1 1 4 1 31
1427 
1428 1 1 4 2 1 4 1 14
1429 2 1 3 2 1 3 1 8
1430 
1431 
1432 3 2 2 14 1 101
1433 2 1 3 3 3 14
1434 3 9 3 10 2 24 1 42
1435 
1436 4 1 1 7 2 9 4 10
1437 2 1 3 2 1 6
1438 1 18 1 107
1439 1 1 4 2 1 6 1 42
1440 1 2 3 9 2 12 1 17
1441 3 1 1 4 1 5 1 25
1442 5 1 3 2 1 3 1 4
1443 1 1 15 2 5 9 1 12
1445 16 2 2 5
1446 3 9 1 17 1 39
1447 2 2 20 9 2 10 2 13
1448 
1449 8 9 4 10 1 34
1450 6 2 1 14 1 33
1451 3 9 2 10 1 17 1 20 1 24
1452 10 9 2 10
1453 
1454 
1455 3 9 3 71
1456 1 1 2 2 1 8
1457 1 1 1 3 5 9 1 12 1 14
1458 
1459 2 1 4 2 1 6
1460 
1461 1 1 4 2 1 3 1 77
1462 
1463 
1464 2 1 2 2 2 3 2 14
1465 
1466 4 9 1 57 1 71
1467 
1468 1 1 3 2 4 9 1 12 1 17
1469 1 16
1470 1 1 3 2 1 4 4 9 2 10 1 14
1471 2 1 4 2 1 3 1 42
1472 1 3 3 24
1473 3 1 3 2 2 3 1 14
1474 1 1 3 2 9 9 5 10
1475 1 1 2 2 4 9 2 10 1 25 1 42
1476 18 9 8 10
1477 2 9 1 10 3 17 1 42
1478 4 9 1 10 1 36 1 42
1479 2 1 2 2 1 70
1480 4 9 1 10 1 17 1 24
1481 9 2 1 3 1 14
1482 8 2 1 19
1483 1 1 7 2 1 3
1484 
1485 
1486 1 2 5 9 1 10 1 14 1 66
1487 
1488 
1489 
1490 4 9 1 10 1 17 1 24
1491 4 9 2 10 2 24
1492 1 1 1 2 1 7 1 8
1493 1 1 1 2 5 9 1 13 1 14 1 38 1 99
1494 4 9 2 10 2 24
1495 1 64 1 75
1496 4 1 4 2 1 3 1 4 1 14
1497 4 2 1 3 2 6 1 26
1498 2 1 3 75 2 77
1499 2 1 3 9 1 11 1 13 1 53
1500 
1501 1 45 1 64 1 74
1502 
1503 3 9 1 10 1 11 1 17 1 20
1504 9 9 1 10 1 11 1 13 1 14
1505 7 1 2 4 3 9 3 10
1506 4 1 2 3 2 103
1507 2 1 3 6
1508 3 9 3 10 2 24 1 42
1509 3 2 1 3 1 6 1 64
1510 
1511 
1512 3 1 1 2 2 3 1 18 1 77
1513 4 2 1 4 4 63
1514 7 9 3 10 1 21
1515 1 1 8 2 1 8
1516 3 2 1 6 5 9 1 13
1517 3 1 2 2 1 3 1 25
1518 1 1 3 2 1 8
1519 3 1 3 2 1 3 1 19
1520 4 2 1 7
1521 2 2 2 3 4 64
1522 1 1 1 2 10 9 1 10 1 13
1523 1 1 4 2 10 9 1 10 1 13
1524 1 1 5 2 10 9 1 10 1 13
1525 2 1 9 2 1 19
1526 2 1 8 2 1 19
1527 
1528 
1529 
1530 
1531 
1532 2 1 1 18 1 35
1533 7 9 3 10 1 12 1 36
1534 
1535 6 1 2 4 1 114
1536 1 1 1 2 1 3 2 18
1537 1 1 2 2 1 3 2 18
1538 1 1 3 2 1 3 2 18
1539 2 1 2 3 2 18
1540 10 2 2 66
1541 6 2 2 3 2 6
1542 1 1 1 2 1 3 2 5
1543 
1544 3 1 1 2 1 4 1 63
1545 2 19
1546 3 2 1 8 5 9 1 12
1547 3 1 1 104
1548 1 1 2 2 1 107
1549 1 1 7 2 1 3 1 22
1550 1 1 6 2 1 3 1 22
1551 
1552 
1553 2 1 4 2 1 4 2 77
1554 2 1 5 2 1 3 1 100
1555 1 1 2 2 4 9 1 12 1 13
1556 3 1 16 2 1 3
1557 3 1 15 2 1 3
1558 3 1 14 2 1 3
1559 3 1 12 2 1 3
1560 3 1 11 2 1 3
1561 3 1 10 2 1 3
1562 3 1 9 2 1 3
1563 1 1 14 2 1 14 1 101
1564 1 1 12 2 1 14 1 101
1565 
1566 4 9 2 10 2 14 1 19
1567 
1568 3 1 4 2 1 99
1569 1 1 4 9 1 10 1 25 1 36
1570 9 9 5 10 1 64
1571 2 45
1572 
1573 3 9 1 10 1 17 1 24 1 57
1574 3 1 1 3 4 9 1 12 1 13 1 42
1575 2 2 1 14 1 29
1576 2 1 2 2 1 101
1577 2 1 1 2 1 101
1578 2 1 1 3 1 6 1 14
1579 3 1 2 2 1 3 1 8 1 14
1580 5 2 1 104
1581 1 1 1 2 1 38 1 77
1582 
1583 3 1 4 2 1 3 1 77
1584 
1585 2 1 4 2 4 9 2 12
1586 1 1 1 7 4 9 2 10 1 42 1 77
1587 3 1 2 2 1 3 1 19
1588 7 9 3 10 1 65
1589 4 1 3 2 1 3 1 4 1 14
1590 2 2 2 3
1591 4 2 1 4
1592 2 1 1 8 1 65
1593 
1594 8 9 4 10 2 11
1595 3 2 1 5 1 42
1596 2 1 1 2 1 6 1 77
1597 3 9 1 10 1 42 2 71
1598 1 4 3 74 1 75 1 76
1599 4 1 8 2 2 4
1600 1 1 4 9 1 10 1 12 1 64
1601 1 9 5 10 5 42
1602 7 9 2 10 3 53
1603 3 1 5 2 1 3
1604 3 1 6 2 1 3
1605 3 1 6 2 1 3
1606 4 1 4 2 2 3
1607 4 1 4 2 2 3
1608 4 1 5 2 1 4
1609 2 1 4 2 1 7
1610 1 1 3 2 4 9 2 10 1 25 1 42
1611 1 1 5 2 4 9 2 10 1 25 1 42
1612 1 1 7 2 4 9 2 10 1 25 1 42
1613 1 1 9 2 4 9 2 10 1 25 1 42
1614 1 1 14 2 4 9 2 10 1 25 1 42
1615 4 1 20 2 2 3
1616 5 1 18 2 3 3
1617 5 1 18 2 3 3
1618 2 1 2 2 1 3 1 20
1619 
1620 3 1 3 2 1 3 1 4 1 30
1621 2 1 3 2 4 9 2 10
1622 2 9 1 17 3 53
1623 2 1 2 2 2 3 2 25
1624 
1625 
1626 2 2 1 27 1 103
1627 
1628 
1629 
1630 1 1 10 2 10 9 1 10 1 13
1631 
1632 1 1 6 2 1 4 1 14
1633 4 1 6 2 2 3 1 6 1 8 1 18
1634 4 1 6 2 2 3 1 4 1 14 1 65
1635 3 1 1 4
1636 2 2 1 33 1 35
1637 9 9 6 10 1 36
1638 
1639 
1640 2 1 10 2 2 22
1641 
1642 3 1 1 4 1 109
1643 
1644 10 2 2 3 2 9 4 10
1645 16 2 2 3
1646 15 2 4 3
1647 3 1 1 2 2 3 1 5
1648 
1649 3 9 2 10 1 11 2 64
1650 
1651 3 1 1 2 1 3 1 103
1652 2 1 4 2 1 103
1653 4 2 1 103
1654 7 2 1 8 1 35
1655 1 1 1 89
1656 2 1 19 2 1 32
1657 1 1 8 2 3 3
1658 
1659 4 1 2 2 1 4 2 77
1660 2 1 2 2 1 18 1 35
1661 
1662 
1663 3 9 1 10 2 11 1 41
1664 
1665 6 1 2 4 3 9 3 10 1 42
1666 
1667 
1668 3 1 1 7 1 8
1669 1 1 1 5 1 19
1670 1 1 1 2 1 5 1 19
1671 1 1 2 2 1 8 1 27
1672 2 76
1673 2 1 2 2 1 4
1674 2 1 4 2 1 7
1675 4 1 2 2 1 3 1 4 1 14
1676 1 1 1 20
1677 8 9 4 12
1678 2 1 3 2 1 104
1679 
1680 3 1 1 4 1 24
1681 2 1 2 2 2 7
1682 3 9 1 36 1 53 1 57
1683 8 2 2 3
1684 1 1 3 2 1 14 1 32
1685 1 1 2 2 4 9 1 12 1 17
1686 2 1 2 2 2 66
1687 
1688 1 1 5 2 1 60
1689 1 7 1 44 1 64
1690 1 1 5 2 1 3
1691 
1692 
1693 
1694 5 2 2 3 1 6
1695 3 1 2 2 1 4 1 5
1696 6 2 2 5
1697 3 1 2 2 1 4 1 64
1698 7 2 1 3 1 64
1699 
1700 4 1 7 2 1 4 1 22
1701 6 1 2 4 1 77
1702 1 44 1 90
1703 2 1 2 2 1 3 1 8
1704 2 1 10 2 1 3 1 14
1705 2 1 11 2 1 3 1 14
1706 2 1 11 2 1 3 1 14
1707 2 1 12 2 1 3 1 14
1708 2 1 5 2 1 3 1 14
1709 
1710 2 2 1 3 1 14
1711 2 1 16 2 1 22
1712 1 2 1 25 2 41
1713 6 2 3 3 1 4 1 18
1714 7 9 2 10 3 53
1715 1 1 6 2 1 3 1 34
1716 
1717 
1718 1 47
1719 2 2 1 3 5 9 1 12
1720 2 9 3 11 1 53
1721 
1722 
1723 1 44 2 49
1724 22 9 8 10
1725 1 1 4 2 5 9 1 10 1 19
1726 2 1 2 2 4 9 2 10 1 19
1727 4 1 8 2 2 4
1728 4 1 2 2 2 8
1729 1 1 2 2 1 44 1 45
1730 1 1 5 2 5 9 1 10 1 19
1731 1 1 9 2 5 9 1 10 1 19
1732 3 1 1 2 2 3 1 5
1733 3 1 2 2 1 3 1 7
1734 3 1 2 2 1 3 1 7
1735 5 1 2 2 1 3 1 4
1736 5 1 2 2 1 3 1 4
1737 5 1 2 2 1 3 1 4
1738 5 1 2 2 1 3 1 4
1739 5 1 2 2 1 3 1 4
1740 5 1 2 2 1 3 1 4
1741 6 1 2 3 1 4
1742 6 1 1 2 2 3 1 4
1743 5 2 2 41
1744 3 9 1 10 1 17 1 24 1 53
1745 1 1 11 2 1 3 2 14 1 22
1746 3 1 3 2 3 3
1747 3 1 4 2 3 3
1748 1 1 6 2 1 3
1749 1 1 7 2 1 3
1750 1 1 8 2 1 3
1751 4 1 3 2 2 3
1752 3 1 3 2 1 8
1753 3 1 3 2 3 3
1754 2 1 6 2 2 3
1755 2 1 6 2 2 3
1756 4 2 1 104
1757 3 1 1 4 1 60
1758 
1759 2 1 1 2 7 9 2 10 1 13
1760 2 1 14 2 1 3 1 14
1761 2 1 16 2 1 3 1 14
1762 1 2 2 9 2 11 2 12
1763 2 14 1 39
1764 4 1 6 2 4 4
1765 1 1 3 9 1 11 1 12 1 17
1766 
1767 3 1 1 4 1 107
1768 3 1 1 4 1 107
1769 
1770 
1771 
1772 1 1 5 2 1 107
1773 2 18 1 45
1774 3 1 1 4 1 18 1 22
1775 
1776 1 1 1 2 1 27 1 99
1777 
1778 3 1 4 2 1 8
1779 
1780 3 1 1 2 1 3 1 19
1781 2 1 1 2 1 35 1 100
1782 
1783 11 9 6 10 1 11
1784 1 1 2 2 1 8 4 9 2 10
1785 3 9 1 10 2 11 1 24
1786 14 2 4 3
1787 
1788 
1789 1 2 1 6 1 27
1790 1 1 5 2 1 3 2 27
1791 3 1 1 4 7 9 3 10
1792 
1793 
1794 
1795 
1796 
1797 1 1 1 7 4 9 1 10 1 53
1798 9 9 4 10 1 53
1799 9 9 7 10 1 64
1800 3 2 10 9 2 12
1801 14 9 4 10
1802 10 9 4 10
1803 
1804 
1805 
1806 
1807 11 2 1 3 1 14
1808 9 2 1 22
1809 11 2 1 22
1810 2 1 6 2
1811 1 1 3 2 10 9 1 10 1 13
1812 1 1 6 2 2 3 1 14
1813 
1814 3 1 6 2 1 3
1815 4 1 5 2 1 4
1816 3 1 7 2 1 3
1817 7 9 3 10 1 11 1 12
1818 4 1 6 2 2 3
1819 3 1 9 2 1 3
1820 4 1 8 2 1 4
1821 1 1 10 2 1 21
1822 2 1 6 2 1 22
1823 2 1 8 2 1 22
1824 2 1 10 2 1 22
1825 2 1 14 2 1 22
1826 2 1 16 2 1 22
1827 2 1 4 2 2 22
1828 2 1 5 2 2 22
1829 6 2 4 9 6 10
1830 2 1 1 4 1 19 1 77
1831 5 1 1 4 1 26
1832 
1833 
1834 2 1 8 2 1 34
1835 
1836 4 9 2 10 2 94
1837 2 1 7 2 4 9 1 13 1 17
1838 2 1 3 9 1 11 1 13 1 17
1839 1 1 2 34
1840 4 1 2 3 2 25
1841 1 1 4 2 1 102
1842 
1843 1 5 4 9 1 12 1 17
1844 
1845 2 1 6 2 1 6 1 77
1846 
1847 
1848 
1849 6 1 2 4 1 66
1850 6 2 1 3 1 8
1851 
1852 1 1 2 2 1 3 1 19
1853 2 1 1 111
1854 
1855 1 1 3 9 2 11 1 12
1856 8 2 1 4
1857 2 2 1 3 1 42
1858 4 2 2 3 2 21
1859 1 1 2 2 1 3 1 6
1860 1 1 4 9 2 10 1 24 1 25
1861 4 2 1 4 2 27
1862 
1863 2 1 1 45 1 77
1864 
1865 9 2 1 4
1866 1 1 3 2 1 5 1 66
1867 2 2 2 3 1 4 5 9 1 10 1 14
1868 3 2 1 27 1 45
1869 15 2 3 3 1 4 1 14
1870 5 2 1 4 2 27
1871 6 2 1 3 1 65
1872 1 2 3 8 15 9 3 10
1873 2 2 3 27
1874 1 1 2 2 1 95
1875 1 1 2 2 1 18 1 22
1876 
1877 4 2 2 3 2 14
1878 1 1 3 2 1 104
1879 1 1 12 2 1 3
1880 1 1 14 2 1 3
1881 1 1 16 2 1 3
1882 1 1 18 2 1 3
1883 2 1 4 2 1 25
1884 1 1 13 2 1 3
1885 3 1 3 2 3 3
1886 4 9 2 10 1 14 1 19 1 24
1887 2 1 10 2 1 32 1 96
1888 
1889 
1890 10 2 1 4
1891 3 1 1 3 1 6 1 77
1892 1 1 6 2 4 9 1 12 1 17
1893 8 9 2 10 2 17
1894 2 1 10 2 4 6 1 22
1895 2 1 2 2 1 3 1 63
1896 2 1 2 2 1 3 1 64
1897 2 1 10 2 1 7
1898 11 2 1 4
1899 1 1 9 9 2 10 1 12
1900 4 9 1 10 1 11 1 74 1 77
1901 
1902 1 1 1 74 1 75
1903 
1904 1 1 6 2 5 9 1 10 1 25
1905 
1906 2 2 5 9 1 12 1 42
1907 
1908 5 2 5 9 1 10 1 33
1909 2 1 3 2 1 3 1 18
1910 1 5 1 102
1911 
1912 6 9 2 10 2 53
1913 1 1 20 2 3 3
1914 5 9 2 10 5 53
1915 2 1 14 2 1 19
1916 
1917 2 1 14 2 1 19
1918 2 1 17 2 1 22
1919 2 1 18 2 1 22
1920 2 1 21 2 1 22
1921 1 1 12 2 1 41
1922 2 1 1 2 1 7 1 32
1923 1 1 1 44 2 45
1924 
1925 3 1 2 2 1 3 1 22
1926 
1927 1 8 13 9 5 10
1928 3 1 3 2 2 3 1 14
1929 
1930 
1931 1 1 16 2 1 5
1932 1 1 27 2 1 5
1933 1 38 1 102
1934 
1935 1 1 4 2 1 8 1 77
1936 1 1 5 2 1 42 1 66
1937 4 1 4 2 1 3 1 4 1 14
1938 4 1 2 2 3 9 2 13 1 17
1939 1 15
1940 1 44 1 45 1 48
1941 1 4 4 24
1942 2 1 8 2 1 7
1943 9 2 2 42
1944 1 2 1 32 1 96
1945 
1946 7 2 1 4
1947 
1948 3 2 2 3
1949 3 1 3 2 1 26
1950 2 1 2 10 4 53 2 77
1951 2 1 3 2 2 9 2 10 1 35 2 57 1 74
1952 1 1 1 14 1 39
1953 1 1 1 2 3 9 1 10 1 22 1 25 2 53
1954 1 1 2 2 1 8
1955 1 1 4 2 1 3 1 34
1956 
1957 2 1 5 2 1 25
1958 5 9 1 10 1 23
1959 
1960 
1961 2 2 3 6
1962 1 7 2 44
1963 6 2 2 41
1964 3 1 3 2 2 3 1 14
1965 3 1 3 2 2 3 1 14
1966 3 1 3 2 2 3 1 14
1967 3 2 4 3
1968 1 1 3 2 2 3 1 14
1969 1 1 5 2 1 3 1 66
1970 1 2 4 9 1 12 1 14 1 53
1971 
1972 
1973 1 1 4 9 2 10 1 42 1 77
1974 4 9 1 12 1 42 1 57
1975 4 9 1 12 1 42 1 53
1976 4 9 1 12 1 42 1 53
1977 1 1 13 2 1 18
1978 5 1 1 4 2 9 3 10 1 17
1979 1 1 5 2 1 107
1980 3 1 1 4 9 9 5 10
1981 1 2 10 9 1 10 1 13 1 14
1982 2 1 4 2 2 25
1983 
1984 4 1 2 3 1 19
1985 1 51 3 69 1 70
1986 1 1 1 2 1 7 1 44 1 77
1987 5 2 1 98
1988 2 1 5 2 1 3 1 64
1989 
1990 
1991 2 1 2 2 1 66 1 77
1992 14 9 10 10
1993 4 1 8 9 2 10 2 13
1994 1 1 3 2 1 6 1 42
1995 
1996 2 1 3 2 1 4 1 5 1 14
1997 4 1 2 2 1 4 1 19
1998 14 9 12 10
1999 2 2 1 19 1 103
2000 12 9 12 10
2001 
2002 
2003 12 9 10 10
2004 12 9 10 10
2005 14 9 10 10
2006 
2007 2 1 6 2 1 6
2008 
2009 16 9 10 10
2010 2 9 2 10 1 24 1 42 2 53
2011 1 14 1 19 1 107
2012 6 1 9 2 4 3
2013 1 1 13 2 1 63
2014 
2015 3 11 3 53
2016 2 1 2 2 1 3 5 9 1 12
2017 
2018 14 9 10 10
2019 2 1 3 2 1 3 1 20
2020 1 1 2 9 1 10 1 25 3 53 1 77
2021 1 1 3 9 1 10 1 25 2 53 1 77
2022 
2023 12 9 10 10
2024 
2025 3 1 1 2 2 3 1 20
2026 1 5 5 9 1 10
2027 2 1 13 2 1 6 1 22
2028 2 1 13 2 1 6 1 22
2029 2 1 1 2 2 3 2 64
2030 4 1 4 2 2 3
2031 2 1 6 2 1 6
2032 1 1 6 2 1 4 1 14
2033 
2034 2 1 4 2 1 66
2035 2 1 6 2 1 66
2036 
2037 1 1 1 22 1 107
2038 2 1 5 2 1 66
2039 2 1 9 9 2 10 1 13
2040 12 9 6 10
2041 
2042 4 1 3 2 1 3 1 4 1 14
2043 4 1 3 2 1 3 1 4 1 14
2044 4 1 2 2 3 3 1 14
2045 4 1 3 2 1 3 1 4 1 14
2046 3 1 2 2 2 3 1 18
2047 4 1 1 2 2 3 1 19
2048 
2049 4 1 2 2 1 3 1 4 1 14
2050 4 1 1 2 3 3 1 14
2051 4 1 2 2 1 3 1 4 1 14
2052 3 1 1 2 2 3 1 18
2053 4 1 1 2 1 4 1 19
2054 3 1 1 2 2 3 1 14
2055 2 1 3 2 1 3 1 4 1 14
2056 4 1 4 2 2 3 1 66
2057 4 1 1 2 1 4 1 6
2058 
2059 4 2 1 5 1 110
2060 2 1 4 2 4 9 2 10 2 77
2061 2 1 6 2 4 9 2 10 2 77
2062 1 1 3 9 1 12 1 39
2063 1 1 1 2 1 3 2 6
2064 1 3 1 24 2 27
2065 
2066 3 9 1 10 1 11 1 42 1 57
2067 2 1 8 2 1 19
2068 3 1 7 2 2 3 1 14
2069 3 1 4 2 2 3 1 14
2070 3 1 4 2 2 3 1 14
2071 3 1 5 2 1 4 1 14
2072 3 1 4 2 2 3 1 14
2073 3 1 3 2 2 3 1 14
2074 3 1 2 2 1 4 1 18
2075 3 1 2 2 1 3 1 7
2076 1 1 2 2 1 3 1 14 1 65
2077 2 1 2 2 2 3 2 14
2078 4 1 4 2 1 3 1 4 1 14
2079 4 1 4 2 1 3 1 4 1 14
2080 4 1 4 2 1 70
2081 2 1 17 2 1 19
2082 2 1 13 2 1 3 1 14
2083 14 2 2 14
2084 1 1 11 2 1 14 1 22
2085 
2086 1 27 1 98
2087 4 1 4 2 1 3 1 4 1 14
2088 
2089 12 9 8 10
2090 2 1 3 2 1 4 4 9 2 10
2091 1 1 5 2 4 9 1 12 1 17
2092 5 1 1 3 1 4 1 77
2093 
2094 1 1 1 2 1 5 5 9 1 13
2095 
2096 3 1 1 3 1 32
2097 4 9 2 10 4 53
2098 
2099 
2100 1 1 1 64 1 66
2101 1 1 1 5 1 6
2102 2 1 5 2 1 6
2103 2 1 1 2 1 3 1 6 1 18
2104 1 1 12 2 1 29
2105 1 1 8 2 1 29
2106 2 1 5 2 1 66
2107 2 1 5 2 1 66
2108 2 1 2 2 1 32
2109 2 1 4 2 1 32
2110 3 1 1 2 1 3 1 66
2111 1 1 1 2 5 9 1 12 1 22
2112 2 1 4 9 1 13 1 71
2113 
2114 
2115 
2116 2 1 7 9 2 10 1 13
2117 1 1 2 2 9 9 3 10
2118 1 1 1 3 1 14 1 65
2119 1 1 16 2 1 3 2 14
2120 1 4 18 9 6 10
2121 10 9 8 10
2122 2 9 2 10 2 11 1 31 1 77 1 102
2123 5 9 1 11
2124 1 2 5 9 1 12 1 29
2125 
2126 4 2 1 21 1 44
2127 1 5 4 9 2 10 1 64
2128 1 5 3 9 1 10 2 53
2129 1 5 3 9 1 10 2 11
2130 1 1 1 2 1 7 5 9 1 10
2131 18 9
2132 1 1 7 2 1 3
2133 1 1 6 2 1 3
2134 5 2 1 3 1 20
2135 2 1 15 2 1 32
2136 3 1 23 2 1 35
2137 4 1 4 2 2 4 2 14 1 66
2138 1 1 1 19 1 97
2139 3 9 1 10 1 31 2 57
2140 2 1 5 2 2 4
2141 2 2 2 7
2142 2 1 1 2 1 3 5 9 1 12
2143 3 1 1 2 1 4 5 9 1 10
2144 1 1 4 2 4 9 1 10 1 17 1 77
2145 2 1 6 2 2 22
2146 2 1 3 9 1 11 2 12
2147 
2148 2 1 6 2 2 77
2149 6 9 2 10 2 53
2150 5 9 2 10 1 17 2 53
2151 1 1 9 2 1 63
2152 
2153 2 1 7 2 1 32
2154 2 10 10 53
2155 4 1 4 2 2 3
2156 2 1 7 2 1 3 1 14
2157 4 1 3 2 3 3 1 14
2158 2 1 8 2 1 114
2159 2 1 5 2 1 3 1 21
2160 9 9 2 10 1 53
2161 9 9 2 10 1 53
2162 9 9 2 10 1 53
2163 10 9 2 10 1 49
2164 
2165 5 9 3 10 2 12 1 64
2166 18 9 10 10
2167 2 1 1 5 4 9 1 10 1 13
2168 12 9 8 10
2169 3 1 4 2 1 35
2170 3 2 5 9 1 13 1 27
2171 1 1 3 2 4 9 2 10 1 42
2172 5 2 5 9 1 10 1 26 2 77
2173 
2174 3 1 1 2 1 4 1 18
2175 1 1 3 2 1 21 1 25
2176 12 9 8 10
2177 2 1 6 9 4 10 2 34
2178 1 1 5 2 1 14 1 66
2179 
2180 2 1 4 9 1 13 1 53
2181 4 1 3 9 2 13 1 17
2182 3 1 3 2 1 3 1 32
2183 2 1 1 2 1 39
2184 2 1 6 2 1 114
2185 3 1 1 3 1 104
2186 2 1 2 2 1 104
2187 5 2 1 3 1 14 1 34
2188 1 1 1 4 5 9 1 10 1 27
2189 2 2 1 49
2190 1 41 1 107
2191 1 6 6 9 4 10
2192 1 1 15 2 3 3
2193 
2194 
2195 
2196 
2197 3 1 1 2 1 4 1 20
2198 1 2 1 27 1 103
2199 3 1 1 4 1 7 4 9 2 10 1 109
2200 2 2 1 5 1 20
2201 3 1 1 3 1 66
2202 3 1 1 3 1 4 2 42
2203 3 1 3 2 1 3 1 4 2 42
2204 2 9 4 10 1 20 3 24
2205 
2206 
2207 2 2 3 9 3 10 2 24 1 42
2208 3 1 6 2 1 4 1 14
2209 2 1 13 2 1 3 1 14
2210 5 2 1 49
2211 3 1 1 4 1 14 1 77
2212 1 1 12 2 1 3 2 14
2213 9 9 3 10 1 63
2214 9 9 2 10 1 57
2215 6 2 1 3 1 5
2216 2 1 12 2 2 96
2217 1 65
2218 1 1 1 2 7 9 3 10 1 22
2219 
2220 1 1 13 2 5 9 1 12
2221 5 9 2 10 3 11
2222 5 9 2 10 3 11
2223 5 9 2 10 3 11
2224 2 1 4 2 5 9 1 13
2225 2 1 4 2 5 9 1 13
2226 2 1 4 2 5 9 1 13
2227 14 9 8 10
2228 1 1 15 2 1 100
2229 1 1 17 2 1 100
2230 4 9 1 10 1 51 1 53
2231 2 9 2 10 8 53
2232 3 9 2 17 1 53
2233 2 1 3 9 1 13 2 17
2234 4 2 6 9 4 10
2235 4 9 2 10 1 18 1 64
2236 3 9 1 10 2 11 1 18
2237 3 9 1 10 2 11 1 18
2238 
2239 1 1 4 2 1 8
2240 1 1 4 2 1 8
2241 14 9 8 10
2242 2 1 1 5 1 35
2243 
2244 1 1 9 2 1 5 1 77
2245 3 1 3 2 2 3 1 14
2246 2 1 4 2 2 35
2247 
2248 2 2 1 6 1 8 1 24
2249 1 1 3 2 1 44 1 45
2250 8 2 2 44
2251 6 2 2 44
2252 4 2 2 44
2253 3 1 4 2 1 3 2 77
2254 
2255 2 1 4 2
2256 
2257 
2258 
2259 2 1 6 2 1 22
2260 3 9 2 10 1 42 1 53 1 64
2261 2 1 2 6 1 70
2262 12 9 6 10
2263 
2264 
2265 2 5 1 77
2266 1 1 2 2 1 4 1 27 1 44
2267 1 1 1 8 4 9 1 10 1 12
2268 3 1 2 2 1 3 1 77
2269 3 1 1 2 1 3 1 22
2270 
2271 4 9 2 10 2 65
2272 2 5 2 103
2273 1 5 1 102 1 103
2274 12 9 6 10
2275 5 2 1 5 1 26
2276 
2277 3 1 4 2 2 3 1 4 1 14
2278 1 1 6 2 5 9 1 12
2279 2 1 1 5 1 46
2280 10 2 2 5
2281 3 1 2 2 1 33
2282 3 1 6 2 1 4 1 14
2283 
2284 
2285 
2286 
2287 
2288 
2289 
2290 4 1 2 2 1 3 1 4 1 14
2291 2 1 9 2 1 19
2292 
2293 2 1 2 2 1 3 1 65
2294 8 9 4 10 2 26
2295 
2296 1 40
2297 1 67
2298 
2299 4 1 6 2 2 4 2 14
2300 4 1 7 2 2 4 2 14
2301 2 1 2 2 1 7 1 77
2302 1 65
2303 
2304 
2305 4 1 3 2 2 3
2306 3 1 1 2 1 3 1 7
2307 
2308 1 1 2 2 1 4 5 9 1 10
2309 4 1 3 2 2 3
2310 3 1 5 2 1 3
2311 3 1 5 2 1 3
2312 3 1 5 2 1 3
2313 2 1 6 2 1 3 1 64
2314 7 9 3 10 1 24
2315 
2316 2 1 6 2 1 22
2317 2 1 7 2 1 19
2318 2 2 3 9 2 12 1 36
2319 4 1 1 4 3 9 2 10 1 17
2320 
2321 
2322 4 1 2 4 2 6
2323 
2324 
2325 
2326 3 1 4 2 1 3 1 19
2327 
2328 1 5 1 51
2329 2 10 8 53
2330 1 5 3 9 1 10 2 11
2331 3 1 3 2 3 3
2332 1 1 23 2 1 3
2333 8 9 4 10 2 11
2334 1 4 10 9 2 10 2 24
2335 8 9 4 10 2 63
2336 
2337 6 1 2 4 3 9 3 10 1 64
2338 2 1 15 2 1 22
2339 2 2 1 14 1 74
2340 1 1 6 2 1 41
2341 
2342 6 9 2 10 2 36
2343 
2344 1 1 8 2 1 65
2345 14 9 8 10
2346 3 9 1 10 2 11 1 63
2347 
2349 5 9 2 10 3 11
2350 2 2 1 18 1 22 1 24
2351 
2352 
2353 3 9 1 10 1 42 1 53 1 71
2354 1 74 2 75
2355 1 1 5 2 1 3 1 6
2356 
2357 
2358 1 51 1 75 1 90
2359 14 9 8 10
2360 1 1 4 9 1 10 1 12 1 18
2361 3 2 5 9 1 12 1 42
2362 2 1 2 2 1 8 1 64
2363 
2364 
2365 
2366 
2367 4 1 4 2 4 3
2368 2 1 7 2 1 66
2369 1 1 4 2 1 38
2370 1 1 1 2 8 9 3 10 1 13
2371 1 4 20 9 3 10 1 12
2372 6 9 2 10 1 39
2373 2 1 1 2 1 44 1 46
2374 4 1 16 2 2 4
2375 8 1 14 2 4 4
2376 
2377 6 9 2 10 1 39
2378 
2379 2 1 12 2 1 22
2380 1 1 1 2 1 18 1 103
2381 1 1 1 2 1 7 1 64
2382 
2383 
2384 
2385 1 1 1 4 3 64
2386 3 1 3 2 1 3 1 22
2387 3 1 7 2 1 3 1 22
2388 1 1 10 2 4 9 2 10 1 25 1 42
2389 3 1 2 2 2 3 1 14
2390 3 1 2 2 2 3 1 14
2391 
2392 
2393 1 1 2 19 1 35
2394 1 63 1 74
2395 1 1 2 2 5 9 1 10 1 77
2396 1 6 3 9 3 10 2 24 1 42
2397 
2398 5 1 1 2 2 4 1 14
2399 
2400 12 2 2 3
2401 1 1 8 2 1 94
2402 1 1 10 2 3 3
2403 8 9 4 12
2404 2 1 2 2 2 3 1 19
2405 
2406 
2407 
2408 3 1 3 2 1 3 1 22
2409 4 9 2 10 1 41 1 74
2410 3 1 5 2 1 4 1 14
2411 3 1 6 2 1 4 1 14
2412 1 1 11 2 1 18
2413 1 1 12 2 1 18
2414 2 1 3 2 1 45
2415 1 1 15 2 1 3 2 14 1 22
2416 
2417 3 1 6 2 1 3 1 77
2418 1 1 5 2 1 38 1 77
2419 1 1 19 2 1 42
2420 1 1 2 2 1 76
2421 2 9 4 71
2422 3 9 1 53 2 71
2423 3 1 6 2 1 4 1 14
2424 2 1 8 2 1 3 1 14
2425 2 1 3 2 1 3 1 18
2426 1 1 3 2 3 25 1 100
2427 
2428 9 9 6 10 1 11
2429 1 1 2 2 1 5 1 66
2430 2 1 6 2 1 66
2431 2 1 6 2 1 66
2432 8 46 2 49
2433 
2434 10 9 5 10 1 12
2435 
2436 
2437 
2438 3 2 2 65
2439 5 2 2 65
2440 2 1 4 2 1 6 1 77
2441 2 1 17 2 5 9 1 13
2442 2 1 17 2 5 9 1 13
2443 2 1 17 2 5 9 1 13
2444 1 1 18 2 5 9 1 12
2445 
2446 2 1 9 2 5 9 1 13
2447 
2448 
2449 
2450 6 2 1 3 1 64
2451 1 1 7 2 1 110
2452 1 1 1 2 1 5 1 22
2453 1 9 1 10 4 11 1 42
2454 4 1 1 4 3 9 2 10 1 17
2455 3 1 17 2 1 35
2456 1 1 4 2 1 3
2457 4 1 6 9 2 10 2 13
2458 2 9 3 11 1 17
2459 
2460 11 9 6 10 1 11
2461 1 1 6 2 1 8
2462 
2463 
2464 
2465 
2466 2 1 3 2 1 14 1 26
2467 1 1 12 2 1 44
2468 2 1 13 2 1 3 1 14
2469 4 2 1 70 1 114
2470 10 9 5 10 1 12
2471 2 1 7 2 1 3 1 42
2472 1 2 8 9 3 10 1 13 1 14
2473 
2474 
2475 
2476 
2477 1 1 21 2 1 42
2478 2 1 20 2 1 22
2479 
2480 10 2 6 3
2481 1 1 7 9 3 10 1 34
2482 1 1 9 2 1 41
2483 1 1 10 2 1 5
2484 2 9 1 10 3 11 1 42
2485 3 1 3 9 2 10 1 13 1 64
2486 1 1 7 2 1 31
2487 1 1 17 2 1 31
2488 1 1 5 2 1 3 1 4
2489 2 1 21 2 1 22
2490 
2491 1 2 3 6 2 8
2492 2 1 2 2 1 4 2 64
2493 4 9 1 12 1 42 1 53
2494 3 1 4 2 1 3 1 77
2495 1 1 4 2 4 9 1 12 1 17
2496 1 29 1 65
2497 4 1 3 9 2 13 1 36
2498 1 1 3 9 1 11 1 12 1 36
2499 
2500 3 9 1 10 1 11 1 36 1 42
2501 1 1 2 5 1 8
2502 1 1 7 9 3 10 1 77
2503 1 1 7 9 3 10 1 77
2504 2 9 1 10 1 17 1 24 2 53
2505 2 1 22 2 1 22
2506 
2507 2 1 21 2 1 103
2508 1 1 7 2 1 44
2509 2 1 2 2 2 3 2 64
2510 1 1 2 2 1 3 1 14 1 64
2511 1 1 1 55 1 77
2512 3 9 1 10 1 11 1 36 1 42
2513 4 1 1 2 2 4 2 14
2514 1 5 7 9 2 10 1 12
2515 3 1 14 2 1 3 1 22
2516 
2517 1 5 5 9 1 12 1 77
2518 1 1 3 2 1 6 1 21
2519 
2520 
2521 1 1 5 2 1 5 1 77
2522 
2523 1 1 11 2 1 3 1 14 1 42
2524 4 2 1 14 1 29
2525 3 1 11 2 1 3
2526 3 1 11 2 1 3
2527 1 1 6 2 1 3
2528 3 2 1 30
2529 2 2 1 3 1 29
2530 2 1 2 2 1 14 1 26
2531 
2532 
2533 3 9 1 11 2 53
2534 
2535 1 1 2 2 1 4 2 5 1 14
2536 1 1 8 9 3 10 1 13
2537 
2538 1 1 1 2 1 38 1 77
2539 
2540 1 1 5 2 1 109
2541 3 1 12 2 1 3 1 22
2542 
2543 2 9 1 10 3 11 1 42
2544 1 9 1 10 4 11 1 42
2545 9 9 4 10 1 11
2546 2 1 3 2 2 3
2547 3 1 2 2 1 4 1 64
2548 3 1 1 2 1 3 1 45
2549 
2550 2 1 12 2 1 3 1 42
2551 
2552 1 10 1 17 1 24 4 53
2553 1 1 6 2 1 8
2554 
2555 3 1 4 2 1 3 1 22
2556 3 1 2 2 1 3 1 6 1 77
2557 11 9 6 10 1 11
2558 1 1 4 2 1 31
2559 
2560 
2561 
2562 2 1 2 2 1 3 1 18
2563 1 2 5 9 1 12 1 18
2564 6 2 1 3 1 64
2565 
2566 4 2 1 98
2567 8 9 2 10 2 53
2568 6 9 2 10 4 11
2569 1 1 1 2 1 3 1 5 1 14 1 77
2570 4 2 1 56
2571 1 1 3 2 1 8 1 77
2572 2 1 9 2 4 6 1 22
2573 2 1 11 2 2 6 1 22
2574 5 2 2 3 1 19
2575 2 1 2 2 1 4 2 14
2576 2 2 1 34 2 65
2577 2 1 5 2 2 25
2578 4 1 1 2 2 3 2 25
2579 1 1 13 2 1 29
2580 
2581 
2582 
2583 1 2 1 14 2 35 1 96
2584 3 9 1 11 1 17 1 57
2585 2 1 3 2 1 66
2586 
2587 
2588 8 9 4 10
2589 6 9 2 10 1 39
2590 1 1 24 2 1 14
2591 1 9 1 10 4 11 1 42
2592 1 1 3 2 1 3 1 27
2593 
2594 2 1 2 2 2 8
2595 3 1 2 2 3 3
2596 1 1 14 2 1 65
2597 1 1 10 2 1 65
2598 9 2 2 3
2599 
2600 1 1 1 94 1 96
2601 
2602 2 1 4 9 1 13 1 53
2603 2 1 9 2 1 19
2604 2 1 10 2 1 3 1 14
2605 1 1 1 2 5 9 1 10 1 34 1 77
2606 
2607 3 1 1 2 2 3 1 20
2608 1 5 4 9 1 10 1 17
2609 
2610 1 1 4 2 4 9 2 10 1 42
2611 3 1 3 9 2 10 1 13 1 31 1 77
2612 2 1 4 9 1 10 1 13 1 31 1 77
2613 3 53 3 57
2614 
2615 2 1 6 2 1 22
2616 1 1 4 2 1 3 2 9 2 10 1 35 2 57 1 74
2617 1 1 8 2 1 14 1 22
2618 2 2 1 3 2 14 1 21
2620 
2621 2 1 10 2 1 19
2622 2 2 5 9 1 10 1 25 1 44
2623 3 1 5 2 2 3 1 14
2624 3 1 5 2 2 3 1 14
2625 3 1 4 2 2 3 1 14
2626 2 1 16 2 1 3 1 14
2627 
2628 1 1 3 2 5 9 1 10 1 32
2629 
2630 1 1 8 2 1 5 1 77
2631 
2632 
2634 3 1 1 2 1 3 2 77
2635 
2636 3 1 3 9 3 10 3 77
2637 2 9 2 10 2 24 2 53
2638 3 1 2 2 1 26
2639 1 7
2640 
2641 2 9 1 10 3 11 1 31 1 77
2642 1 1 2 2 1 99
2643 6 2 2 3 1 6
2644 12 2 6 3 2 4
2645 4 2 1 5 1 64
2646 1 1 1 2 4 9 1 12 1 36
2647 1 42 1 74 3 75
2648 
2649 
2650 4 9 2 10 4 11
2651 
2652 
2653 2 1 2 2 5 9 1 13
2654 2 1 9 2 5 9 1 13
2655 2 1 9 2 5 9 1 13
2656 2 1 9 2 5 9 1 13
2657 2 1 9 2 5 9 1 13
2658 
2659 
2660 1 1 2 2 5 9 1 13 1 14
2661 2 1 8 2 1 3 1 42
2662 2 1 10 2 1 3 1 42
2663 1 1 4 9 1 10 1 12 1 64
2664 
2665 
2666 2 1 19 2 1 6 1 22
2667 2 1 7 2 5 6 1 22
2668 
2669 
2670 
2671 3 1 2 2 1 8
2672 
2673 
2674 1 1 3 2 1 4 1 14
2675 2 1 4 2 1 3 1 14
2676 8 9 2 10
2677 1 1 10 2 1 95
2678 4 2 1 70
2679 1 1 1 2 1 8 1 19
2680 
2681 1 1 2 2 7 9 3 10
2682 
2683 9 2 1 14 1 65
2684 2 1 2 4 3 27
2685 8 2 1 42 1 65
2686 1 2 1 6
2687 
2688 6 2 2 3
2689 10 2 2 29
2690 
2691 4 2 1 3 1 26
2692 6 2 2 3
2693 1 65 1 76
2694 3 1 5 2 1 3 1 34
2695 4 2 2 35
2696 1 1 1 2 1 6 1 65
2697 7 2 2 3
2698 1 1 2 2 1 100
2699 4 2 4 3 2 6
2700 1 1 4 2 1 3 1 6
2701 2 1 3 2 1 3 1 8
2702 2 2 3 9 1 11 2 12
2703 2 1 4 2 1 66
2704 2 1 2 66
2705 1 1 9 9 1 10 2 12
2706 3 2 1 3 3 26
2707 1 1 2 2 1 3 2 64
2708 3 9 1 17 2 71
2709 4 2 2 7
2710 
2711 2 1 11 2 1 22
2712 2 1 4 2 1 30
2713 7 2 2 3
2714 5 2 2 3 1 32
2715 
2716 5 2 2 3 1 27
2717 1 1 1 2 1 30 1 42
2718 3 9 1 11 1 17 1 36
2719 12 2 4 3
2720 2 1 3 2 1 4 1 114
2721 
2722 
2723 3 1 7 2 1 3
2724 2 1 4 2 1 7 1 77
2725 1 1 9 2 1 110
2726 1 1 16 2 1 41
2727 5 2 1 111
2728 6 2 1 111
2729 2 1 2 2 1 7 1 34 1 77
2730 1 1 2 2 1 3 1 77
2731 1 1 11 2 1 29
2732 2 2 4 3
2733 4 2
2734 2 2 1 103
2735 3 1 1 4 7 9 3 10
2736 1 1 7 9 3 10 1 22
2737 5 2
2738 
2739 
2740 
2741 3 1 1 6 1 8
2742 3 1 12 2 1 3
2743 
2744 2 2 1 3 2 5 1 14
2745 
2746 
2747 
2748 1 1 16 2 1 60
2749 2 2 1 6 1 8 1 24
2750 
2751 
2752 
2753 9 9 1 10 1 12 1 17
2754 
2755 1 1 1 2 1 14 1 56
2756 
2757 
2758 
2759 
2760 4 9 1 10 1 53 1 109
2761 
2762 4 1 1 4 4 9 2 10 1 34
2763 3 103
2764 1 1 17 2 5 9 1 12
2765 2 1 1 4 2 27
2766 7 2
2767 3 2 1 3 1 14
2768 
2769 1 1 14 2 1 18
2770 8 2
2771 9 9 2 10 1 12 1 14
2772 2 1 1 4 2 6 1 7
2773 
2774 9 2
2775 10 2
2776 
2777 9 2 2 3
2778 3 9 1 10 1 11 1 36 1 42
2779 11 2
2780 
2781 12 2
2782 
2783 4 9 1 10 1 11 1 41
2784 4 2 4 27
2785 13 2
2786 14 2
2787 2 1 2 2 4 9 1 13 1 17
2788 
2789 15 2
2790 2 1 1 46 1 48
2791 16 2
2792 17 2
2793 1 1 4 2 1 38
2794 
2795 18 2
2796 1 1 3 2 1 22 1 64
2797 5 2 2 3 1 7
2798 30 2
2799 
2800 
2801 
2802 2 1 6 2 1 7
2803 
2804 3 1 3 2 1 3 1 77
2805 3 1 5 2 2 3 1 14
2806 1 1 5 2 1 110
2807 
2808 3 1 1 2 1 4 1 20
2809 1 2 10 9 2 13
2810 5 2 2 3 2 64
2811 6 2 2 3 2 64
2812 1 1 4 2 1 5 1 77
2813 
2814 
2815 8 9 4 10 2 63
2816 2 1 2 19
2817 3 2 1 26 1 44
2818 2 1 5 2 1 3 1 42
2819 1 5 5 9 1 12
2820 2 1 21 2 1 32
2821 1 1 1 2 7 9 3 10 1 77
2822 1 1 1 2 7 9 3 10 1 77
2823 1 1 1 3 2 14 1 19
2824 
2825 2 1 1 2 1 4 1 27
2826 2 1 9 2 3 6 1 22
2827 1 1 14 2 1 6 1 94
2828 4 9 2 10 2 94
2829 
2830 
2831 
2832 
2833 3 2 1 3 1 18
2834 
2835 
2836 1 1 1 30 1 42
2837 
2838 9 9 7 10 1 20
2839 
2840 3 9 1 10 2 17 1 42
2841 3 1 1 2 2 3 1 64
2842 1 14 1 24
2843 1 1 1 14 1 25
2844 3 9 1 10 2 17 1 42
2845 12 1 9 2 4 3 3 4
2846 6 2 1 14 1 35
2847 
2848 3 1 1 4 1 8
2849 
2850 3 2 2 3 2 6
2851 
2852 
2853 5 1 2 3 1 4 1 14
2854 4 1 3 9 1 11 2 13
2855 
2856 
2857 
2858 5 2 1 3 1 5 1 77
2859 2 1 10 2 1 22
2860 2 1 9 2 1 22
2861 3 2 1 3 3 14
2862 1 48 1 74
2863 2 1 9 2 1 19
2864 8 75 2 76
2865 3 2 2 5
2866 2 74 6 75
2867 3 1 4 2 1 3 1 4
2868 2 1 4 2 1 25
2869 1 1 5 2 1 8
2870 
2871 4 1 3 2 2 3
2872 4 1 3 2 2 3
2873 3 1 3 2 1 3 1 7
2874 
2875 6 9 2 10 4 11
2876 
2877 
2878 
2879 
2880 
2881 
2882 2 2 1 6 1 8 1 24
2883 
2884 4 11 2 36
2885 1 1 1 25 1 75 1 89
2886 
2887 
2888 
2889 
2890 3 9 1 10 1 11 1 42 1 57
2891 3 9 1 10 1 11 1 42 1 57
2892 
2893 4 1 4 2 4 9 2 13
2894 
2895 2 1 6 2 4 9 2 10 2 77
2896 1 1 2 2 1 25 1 110
2897 2 1 4 2 1 3 1 63
2898 5 1 7 2 3 3
2899 1 2 1 64 1 110
2900 4 9 2 10 1 20 1 64
2901 
2902 
2903 3 1 3 2 2 3 1 14
2904 2 10 8 71
2905 10 9 6 10 2 11
2906 
2907 2 64 1 108
2908 
2909 1 1 1 2 1 3 5 9 1 13
2910 4 2 2 3 1 7
2911 
2912 5 9 2 10 5 53
2913 3 1 2 9 4 10 2 34 1 77
2914 1 1 1 2 1 22 1 44
2915 10 9 2 10 2 77
2916 1 1 7 2 1 109
2917 3 9 1 10 2 11 1 63
2918 3 9 1 10 2 11 1 63
2919 2 65 1 66
2920 
2921 7 9 2 10 1 12 1 64
2922 10 9 6 10 2 11
2923 
2924 
2925 1 1 1 44 1 49
2926 3 1 5 2 1 3 1 4
2927 11 2 2 3
2928 3 1 6 2 1 3
2929 2 1 9 2 1 7 1 77
2930 
2931 
2932 6 45
2933 3 53 3 71
2934 
2935 
2936 3 9 2 53 1 57
2937 7 9 2 10 1 71
2938 9 9 2 10 1 71
2939 3 1 5 2 1 3
2940 
2941 1 6 1 19
2942 1 4 4 44
2943 4 2 1 4 4 64
2944 7 9 2 10 1 71
2945 
2946 1 1 11 2 1 110
2947 1 1 3 2 1 3 2 64
2948 
2949 
2950 4 1 11 2 1 4 1 22
2951 9 9 2 10 1 71
2952 
2953 2 1 24 2 1 22
2954 3 9 1 10 1 17 1 24 1 57
2955 6 9 2 10 4 53
2956 6 9 2 10 4 53
2957 5 9 2 10 5 53
2958 
2959 9 9 7 10 1 18
2960 2 1 1 111
2961 4 1 2 3 1 22
2962 7 2 2 3
2963 
2964 
2965 2 9 4 71
2966 4 9 2 10 6 53
2967 2 9 3 10 1 11 3 64
2968 3 1 1 2 1 4 4 9 1 10 1 17
2969 1 1 1 14 1 39
2970 2 2 1 4 10 9 2 10
2971 1 1 7 2 1 8
2972 9 2 1 3 1 8
2973 
2974 2 1 1 2 1 3 1 30 1 42
2975 1 14 2 19 1 42
2976 3 9 1 10 2 53 1 74
2977 
2978 1 1 6 2 1 3 1 77
2979 1 1 1 7 5 9 1 12
2980 1 1 7 2 1 5 1 25
2981 7 2 2 3
2982 3 9 1 17 2 57
2983 
2984 1 1 5 2 1 3 1 22
2985 5 1 1 3 1 4 1 25
2986 
2987 
2988 2 1 7 2 1 19
2989 
2990 8 9 2 10 2 53
2991 6 1 1 2 1 4 1 70
2992 1 1 4 9 1 10 1 13 1 14 1 24
2993 
2994 12 2 2 3
2995 1 1 2 2 2 9 2 10 1 35 1 44 2 57 1 74
2996 8 9 2 10 2 53
2997 6 9 2 10 4 53
2998 6 9 2 10 4 53
2999 
3000 1 2 1 25 2 74
3001 
3002 
3003 
3004 1 1 8 2 1 42
3005 1 1 8 2 1 76
3006 1 1 3 2 1 6 1 23
3007 1 1 10 2 1 76
3008 5 2 2 4
3009 
3010 
3011 7 2 1 19
3012 1 74 6 75 1 76
3013 3 1 10 2 1 99
3014 
3015 2 74 5 75
3016 1 42 1 74 6 75
3017 
3018 
3019 
3020 1 1 5 9 1 12 1 66
3021 1 2 1 14 6 75
3022 3 2 5 9 1 12 1 14
3023 
3024 
3025 
3026 1 30 1 42 1 60
3027 2 2 10 9 2 10 2 19
3028 
3029 
3030 1 1 9 2 1 3 2 14 1 22
3031 2 2 1 3 5 9 1 10 2 14 1 77
3032 2 1 3 2 1 3 1 64
3033 2 1 3 2 1 3 1 64
3034 1 4 4 76
3035 10 3
3036 1 1 16 2 1 44
3037 1 1 1 30 1 42
3038 2 1 3 2 2 3 1 4 1 7
3039 1 44 1 45 1 74
3040 
3041 3 1 6 2 1 4 1 14
3042 1 1 1 2 1 3 1 14 1 18
3043 4 9 2 10 6 53
3044 4 2 1 3 1 42
3045 
3046 
3047 2 1 2 2 1 3 1 5
3048 1 1 1 2 2 7
3049 3 1 2 2 1 3 1 7
3050 3 1 1 2 1 3 1 7
3051 3 1 1 2 1 4 1 5
3052 3 1 2 2 1 4 1 5
3053 4 1 1 2 1 3 1 8
3054 2 1 6 2 1 34
3055 
3056 3 1 4 2 1 4 1 8
3057 3 1 3 2 1 4 1 8
3058 9 9 6 10 1 53
3059 1 1 2 2 2 3 1 8 1 114
3060 2 9 2 17 2 53
3061 5 2 1 14 1 33
3062 
3063 1 63 1 107
3064 9 9 1 11 2 12
3065 1 53 5 71
3066 4 1 1 4 4 9 1 10 1 13 1 14
3067 
3068 4 1 3 2 1 3 1 4 1 14
3069 4 9 1 10 1 44 1 71
3070 2 1 1 2 1 4 2 24
3071 
3072 
3073 
3074 
3075 3 1 1 2 1 26 1 101
3076 
3077 2 1 3 2 2 25
3078 1 1 2 2 2 19 1 35
3079 1 1 3 2 1 107
3080 
3081 
3082 
3083 4 9 1 53 1 71
3084 4 9 1 36 1 71
3085 
3086 
3087 
3088 8 9 2 10 2 53
3089 8 9 2 10 2 53
3090 2 1 2 2 1 49
3091 1 1 7 2 1 14 1 22
3092 4 9 1 10 1 12 1 14 1 74
3093 1 18 1 38
3094 3 1 1 3 1 4 1 114
3095 4 1 2 4 1 114
3096 4 1 4 2 2 4 1 114
3097 5 9 1 10 1 76
3098 4 9 2 10 6 53
3099 4 9 2 10 6 53
3100 3 9 2 10 7 53
3101 3 9 2 10 7 53
3102 4 2 2 3 2 64
3103 1 1 16 2 1 64
3104 1 1 2 2 1 6 8 9 4 10 1 24 1 25
3105 1 1 10 2 1 6 8 9 4 10 1 24 1 25
3106 1 1 5 2 1 31
3107 2 1 10 2 1 66
3108 5 1 2 2 1 3 1 4
3109 4 9 1 53 1 71
3110 2 1 2 2 1 3 1 5
3111 5 2 1 3 1 5
3112 
3113 2 1 1 2 1 103
3114 1 1 1 76
3115 
3116 
3117 3 64 1 76
3118 1 64 1 90
3119 3 1 1 76
3120 2 1 14 2 1 66
3121 1 2 1 63 1 74
3122 
3123 1 48 1 87
3124 1 87 1 89
3125 1 48 1 90
3126 1 89 1 90
3127 1 75 1 90
3128 
3129 1 74 1 75
3130 
3131 1 74 1 94
3132 4 9 1 10 1 36 1 41
3133 1 4 3 64 1 74
3134 1 51 1 87
3135 1 51 1 74
3136 2 63 2 75
3137 3 74 2 75 1 76
3138 1 18 1 74 2 75
3139 2 74 2 75
3140 1 74 5 75
3141 2 74 4 75
3142 1 63 1 74 5 75
3143 4 2 1 3 1 14 1 34
3144 
3145 1 74 5 75 1 76
3146 6 75
3147 2 2 2 14 4 75
3148 4 75 2 76
3149 1 2 1 14 4 75
3150 1 2 5 9 1 12 1 24
3151 1 1 1 74 2 75 1 77
3152 9 1 1 3 3 4
3153 7 9 2 10 3 53
3154 6 9 2 10 4 53
3155 4 9 2 10 6 53
3156 1 74 2 75 1 76
3157 3 1 4 2 1 3 1 19
3158 
3159 
3160 1 1 1 2 1 7 1 42
3161 3 1 1 4 1 14 1 25
3162 2 6 2 42
3163 2 7 1 24
3164 1 2 2 64 1 76
3165 1 2 1 64 1 75
3166 
3167 1 45 1 75
3168 1 2 1 14 1 75
3169 1 48 1 89
3170 1 49 1 69 1 76
3171 2 75
3172 
3173 4 1 3 9 2 13 1 17
3174 4 1 1 2 1 3 1 46
3175 2 9 1 36 1 39 1 57
3176 9 9 2 10 1 12 1 14
3177 5 1 2 2 2 4 3 9 3 10
3178 2 74 2 76
3179 1 1 3 2 1 19 1 35
3180 2 2 5 9 1 12 1 19 1 35
3181 7 2 1 7
3182 
3183 
3184 
3185 2 1 17 2 1 22
3186 1 9 5 71
3187 1 9 1 36 4 71
3188 5 2 1 3 1 14
3189 8 2 1 3 1 14
3190 2 9 1 36 3 71
3191 
3192 3 9 2 10 1 36 2 64
3193 3 1 2 2 2 3 1 8
3194 
3195 2 1 12 2 4 9 2 10 2 77
3196 3 1 1 2 1 3 1 66
3197 15 2 1 19
3198 2 38
3199 2 1 8 9 4 10 2 34
3200 
3201 1 1 15 2 1 14
3202 4 9 2 71
3203 4 9 1 17 1 71
3204 3 9 3 71
3205 3 9 1 36 2 71
3206 3 9 1 36 2 71
3207 2 9 1 36 3 71
3208 8 9 4 10 2 11
3209 1 1 1 4 5 9 1 10 2 27
3210 1 1 2 2 1 4 3 64
3211 1 18 1 19 1 74
3212 1 1 3 2 1 74 1 77
3213 4 1 8 2 2 3 1 114
3214 1 1 3 2 1 6 1 21
3215 2 1 11 2 1 22
3216 11 9 6 10 1 11
3217 10 9 6 10 2 11
3218 4 1 3 2 1 3 1 35 1 77
3219 3 1 3 2 1 3 1 66
3220 1 1 1 7 7 9 3 10
3221 1 1 5 2 1 3 2 14
3222 
3223 2 1 1 2 1 14 1 35
3224 
3225 1 1 2 2 1 22 1 74
3226 4 9 1 36 1 71
3227 4 9 1 17 1 71
3228 1 2 1 14 1 76
3229 
3230 4 9 2 71
3231 4 9 1 36 1 71
3232 3 2 1 3 1 42
3233 4 9 1 17 1 71
3234 3 9 3 71
3235 3 9 1 36 2 71
3236 5 2 1 76
3237 2 2 3 6
3238 1 1 1 2 1 6 1 8
3239 2 1 5 2 2 3
3240 4 1 2 2 1 3 1 4 1 14
3241 1 1 4 2 1 76
3242 12 2 6 3 2 4
3243 6 2 2 29
3244 1 2 2 3 1 6 4 46 1 49
3245 1 64 1 76
3246 
3247 1 1 1 7 1 74
3248 4 9 1 12 1 42 1 57
3249 1 74 1 87
3250 1 1 8 2 1 3
3251 1 1 1 44 1 46 1 74
3252 4 2 1 3 1 5
3253 1 1 4 2 1 3 1 6
3254 
3255 1 2 1 14 1 74 2 75
3256 1 20 1 74 2 75
3257 
3258 1 42 1 74 2 75
3259 1 1 5 2 4 9 1 12 1 36
3260 
3261 1 42 1 74 5 75
3262 
3263 
3264 1 2 1 14 8 75
3265 1 1 6 2 1 4 1 14
3266 1 1 1 74 6 75 1 77
3267 
3268 5 75
3269 7 9 2 10 3 53
3270 5 9 2 10 5 53
3271 2 1 5 2 1 3 1 8
3272 2 1 4 2 2 3 1 6
3273 2 1 2 2 1 3 1 5
3274 
3275 
3276 
3277 2 1 5 2 1 4 2 77
3278 3 1 10 2 1 3 1 22
3279 3 1 1 4 1 5 1 103
3280 1 1 1 74 1 75 1 77
3281 3 1 4 2 2 8 1 18
3282 4 2 2 6
3283 
3284 2 1 3 2 3 3 1 14
3285 
3286 
3287 1 1 6 2 4 9 2 10 1 42
3288 3 1 1 4 5 9 1 13 1 14
3289 4 9 2 10 6 53
3290 4 9 2 10 6 53
3291 4 9 2 10 6 53
3292 4 9 1 10 1 57 1 74
3293 7 9 2 10 3 53
3294 4 1 1 4 1 30
3295 3 1 1 2 1 8 1 70
3296 2 1 3 9 1 10 2 12 1 42
3297 
3298 
3299 
3300 
3301 
3302 1 2 2 19
3303 2 9 1 36 3 71
3304 
3305 
3306 
3307 1 1 2 2 1 102
3308 1 1 1 2 1 3 4 9 2 12
3309 1 14 2 19 1 24
3310 
3311 5 1 1 2 2 4 4 9 1 10 1 17
3312 1 1 5 2 4 9 1 12 1 13
3313 
3314 8 9 2 10 2 71
3315 
3316 6 1 2 4 6 9 4 10
3317 1 1 6 2 1 6 1 42
3318 2 5 1 25
3319 3 1 2 2 1 3 1 32
3320 
3321 
3322 3 1 3 2 1 3 1 77
3323 6 71
3324 2 9 3 11 1 71
3325 4 9 2 10 1 64 1 74
3326 
3327 9 2 2 14
3328 4 1 1 2 1 4 1 77
3329 
3330 3 2 1 3 1 32 1 94
3331 
3332 2 1 7 2 1 3 1 64
3333 3 9 1 10 1 42 1 53 1 57
3334 3 9 2 10 7 53
3335 
3336 1 1 9 2 1 8
3337 2 1 1 2 1 3 5 9 1 12
3338 4 1 1 2 1 3 1 4 1 14
3339 3 1 1 4 1 14
3340 3 1 1 4 4 9 1 10 1 53
3341 3 1 1 4 4 9 2 10 1 64
3342 2 1 1 3 1 51 1 77
3343 4 1 1 2 1 4 1 6
3344 8 9 2 10 2 11
3345 3 1 1 4 1 38
3346 8 9 2 10 2 71
3347 
3348 1 1 5 2 1 3 1 6
3349 2 1 2 2 1 8 1 18
3350 2 1 2 2 1 3 5 9 1 12
3351 1 1 2 19 1 74
3352 2 9 1 17 1 39 1 57
3353 2 1 2 3 2 25
3354 4 9 2 10 1 64 1 74
3355 4 9 1 10 1 11 1 74
3356 4 9 1 10 1 71 1 74
3357 2 9 2 10 8 53
3358 1 9 2 10 9 53
3359 5 2 5 9 1 12 1 42
3360 4 9 2 10 1 64 1 74
3361 4 9 1 10 1 57 1 74
3362 4 9 1 57 1 71
3363 2 9 1 10 3 11 1 63
3364 2 9 1 10 3 11 1 24
3365 1 1 7 9 2 10 1 13 1 14
3366 2 2 4 9 1 10 1 13 1 24
3367 2 1 1 2 1 108
3368 4 1 4 2 1 4
3369 5 1 2 2 3 3
3370 4 9 1 10 1 18 1 71
3371 
3372 2 1 4 2 1 3 1 6 3 9 2 10 1 17 1 24 1 96
3373 
3374 3 2 2 6
3375 4 9 1 12 1 42 1 71
3376 
3377 3 1 4 2 2 3 1 14
3378 1 5 4 9 1 10 1 71
3379 2 1 1 2 1 3 1 74
3380 16 9 2 10 4 11 2 13
3381 2 74 1 114
3382 9 1 3 4 2 9 3 10 1 57
3383 
3384 
3385 1 1 1 18 1 45
3386 1 1 10 2 1 14 1 22
3387 2 1 1 3 1 107
3388 4 2 5 9 1 10 1 35
3389 2 2 1 6 1 19
3390 1 1 1 3 1 19 1 77
3391 
3392 2 1 2 2 1 3 1 31
3393 2 1 4 2 2 3 1 6
3394 4 9 2 11
3395 4 1 5 2 1 4
3396 2 1 2 2 1 103
3397 2 1 13 2 1 22
3398 
3399 
3400 
3401 
3402 2 1 1 6 2 7
3403 1 1 6 2 1 3
3404 4 1 1 2 2 4
3405 2 1 4 9 1 10 1 13 1 24
3406 2 1 3 9 2 11 1 13
3407 
3408 
3409 
3410 6 9 2 10 4 53
3411 6 9 2 10 4 53
3412 
3413 
3414 
3415 2 1 2 3 2 24
3416 5 9 1 36
3417 2 1 1 3 4 9 1 12 1 17
3418 2 1 6 2 1 4 2 77
3419 3 1 3 2 1 4 5 9 1 10
3420 2 9 3 11 1 12 1 14
3421 2 1 2 2 4 9 2 13
3422 
3423 
3424 3 1 2 2 1 3 1 4
3425 3 1 3 2 1 3 1 4
3426 1 1 11 2 3 3
3427 9 1 4 4 1 14
3428 1 9 2 39 1 57
3429 
3430 
3431 1 1 15 2 1 29
3432 1 2 1 103
3433 1 1 11 2 1 109
3434 2 1 1 76
3435 2 1 1 75
3436 1 1 1 74
3437 
3438 
3439 4 1 2 2 1 3 1 4 1 14
3440 4 1 2 2 1 3 1 4 1 14
3441 
3442 1 24 1 74
3443 3 9 1 10 2 11 1 63
3444 1 18 1 74
3445 
3446 1 2 1 14 1 74 1 75
3447 
3448 
3449 1 1 18 2 1 44
3450 1 48 1 74 1 75
3451 
3452 1 42 1 74 1 75
3453 1 63 1 74 3 75
3454 10 2 2 3
3455 1 64 1 74 7 75
3456 
3457 3 1 1 2 1 4 1 25 1 110
3458 2 1 2 2 1 3 1 5 1 77
3459 1 1 3 2 1 3 2 64
3460 1 1 5 2 1 3 2 64
3461 1 1 2 2 5 9 1 10 1 66
3462 3 2 5 9 1 12 1 35
3463 10 9 2 10 2 75
3464 4 1 2 104
3465 
3466 1 3 4 9 2 12 1 14
3467 
3468 1 24 1 75 1 89
3469 3 1 3 2 1 3 1 4
3470 2 1 11 2 1 22
3471 
3472 3 1 12 2 1 35
3473 2 1 2 2 2 3 1 6
3474 1 1 19 2 1 64
3475 1 1 2 2 3 9 3 12
3476 2 1 1 2 1 49
3477 2 42 1 108
3478 1 1 6 2 1 63
3479 1 1 8 2 1 63
3480 
3481 4 1 1 2 1 4 1 25 1 101
3482 4 1 4 2 1 4 1 25 1 101
3483 2 1 6 2 2 3
3484 1 1 7 2 1 8
3485 1 1 8 2 1 8
3486 1 1 9 2 1 8
3487 1 1 11 2 1 63
3488 1 1 10 2 1 3
3489 1 1 9 2 1 3
3490 4 1 2 2 1 4 1 25 1 101
3491 1 18 1 76
3492 1 44 1 89
3493 1 75 1 76
3494 
3495 2 18
3496 1 1 4 2 1 14 1 25
3497 1 1 2 2 1 6 1 8
3498 1 1 1 74 1 77
3499 3 69 1 70 1 74
3500 1 74 1 75 1 76
3501 1 1 1 4 5 9 1 10 2 24
3502 4 2 1 32 1 34
3503 1 45 2 74
3505 3 1 2 2 1 46
3506 4 9 2 10 1 42 1 74
3507 
3508 1 1 1 2 5 9 1 10 1 22
3509 1 10 5 71 1 74
3510 2 10 10 71
3511 5 2 1 3 1 23
3512 1 1 7 2 2 3 1 14
3513 1 1 1 2 9 9 3 10 1 13 1 17 1 77
3514 2 1 3 9 1 11 1 13 1 17
3515 5 2 2 3 1 32
3516 1 1 1 7 1 63
3517 1 1 4 9 2 10 1 42 1 77
3518 2 1 5 2 1 34
3519 3 9 1 10 1 11 1 36 1 42
3520 3 9 1 10 1 11 1 36 1 42
3521 3 2 5 9 1 13
3522 
3523 1 2 1 27 1 73
3524 
3525 3 1 3 2 1 46
3526 3 2 1 3 1 64
3527 3 1 2 2 1 3 1 14 1 35
3528 
3529 4 2 1 3 1 14
3530 1 1 4 2 1 3 1 19
3531 1 1 1 2 1 29 1 30
3532 10 2 1 3 1 26 1 77
3533 2 1 1 2 4 25
3534 4 1 1 4 1 32
3535 4 9 2 10 6 57
3536 1 1 18 2 1 64
3537 6 1 1 2 2 4 1 19
3538 3 9 1 11 2 71
3539 2 1 1 2 1 3 1 100
3540 7 2 1 3 1 14
3541 2 1 22 2 2 3
3542 2 1 22 2 2 3
3543 3 1 4 2 1 35
3544 1 1 1 2 2 66
3545 7 2 1 3 1 14
3546 4 9 1 10 1 18 1 71
3547 4 9 1 10 1 42 1 71
3548 2 1 14 2 1 34
3549 1 1 9 2 1 3
3550 1 1 4 2 1 3 2 14
3551 1 1 4 2 1 3 2 64
3552 3 1 3 2 1 35
3553 2 9 4 10 1 20 3 24
3554 3 9 1 10 1 42 1 53 1 71
3555 4 9 1 10 1 20 1 71
3556 
3557 2 1 3 2 5 9 1 13
3558 
3559 2 2 1 6 4 9 2 10
3560 4 9 2 10 1 20 1 74
3561 1 19 1 27 1 77
3562 3 1 1 3 5 9 1 13
3563 2 1 5 2 1 19
3564 3 1 5 2 1 8
3565 
3566 2 1 1 8 5 9 1 12
3567 1 8 9 9 2 10 1 12
3568 10 9 2 10 1 19
3569 3 9 1 36 2 71
3570 2 2 4 9 1 11 1 12 1 42
3571 3 2 4 9 2 10 1 24 1 42
3572 2 9 1 10 1 17 2 53 1 64
3573 3 9 1 11 2 71
3574 3 9 1 11 2 71
3575 3 9 1 11 2 17
3576 2 1 10 2 5 9 1 13
3577 2 1 10 2 5 9 1 13
3578 2 1 10 2 5 9 1 13
3579 2 1 10 2 5 9 1 13
3580 2 1 10 2 5 9 1 13
3581 2 1 11 2 5 9 1 13
3582 2 1 11 2 5 9 1 13
3583 1 1 5 2 2 3 1 14
3584 2 1 3 2 1 3 1 42
3585 2 1 8 2 5 9 1 13
3586 2 1 8 2 5 9 1 13
3587 2 1 8 2 5 9 1 13
3588 2 1 7 2 5 9 1 13
3589 2 1 8 2 5 9 1 13
3590 2 1 8 2 5 9 1 13
3591 2 1 2 2 1 4 1 19
3592 2 1 21 2 1 25
3593 8 2 2 41
3594 
3595 4 9 2 10 1 20 1 74
3596 4 9 2 10 1 42 1 74
3597 7 2 2 64
3598 8 2 2 64
3599 9 2 2 64
3600 4 9 2 10 1 20 1 74
3601 
3602 4 9 1 10 1 18 1 71
3603 4 9 1 10 1 42 1 71
3604 1 1 2 2 1 3 1 5 1 64
3605 4 9 1 10 1 42 1 71
3606 4 9 1 10 1 44 1 71
3607 4 9 1 10 1 20 1 71
3608 
3609 2 1 1 4 8 9 4 10
3610 2 1 5 2 1 7
3611 4 9 1 10 1 20 1 71
3612 1 31 1 38
3613 4 9 1 10 1 64 1 71
3614 2 65
3615 1 1 1 2 1 76
3616 1 2 1 44 1 74
3617 4 2 1 3 1 14 1 32
3618 1 2 1 48 1 74
3619 1 1 8 2 1 55
3620 
3621 
3622 5 9 1 71
3623 3 1 1 2 1 4 1 14 1 32
3624 
3625 2 1 9 2 1 19
3626 1 2 2 76
3627 1 1 4 2 1 3 1 4
3628 4 9 2 10
3629 3 2 2 29
3630 2 1 1 2 2 25
3631 
3632 1 1 6 2 1 76
3633 1 1 7 2 1 76
3634 
3635 
3636 
3637 2 1 1 24 1 26 1 34
3638 4 1 1 4
3639 5 1 1 3 1 4
3640 4 1 1 3 1 4 1 14
3641 
3642 3 1 4 2 1 3 2 4
3643 
3644 3 1 3 2 1 3 2 4 1 45
3645 2 4 20 9 4 10 2 14
3646 3 1 1 3 1 7 1 77
3647 
3648 
3649 2 1 11 2 1 3 1 14
3650 2 1 3 9 2 11 1 13
3651 1 1 3 2 1 14
3652 1 42 1 65
3653 1 48 1 75
3654 2 94
3655 6 1 2 4 4 9 2 10 4 25
3656 4 1 1 2 1 4 2 8
3657 
3658 
3659 3 1 3 2 2 3 1 14
3660 3 1 3 2 2 3 1 64
3661 
3662 3 1 1 33
3663 
3664 3 1 3 2 1 4 3 9 3 10
3665 5 2 1 103
3666 
3667 
3668 
3669 1 1 1 7 1 41
3670 
3671 6 9 2 10 2 36
3672 
3673 4 9 2 10 4 57
3674 
3675 3 2 1 26 1 29
3676 1 1 2 2 1 3 1 5 1 14
3677 2 1 2 2 1 3 1 6 1 14
3678 2 2 5 9 1 12 1 14 1 25
3679 
3680 6 9 3 10 3 17 1 19 1 26
3681 2 9 1 10 3 11 1 42
3682 1 1 4 2 1 3
3683 1 1 5 2 1 3
3684 
3685 
3686 2 1 2 2 4 9 2 12
3687 5 2 1 24 1 25 1 26
3688 6 2 2 3 1 19
3689 3 1 8 9 5 10 1 13
3690 4 1 5 9 4 10 1 13
3691 
3692 2 1 1 4 2 14 2 19
3693 
3694 
3695 1 1 4 2 1 107
3696 
3697 
3698 
3699 3 9 1 11 2 17
3700 2 9 4 11
3701 7 2 1 3 1 8
3702 2 1 10 2 1 22
3703 
3704 1 1 5 9 1 10 1 66 1 77
3705 1 1 4 2 2 3 1 8
3706 1 1 1 6 1 44
3707 4 1 5 9 4 10 1 13
3708 2 9 1 36 3 57
3709 5 2 2 5
3710 2 1 2 9 1 11 1 13 2 17
3711 1 9 1 17 4 53
3712 2 9 4 10 3 24 1 42
3713 3 1 6 9 3 10 1 13
3714 3 9 1 10 2 17 1 42
3715 1 1 2 66
3716 4 1 1 2 1 4 1 66
3717 2 1 2 2 1 4 4 9 2 10
3718 
3719 
3720 
3721 4 1 1 3 1 8
3722 1 1 4 9 2 10 1 14 1 19 1 25
3723 3 9 2 10 1 24 1 42 1 57
3724 6 9 2 10 4 11
3725 
3726 2 1 5 2 2 3
3727 2 1 6 2 1 4
3728 2 107
3729 8 2 2 3
3730 8 2 2 3
3731 8 2 1 70
3732 4 9 2 12 1 27
3733 2 2 4 9 2 10 1 27
3734 4 9 2 10 2 27
3735 3 2 6 9 4 10
3736 1 1 7 2 1 35
3737 3 9 2 10 1 11 2 24
3738 1 1 1 2 5 9 1 10 1 19
3739 5 9 1 10 1 42 1 96
3740 
3741 1 2 4 9 2 12
3742 4 9 1 10 1 12 1 27
3743 4 9 1 10 1 12 1 32
3744 
3745 3 9 1 10 1 39 1 64
3746 2 9 3 11 1 17
3747 3 1 1 4 1 6 1 24 2 77
3748 3 1 1 4 2 22 1 24
3749 2 2 2 14 1 45
3750 1 1 3 2 1 3 1 19
3751 2 6 1 7
3752 1 27 1 96
3753 
3754 3 9 2 10 1 12 2 14 1 24
3755 1 1 1 2 1 3 2 42
3756 1 1 1 8 2 42
3757 3 2 1 118
3758 3 9 1 10 2 11 1 42
3759 
3760 2 1 3 9 1 11 1 13 1 17
3761 1 39 2 42
3762 
3763 3 9 2 10 1 17 2 24
3764 1 1 13 2 4 9 1 12 1 17
3765 
3766 5 9 1 12 1 14 1 19
3767 10 9 2 10 1 66
3768 3 1 1 26 2 77
3769 2 2 4 9 2 10 2 14
3770 1 1 1 3 1 14 1 42
3771 
3772 6 2 1 3 1 14
3773 5 2 1 19
3774 4 2 1 22
3775 6 2 1 19
3776 2 1 5 2 1 19
3777 2 1 3 2 1 3 1 5
3778 13 2 1 19
3779 
3780 8 9 1 10 1 13 1 51 2 53
3781 2 22
3782 3 9 1 10 1 42 2 53
3783 2 9 1 10 1 42 3 53
3784 2 1 1 66
3785 12 9 8 10
3786 2 2 1 32
3787 2 2 1 27
3788 
3789 
3790 2 1 1 2 1 4 2 64
3791 2 1 1 8 1 44
3792 2 1 1 3 1 14 1 19
3793 2 2 2 9 2 10 2 11 1 19
3794 2 2 2 19
3795 2 1 3 2 1 3 1 33
3796 
3797 
3798 4 9 1 77
3799 6 1 10 2 4 3
3800 
3801 2 1 15 2 1 19
3802 3 2 2 14
3803 
3804 2 2 2 27
3805 2 2 2 103
3806 2 2 2 103
3807 6 2 2 42
3808 11 2 2 42
3809 1 2 2 44 1 103
3810 3 2 2 27
3811 
3812 1 1 15 2 1 42
3813 1 1 14 2 1 6 1 42
3814 2 1 7 2 1 56
3815 1 1 18 2 1 42
3816 1 1 4 2 1 110
3817 1 1 15 2 1 6 1 14
3818 1 1 24 2 1 42
3819 1 1 26 2 1 42
3820 
3821 1 1 23 2 1 14
3822 1 1 25 2 1 14
3823 
3824 
3825 
3826 1 18 1 64
3827 1 18 1 63
3828 
3829 
3830 3 1 1 4 1 64
3831 3 1 1 46
3832 1 4 4 63
3833 3 1 1 2 1 4 1 64
3834 1 75 1 89 1 90
3835 1 1 1 2 1 3 1 19 1 34
3836 3 1 1 112
3837 2 98
3838 4 9 2 10 1 21 1 42
3839 4 1 3 2 1 70
3840 3 9 1 10 1 42 2 53
3841 3 9 2 10 1 24 1 42 1 57
3842 3 9 1 10 1 11 1 17 1 42
3843 6 2 3 4
3844 4 1 3 2 2 3 1 4
3845 4 1 3 2 2 4
3846 
3847 
3848 4 9 1 10 1 17 1 65
3849 
3850 
3851 
3852 
3853 
3854 5 1 1 3 1 4 1 77
3855 3 1 7 2 1 3 1 22
3856 3 1 11 2 1 3 1 22
3857 3 1 13 2 1 3 1 22
3858 
3859 
3860 2 1 3 2 1 101
3861 1 2 1 7 2 64
3862 3 1 1 8
3863 2 1 1 3 1 44
3864 2 1 1 2 1 3 1 63
3865 2 1 1 3 1 60
3866 2 1 1 2 1 3 1 63
3867 2 1 1 2 1 104
3868 3 9 1 10 1 42 2 53
3869 2 1 2 7
3870 1 1 1 3 1 14 1 18
3871 1 18 1 48
3872 
3873 3 9 1 10 1 42 2 53
3874 
3875 3 1 1 3 1 103
3876 3 9 2 10 1 17 2 24
3877 5 11 1 53
3878 2 1 1 4 5 9 1 10 1 44
3879 
3880 5 2 3 3 5 9 1 13 1 14 1 34 1 77
3881 
3882 1 1 1 2 1 51 1 77
3883 1 1 1 3 2 42
3884 2 1 1 3 1 30 1 42
3885 2 2 1 5 1 64
3886 5 1 2 3 1 4 1 14
3887 
3888 
3889 2 1 1 7 1 45
3890 6 1 2 2 2 4
3891 
3892 
3893 6 10 6 42
3894 1 1 1 25 1 94
3895 3 1 1 34 1 35
3896 
3897 
3898 2 9 2 17 2 57
3899 15 9 2 10 1 13
3900 
3901 
3902 
3903 
3904 2 1 7 2 1 3 1 14
3905 
3906 1 1 5 9 1 10 1 34 1 96
3907 1 9 2 10 1 17 1 39 2 64
3908 
3909 1 1 9 9 4 10 1 12
3910 
3911 8 9 6 10 2 64
3912 14 9 2 10 2 12 2 77
3913 
3914 
3915 
3916 
3917 
3918 
3919 
3920 
3921 
3922 
3923 
3924 3 9 1 10 1 24 1 39
3925 3 9 2 10 7 53
3926 3 9 2 10 7 53
3927 4 9 2 10 6 53
3928 1 9 2 10 9 53
3929 2 9 2 10 8 53
3930 3 9 3 11
3931 3 9 2 11 1 17
3932 
3933 
3934 
3935 1 1 1 4 15 9 3 10
3936 
3937 1 36 5 53
3938 2 9 4 11
3939 2 9 3 11 1 17
3940 2 9 3 11 1 17
3941 1 42 1 107
3942 1 2 5 9 1 13 1 19
3943 2 1 4 9 1 11 1 13
3944 4 9 2 57
3945 3 9 3 10 3 42
3946 
3947 3 9 1 10 1 20 2 57
3948 2 9 1 10 3 11 1 42
3949 
3950 4 9 1 10 1 11 1 20
3951 6 2 1 3 1 42
3952 2 1 2 2 1 8 5 9 1 10 2 77
3953 2 2 4 9 1 12 1 13 1 14
3954 2 2 4 9 2 10 1 19
3955 2 2 3 9 2 12 1 17
3956 1 1 1 2 1 5 1 103
3957 2 1 13 2 1 22
3958 3 1 8 9 3 10 1 13
3959 2 9 3 10 1 17 2 24 1 42
3960 18 2 2 5
3961 1 2 1 3 4 9 2 12 1 14
3962 9 9 6 10 1 17
3963 8 9 1 10 1 13 1 48 2 53
3964 2 63 2 66
3965 
3966 
3967 
3968 4 2 2 9 4 12
3969 
3970 3 2 1 42 1 65
3971 2 1 3 2 1 30
3972 2 1 1 2 1 96
3973 2 2 1 24 1 29
3974 1 1 3 2 1 38
3975 4 9 1 10 1 17 1 63
3976 3 2 1 3 1 14 1 19
3977 2 1 2 2 1 3 1 64 1 77
3978 
3979 3 9 3 17
3980 
3981 2 1 3 2 3 3 1 14
3982 1 1 2 2 1 3 2 64
3983 3 1 5 2 1 4 1 14
3984 5 1 2 2 2 4 1 14
3985 4 1 3 2 1 4 1 19
3986 4 1 1 2 1 4 1 22
3987 
3988 
3989 
3990 2 9 1 11 1 17 2 57
3991 1 1 3 2 1 3 2 42
3992 2 1 1 2 1 3 1 64 1 77
3993 2 1 1 2 1 45 1 77
3994 1 1 1 2 1 48 1 77
3995 4 9 2 10 4 53
3996 3 1 1 2 1 3 1 66
3997 2 1 4 9 1 11 1 13
3998 4 9 1 10 1 42 1 53
3999 2 1 4 9 1 10 1 13 1 42
4000 5 9 1 10 1 65
4001 1 1 1 2 1 38
4002 1 1 1 2 1 38
4003 2 1 1 2 1 39
4004 4 9 1 10 1 24 1 36
4005 14 9 8 10
4006 
4007 
4008 1 5 3 9 1 10 2 11
4009 1 3 10 9 2 12 1 14
4010 
4011 
4012 1 1 3 2 5 9 1 12
4013 10 9 1 10 1 12 1 103
4014 5 9 1 12 1 24
4015 2 1 1 3 5 9 1 12
4016 4 1 2 2 2 3 1 4
4017 1 1 5 9 1 12 1 25
4018 1 1 3 2 1 38
4019 2 1 2 2 2 103
4020 1 1 2 2 1 44 1 77
4021 3 1 1 4 4 9 2 10 1 24
4022 3 1 1 3 1 4 2 14
4023 3 1 1 4 1 104
4024 1 1 2 2 1 22 1 64
4025 3 6 1 7
4026 
4027 2 1 3 2 1 22
4028 2 1 1 2 2 3 2 64
4029 3 1 2 2 1 3 1 22
4030 3 1 4 2 2 3 1 14
4031 2 1 7 2 1 22
4032 3 1 4 2 1 3 1 4 1 30
4033 2 1 19 2 1 19
4034 
4035 2 1 5 2 1 22
4036 4 9 2 71
4037 4 9 1 10 1 17 1 63
4038 3 1 1 2 1 3 1 22
4039 2 2 1 14 1 64
4040 2 1 1 2 1 3 1 14 1 22
4041 1 1 1 2 1 44
4042 4 1 1 2 1 4 1 19
4043 
4044 2 60
4045 3 1 2 4 5 9 1 10 2 27
4046 2 1 1 25
4047 2 31
4048 2 1 1 19 2 25
4049 5 1 1 2 1 3 1 4
4050 3 1 1 4 1 21
4051 
4052 1 1 15 2 1 3
4053 6 1 2 4 1 22 1 77
4054 2 1 2 2 1 3 1 63
4055 2 1 1 2 1 3 1 60
4056 1 1 2 2 1 48
4057 1 1 2 2 1 94
4058 
4059 3 2 1 25 2 64
4060 3 2 1 41 1 64
4061 
4062 2 1 1 2 1 3 1 94
4063 2 1 1 8 1 42
4064 
4065 
4066 4 9 2 53
4067 
4068 
4069 1 1 1 3 2 21
4070 5 2 1 45
4071 
4072 
4073 1 1 15 2 1 3 2 14 1 22
4074 2 1 4 2 1 116
4075 2 1 1 2 1 3 1 41
4076 2 1 1 2 1 3 1 23
4077 1 2 1 21 1 44
4078 2 2 1 14 1 21
4079 1 1 3 2 1 63
4080 1 41 1 44
4081 1 2 1 44 1 102
4082 
4083 2 1 1 2 2 3 2 24
4084 1 8 4 9 2 10 6 11 1 14
4085 
4086 
4087 1 2 2 6
4088 
4089 1 1 1 42 1 96
4090 2 1 9 2 2 3 1 32
4091 
4092 2 1 4 2 1 3 1 14
4093 4 1 2 2 1 3 1 4 1 20
4094 1 1 3 2 1 44
4095 
4096 3 9 1 10 1 11 1 42 1 57
4097 1 1 1 2 4 9 2 10 1 25 1 42
4098 3 1 3 2 1 3 1 30
4099 
4100 4 1 3 2 2 3 1 32
4101 4 1 3 2 2 3 1 25
4102 4 1 3 2 2 3 1 103
4103 1 1 4 2 1 44
4104 1 2 2 41
4105 
4106 1 2 3 6
4107 2 1 12 2 2 6 1 22
4108 2 1 5 2 1 103
4109 1 1 7 2 1 4 1 14
4110 1 1 8 2 1 4 1 14
4111 1 1 12 2 1 42
4112 2 1 14 2
4113 1 1 15 2 1 63
4114 
4115 
4116 
4117 3 1 1 2 2 3 5 9 1 12
4118 7 2 1 30
4119 1 1 3 2 9 9 3 10
4120 2 1 1 39 2 77
4121 2 1 9 2 1 22
4122 2 1 7 2 1 22
4123 1 1 4 2 1 3 1 7
4124 4 1 5 2 1 4 1 22
4125 2 1 4 2 2 3
4126 2 1 2 2 1 3 3 9 3 12
4127 3 1 5 2 1 3 1 22
4128 
4129 1 1 1 5 4 9 2 10 1 25
4130 1 1 6 2 1 33
4131 
4132 3 1 3 2 2 3 1 14
4133 3 9 2 10 1 57 1 114
4134 
4135 1 1 6 2 1 35
4136 3 1 1 3 1 77
4137 
4138 15 2 2 3
4139 1 1 13 2 3 3
4140 
4141 
4142 3 1 11 2 1 3 1 22
4143 4 1 2 2 3 9 2 13 1 17
4144 1 1 14 2 3 3
4145 6 1 1 2 1 3 2 4 1 14
4146 3 9 1 36 2 71
4147 
4148 4 1 2 2 3 9 2 13 1 17
4149 6 2 3 3 1 4 1 94
4150 2 1 2 2 1 4 1 5 1 14
4151 2 9 4 71
4152 
4153 1 1 8 2 4 9 2 10 1 25 1 42
4154 4 9 1 10 1 18 1 36
4155 5 9 1 10 1 94
4156 
4157 4 9 1 10 1 42 1 57
4158 1 38 1 42
4159 
4161 3 1 22 2 1 3
4162 10 9 2 10 1 34
4163 
4164 4 9 1 10 1 20 1 57
4165 
4166 2 38
4167 
4168 
4169 2 1 1 3 1 38 1 77
4170 2 1 2 77
4171 3 9 1 10 2 11 1 64
4172 
4173 3 9 1 36 2 53
4174 
4175 2 1 1 22
4176 1 1 1 107
4177 3 1 3 2 3 3 1 4
4178 
4179 4 9 1 17 1 57
4180 3 9 3 10 3 42
4181 4 9 1 10 1 24 1 57
4182 2 1 2 2 2 3 1 6 1 7
4183 
4184 4 9 1 10 1 20 1 57
4185 
4186 
4187 3 1 1 3 1 22
4188 
4189 1 29 1 42 2 96
4190 
4191 1 29 1 42 1 96
4192 1 2 1 14 1 110
4193 1 2 1 5 1 63
4194 2 1 24 2 1 22
4195 
4196 
4197 3 9 1 10 2 11 1 64
4198 3 9 2 11 1 53
4199 4 9 2 10 4 53
4200 1 1 3 2 1 3 2 14 1 22
4201 1 1 1 2 1 5 1 25
4202 2 1 5 2 1 3 1 64
4203 2 1 5 2 1 3 1 63
4204 1 2 2 5 1 25
4205 1 1 22 2 1 42
4206 1 2 1 63 1 64
4207 1 1 1 3 2 64
4208 1 1 1 7 1 64
4209 1 1 1 7 1 69
4210 
4211 1 9 1 36 4 71
4212 1 4 4 64
4213 4 2 5 9 1 12 1 42
4214 3 1 1 4 1 63
4215 3 1 4 2 1 4 1 14
4216 3 1 1 4 1 5
4217 2 1 1 2 1 4 2 14
4218 
4219 
4220 
4221 5 1 1 2 1 3 1 4
4222 
4223 2 2 1 29 1 42
4224 1 31 1 41
4225 1 1 11 2 1 3
4226 3 2 2 29 1 32
4227 2 1 9 2 1 6 1 22
4228 1 52
4229 4 1 2 2 1 4
4230 
4231 3 1 3 2 2 3 1 14
4232 4 1 3 2 1 4
4233 2 1 1 3 1 5
4234 2 1 1 2 1 7
4235 1 1 1 5 1 45
4236 1 1 1 8 2 69
4237 3 1 1 3 1 7
4238 4 1 1 70
4239 2 1 1 3 1 18
4240 
4241 2 1 1 3 1 94
4242 
4243 5 1 1 2 1 3 1 4
4244 4 1 1 4 1 19
4245 1 29 1 42
4246 1 1 1 30 1 42
4248 2 3 2 6
4249 2 1 2 2 8 9 2 10 2 17 1 70
4250 12 9 6 10
4251 5 9 2 10 5 53
4252 4 1 1 2 2 3
4253 3 1 1 2 2 3 1 14
4254 2 1 1 2 1 3 1 18
4255 1 42 1 44 1 45
4256 3 1 1 2 2 3 1 14
4257 3 1 1 3 1 19
4258 5 1 3 3
4259 4 1 2 3 1 7
4260 5 1 1 3 1 70
4261 
4262 
4263 1 1 4 2 1 42 1 66
4264 
4265 5 2 1 4 1 7
4266 1 1 3 2 1 5 1 6
4267 12 2 2 14
4268 3 1 1 4 1 7 5 9 1 10
4269 2 2 1 3 3 14
4270 4 2 1 3 11 9 5 10
4271 1 2 1 30 2 42
4272 5 2 2 3
4273 2 1 3 2 1 4 2 42
4274 6 9 2 10 2 11
4275 3 9 3 10 3 42
4276 1 9 2 17 3 53
4277 
4278 1 1 9 9 2 10 1 12
4279 2 1 1 2 2 3 2 24
4280 1 1 14 2 1 42
4281 1 1 16 2 1 42
4282 
4283 
4284 2 1 3 2 3 3 1 14
4285 2 1 1 4 1 14 1 51
4286 6 9 2 10 2 11
4287 6 9 2 10 2 17
4288 6 9 2 10 2 11
4289 
4290 1 1 4 2 2 3 1 21
4291 2 1 1 2 5 25
4292 3 9 1 17 2 57
4293 1 6 4 9 1 10 1 13 1 26
4294 6 9 2 10 2 11
4295 6 9 2 10 2 17
4296 6 9 3 10 1 17 1 18
4297 10 2 4 3
4298 
4299 2 1 5 2 1 70
4300 
4301 6 9 2 10 2 11
4302 6 9 2 10 2 11
4303 6 9 2 10 2 11
4304 1 1 1 2 1 3 2 14
4305 3 1 4 2 1 26
4306 2 1 5 2 1 25
4307 
4308 1 2 1 22
4309 3 9 1 10 2 11 1 64
4310 3 9 1 17 2 53
4311 3 9 2 11 1 17
4312 
4313 2 9 1 10 3 11 1 64
4314 4 9 1 10 1 11 1 18
4315 4 9 1 10 1 57 1 64
4316 1 2 2 3 2 45 4 46 1 49
4317 3 9 1 17 2 57
4318 
4319 3 9 1 10 2 11 1 20
4320 3 9 1 36 1 39
4321 3 9 1 17 1 39
4322 10 9 2 13 2 64
4323 2 1 3 9 2 12 1 36
4324 4 9 2 10 1 18 1 24
4325 4 9 2 10 1 24 1 42
4326 7 9 3 10 1 64
4327 3 9 1 36 1 39
4328 
4329 3 9 1 17 1 39
4330 
4331 2 1 23 2 1 22
4332 
4333 3 1 1 4 1 29
4334 1 2 1 4 3 9 1 10 1 27 1 51 2 53
4335 1 94 1 107
4336 6 9 2 10 2 11
4337 6 9 2 10 2 11
4338 2 38
4339 
4340 5 9 1 13 2 21
4341 2 1 5 2 1 3 1 14
4342 7 9 2 10 1 57
4343 7 9 3 10 1 14 1 19
4344 6 9 2 10 2 11
4345 6 9 2 10 2 17
4346 2 1 1 3 5 9 1 10 1 19
4347 
4348 1 1 4 2 1 97
4349 1 2 1 5 5 9 1 10 1 77
4350 4 1 2 2 2 3
4351 4 9 2 10 2 64
4352 4 9 2 10 1 63 1 64
4353 2 1 1 39
4354 1 1 3 2 1 3 1 19
4355 2 1 1 39
4356 
4357 3 9 1 10 2 11 1 64
4358 3 9 1 10 2 11 1 64
4359 3 9 1 17 2 53
4360 2 1 2 2 1 3 1 14
4361 
4362 1 1 1 22 1 107
4363 4 2 2 3 4 64
4364 3 9 1 10 2 57 1 64
4365 3 9 2 10 1 11 2 109
4366 4 1 2 2 2 3
4367 
4368 
4369 
4370 3 1 1 4 4 9 1 10 1 17
4371 6 1 2 4 1 39
4372 
4373 
4374 1 1 5 9 1 13 1 64
4375 
4376 4 9 1 10 1 11 1 18
4377 6 1 2 4 1 7
4378 4 9 1 10 1 57 1 64
4379 3 9 1 17 2 57
4380 3 9 1 10 1 11 1 17 1 42
4381 4 9 2 10 1 24 1 42
4383 1 5 4 9 1 10 1 57
4384 2 1 4 9 1 10 1 13 1 64
4385 3 1 3 2 1 8 1 70
4386 
4387 4 9 2 10 1 42 1 64
4388 4 9 1 10 1 57 1 64
4389 
4390 4 9 1 10 1 20 1 53
4391 3 1 2 2 1 3 1 22
4392 2 1 7 2 1 22
4393 1 8 15 9 3 10
4394 
4395 8 2 2 5
4396 1 1 1 18 1 25
4397 
4398 3 1 6 2 1 3
4399 1 6 4 9 1 10 1 17 1 42
4400 
4401 1 9 1 17 4 53
4402 1 2 5 9 1 12 1 31
4403 1 5 5 9 1 10 1 32
4404 2 2 1 18 1 44
4405 4 9 2 10 1 44 1 64
4406 
4407 6 1 3 2 2 9 3 13 1 17
4408 3 1 3 2 1 3
4409 2 1 3 2 1 3 1 14
4410 2 1 2 2 1 19
4411 2 1 1 2 1 3 1 23
4412 4 1 2 2 2 3
4413 3 1 4 2 1 3
4414 2 1 4 2 1 3 1 14
4415 
4416 4 1 1 2 2 3 1 22
4417 2 1 5 2 1 3 1 14
4418 2 1 4 2 1 19
4419 3 1 1 2 1 3 1 6 1 77
4420 1 1 13 2 1 3 2 14 1 22
4421 2 1 4 2 1 3 1 14
4422 4 9 2 10 1 63 1 64
4423 1 1 3 2 1 3 1 19
4424 2 1 1 39
4425 2 1 5 2 1 3 1 14
4426 2 1 3 2 1 22
4427 1 1 3 2 1 44 1 77
4428 2 1 1 6
4429 
4430 4 1 2 2 1 4
4431 3 1 2 2 1 4 1 14
4432 
4433 4 1 1 4 1 19
4434 2 1 5 2 1 4
4435 1 1 5 2 1 4 1 14
4436 4 1 3 2 1 4
4437 7 9 5 10 3 64
4438 6 9 6 10 4 64
4439 2 1 1 2 1 3 1 20
4440 2 1 20 2 1 22
4441 3 9 1 10 1 31 2 57
4442 
4443 
4444 2 2 1 3 1 44
4445 4 9 1 10 1 11 1 64
4446 4 9 2 10 1 63 1 64
4447 4 9 1 10 1 36 1 64
4448 2 1 1 39
4449 1 1 7 2 1 4 1 14
4450 1 1 3 2 1 3 1 19
4451 4 9 1 17 1 36
4452 4 9 2 10 1 20 1 24
4453 3 1 1 2 1 3 1 22
4454 3 9 1 17 2 53
4455 1 1 3 2 1 3 1 6
4456 1 1 3 2 1 3 1 6
4457 1 1 4 2 1 8
4458 5 9 1 10 1 63
4459 
4460 1 1 3 2 1 18 1 22
4461 2 1 2 2 1 25 1 96
4462 2 1 5 2 1 22
4463 3 1 3 2 1 3
4464 1 1 3 2 1 18
4465 2 2 1 5 1 42
4466 
4467 1 2 1 5 1 21
4468 
4469 1 2 2 5
4470 
4471 4 1 2 2 2 3
4472 1 1 6 2 1 14 1 66
4473 2 1 1 3 1 32 1 94
4474 3 1 4 2 1 3
4475 2 9 1 11 2 36 1 57
4476 1 1 2 2 1 32 1 94
4477 1 1 3 2 1 5
4478 2 2 2 5
4479 
4480 1 1 3 2 1 76
4481 1 1 2 2 1 25 1 64
4482 2 2 2 6
4483 4 9 8 10 6 64
4484 4 1 1 2 2 3 1 103
4485 1 1 4 2 1 5
4486 
4487 1 1 3 2 1 23
4488 1 2 2 5 1 103
4489 5 2 1 27
4490 2 1 13 2 1 3 1 14
4491 1 1 10 2 1 18
4492 
4493 2 1 6 2 1 3 1 14
4494 1 1 12 2 1 76
4495 1 1 14 2 1 6 1 42
4496 2 1 16 2
4497 2 1 25 2
4498 1 76
4499 8 2 2 4 10 9 2 10
4500 10 2 2 4 10 9 2 10
4501 1 5 1 64
4502 1 64 1 65
4503 
4504 1 5 1 63
4505 
4506 
4507 
4508 
4509 1 7 2 64
4510 1 1 1 45 1 64
4511 1 64 1 89
4512 
4513 
4514 
4515 1 1 2 2 1 3
4516 1 46 3 64
4517 2 1 1 4 2 64
4518 2 1 1 49
4519 
4520 4 1 2 2 2 104
4521 2 1 1 2 1 4 2 64
4522 3 1 1 2 1 46
4523 2 1 1 44 1 46
4524 
4525 
4526 3 1 1 4 1 38
4527 
4528 3 1 1 3 1 4 2 64
4529 4 1 1 4 1 7
4530 4 1 1 3 1 46
4531 2 1 1 4 1 14 1 42
4532 
4533 
4534 4 1 2 4 2 64
4535 6 1 2 4
4536 5 1 2 4 1 14
4537 
4538 3 9 1 11 1 17 1 53
4539 3 1 1 2 1 4 1 42
4540 4 1 1 2 1 3 1 4 1 14
4541 2 1 1 4 2 42
4542 
4543 3 1 1 2 1 3 1 4 2 14
4544 
4545 
4546 
4547 1 4 15 9 3 10 1 42
4548 1 4 15 9 3 10 1 24
4549 1 1 6 2 9 9 3 10
4550 4 1 1 3 1 14 2 35
4551 1 38 1 42
4552 4 1 2 2 1 3 1 4 1 14
4553 
4554 3 1 4 2 2 3 1 14
4555 2 1 1 118
4556 2 1 1 2 1 4 2 42
4557 3 1 3 2 1 4 1 14
4558 
4559 3 1 4 2 1 4 1 14
4560 3 1 9 2 1 4 1 14
4561 3 1 3 2 1 4 1 14
4562 
4563 3 1 4 2 1 4 1 14
4564 2 1 2 2 1 118
4565 2 1 4 2 1 118
4566 
4567 1 1 1 19 1 64
4568 2 1 1 3 1 65
4569 2 1 1 4 1 7
4570 1 1 1 3 1 5 1 14
4571 1 2 1 14 1 48
4572 1 2 1 14 1 94
4573 1 31 1 94
4574 
4575 3 1 1 26
4576 1 24 1 94
4577 3 1 1 35
4578 
4579 1 1 3 2 1 3
4580 
4581 2 1 2 3 2 64
4582 3 1 1 3 1 30
4583 3 1 2 3 1 14
4584 2 1 1 3 1 48
4585 1 1 1 45 1 48
4586 1 1 1 34 1 94
4587 4 1 1 4 1 77
4588 1 1 1 51 1 77
4589 2 1 1 4 9 9 2 10 1 17
4590 
4591 1 1 1 4 10 9 2 10 1 14
4592 4 14 4 19 2 35
4593 2 1 1 3 1 44 1 45
4594 1 1 1 18 1 19
4595 1 1 1 18 1 77
4596 2 1 1 2 1 56
4597 4 1 3 3 1 14
4598 
4599 1 1 17 2 1 3
4600 
4601 1 1 19 2 1 3
4602 
4603 
4604 1 2 5 9 1 12 1 14
4605 4 9 2 10 6 53
4606 2 1 13 2 1 22
4607 1 1 1 2 1 3 2 42
4608 
4609 4 9 1 12 1 17 1 30 1 42
4610 3 9 2 53 1 57
4611 3 9 1 11 2 57
4612 2 1 7 2 1 66
4613 2 9 1 11 3 57
4614 6 9 2 10 2 57
4615 1 2 1 14 1 60
4616 14 9 6 10
4617 9 9 4 10 1 57
4618 
4619 1 10 1 42 5 71
4620 3 11 3 57
4621 2 1 1 2 1 25
4622 7 1 1 2 1 3 2 4
4623 3 9 2 10 2 42 1 57
4624 4 2 1 29 1 42
4625 2 1 2 2 1 3 1 14
4626 1 1 12 2 2 6 1 42
4627 
4628 
4629 
4630 
4631 
4632 
4633 
4634 1 1 1 94
4635 2 9 3 11 1 57
4636 6 9 2 10 1 34
4637 3 9 1 10 2 11 1 42
4638 8 75 2 76
4639 14 9 6 10
4640 6 1 6 12
4641 5 1 1 9 5 12
4642 12 9 4 10
4643 11 2 4 3
4644 
4645 8 9 2 10 2 11
4646 4 1 2 3 4 9 2 10 2 77
4647 8 9 4 10 2 53
4648 
4649 
4650 
4651 5 9 2 10 1 17 2 57
4652 1 2 4 3 4 46 1 49 1 111
4653 6 9 2 10 2 57
4654 3 9 1 11 2 57
4655 3 9 1 36 2 57
4656 
4657 2 9 1 10 1 24 3 57
4658 2 1 8 2 1 19
4659 2 1 18 2 1 22
4660 3 1 6 2 1 3 2 77
4661 15 9 3 10 1 35
4662 1 1 1 2 1 14 1 25
4663 3 1 4 2 3 3
4664 3 9 1 39 1 57
4665 3 9 1 39 1 57
4666 12 9 4 10 1 77
4667 
4668 2 1 2 2 1 3 1 18 1 77
4669 
4670 3 9 1 10 2 11 1 63
4671 
4672 5 1 2 2 2 3 1 4 1 14
4673 1 9 3 11 2 57
4674 1 64 2 66
4675 1 63 2 66
4676 1 9 5 53
4677 
4678 1 9 2 17 3 53
4679 3 1 1 3 2 77
4680 3 1 2 2 1 3 2 77
4681 2 1 1 2 1 3 1 18 1 77
4682 1 1 1 2 1 18 1 45 1 77
4683 2 9 1 17 3 53
4684 4 1 2 2 2 3
4685 3 1 2 2 2 3 1 14
4686 
4687 
4688 
4689 3 9 2 10 1 11 2 64
4690 
4691 2 1 4 9 2 10 1 34
4692 2 9 3 10 1 36 1 42 2 64
4693 1 1 4 9 1 10 1 34 1 57
4694 2 9 1 11 3 57
4695 3 9 2 10 2 42 1 57
4696 3 9 3 57
4697 9 9 4 10 1 11
4698 9 9 4 10 1 36
4699 9 9 4 10 1 17
4700 1 1 3 9 1 10 1 25 2 57
4701 3 9 3 10 1 42 2 64
4702 3 9 1 10 2 11 1 42
4703 3 9 1 17 1 53 1 57
4704 1 1 4 9 2 10 1 63 1 77
4705 3 9 1 10 2 11 1 42
4706 3 9 2 53 1 57
4707 
4708 
4709 1 1 4 9 1 11 1 12
4710 1 1 1 65
4711 
4712 4 9 1 10 1 11 1 31
4713 
4714 3 9 1 11 1 39
4715 3 9 1 36 1 39
4716 
4717 
4718 12 9 3 10 1 12
4719 8 9 2 10 2 11
4720 
4721 
4722 5 9 1 10 1 97
4723 3 1 9 2 1 3
4724 
4725 
4726 
4727 1 1 10 9 1 10 1 13
4728 4 9 2 10 2 44
4729 
4730 4 9 2 12 2 14
4731 1 5 4 9 2 10 1 24
4732 4 9 1 10 1 12 1 14 1 24
4733 1 1 4 9 1 10 1 12 1 42
4734 4 9 1 10 1 44 1 57
4735 
4736 9 9 2 10 1 12 1 42
4737 
4738 1 2 2 55
4739 7 9 3 10 1 63
4740 3 9 1 39 1 53
4741 
4742 3 9 1 11 1 39
4743 
4744 18 9 6 10
4745 8 9 2 10 2 11
4746 14 9 6 10
4747 12 9 4 10
4748 
4749 
4750 3 1 1 2 1 4 1 48
4751 9 9 4 10 1 11
4752 9 9 4 10 1 36
4753 2 1 5 2 5 9 1 10 1 35
4754 8 9 2 10 2 12
4755 8 9 2 10 2 11
4756 2 2 10 9 2 10 2 35
4757 14 9 3 10 1 12
4758 
4759 3 9 1 39 1 57
4760 2 1 3 2 1 3 1 18
4761 2 1 8 2 1 19
4762 3 9 1 10 1 11 1 17 1 20
4763 5 9 1 10 1 95
4764 2 1 5 9 1 10 1 35
4765 
4766 
4767 1 1 1 2 1 38 1 77
4768 2 2 1 7
4769 10 9 1 10 1 12 1 34
4770 2 2 1 3 15 9 3 10 3 77
4771 4 1 8 9 2 10 2 13
4772 
4773 2 1 4 9 2 10 1 25
4774 4 9 2 10 2 14 1 19
4775 
4776 
4777 
4778 
4779 4 9 1 10 1 12 1 19
4780 
4781 3 1 2 2 2 3 1 14
4782 4 9 1 10 1 36 1 64
4783 4 9 1 10 1 11 1 63
4784 4 9 2 10 2 63
4785 4 9 1 10 1 36 1 63
4786 
4787 3 9 2 10 1 36 2 64
4788 3 9 2 10 1 17 2 64
4789 3 9 2 10 1 11 2 64
4790 3 9 2 11 1 53
4791 1 4 4 102
4792 3 9 2 17 1 53
4793 3 9 1 11 1 17 1 53
4794 
4795 2 1 7 9 2 10 1 13
4796 
4797 2 1 4 2 2 77
4798 1 1 1 8 1 114
4799 
4800 1 1 3 2 1 3 1 42 1 64
4801 2 1 2 2 1 3 1 14 1 77
4802 3 1 1 2 1 8
4803 2 1 1 2 1 3 1 44
4804 1 1 1 3 2 44
4805 2 1 2 2 1 45
4806 1 1 1 2 1 44 1 45
4807 1 2 1 14 1 44 1 45
4808 2 1 2 2 1 30
4809 1 1 1 2 1 3 1 5 1 14
4810 2 1 2 2 1 34
4811 
4812 1 1 1 107
4813 2 2 1 96
4814 
4815 1 1 2 2 1 3 2 42
4816 2 9 2 11 2 57
4817 2 9 2 17 2 57
4818 1 1 1 2 1 14 1 30
4819 3 1 2 2 2 3 1 14
4820 1 1 1 2 1 18 1 77
4821 1 2 1 30 2 42
4822 4 1 2 3 1 77
4823 1 1 9 2 1 18
4824 
4825 3 1 3 2 1 3
4826 
4827 2 1 1 73
4828 
4829 
4830 
4831 
4832 2 1 6 2 2 66
4833 
4834 
4835 
4836 1 1 3 2 1 99
4837 2 1 4 9 1 13 1 17
4838 
4839 4 9 2 10 1 42 1 63
4840 3 9 2 53 1 57
4841 6 1 3 2 2 4
4842 6 1 3 2 2 4
4843 3 9 1 11 2 57
4844 1 1 4 9 2 10 1 63 1 77
4845 3 9 1 10 2 11 1 42
4846 2 1 1 2 1 3 1 30 1 42
4847 3 9 1 17 1 53 1 57
4848 4 9 2 10 1 20 1 42
4849 5 9 1 10 1 18 2 25
4850 
4851 1 1 4 9 1 10 1 34 1 57
4852 1 1 4 9 2 10 1 63 1 77
4853 1 1 4 9 1 10 1 36 1 77
4854 4 9 2 10 1 42 1 63
4855 1 1 4 9 1 10 1 12 1 42
4856 3 1 2 2 1 4 1 5
4857 1 1 4 2 1 46
4858 
4859 2 1 13 2 1 6 1 22
4860 1 1 4 9 2 10 1 25 1 42
4861 3 1 4 2 1 3
4862 
4863 5 9 1 12 1 63
4864 1 24 1 38
4865 2 1 2 2 1 3 1 21
4866 1 1 4 9 1 11 1 12
4867 1 1 4 9 1 12 1 17
4868 
4869 4 9 1 10 1 11 1 20
4870 
4871 10 9 2 10 1 118
4872 15 9 1 10 2 12 1 35
4873 
4874 9 9 1 10 1 11 1 12
4875 1 1 9 9 1 10 2 12
4876 
4877 2 1 5 2 1 4 1 5 1 14
4878 
4879 3 9 3 10 3 24
4880 1 1 1 2 4 9 1 12 1 17
4881 2 1 1 3 1 4 3 64
4882 1 1 4 9 1 10 1 25 1 36
4883 1 1 4 9 1 10 1 17 1 25
4884 
4885 
4886 3 9 2 10 1 17 1 20 1 24
4887 1 1 17 2 1 3 2 14 1 22
4888 2 1 1 3 2 25 1 44
4889 1 1 2 2 1 3 2 64
4890 3 1 11 2 1 3 3 22
4891 
4892 3 1 11 2 1 35
4893 6 1 4 2 2 4
4894 7 1 2 2 1 3 2 4
4895 
4896 6 2 2 3
4897 
4898 1 1 5 2 1 3 1 22
4899 5 9 1 12 1 44
4900 
4901 1 1 5 9 1 10 1 103
4902 1 1 2 2 1 38
4903 4 2 1 14 1 27 1 35
4904 5 9 1 10 1 55
4905 5 2 1 3 1 21
4906 
4907 1 1 4 9 1 10 1 25 1 53
4908 1 1 4 9 1 10 1 17 1 25
4909 1 1 1 2 5 9 1 10 1 66
4910 1 1 1 2 5 9 1 10 1 25
4911 5 9 1 10 1 25 1 44
4912 1 1 4 9 1 11 1 12
4913 1 5 4 9 1 10 1 11
4914 
4915 4 9 1 12 1 14 1 17
4916 4 9 1 10 1 11 1 31
4917 
4918 
4919 
4920 4 9 2 10 2 44
4921 
4922 
4923 2 1 3 2 1 3 1 14
4924 2 1 1 2 1 22
4925 2 1 1 6 1 77
4926 1 1 1 25 1 44 1 45
4927 1 1 1 2 1 65 1 77
4928 1 1 1 2 1 22 1 63
4929 1 1 1 2 1 14 1 22
4930 3 1 2 2 2 3 1 14
4931 3 1 1 2 1 3 1 19
4932 
4933 6 1 6 10 6 77
4934 2 1 1 32 1 96
4935 2 1 1 25 1 96
4936 1 1 1 2 1 3 2 21
4937 2 1 2 2 1 6 2 77
4938 2 1 6 2 1 3 1 14
4939 2 1 14 2 1 3 1 14
4940 2 1 7 2 1 22
4941 2 1 6 2 1 19
4942 2 1 7 2 2 22
4943 1 1 4 2 1 3 2 64
4944 2 1 2 2 1 22
4945 1 39 2 64
4946 4 9 1 10 1 11 1 63
4947 4 9 2 10 2 63
4948 2 1 2 2 1 3 1 21
4949 3 1 2 2 1 3 1 19
4950 2 1 1 6 2 77
4951 2 1 1 6 2 77
4952 2 1 6 2 1 3 1 14
4953 2 1 4 2 1 22
4954 2 1 1 6
4955 1 1 1 63 1 66
4956 1 20 1 65
4957 1 2 1 44 1 63
4958 2 76
4959 2 2 2 63
4960 2 63 1 66
4961 2 1 1 32
4962 1 1 1 109
4963 2 1 1 103
4964 
4965 
4966 2 102
4967 3 1 2 2 1 4 1 14
4968 2 1 1 2 1 44 1 46
4969 
4970 4 1 1 2 1 3 1 4 1 14
4971 
4972 3 1 1 2 1 4 1 21
4973 
4974 3 1 3 2 1 4 1 14
4975 3 1 4 2 1 4 1 14
4976 3 1 1 2 1 8
4977 2 1 1 3 1 41
4978 2 1 2 2 1 45
4979 2 1 2 2 1 30
4980 5 9 1 36
4981 1 5 1 14 1 19
4982 3 1 1 3 1 32
4983 3 1 1 3 1 25
4984 1 14 1 19 1 24
4985 1 2 1 14 1 55
4986 2 1 1 96
4987 1 1 1 32 1 94
4988 
4989 3 1 1 3 1 25
4990 
4991 2 1 1 3 1 23
4992 
4993 1 1 1 18 1 103
4994 4 1 1 3 1 8
4995 
4996 2 1 1 2 1 3 1 48
4997 2 1 1 2 2 45
4998 2 1 1 2 2 3 2 14
4999 4 1 3 2 2 4 2 14
5000 
5001 
5002 
5003 4 1 1 3 1 104
5004 
5005 
5006 
5007 4 9 1 10 1 11 1 63
5008 4 9 1 53 1 71
5009 4 9 2 10 2 63
5010 4 9 1 10 1 17 1 63
5011 1 39 2 64
5012 1 1 2 2 1 14 1 66
5013 4 9 2 12 2 64
5014 4 9 2 10 2 44
5015 4 1 1 4 1 24 1 26
5016 
5017 4 9 2 10 2 20
5018 4 1 2 2 1 3 1 33
5019 1 45 2 49
5020 4 1 2 2 1 3 1 104
5021 2 1 10 2 1 114
5022 3 1 2 2 1 3 1 19
5023 1 1 1 2 1 55 1 77
5024 
5025 2 1 2 2 1 3 1 21
5026 3 9 3 10 3 64
5027 
5028 1 38 1 64
5029 1 1 3 2 1 3 1 32
5030 1 1 3 2 1 3 1 32
5031 
5032 
5033 5 2 1 3 1 63
5034 1 14 1 38
5035 5 2 1 34
5036 1 1 2 2 1 26 1 27
5037 2 1 5 2 1 22
5038 2 1 6 2 1 22
5039 1 1 4 2 1 22 1 42
5040 1 1 3 2 1 3 2 64
5041 2 1 2 2 1 3 1 24
5042 2 1 3 2 1 3 1 14
5043 1 1 2 2 1 3 1 5 1 14
5044 1 1 3 2 1 3 2 14
5045 1 1 3 2 1 94
5046 1 1 6 2 1 3 2 64
5047 2 1 1 3 1 14 1 56
5048 3 1 1 2 1 3 1 25
5049 1 1 1 14 1 19 1 25
5050 1 1 2 2 1 55
5051 3 1 2 2 1 26
5052 1 2 1 21 1 65
5053 1 1 1 2 1 25 1 94
5054 
5055 3 2 1 14 1 64
5056 1 1 2 2 1 65
5057 2 1 1 2 1 6
5058 2 1 1 2 1 66
5059 2 2 1 5 1 14
5060 2 2 1 14 1 44
5061 3 2 2 63
5062 
5063 1 1 1 5 1 25
5064 1 1 1 96
5065 2 1 2 2 2 7
5066 
5067 3 1 2 2 2 3 1 14
5068 2 1 9 2 1 22
5069 2 1 2 2 2 22
5070 6 9 2 10 4 53
5071 3 1 3 2 1 8
5072 2 1 4 2 1 3 1 14
5073 
5074 1 1 3 2 1 55
5075 2 2 1 41 1 44
5076 2 2 2 65
5077 1 1 4 2 1 63
5078 1 2 1 41 1 44
5079 4 2 2 63
5080 1 1 3 2 1 24
5081 1 1 3 2 1 102
5082 2 1 2 2 1 25
5083 3 9 1 36 1 53 1 57
5084 1 1 1 2 1 25 1 44
5085 2 1 2 25
5086 2 2 2 6
5087 3 1 5 2 1 4 1 14
5088 1 2 2 21
5089 
5090 4 1 1 2 2 3 1 25
5091 2 1 5 2 1 45
5092 1 1 5 2 1 94
5093 1 1 4 2 1 21
5094 3 2 3 3 3 14
5095 4 2 2 21
5096 3 2 2 21 1 25
5097 1 1 4 2 1 65
5098 2 1 1 2 2 6
5099 3 2 2 44
5100 5 2 2 63
5101 1 1 4 2 1 24
5102 2 1 3 2 1 25
5103 1 2 1 44 1 100
5104 5 2 1 6
5105 4 2 2 94
5106 2 1 14 2 1 22
5107 2 1 6 2 1 3 1 14
5108 1 1 6 2 1 94
5109 6 2 2 64
5110 1 1 6 2 1 64
5111 1 1 5 2 1 65
5112 1 1 5 2 1 44
5113 1 1 4 2 1 41
5114 6 2 2 63
5115 2 1 2 2 2 103
5116 4 6
5117 2 1 10 2 1 19
5118 1 1 7 2 1 63
5119 1 1 5 2 1 23
5120 1 1 6 2 1 55
5121 4 2 2 41
5122 8 2 2 14
5123 1 1 4 2 2 3 1 64
5124 2 1 4 2 2 103
5125 2 1 8 2 1 66
5126 2 1 11 2
5127 1 1 14 2 1 94
5128 1 1 1 25 1 41
5129 1 1 14 2 1 21
5130 2 1 12 2
5131 1 1 10 2 1 41
5132 2 1 13 2
5133 1 1 11 2 1 41
5134 2 1 11 2 1 25
5135 2 1 11 2 1 103
5136 1 1 16 2 1 18
5137 1 1 15 2 1 21
5138 1 1 14 2 1 64
5139 1 1 13 2 1 5
5140 1 1 13 2 1 65
5141 1 1 14 2 1 14
5142 2 1 15 2
5143 1 1 13 2 1 41
5144 1 1 14 2 1 20
5145 2 1 13 2 1 25
5146 
5147 1 1 15 2 1 65
5148 2 1 17 2
5149 1 1 17 2 1 63
5150 2 1 19 2
5151 2 1 20 2
5152 1 1 19 2 1 6 1 14
5153 2 1 23 2
5154 2 1 24 2
5155 2 1 26 2
5156 2 1 27 2
5157 
5158 
5159 
5160 
5161 3 1 1 2 1 4 1 64
5162 
5163 3 1 1 4 1 20
5164 4 2 4 9 4 10 1 34
5165 4 9 2 10 1 21 1 42
5166 4 1 2 4 2 42
5167 
5168 3 1 1 4 4 9 1 10 1 36
5169 1 1 2 2 1 4 3 64
5170 2 9 3 10 1 11 3 64
5171 1 1 1 2 2 3 3 64
5172 1 31 1 97
5173 2 1 1 108
5174 2 1 1 108
5175 1 1 1 34 1 97
5176 1 2 1 18 1 44
5177 3 9 1 10 2 11 1 42
5178 20 9 4 10 1 70
5179 7 9 3 10 1 31 1 77
5180 
5181 2 1 2 2 1 20 1 33 2 77
5182 1 9 2 11 3 57
5183 
5184 
5185 
5186 2 9 4 53
5187 2 9 1 36 3 53
5188 
5189 2 9 4 53
5190 2 9 1 36 3 53
5191 2 9 1 36 3 53
5192 2 1 1 2 1 35 1 94
5193 
5194 4 1 2 9 4 10 4 77
5195 8 1 2 9 4 13
5196 3 9 1 36 1 53 1 57
5197 3 9 1 39 1 53
5198 2 2 4 9 2 10 1 32
5199 1 2 5 9 1 13 2 42
5200 
5201 2 9 4 10 4 64
5202 2 9 1 36 3 53
5203 1 1 2 2 1 3 2 42
5204 2 1 2 2 4 9 2 10 2 77
5205 3 9 1 10 1 17 1 24 1 57
5206 4 9 1 10 1 57 1 63
5207 1 1 5 9 1 10 1 22
5208 
5209 5 9 1 10 1 42 1 66
5210 
5211 1 5 4 9 2 10 1 24
5212 3 1 1 3 1 22
5213 1 29 1 42 3 96
5214 2 1 8 2 1 22
5215 4 9 1 10 1 53 1 63
5216 2 2 2 19
5217 4 1 1 4 1 25
5218 2 1 2 2 1 3 1 63
5219 2 1 1 108
5220 3 1 1 2 1 3 1 22
5221 2 1 9 2 1 22
5222 2 1 3 2 1 45
5223 
5224 6 1 10 2 4 3
5225 1 1 5 2 1 63
5226 2 1 3 2 1 103
5227 1 1 4 2 1 23
5228 1 1 11 2 1 42
5229 1 1 12 2 1 94
5230 1 1 13 2 1 21
5231 1 1 15 2 1 41
5232 1 1 16 2 1 20
5233 2 1 21 2
5234 2 1 28 2
5236 
5237 4 1 2 2 2 4 2 65
5238 2 1 2 66
5239 5 9 1 12 1 29
5240 2 1 1 3 1 30 1 42
5241 
5242 
5243 
5244 3 9 2 10 1 57 1 114
5245 1 1 1 2 1 14
5246 1 43
5247 1 14 1 18
5248 2 1 4 9 1 13 1 36
5249 9 9 2 10 1 11
5250 1 1 1 2 4 9 1 12 1 17
5251 2 1 3 2 1 6
5252 3 1 2 2 1 3 1 77
5253 
5254 2 1 1 3 1 38
5255 
5256 2 1 4 9 1 10 1 13 1 18
5257 6 1 5 2 3 3 1 35
5258 1 6 10 9 2 10
5259 2 1 3 2 1 8 1 20
5260 2 1 8 2 2 22
5261 2 1 1 2 1 6
5262 1 1 1 5 1 66
5263 1 2 2 27
5264 2 1 2 2 1 3 1 42
5265 3 1 16 2 1 3 1 22
5266 1 1 4 2 1 55
5267 5 2 2 29
5268 3 2 2 41
5269 7 2 2 29
5270 8 2 2 29
5271 1 1 17 2 1 42
5272 2 1 22 2
5273 
5274 2 2 1 24 1 64
5275 1 1 1 3 2 64 1 77
5276 1 1 7 2 1 107
5277 
5278 
5279 
5280 
5281 2 1 4 9 1 13 1 57
5282 
5283 4 9 1 10 1 17 1 94
5284 3 9 1 10 1 17 1 36 1 42
5285 
5286 
5287 7 2 1 66
5288 4 2 4 9 1 10 1 35 1 57
5289 
5290 4 2 1 24 1 26
5291 5 9 1 10 1 42
5292 4 9 1 10 1 57 1 74 1 77
5293 
5294 4 1 2 2 2 3 1 22
5295 1 1 2 9 2 10 1 24 2 53 1 77
5296 4 3 1 6
5297 
5298 
5299 3 2 1 29 1 42
5300 1 1 5 2 1 76
5301 1 1 21 2 1 14
5302 1 4 1 14 1 24 2 74
5303 3 1 1 8 1 77
5304 
5305 1 1 4 2 1 20
5306 10 9 6 10 1 34
5307 
5308 4 9 2 10 1 20 1 64
5309 1 1 9 2 3 3
5310 1 1 4 2 3 9 3 12
5311 2 9 1 11 3 53
5312 
5313 
5314 
5315 3 9 1 17 2 57
5316 
5317 1 1 1 18
5318 
5319 5 2 2 3 1 6
5320 2 9 2 39
5321 7 9 3 10 1 20
5322 5 1 2 2 1 4 1 9 5 10
5323 1 2 2 9 2 11 2 12
5324 1 1 1 2 1 7 5 9 1 12
5325 
5326 
5327 
5328 7 9 3 10 1 20
5329 
5330 1 1 24 2 1 3
5331 2 1 23 2 2 3
5332 
5333 1 1 4 2 1 3 1 34
5334 
5335 1 1 5 9 1 10 1 45
5336 1 1 2 2 1 6 1 20
5337 1 1 3 2 1 6 1 20
5338 1 2 5 9 1 12 1 25 1 94
5339 1 1 5 9 1 10 1 66
5340 3 9 1 10 2 11 1 24
5341 1 1 9 2 5 9 1 12
5342 6 2 3 35 5 42
5343 3 2 1 25 2 74
5344 3 1 1 3 1 6
5345 1 7 1 22
5346 
5347 
5348 3 2 1 96
5349 1 7
5350 1 15
5351 
5352 2 1 1 3 1 14
5353 1 1 1 18
5354 1 1 14 2 1 5
5355 1 50
5356 1 67
5357 
5358 
5359 1 4 2 14 2 74
5360 2 9 1 36 3 71
5361 3 9 2 11 1 53
5362 2 74 3 75
5363 1 1 15 2 5 9 1 10 1 19
5364 1 1 5 2 5 9 1 10 1 77
5365 2 1 8 2 1 66
5366 3 1 1 2 1 26
5367 2 1 4 2 1 4 2 64
5368 2 75 1 76
5369 
5370 1 42 1 60
5371 1 72
5372 2 1 2 2 1 4 2 42
5373 5 9 1 12 1 95
5374 
5375 
5376 2 1 11 2 1 3 1 14
5377 2 45 2 64
5378 6 2 1 3 1 19 1 35
5379 1 7
5380 
5381 3 9 1 10 2 11 1 41
5382 3 1 7 2 1 3 1 77
5383 2 1 1 2 2 3 2 14
5384 2 75 2 76
5385 2 1 2 2 1 3 1 64 2 77
5386 3 1 1 99
5387 4 1 2 2 1 3 1 26
5389 1 1 3 2 1 25 1 100
5390 
5391 
5392 2 1 1 3 1 5 1 77
5393 
5394 
5395 2 76
5396 2 24
5397 4 1 1 4 1 6
5398 1 2 2 74
5399 4 1 1 2 1 4 1 6
5400 2 1 1 2 1 3 1 5
5401 1 1 2 2 1 4 1 42
5402 2 1 1 33 1 94
5403 1 1 4 2 1 3 2 14
5404 1 1 14 2 1 3 2 14
5405 2 2 1 35 3 65
5406 2 1 1 2 1 4 1 27
5407 
5408 1 5 1 23
5409 6 1 2 4 1 6
5410 1 66 2 74
5411 1 1 3 2 1 65
5412 
5413 2 1 5 2 1 30
5414 10 2 2 42
5415 1 1 7 2 1 18
5416 1 1 8 2 1 64
5417 2 1 7 2 1 25
5418 1 1 10 2 1 64
5419 2 1 17 2 1 103
5420 1 1 21 2 1 64
5421 2 2 1 3 1 5
5422 1 1 3 2 1 8
5423 
5424 
5425 2 2 1 6 1 32
5426 2 2 1 44 1 63
5427 3 2 1 44 1 64
5428 2 2 2 44 2 77
5429 1 1 3 2 1 3 1 6
5430 
5431 
5432 4 9 1 10 1 53 1 64
5433 
5434 1 1 2 2 1 3 1 22
5435 5 2 1 3 1 5
5436 1 1 4 2 1 3 1 34
5437 2 1 3 2 1 4 1 6
5438 2 1 1 2 1 4 2 27
5439 
5440 1 1 4 2 1 3 1 34
5441 
5442 3 9 1 53 2 71
5443 
5444 
5445 3 2 1 21 1 44
5446 2 1 1 3 1 38
5447 1 14 1 19 1 107
5448 1 1 2 2 1 24 2 26
5449 4 9 2 10 1 24 1 63
5450 7 2 1 3 1 14
5451 2 75 2 76
5452 4 9 1 10 1 17 1 42
5453 
5454 3 1 2 2 1 3 1 7
5455 3 1 7 2 1 3
5456 2 1 8 2 1 66
5457 3 1 2 2 3 3
5458 6 2 1 4 5 14 1 35
5459 2 1 9 2 1 22
5460 2 9 3 11 1 17
5461 4 9 2 10 6 53
5462 
5463 3 9 1 10 1 11 1 17 1 20
5464 
5465 1 1 3 9 1 11 1 12 1 17
5466 1 1 4 2 1 3 1 22
5467 
5468 1 2 4 9 1 11 1 12 1 14
5469 
5470 4 2 2 3 2 14
5471 1 9 5 11
5472 1 9 3 11 2 17
5473 
5474 1 9 1 36 4 71
5475 1 1 4 2 1 3 1 30
5476 3 9 1 11 1 17 1 57
5477 
5478 4 2 5 9 1 13
5479 3 1 1 4 4 9 1 10 1 71
5480 7 2 1 3 1 42
5481 2 1 3 2 1 39
5482 
5483 1 1 5 2 4 3 1 4 1 14
5484 2 9 1 10 1 12 2 17 6 53
5485 8 2 4 3
5486 6 9 2 10 4 53
5487 
5488 3 1 8 2 1 3
5489 1 2 1 30 1 42 1 94
5490 
5491 
5492 1 1 6 2 1 3 1 22
5493 1 1 6 2 1 3 1 22
5494 
5495 2 46 3 75
5496 1 4 5 9 1 10 3 24
5497 2 1 4 9 1 10 1 13 1 64
5498 5 1 3 2 1 3 2 4
5499 1 29 1 42 4 96
5500 3 1 4 2 1 3 1 4
5501 3 1 4 2 1 3 1 4
5502 4 9 2 10 1 18 1 74
5503 
5504 
5505 
5506 
5508 1 1 6 2 3 3 1 4 1 77
5509 3 1 2 2 1 4 1 5
5510 2 1 9 9 2 10 1 13
5511 6 9 3 10 1 17 1 18
5512 
5513 
5514 1 1 2 2 1 14
5515 5 2 2 3 1 6
5516 
5517 2 1 12 2 1 22
5518 4 2 1 3 1 102
5519 9 9 1 10 1 11 1 12
5520 1 1 3 2 1 14
5521 1 1 4 2 1 14
5522 4 1 9 2 1 4 1 22
5523 6 9
5524 9 9 3 10 1 25 1 110
5525 4 1 2 2 1 70
5526 
5527 4 1 4 2 2 3
5528 
5529 2 1 1 2 1 3 1 65
5530 6 1 1 2 2 4
5531 5 1 3 2 1 3 1 4
5532 1 1 1 51
5533 2 1 12 2 1 22
5534 
5535 9 9 4 10 1 53
5536 
5537 6 1 3 9 3 13
5538 
5539 
5540 
5541 
5542 
5543 
5544 
5545 1 1 2 2 10 9 1 10 1 13
5546 
5547 1 2 4 9 2 10 2 27
5548 2 1 1 3 1 30 1 42
5549 1 1 1 3 1 14 1 30 1 42
5550 2 1 1 35 1 65
5551 2 2 1 4 2 65
5552 
5553 8 9 3 10 1 13 2 24 1 51
5554 
5555 
5556 1 4 8 9 2 10 1 49 2 53
5557 2 1 8 9 1 10 2 12 1 13 1 48
5558 2 1 2 2 1 5 1 8
5559 
5560 1 1 2 9 1 10 1 36 2 53 1 77
5561 
5562 
5563 1 1 9 2 1 24
5564 1 24 1 38
5565 4 1 6 2 2 3 4 9 2 10 2 77
5566 2 1 3 2 1 6 1 77
5567 
5568 
5569 
5570 1 1 3 2 1 4 5 9 1 10
5571 1 1 9 2 1 29
5572 1 1 13 2 1 14 1 22
5573 1 1 1 2 1 5 1 6
5574 1 1 13 2 1 110
5575 
5576 9 1 3 4 2 9 3 10 1 17
5577 
5578 
5579 1 1 4 2 1 35
5580 1 1 1 2 4 9 2 10 1 24 1 77
5581 
5582 1 6 3 9 3 10 2 24 1 42
5583 2 9 3 10 1 11 3 64
5584 3 1 1 2 1 3 1 7
5585 4 1 1 4 4 9 1 10 1 12
5586 1 1 15 2 1 18
5587 2 1 7 2 1 34
5588 3 1 2 3 1 5
5589 
5590 1 1 15 2 1 110
5591 1 1 3 2 1 14 1 22
5592 2 1 1 7 4 9 2 10
5593 2 1 2 2 1 35 1 94
5594 4 9 1 10 1 42 1 53
5595 
5596 2 1 1 2 1 4 1 7
5597 2 1 1 2 2 19
5598 6 1 5 2 2 4
5599 6 1 5 2 2 4
5600 6 1 7 2 2 4
5601 6 1 7 2 2 4
5602 2 1 6 2 1 6
5603 
5604 5 9 2 10 5 53
5605 3 1 2 2 1 3 1 77
5606 2 2 1 8 9 9 3 10
5607 
5609 
5610 1 1 1 64
5611 2 1
5612 1 7
5613 1 65
5614 
5615 1 1 1 63
5616 1 28
5617 
5618 3 1 3 2 1 3 1 19
5619 1 59
5620 1 2 2 64
5621 1 1 1 2 1 64
5622 1 44 1 64
5623 3 1 1 4 4 9 2 10 1 42
5624 2 1 1 2
5625 
5626 
5627 
5628 1 1 1 44
5629 1 5 1 69
5630 
5631 1 1 1 2 1 63
5632 1 1 1 29
5633 1 1 1 20
5634 1 1 1 60
5635 1 47
5636 1 75
5637 1 2 2 63
5638 1 94
5639 1 58
5640 1 1 1 102
5641 3 2
5642 1 113
5643 1 3 3 64
5644 1 1 1 5 4 9 1 10 1 12
5645 2 1 1 3 1 64
5646 1 48 1 64
5647 3 1 1 3
5648 2 1 1 45
5649 2 1 1 3 1 63
5650 2 1 1 30
5651 2 1 1 104
5652 1 1 1 48
5653 
5654 
5655 1 1 1 75
5656 
5657 3 1 1 4 1 44
5658 1 88
5659 
5660 1 91
5661 1 74
5662 1 3 3 63
5663 2 1 1 34
5664 
5665 
5666 2 63
5667 1 1 1 110
5668 
5669 2 64 1 75
5670 1 51 1 64
5671 1 64 1 74
5672 
5673 3 1 1 4 1 14
5674 
5675 
5676 1 1 1 90
5677 1 86
5678 2 55
5679 1 93
5680 2 46
5681 1 92
5682 
5683 
5684 1 2 1 49 2 64
5685 
5686 2 1 2 45
5687 1 2 2 64 1 75
5688 4 1 1 2 1 4
5689 3 1 1 2 1 4 1 14
5690 3 1 1 2 1 4 1 14
5691 
5692 1 20 1 51
5693 1 44 1 74
5694 1 1 1 2 1 97
5695 1 2 1 14 1 74
5696 3 1 1 4 1 18
5697 3 1 1 4 1 42
5698 3 1 2 2 1 99 1 103
5699 1 9 2 10 1 17 1 24 1 42 2 53
5700 1 1 1 3 1 14 1 51
5701 
5702 2 1 1 2 1 3 1 5
5703 2 1 2 2 1 7
5704 1 5 1 44 1 45
5705 
5706 1 42 1 51
5707 1 42 1 74
5708 
5709 
5710 4 1 2 4 2 14
5711 1 51 1 90
5712 2 87
5713 1 87 1 90
5714 
5715 2 1 4 2 1 14 1 26
5716 2 90
5717 1 74 1 90
5718 2 74
5719 2 1 4 2 1 73
5721 2 1 4 2 1 14 1 26
5722 2 74 1 75
5723 
5724 
5725 
5726 
5727 
5728 
5729 
5730 
5731 
5732 
5733 
5734 
5735 
5736 
5737 2 1 1 66 2 77
5738 2 1 4 2 1 14 1 26
5739 1 2 1 64 1 76
5740 1 44 1 76
5741 3 1 1 2 1 4 1 5
5742 3 1 1 4 1 23
5743 
5744 2 1 1 4 2 55
5745 3 1 2 2 1 3 2 4 1 114
5746 2 1 2 2 1 7
5747 1 1 1 2 2 7
5748 1 1 2 2 1 7 1 14
5749 3 1 1 2 1 3 1 4 2 14
5750 1 1 1 20 1 45 1 49
5751 2 1 2 2 1 22 1 25
5752 1 2 1 14 2 75
5753 1 24 1 48 1 75
5754 2 1 1 2 1 5 1 8
5755 
5756 1 1 1 2 1 14 1 66
5757 1 9 1 10 1 17 1 39 1 53 1 64
5758 4 1 2 8
5759 6 1 2 4 2 70
5760 2 1 4 2 1 6
5761 2 1 2 2 1 66
5762 1 1 2 2 1 6 1 14
5763 
5764 1 1 1 2 1 5 1 25
5765 1 1 3 2 1 14 1 66
5766 
5767 1 1 5 2 1 14 1 25
5768 1 2 2 5 3 25
5769 1 1 9 2 1 65
5770 11 2 2 14
5771 1 1 8 2 1 5 1 25
5772 1 1 12 2 1 64
5773 1 1 11 2 1 65
5774 1 1 12 2 1 65
5775 2 2 1 30
5776 1 1 2 2 2 3 1 14
5777 2 2 1 3 1 18
5778 2 1 3 2 1 70
5779 2 1 4 2 1 70
5780 1 1 3 2 1 3 1 77
5781 
5782 5 2 1 14 1 26
5783 1 1 5 2 1 35
5784 2 1 1 2 1 4 2 27
5785 
5786 
5787 
5788 
5789 
5790 5 9 1 12 1 102
5791 
5792 4 9 1 10 1 11 1 65
5793 2 1 4 2 1 3 1 4 1 14
5794 
5795 
5796 1 1 1 6 4 9 1 10 1 13
5797 1 1 2 2 1 38 1 77
5798 15 9 3 10 1 46
5799 1 4 15 9 3 10 1 14
5800 2 1 1 8 5 9 1 10
5801 1 2 1 5 5 9 1 12
5802 
5803 2 1 2 2 1 6
5804 1 1 6 2 3 3 1 4
5805 
5806 1 5 2 9 1 10 3 11
5807 2 9 1 10 3 11 1 65
5808 
5809 1 1 5 9 1 10 1 101
5810 
5811 1 11 5 71
5812 1 36 5 71
5813 1 17 5 71
5814 4 2 1 8 5 9 1 10
5815 1 2 5 9 1 13 2 27
5816 2 14
5817 2 1 1 2 5 9 1 12 1 35
5818 2 64
5819 
5820 1 1 4 2 2 3 1 14
5821 1 1 4 2 2 3 1 14
5822 1 16
5823 16 2 2 14
5824 1 9 1 17 1 39 2 53
5825 
5826 2 2 7 9 3 10 1 14
5827 3 1 1 4 5 9 1 10 1 77
5828 
5829 
5830 6 9 2 10 1 36 1 57
5831 8 9 2 10 2 12
5832 2 1 1 4 5 9 1 13 2 27
5833 
5834 1 1 9 2 1 6 1 20
5835 2 1 1 2 1 4 1 14 1 65
5836 2 1 1 4 2 24
5837 
5838 
5839 1 1 1 2 4 9 1 10 1 17 1 77
5840 2 1 1 4 10 9 2 10
5841 
5842 
5843 
5844 
5845 
5846 2 1 3 2 1 4 2 14
5847 1 1 3 2 1 4 3 14
5848 1 1 1 8 10 9 2 10
5850 1 16
5851 
5852 
5854 1 63 1 64
5855 1 1 1 2 1 51
5856 2 1 3 2 1 3 1 21
5857 9 9 4 10 1 11
5858 
5860 
5861 
5862 1 4 3 14 2 19 1 42
5863 3 1 5 2 1 4 1 14 3 77
5864 1 1 4 2 1 4 3 14
5865 
5866 4 1 1 4 4 25
5867 
5868 6 9 2 10 4 12
5869 8 9 4 10 2 11
5870 2 1 4 2 1 4 2 14
5871 4 1 1 2 1 4 1 24 1 26
5872 5 2 1 4 1 14 1 65
5873 
5874 
5875 
5876 4 1 1 4 3 25
5877 
5878 
5879 
5880 
5881 
5882 4 1 4 2 1 3 1 4 1 14
5883 3 1 2 2 1 4 1 5 1 8 1 14
5884 1 2 1 3 3 64
5885 1 1 1 2 1 3 2 64
5886 2 1 1 2 1 3 1 64
5887 2 1 1 2 1 3 1 64
5888 3 1 1 2 1 3
5889 1 1 2 7
5890 2 1 1 3 1 29
5891 
5892 2 1 1 2 1 3 1 14
5893 2 1 1 3 1 20
5894 1 1 1 7 1 20
5895 2 1 1 2 1 45
5896 1 7 1 44 1 69
5897 1 1 1 29 1 30
5898 2 1 1 2 1 3 1 14
5899 13 9 4 10 1 13
5900 2 1 1 19
5901 1 18 1 44
5902 1 1 1 3 1 14 1 29
5903 
5904 1 18 1 20
5905 1 1 1 2 1 48
5906 1 8 3 69
5907 
5908 
5909 1 1 1 2 1 94
5910 1 5 1 94
5911 1 1 1 14 1 19
5912 1 5 1 42
5913 1 42 1 44
5914 2 14 1 19
5915 1 1 1 95
5916 
5917 1 1 1 21
5918 1 1 1 55
5919 2 3 4 64
5920 4 1 2 3
5921 
5922 2 1 1 3 1 42
5923 2 48
5924 1 49 1 75
5925 
5926 
5927 1 69 1 75 1 76
5928 1 1 1 7 1 94
5929 
5930 1 1 1 7 1 42
5931 1 1 1 42 1 104
5932 1 42 1 48
5933 
5934 2 1 1 56
5935 
5936 4 1 1 4 1 7 1 77
5937 3 1 3 2 1 4 1 6 1 18 1 70
5938 2 1 3 2 2 3 1 4 1 7
5939 2 1 1 4 4 9 2 10 2 17 4 53
5940 2 1 1 4 8 9 2 10 2 17
5941 
5942 
5943 
5944 
5945 
5946 
5947 
5948 
5949 3 1 2 2 2 3 1 4 1 8
5950 2 1 1 8 1 42
5951 2 1 1 7 1 77
5952 
5953 5 1 1 4 3 10 3 57
5954 
5955 
5956 1 74 1 76
5957 1 1 1 45 1 51
5958 3 9 2 11 1 57
5959 
5960 2 1 1 7 2 34
5961 
5962 3 1 2 2 1 8
5963 2 1 5 2 1 3 1 14
5964 2 1 1 6 1 22
5965 1 1 7 2 1 22 1 42
5966 1 5 1 76
5967 
5968 3 1 2 2 1 3 1 22
5969 2 1 6 2 1 19
5970 2 2 1 6 2 64
5971 3 2 1 5 1 14
5972 4 2 8 3
5973 12 2 2 42
5974 4 2 1 5 1 14
5975 1 1 6 2 1 18
5976 2 1 2 2 2 35
5977 5 2 2 44
5978 1 1 8 2 1 5
5979 7 2 2 44
5980 6 2 2 109
5981 9 2 2 29
5982 1 1 17 2 1 21
5983 2 2 1 6
5984 2 1 3 2 2 3
5985 3 2 1 3 1 6 1 14
5986 4 2 2 3 2 14
5987 1 1 2 2 1 3 1 22
5988 3 9 1 11 2 36
5989 5 2 1 3 1 18
5990 
5991 
5992 
5993 3 9 1 10 2 11 1 44
5994 
5995 3 9 1 10 2 11 1 44
5996 
5997 6 2 1 19 1 70
5998 
5999 7 2 3 3 1 14
6000 3 2 1 8 5 9 1 10
6001 1 1 2 2 1 6 5 9 1 10
6002 1 9 1 17 3 53 1 57
6003 
6004 1 5 7 9 3 10
6005 
6006 
6007 5 53 1 57
6008 1 9 2 17 3 57
6009 1 10 1 63 5 71
6010 5 2 5 9 1 13
6011 1 5 7 9 3 10
6012 
6013 
6014 
6015 5 9 2 10 3 11
6016 10 2 1 19
6017 8 9 1 10 1 13 1 42 2 53
6018 2 9 4 10 1 20 3 24
6019 7 9 3 10 1 21
6020 2 1 2 2 5 9 1 13 2 77
6021 10 9 2 10 1 103
6022 11 2 1 19
6023 
6024 
6025 9 9 4 10 1 11
6026 9 9 4 10 1 11
6027 6 9 2 10 2 12
6028 4 9 1 10 1 12 1 19
6029 
6030 3 9 1 10 1 20 2 53
6031 3 9 1 10 1 11 1 17 1 42
6032 3 9 2 11 1 57
6033 
6034 9 9 2 10 1 12 1 24
6035 
6036 6 9 4 10 2 64
6037 4 1 1 4 1 9 3 10 1 24 2 57
6038 
6039 
6040 
6041 
6042 
6043 
6044 10 2 2 3 4 9 2 10 2 77
6045 
6046 
6047 2 1 2 2 4 9 2 10 2 77
6048 4 1 2 2 2 3 4 9 2 10 2 77
6049 2 1 10 2 4 9 2 10 2 77
6050 2 1 16 2 4 9 2 10 2 77
6051 12 2 2 3 2 22
6052 10 9 4 10
6053 6 9 2 10 1 39
6054 
6055 2 9 1 12 1 42 3 53
6056 4 9 2 10 1 114
6057 
6058 
6059 1 1 4 2 9 9 3 10 2 77
6060 
6061 
6062 3 1 8 2 1 3 4 9 2 10 2 77
6063 
6064 9 9 3 10 1 24
6065 
6066 
6067 
6068 7 9 3 10 1 44
6069 1 1 1 63
6070 1 1 7 9 3 10 1 34
6071 5 1 2 4 1 18
6072 3 1 3 2 1 3 1 6
6073 8 9 3 10 1 12
6074 4 1 4 2 1 70
6075 3 1 1 2 1 3 1 77
6076 7 9 2 10 1 12 1 94
6077 7 9 3 10 1 14 1 19
6078 6 1 2 4 1 19
6079 1 3 1 5 2 21
6080 
6081 
6082 1 5 1 60
6083 
6084 3 1 5 2 1 25 1 26
6085 
6086 3 1 1 4 8 9 3 10 1 17 1 77
6087 3 1 6 2 1 3
6088 4 2 2 65
6089 1 1 7 2 1 5
6090 2 1 2 2 1 3 4 9 1 10 1 17 1 77
6091 2 1 7 2 1 103
6092 1 64 1 107
6093 2 1 1 2 4 9 2 10 1 77
6094 1 85
6095 1 1 1 2 4 9 1 10 1 36 1 77
6096 4 2 1 3 1 20
6097 1 1 1 2 1 107
6098 2 1 3 2 2 3
6099 1 20 1 38
6100 1 1 1 2 1 3 1 118
6101 2 1 1 2 1 4 2 27
6102 
6103 2 2 5 9 1 13
6104 4 9 1 10 1 53 1 65
6105 
6106 
6107 3 1 2 2 1 3 1 4 1 19
6108 4 9 1 10 1 12 1 77
6109 1 2 3 9 1 11 2 12
6110 1 1 3 9 2 11 1 12
6111 3 9 1 10 1 20 2 53
6112 
6113 1 1 1 2 5 9 1 10 1 103
6114 
6115 5 9 2 10 1 11 1 34
6116 3 9 2 11 1 36
6117 3 9 1 10 1 11 1 17 1 18
6118 3 9 3 53
6119 3 9 2 11 1 36
6120 3 9 1 11 1 36 1 53
6121 3 9 1 17 2 53
6122 3 9 3 17
6123 2 11 4 53
6124 
6125 3 1 3 9 3 12
6126 
6127 9 2 1 19
6128 6 10 6 64
6129 6 11
6130 1 17 5 53
6131 2 17 4 53
6132 5 1 1 4 2 9 3 10 1 17
6133 1 1 7 2 1 107
6134 2 9 3 11 1 36
6135 
6136 2 9 1 17 3 53
6137 1 57 5 71
6138 2 1 2 2 1 3 1 42
6139 
6140 
6141 1 2 1 5 1 19 1 35
6142 
6143 1 18 1 107
6144 4 9 1 10 1 53 1 74
6145 4 9 1 10 1 36 1 74
6146 3 1 1 4 4 9 1 10 1 17
6147 
6148 
6149 3 9 1 10 1 17 1 57 1 74
6150 3 1 1 4 3 9 2 10 1 17 1 24
6151 4 1 1 4 3 9 2 10 1 17
6152 
6153 
6154 4 9 2 10 1 42 1 64
6155 10 9 2 10 2 66
6156 4 9 2 10 1 42 1 63
6157 2 1 4 9 1 13 1 17
6158 4 9 1 11 1 57
6159 4 9 1 53 1 57
6160 4 9 1 17 1 57
6161 2 9 4 10 1 42 3 63
6162 2 1 1 2 2 9 1 13 1 17 2 57
6163 2 9 1 53 3 57
6164 2 9 1 17 3 57
6165 
6166 4 9 2 10 2 42
6167 1 39 2 42
6168 2 9 4 10 4 42
6169 
6170 3 9 2 10 1 24 1 42 1 57
6171 3 9 1 10 1 11 1 17 1 42
6172 8 9 2 10 2 11 2 77
6173 3 9 1 11 1 53 1 57
6174 3 9 1 11 1 53 1 57
6175 3 9 2 53 1 57
6176 3 9 1 17 1 53 1 57
6177 2 9 3 53 1 57
6178 2 1 4 9 2 10 1 77
6179 3 9 1 10 2 11 1 18
6181 
6182 2 1 3 9 1 11 1 13 1 17
6183 3 9 1 10 2 17 1 42
6184 3 9 2 11 1 57
6185 2 1 1 24 1 26 1 77
6186 7 1 4 9 8 10 1 14 1 70
6187 4 9 1 10 1 20 1 53
6188 1 1 4 9 1 12 1 17
6189 4 9 1 10 1 17 1 20
6190 4 9 1 10 1 24 1 36
6191 4 9 1 10 1 17 1 24
6192 7 9 3 10 1 64
6193 7 9 2 10 1 53
6194 7 9 3 10 1 63
6195 7 9 2 10 1 17
6196 
6197 9 9 2 10 1 36
6198 8 2 2 3 1 19
6199 9 9 2 10 1 17
6200 
6201 
6202 
6203 5 9 1 13 1 14 1 42
6204 
6205 3 1 2 2 2 35 1 99
6206 
6207 
6208 10 9 2 10 1 45
6209 
6210 4 9 2 12 2 64
6211 
6212 4 9 2 10 2 24
6213 8 2 2 3
6214 
6215 8 9 2 10
6216 4 9 1 39
6217 4 9 1 10 1 24 1 57
6218 3 1 1 2 4 9 4 10 1 35 1 77
6219 1 1 2 2 5 9 1 10 1 18 1 35
6220 3 9 3 10 2 24 1 42
6221 
6222 
6223 7 9 2 10 1 11
6224 7 9 2 10 1 53
6225 7 9 2 10 1 36
6226 3 9 1 11 1 39
6227 
6228 2 1 6 2 1 3 1 35
6229 2 1 1 2 5 9 1 10 1 35
6230 3 1 1 2 4 9 2 10 1 35
6231 3 1 1 4 1 65
6232 4 1 1 4 1 34
6233 
6234 
6235 
6236 3 1 1 2 1 4 1 65
6237 3 1 2 2 1 46
6238 2 1 1 2 1 4 1 5 1 14
6239 4 1 1 2 1 4 1 25
6240 14 9 4 10
6241 3 1 1 2 1 3 1 34
6242 5 1 1 2 3 3
6243 4 1 3 2 2 3
6244 12 9 6 10
6245 2 1 1 2 1 3 1 65
6246 1 1 1 65 1 77
6247 1 2 1 3 2 5 1 14
6248 
6249 6 9 2 10 2 17
6250 4 1 2 3 2 22
6251 10 2 2 3
6252 2 1 4 2 2 22
6253 2 2 5 9 1 10 2 35
6254 1 1 2 2 1 5 1 77
6255 2 1 5 2 1 19
6256 1 1 10 9 1 10 1 12 1 35
6257 1 1 1 2 1 14
6258 2 1 1 6 1 7
6259 2 1 1 5 1 8
6260 9 9 3 10 1 64
6261 2 1 2 2 1 34
6262 1 1 1 34 1 41
6263 2 1 1 5 1 26
6264 9 9 2 10 1 36
6265 2 1 1 18 1 104
6266 4 1 3 2 2 3
6267 9 9 2 10 1 17
6268 6 9 3 10 1 17 1 42
6269 
6270 2 1 10 2 1 3 1 14
6271 2 1 7 2 1 19
6272 2 1 3 2 1 34
6273 2 2 1 21 1 64
6274 1 2 1 5 1 44
6275 2 2 1 14 1 65
6276 
6277 
6278 
6279 1 1 4 2 1 3 2 14
6280 
6281 2 1 2 2 1 66
6282 3 2 1 14 1 44
6283 8 9 4 10 2 64
6284 2 1 3 2 1 3 1 18
6285 2 1 6 2 1 19
6286 4 2 1 14 1 65
6287 1 1 3 2 1 6 1 14
6288 1 1 3 2 1 6 1 14
6289 1 1 3 2 1 6 1 14
6290 3 2 2 60
6291 1 2 1 29 1 100
6292 5 2 1 29 1 42
6293 9 9 3 10 1 42
6294 9 9 2 10 1 57
6295 14 9 4 10
6296 2 1 19 2 1 22
6297 2 1 1 2 2 3
6298 1 5 1 110
6299 
6300 4 2 1 45
6301 1 2 1 6 1 19
6302 
6303 
6304 7 9 3 10 1 24
6305 4 2 1 3 1 65
6306 4 2 1 8 1 69
6307 2 2 1 6 1 19
6308 3 9 3 10 2 24 1 42
6309 2 9 2 11 1 34
6310 2 1 4 2 2 3
6311 7 9 3 10 1 42
6312 
6313 3 2 1 98
6314 5 2 1 3 1 65
6315 
6316 5 2 1 3 1 24
6317 4 2 1 8 1 24
6318 1 1 4 2 1 3 1 45
6319 4 2 2 3 2 14
6320 1 1 5 2 1 46
6321 1 1 7 9 3 10 1 25
6322 6 2 1 6
6323 3 75
6324 4 2 1 4 2 24
6325 2 1 2 2 2 3 1 19
6326 
6327 4 9 2 10 1 14 1 19 1 24
6328 4 2 1 8 1 18
6329 
6330 4 2 1 3 1 21
6331 1 1 6 2 1 8
6332 3 1 2 2 1 3 1 4 1 6
6333 5 2 1 4 2 24
6334 
6335 
6336 2 9 1 17 3 53
6337 
6338 2 9 1 17 3 53
6339 1 1 3 9 2 11 1 12
6340 3 9 1 10 2 17 1 24
6341 
6342 
6343 12 9 4 10 1 77
6344 1 1 3 9 2 11 1 12
6345 1 1 3 9 2 11 1 12
6346 
6347 3 9 1 10 1 11 1 17 1 24
6348 1 1 5 9 1 13 1 20
6349 1 1 1 2 5 9 1 13 1 14
6350 1 1 5 9 1 10 1 19
6351 3 2 1 4 5 9 1 10 1 14
6352 1 1 5 9 1 10 1 77
6353 
6354 1 9 1 17 4 53
6355 1 1 1 38 1 77
6356 
6357 1 2 3 14 2 19 1 35
6358 5 9 1 13 2 27
6359 2 1 3 9 2 10 1 26 1 42 1 53
6360 3 1 4 2 2 3 1 4 1 14
6361 1 1 2 9 1 10 1 26 1 42 3 53
6362 2 9 1 10 1 25 1 42 3 53
6363 2 2 2 9 1 10 1 25 1 42 3 53
6364 
6365 3 9 1 10 1 24 1 39
6366 1 1 1 2 5 9 1 10 1 77
6367 5 9 1 10 1 18 1 19
6368 5 9 1 10 1 38
6369 1 1 7 9 2 10 1 12
6370 2 1 1 3 5 9 1 10 1 77
6371 1 2 5 9 1 10 1 44 1 77
6372 2 1 10 9 1 10 1 13 1 26
6373 10 9 2 10 1 114
6374 
6375 10 9 2 10 1 77
6376 1 1 1 2 5 9 1 10 1 19 1 77
6377 2 1 1 2 4 9 2 10 1 77
6378 1 1 1 2 4 9 1 10 1 36 1 77
6379 1 1 2 2 4 9 1 10 1 36 1 77
6380 1 1 2 2 4 9 1 10 1 17 1 77
6381 4 1 2 2 1 4 2 9 4 10
6382 
6383 1 1 3 2 4 9 1 10 1 36 1 77
6384 1 1 1 2 4 9 2 10 1 24 1 77
6385 2 1 3 9 1 11 1 13 1 57
6386 10 9 2 10 2 77
6387 1 6 4 9 2 10 1 24 1 42
6388 2 1 2 2 1 3 5 9 1 10 1 77
6389 1 1 7 2 5 9 1 10 1 77
6390 
6391 
6392 1 1 5 2 1 3 1 19
6393 
6394 10 9 2 10 1 25
6395 2 1 4 9 2 10 1 32
6396 1 1 4 9 1 10 1 25 1 36
6397 10 2 1 96
6398 3 9 1 10 1 11 1 25 1 42 1 53
6399 3 9 1 10 1 25 1 42 2 53
6400 9 9 3 10 1 42
6401 2 2 3 9 1 10 1 11 1 25 1 42 1 53
6402 6 1 3 9 3 13
6403 2 1 3 9 2 10 2 25 1 36
6404 
6405 2 1 4 2 2 3 2 14
6406 3 9 1 10 1 44 2 53
6407 1 6 4 9 1 10 1 12
6408 
6409 4 9 1 108
6410 
6411 2 9 4 10 1 14 1 19 3 24
6412 
6413 
6414 4 9 2 11
6415 4 9 1 11 1 17
6416 4 9 1 11 1 53
6417 4 9 2 53
6418 4 9 1 11 1 36
6419 4 9 2 36
6420 4 9 1 17 1 36
6421 4 9 1 17 1 53
6422 3 9 3 11
6423 3 9 2 11 1 36
6424 3 9 2 11 1 17
6425 3 9 2 11 1 53
6426 3 9 2 11 1 36
6427 3 9 2 11 1 53
6428 3 9 1 11 2 53
6429 3 9 1 11 1 36 1 53
6430 3 9 1 11 2 53
6431 10 9 1 10 1 13 1 97
6432 3 9 1 36 2 53
6433 3 9 1 17 2 53
6434 3 9 2 11 1 36
6435 3 9 1 11 2 36
6436 3 9 2 11 1 17
6437 10 9 4 10 2 12
6438 2 1 2 2 2 77
6439 
6440 2 9 4 11
6441 2 9 1 17 3 53
6442 1 1 1 2 2 7 1 77
6443 5 9 1 10 1 110
6444 2 2 1 3 3 64
6445 1 2 1 3 1 44 2 64
6446 9 1 3 4 2 9 3 10 1 36
6447 3 1 2 2 1 3
6448 2 1 1 2 1 3 1 20
6449 2 44 1 45
6450 1 1 2 2 1 14 1 30
6451 2 1 1 2 1 19
6452 1 2 1 3 2 14 1 44
6453 1 2 2 14 1 19
6454 
6455 1 31 1 95
6456 1 1 1 22 1 64
6457 1 1 1 5 1 77
6458 1 1 1 44 1 77
6459 1 1 1 14 1 22
6460 1 1 4 2 1 3
6461 1 1 1 2 1 6 1 8
6462 4 2 1 3 1 14
6463 
6464 1 1 3 2 1 26
6465 4 9 1 34
6466 4 1 1 2 2 3 1 14 1 35
6467 3 9 1 10 1 11 1 42 1 57
6468 3 9 1 53 2 57
6469 3 9 1 36 2 57
6470 
6471 
6472 2 1 2 2 1 3 1 42
6473 2 1 1 2 1 7 1 77
6474 1 2 1 7 2 42
6475 
6476 3 1 2 2 1 3 2 34
6477 4 1 1 2 2 3 1 77
6478 3 1 1 2 1 3 1 7 1 77
6479 3 1 3 2 1 3 1 77
6480 2 1 3 2 1 7 1 77
6481 1 4 19 9 4 10 1 17
6482 
6483 2 1 3 2 1 3 1 14
6484 2 1 2 2 1 3 1 20
6485 4 2 1 14 1 26
6486 
6487 1 61
6488 
6489 1 20 1 107
6490 3 1 1 4 5 9 1 10
6491 5 9 1 10 1 51
6492 5 9 1 10 1 74
6493 
6494 
6495 4 9 1 10 1 53 1 74
6496 4 9 1 10 1 36 1 74
6497 
6498 5 1 1 4 3 9 3 10
6499 4 1 1 4 3 9 2 10 1 17
6500 3 1 1 4 3 9 1 10 2 17
6501 4 9 1 10 1 57 1 74
6502 4 1 1 4 4 9 2 10
6503 3 1 3 2 1 3 1 4 1 19
6504 3 1 1 4 4 9 1 10 1 17
6505 
6506 1 1 2 2 2 8 1 24
6507 
6508 3 1 1 4 4 9 2 10 1 42
6509 
6510 2 1 5 9 1 13
6511 1 1 1 7 5 9 1 10
6512 1 1 5 9 1 13 1 14
6513 5 9 1 10 1 18
6514 5 9 1 10 1 48
6515 
6516 5 2 1 3 1 42
6517 1 38 1 94
6518 1 1 5 2 1 3 1 34
6519 5 9 1 57
6520 
6521 
6522 1 38 1 42
6523 4 9 1 10 1 11 1 42
6524 4 9 1 10 1 36 1 42
6525 4 9 1 10 1 17 1 42
6526 4 9 1 11 1 57
6527 4 9 1 36 1 57
6528 3 9 1 10 2 17 1 42
6529 1 1 2 9 1 10 3 17 1 77
6530 2 9 1 36 2 53 1 57
6531 3 9 1 10 1 42 2 57
6532 2 1 4 9 2 10 1 77
6533 3 1 1 2 1 4 1 24
6534 3 9 1 10 2 17 1 42
6535 3 9 2 11 1 57
6536 3 9 2 53 1 57
6537 3 9 1 17 1 36 1 57
6538 4 9 1 10 1 20 1 57
6539 4 1 4 9 2 13
6540 3 1 1 3 1 34
6541 4 9 2 57
6542 2 1 4 2 1 3 1 42
6543 
6544 2 1 1 2 1 32
6545 2 1 1 2 4 9 1 13 1 17
6546 2 1 4 9 2 10 1 77
6547 1 1 4 9 1 10 1 17 1 77
6548 
6549 3 1 4 2 3 3
6550 3 1 1 2 2 3 1 6 1 8
6551 3 1 2 2 1 3 2 8
6552 3 1 2 2 1 3 2 8
6553 2 1 4 9 1 11 1 13
6554 2 1 4 9 1 13 1 36
6555 2 1 4 2 1 3 1 64
6556 2 1 1 2 1 3 1 5 1 6
6557 2 1 4 9 1 13 1 17
6558 2 1 5 2 1 45
6559 4 9 1 10 1 18 1 53
6560 3 1 11 2 1 3 1 34
6561 4 9 1 10 1 18 1 36
6562 4 9 1 10 1 17 1 18
6563 4 9 1 10 1 11 1 42
6564 
6565 4 9 1 10 1 17 1 42
6566 2 1 4 9 2 10 1 34
6567 1 1 4 9 1 10 1 34 1 36
6568 
6569 4 9 1 11 1 57
6570 
6571 1 26 2 74 1 76
6572 1 25 1 74 2 75
6573 1 25 1 74 2 75
6574 
6575 2 3 2 14 2 42
6576 4 9 1 10 1 71 1 102
6577 4 2 1 35 1 94
6578 1 1 6 2 1 32 1 94
6579 1 1 9 2 1 14 1 22
6580 2 1 15 2 1 6 1 22
6581 
6582 
6583 
6584 
6585 
6586 8 9 4 10 2 25 2 42
6587 4 2 1 14 1 20
6588 2 1 12 2 1 3 1 42
6589 
6590 5 2 2 3 1 19
6591 2 1 2 2 2 3 2 64
6592 
6593 2 1 3 9 2 12 1 17
6594 3 9 2 10 1 42 1 64 1 71
6595 3 1 2 2 2 3 1 14
6596 
6597 3 9 1 10 1 42 1 53 1 71
6598 2 1 14 2 1 3 1 14
6599 2 1 5 2 1 6
6600 4 2 2 45
6601 
6603 1 2 1 5 1 41 1 77
6604 4 9 1 10 1 34 1 41 1 57
6605 1 1 12 2 1 21
6607 
6608 4 1 8 2 2 3 4 9 2 10 2 25
6609 2 1 14 2 1 3 1 14
6610 3 9 2 10 1 42 1 64 1 71
6611 
6612 3 1 6 2 4 3 1 4 3 9 3 10 2 22
6613 
6614 4 2 2 3 1 29 1 42
6615 2 1 7 2 4 3 2 4 2 19
6616 2 42 1 118
6617 
6618 
6619 1 1 4 2 4 9 1 10 1 36 1 77
6620 
6621 2 1 5 2 2 3
6622 
6623 2 2 1 3 1 33 4 42
6624 1 3 1 24 2 74
6625 3 1 1 3
6626 3 1 1 2 1 3 1 32
6627 
6628 2 1 7 2 1 3 1 5 1 77
6629 3 1 1 2 1 4 1 8 1 19
6630 1 1 5 2 4 9 1 10 1 36 1 77
6631 
6632 2 1 6 9 4 10 2 77
6633 4 9 2 10 4 11
6634 
6635 2 74 1 75 2 76
6636 1 2 3 3 4 14 1 26 1 76
6637 
6638 1 1 6 2 4 9 1 10 1 36 1 77
6639 2 1 9 2 6 25
6640 
6641 1 1 5 9 1 13 1 14
6642 
6643 2 2 1 5 1 65
6644 1 1 1 2 1 7 1 64
6645 3 9 2 10 1 42 1 64 1 71
6646 1 1 1 2 1 30 1 42
6647 
6648 
6649 4 1 10 2 2 3 4 9 2 10 2 77
6650 2 2 5 9 1 13 2 14
6651 5 2 5 3 1 42
6652 3 1 3 2 1 3 1 4 1 14 1 65
6653 
6654 1 1 1 25 1 74 3 75
6655 1 24 1 74 3 75
6656 2 9 1 36 3 71
6657 
6658 1 1 1 2 4 9 1 10 1 17 1 25
6659 1 1 1 3 1 27 1 77
6660 1 25 4 75
6661 5 1 11 2 7 3 2 4 1 6
6662 1 1 4 9 2 10 1 42 1 77
6663 2 1 4 2 2 3 2 77
6664 1 6 3 9 3 10 2 24 1 42
6665 1 6 3 9 3 10 2 24 1 42
6667 5 9 2 10 3 11
6668 1 1 9 9 6 10 1 12
6669 1 1 1 24
6670 
6671 
6672 1 1 10 9 1 10 1 13 1 32
6673 
6674 3 1 21 2 1 4 1 14
6675 
6676 
6677 
6678 
6679 3 1 3 2 3 3
6680 1 76 1 87
6681 
6682 2 1 1 4 2 24 1 34
6683 1 1 5 2 1 25 1 100
6684 
6685 1 1 8 2 1 25 1 100
6686 
6687 1 25 2 74
6688 
6689 1 75
6690 1 1 5 2 4 9 2 10 1 42
6691 1 1 1 2 1 3 1 27
6692 
6693 
6694 1 24 1 74 1 75
6695 3 9 1 10 1 42 1 53 1 71
6696 4 2 1 41 1 44
6697 2 1 14 2 1 3 1 42
6698 2 2 1 5 1 8 4 9 2 10
6699 3 1 2 2 1 3 1 34
6700 2 2 2 3 4 14
6701 1 1 9 2 1 100
6702 1 1 1 6 1 25 1 64
6703 
6704 
6705 2 1 8 2 1 4 2 14
6706 1 2 1 3 1 14 1 31 1 42
6707 2 1 7 2 1 96
6708 1 14 1 19 1 74
6709 2 1 3 2 1 96
6710 2 7 10 9 2 10
6711 2 1 6 9 4 10 2 77
6712 1 2 1 3 1 5 2 42
6713 2 1 1 2 2 3 2 27
6714 2 1 1 2 2 3 2 27
6715 4 1 4 3 2 27
6716 4 1 4 3 2 27
6717 1 1 7 2 2 25 1 100
6718 1 1 6 2 2 25 1 100
6719 
6720 
6721 1 1 5 2 1 3 2 14
6722 1 1 4 2 1 3 2 14
6723 1 1 5 9 1 10 1 30
6724 2 1 14 2 2 6 1 22
6726 1 9 1 10 1 17 1 24 3 53
6727 2 1 13 2 7 9 2 10 1 13
6728 3 1 2 2 1 3 1 30 1 77
6729 5 2 2 3 2 14
6730 1 1 5 2 1 38
6731 1 1 9 2 3 25 1 100
6732 1 1 14 2 1 6 1 42
6733 6 2 2 3
6734 8 2 2 3
6735 3 9 1 10 1 11 1 53 1 109
6736 2 1 1 2 1 3 1 18 1 33 1 94
6737 5 1 11 2 8 3 3 4 1 24
6738 2 1 24 2 1 22
6739 3 9 1 11 2 71
6740 3 1 5 2 1 4 1 42
6741 1 1 1 25 3 74 2 75 2 76
6742 3 1 3 2 1 3 1 25 1 101
6743 1 1 12 2 1 97
6744 3 1 1 64 1 70
6745 
6746 
6747 
6748 
6749 
6750 3 1 3 2 1 4 1 14
6751 
6752 1 2 1 44 1 104
6753 
6754 3 1 1 4 4 9 1 10 1 57
6755 3 1 8 9 3 10 1 13
6756 10 9 1 12 1 13 1 42
6757 2 64 4 75
6758 1 1 1 2 1 64 1 66
6759 2 1 2 2 2 26
6760 2 1 3 2 1 7
6761 
6762 4 1 4 2 1 4 1 77
6763 3 1 1 4 1 55
6764 1 25 3 75
6765 
6766 2 1 1 2 2 3 2 27
6767 2 1 1 2 2 3 2 27
6768 1 1 1 2 1 14 1 30
6769 
6770 
6771 
6772 
6773 10 9 2 10 1 75
6774 1 1 6 2 1 31
6775 3 1 1 2 1 3 2 26
6776 2 1
6777 2 1 7 2 1 103
6778 1 1 12 2 1 6 1 42
6779 1 18 1 74 1 75
6780 1 74 3 75
6781 2 74 7 75
6782 2 1 10 2 1 34
6783 1 1 1 19 1 74 1 75
6784 2 1 1 3 1 18 1 33 1 94
6785 
6786 
6787 1 3 1 24 2 74 1 75
6788 
6789 1 1 5 9 1 10 1 30
6790 2 1 3 2 2 3 2 27
6791 2 1 3 2 2 3 2 27
6792 1 1 8 2 1 31
6793 
6794 3 9 2 10 1 42 1 64 1 71
6795 3 9 1 10 1 42 1 53 1 71
6796 1 1 4 2 1 109
6797 2 1 1 3 1 14
6798 
6799 1 1 6 2 1 38
6800 4 1 6 9 2 10 2 13
6801 5 9 1 10 1 19 1 24
6802 
6803 4 1 2 3 1 30
6804 
6805 3 1 8 2 1 35
6806 
6807 3 2 1 3 1 32 1 94
6808 2 1 12 2 1 19
6809 
6810 
6811 1 45 2 64 1 75
6812 3 1 1 2 2 3 1 6 1 8
6813 
6814 
6815 
6816 1 24 2 75
6817 4 9 1 10 1 38 1 57
6818 2 1 4 2 1 3 1 8
6819 2 1 5 2 1 3 1 5 1 77
6820 1 45 1 74 1 90
6821 1 1 14 2 1 5 1 22
6822 6 11
6823 
6824 
6825 4 2 2 14 2 32
6826 1 2 1 94 1 107
6827 
6828 2 1 11 2 5 9 1 13
6829 5 9 1 10 1 75
6830 
6831 1 1 3 9 1 10 1 12 1 36 1 64
6832 
6833 1 2 1 74 1 76
6834 1 2 1 74 1 75
6835 
6836 
6837 
6838 1 1 7 2 1 5 4 9 2 10
6839 1 1 2 2 1 14
6840 1 42 1 94
6841 1 1 2 9 1 10 1 25 3 57
6842 3 2 5 9 1 10 1 99
6843 6 1 4 2 2 3 2 4
6844 6 1 4 2 2 3 2 4
6845 10 9 6 10 2 12
6846 3 1 1 119
6847 6 3 6 14
6848 1 3 5 9 6 10 1 12 5 14 1 26
6849 6 2 1 111
6852 4 2 1 33 1 38
6853 1 1 4 2 1 38 1 77
6854 
6855 3 9 1 10 1 11 1 17 1 42
6856 
6857 1 1 6 2 4 3 1 4 8 9 4 10 1 14 1 77
6858 3 2 2 3 2 14
6859 2 2 4 3 6 14
6860 
6861 
6862 1 25 1 74 3 75
6864 3 1 2 2 3 3 1 6
6865 1 1 1 25 2 75
6866 1 1 1 3 1 27 1 77
6867 1 44 1 110
6868 
6869 1 1 14 2 5 25 1 100
6870 3 9 1 10 1 11 1 36 1 42
6871 
6872 3 1 2 2 1 33
6873 1 2 4 3 5 14 1 42
6874 1 1 3 2 2 35
6875 4 9 2 10 4 53
6876 1 2 2 20
6877 1 1 13 2 1 23
6878 1 1 8 2 1 23
6879 10 9 2 13 1 114
6880 
6881 3 1 9 2 1 3 1 22
6882 1 1 8 2 2 25 1 100
6883 
6884 6 2 2 3
6885 
6886 1 1 5 2 2 35
6887 4 1 1 4 1 101
6888 1 9 1 10 1 17 1 24 3 53
6889 
6890 5 9 2 10 5 53
6891 2 1 2 2 1 4 1 14 1 26 1 27
6892 1 2 4 3 5 14 1 42
6893 
6894 2 1 7 2 4 3 2 4 1 8 1 18 1 19
6895 6 1 7 2 7 3 2 4 1 6 2 8 1 14
6896 1 1 1 6 1 24 1 77
6897 1 1 15 2 1 14 1 22
6898 
6899 1 2 1 8 3 42
6900 2 1 21 2 1 3 1 14
6902 1 1 14 2 1 6 1 42
6903 
6904 1 1 5 2 9 9 3 10
6905 2 1 2 2 2 4 10 9 2 10
6906 3 9 1 12 2 17 1 30 1 42
6907 8 75 2 76
6908 
6909 1 2 1 24 2 75
6910 2 2 4 3 6 14
6911 4 2 2 3 2 42
6912 1 1 15 2 1 6 1 64
6914 9 9 4 10 1 17
6915 3 9 1 10 1 36 1 42 1 57
6916 1 1 4 2 1 100
6917 2 1 4 2 2 3
6918 2 1 17 2 1 25
6919 2 1 16 2 1 3 1 42
6920 2 3 2 6
6921 
6922 1 1 2 2 1 31
6923 2 1 3 2 1 3 1 42
6924 1 1 7 2 5 3 1 4 1 8 5 9 1 12 1 19 1 22
6925 3 1 2 2 2 3 1 14
6926 1 1 5 2 1 38
6927 
6928 2 1 19 2 1 22
6929 4 2 1 3 1 14 1 32
6930 3 1 15 2 1 3 1 22
6931 
6932 
6933 5 9 2 10 5 53
6934 1 59
6935 1 75 2 90
6936 1 1 11 2 1 5 4 9 2 10
6937 4 1 2 2 2 4 4 9 2 10
6938 5 1 2 2 1 3 1 4 1 22
6939 1 74 1 75 1 76
6940 1 18 1 74 3 75
6941 1 44 1 110
6942 1 18 2 75
6943 1 1 7 2 4 3 2 4 1 8 1 14 1 19 1 65
6944 2 1 1 2 1 33 1 94
6945 2 2 1 30 2 42
6946 1 1 14 2 1 6 1 42
6947 1 25 1 74 2 75 1 76
6948 
6949 1 1 3 2 1 3 2 14
6950 
6951 
6952 
6953 2 1 3 2 2 3
6954 
6955 
6956 4 1 1 3 1 35
6957 2 1 1 2 1 3 1 14 1 77
6958 1 1 11 2 1 31
6959 1 1 6 2 1 100
6960 1 14 1 34 1 94
6961 3 9 2 10 7 53
6962 
6963 2 1 12 2 1 6 1 22
6964 
6965 
6966 
6967 
6968 
6969 4 9 1 10 1 12 1 29 1 74
6970 
6971 
6972 2 1 1 2 1 3 1 100
6973 1 1 1 3 1 14 1 42
6974 3 1 5 2 1 4 1 26 1 27
6975 2 1 1 3 4 9 1 10 1 12 1 64
6976 
6977 2 1 1 2 1 3 1 14 1 77
6978 1 55 1 74
6979 
6980 
6981 
6982 2 1 7 2 4 3 2 4 2 19
6983 
6984 1 2 1 5 1 65
6985 
6986 3 1 2 2 1 3 1 19 1 70
6987 2 1 10 2 1 6 1 22
6988 8 9 3 10 1 17 1 64
6989 1 7 4 69 1 70
6990 3 2 1 3 3 42
6991 3 1 4 2 2 3 1 4 1 42
6992 5 2 1 3 5 9 1 13 1 14
6993 1 1 17 2 3 3
6994 
6995 
6996 1 1 15 2 3 3
6997 2 1 20 2 2 22
6998 1 1 4 2 1 33
6999 
7000 
7001 1 1 5 2 1 33
7002 
7003 16 9 14 10
7004 1 1 1 3 1 5 1 64
7005 1 1 5 2 1 6 8 9 4 10 1 24 1 25
7006 1 1 6 2 1 6 8 9 4 10 1 24 1 25
7007 1 1 5 9 1 13 1 21
7008 
7009 1 1 4 2 2 3 1 14
7010 2 1 2 2 2 26
7011 
7012 2 6 10 9 2 10
7013 1 1 2 9 1 12 3 57
7014 
7015 
7016 2 11 4 53
7017 
7018 2 1 8 9 4 10 2 22 2 66
7019 
7020 
7021 
7022 3 1 1 4 1 25 1 110
7023 2 1 1 8 1 64
7024 
7025 5 1 9 2 3 3 1 4 1 14 1 65
7026 3 36 3 57
7027 
7028 3 1 3 2 1 25 1 26
7029 2 2 2 5 2 25
7030 5 1 7 2 3 3
7031 
7032 
7033 
7034 
7035 2 1 2 9 1 10 1 26 3 53 1 77
7036 3 1 9 2 1 3 1 22
7037 
7038 
7039 
7040 4 2 2 5
7041 1 2 1 74 1 90
7042 5 2 3 3 1 14
7043 3 1 2 2 3 3 2 4
7044 3 2 2 3 1 6
7045 3 1 4 2 1 4 1 14
7046 4 9 1 10 1 17 1 20
7047 3 1 6 2 2 3 1 18
7048 6 2 6 12
7049 1 1 4 9 1 10 1 12 1 64
7050 
7051 14 9 8 10
7052 1 1 1 8 4 9 1 10 1 12
7053 1 1 1 4 8 9 3 10 2 35 1 53
7054 
7055 
7056 3 1 2 2 2 3 1 4 1 8
7057 3 1 5 2 1 3 3 22
7058 1 6 4 9 2 12
7059 
7060 6 2 2 14
7061 7 2 2 14
7062 1 1 1 3 1 32
7063 6 2 1 96
7064 
7065 
7066 8 9 2 10 2 36
7068 1 1 2 2 4 9 1 12 1 17
7069 4 9 1 10 1 42 1 57
7070 1 9 1 11 1 17 3 57
7071 4 1 1 4 1 66
7072 
7073 3 9 3 53
7074 
7075 2 1 1 35 1 41
7076 12 9 8 10
7077 2 1 1 2 1 3 1 7 1 8 1 19
7078 1 10 1 64 5 71
7079 3 9 3 10 1 42 1 114
7080 4 9 1 10 1 11 1 44
7081 
7082 
7083 
7084 4 1 4 25 1 81
7085 4 9 1 36 1 57
7086 
7087 1 1 4 9 1 12 1 53
7088 2 9 4 53
7089 4 9 2 10 1 20 1 42
7090 4 9 2 10 1 20 1 42
7091 
7092 
7093 1 1 4 2 1 6 8 9 4 10 1 24 1 25
7094 
7095 
7096 3 9 1 11 1 36 1 57
7097 
7098 6 2 8 3 2 4
7099 2 1 4 9 1 12 1 13 1 14
7100 
7101 2 2 1 30 1 42 1 102
7102 4 9 2 11
7103 
7104 
7105 5 9 1 12 1 30 1 42
7106 2 1 1 2 1 3 1 30 1 42
7107 2 1 2 2 1 6
7108 1 1 1 6 5 9 1 10
7109 4 1 2 2 1 3 1 4 1 14
7110 2 1 2 2 8 9 4 10 2 22 2 66
7111 8 9 2 11 2 12
7112 1 1 1 44 1 45
7113 
7114 2 2 3 3 5 14
7115 2 2 3 3 5 14
7116 2 2 2 5 4 25
7117 2 1 9 2 6 3 2 4 1 14 1 18
7118 
7119 6 1 1 2 2 4 1 77
7120 3 1 3 2 3 3
7121 8 2 2 109
7122 
7123 1 1 1 2 1 14 1 26 1 51
7124 1 1 6 2 3 3 2 4 3 9 3 10 1 14 1 24 1 65
7125 1 5 5 9 1 13 1 14
7126 1 1 7 2 4 3 2 4 1 8 1 19 1 21 1 65
7127 1 1 1 2 1 7 1 41 1 77
7128 
7129 
7130 
7131 3 1 6 2 4 3 3 4 1 8 1 18 1 19 1 21
7132 1 26 2 74 1 75
7133 2 1 1 2 1 3 1 44
7134 1 75 1 87 1 90
7135 
7136 
7137 1 1 1 3 1 14 1 94
7138 1 2 6 3
7139 6 2 4 3
7140 5 2 3 3 1 104
7141 2 2 8 9 4 12
7142 2 1 6 3 2 4 2 77
7143 4 2 4 3
7144 
7145 1 1 5 2 5 3
7146 5 2 5 3 1 14
7147 2 1 6 2 2 3 2 4
7148 3 1 6 2 1 3 3 4
7149 5 2 4 3 1 45
7151 6 2 3 3 1 4 1 64
7152 6 2 3 3 1 4 1 63
7153 2 1 11 2 2 22
7154 1 1 23 2 1 3 1 4
7155 4 1 2 44 1 81 1 84
7156 13 9 4 10 1 17
7157 
7158 2 2 1 6 1 24 1 26
7159 3 9 2 10 1 11 2 24
7160 4 9 2 10 1 18 1 24
7161 1 1 4 9 1 12 1 57
7162 1 1 4 9 1 10 1 25 1 57
7163 1 2 1 14 1 38
7164 4 3 3 6
7165 1 5 4 9 1 10 1 11
7166 4 9 1 10 1 17 1 20
7167 4 9 1 10 1 11 1 24
7168 
7169 1 1 7 2 2 9 1 10 3 17 1 77
7170 4 9 2 10 1 24 1 64
7171 2 1 2 2 1 3 1 42
7172 3 1 3 2 1 3 1 8 1 20
7173 2 1 2 22
7174 3 1 5 2 1 3 1 4 2 14
7175 1 1 5 2 1 3
7176 1 38 1 64
7177 2 1 1 3 1 100
7178 1 1 1 2 1 109
7179 1 1 3 2 1 60
7180 1 1 2 2 1 109
7181 2 2 1 14 1 100
7182 1 6 2 41
7183 1 1 3 2 1 21 2 25
7184 2 1 3 2 3 25
7185 2 1 6 2 2 25
7186 3 2 1 25 2 100
7187 1 1 13 2 1 64
7188 6 9 4 10 2 42
7189 1 4 1 20 3 64
7190 2 1 1 4 1 14 1 65
7191 
7192 
7193 
7194 
7195 
7196 
7197 3 9 2 10 1 17 1 20 1 24
7198 1 1 2 2 2 9 1 10 3 17 1 77
7199 
7200 1 1 1 2 5 9 1 12 1 22
7201 3 1 1 4 1 14 1 19
7202 1 1 17 2 1 3 2 14 1 22
7203 2 1 2 2 1 4 2 14
7204 
7205 5 2 2 9 1 13 1 17 2 57
7206 2 1 13 2 1 3 1 14 1 77
7207 1 78 1 109
7208 
7209 
7210 1 1 15 2 1 6 1 14
7211 1 1 3 2 1 110
7212 
7213 4 1 1 4 2 22
7214 2 9 3 10 1 36 3 64
7215 
7216 
7217 10 9 2 10 2 103
7218 4 2 2 6
7219 2 1 3 2 2 9 2 10 1 35 2 57 1 74
7220 5 2 1 4 5 9 1 10 1 14
7221 2 1 3 2 4 9 2 10
7222 3 1 1 4 9 9 3 10
7223 3 1 3 2 1 4 2 8 1 18
7224 10 9 2 10 2 65 1 81
7225 
7226 
7227 
7228 1 24 1 41
7229 5 2 6 3
7230 4 2 2 4 4 27
7231 
7232 2 1 1 2 1 3 1 60
7233 
7234 
7235 16 9 12 10
7236 1 1 7 2 1 41
7237 
7238 1 1 4 2 5 9 1 10 1 77
7239 2 1 5 2 2 22
7240 10 9 6 10
7241 
7242 
7243 
7244 
7245 6 2 8 3
7246 
7247 
7248 2 1 5 2 1 22
7249 2 1 11 2 1 32
7250 1 1 1 7 5 9 1 12 1 77
7251 
7252 4 9 1 10 1 11 1 14 1 19 1 25
7253 
7254 
7255 
7256 4 9 1 10 1 24 1 53
7257 3 2 4 3
7258 
7259 2 1 2 2 2 19
7260 
7261 
7262 2 2 3 3 1 5 1 6
7263 1 1 1 3 1 22
7264 22 9 8 10
7265 4 1 3 2 2 3
7266 1 2 1 14 1 30 1 42
7267 4 9 1 10 1 24 1 71
7268 
7269 
7270 1 6 3 9 1 10 2 17 1 42
7271 4 9 1 10 1 53 1 109
7272 1 1 3 2 4 9 1 12 1 36
7273 5 1 1 2 1 4 2 9 2 10 1 33 2 57
7274 
7275 1 5 4 9 1 10 1 71
7276 2 1 2 2 1 3 1 38
7277 4 9 1 11 1 71
7278 4 9 1 11 1 71
7279 1 63 1 74 1 75
7280 
7281 2 1 3 2 2 6
7282 
7283 
7284 1 1 1 2 1 19 1 74 1 77
7285 4 75
7286 3 9 1 10 1 42 2 71
7287 
7288 
7289 1 29 1 76
7290 
7291 1 51 1 74 1 75
7292 
7293 
7294 10 3
7295 1 1 4 9 1 12 1 71
7296 4 9 1 10 1 24 1 71
7297 1 1 5 2 1 3 1 77
7298 3 1 3 2 3 3 1 4
7299 3 2 1 3 1 6 1 42
7300 4 2 2 25 2 100
7301 
7302 
7303 3 2 2 3 1 19
7304 1 20 1 38
7305 
7306 
7307 4 9 1 12 1 14 1 17 1 19
7308 2 2 4 9 2 10 1 14 1 24
7309 
7310 10 2 2 14 1 19
7311 3 1 1 45 1 46
7312 1 1 1 2 1 4 8 9 2 10 1 14 2 53 1 77
7313 
7314 
7315 2 1 1 2 2 25
7316 4 1 1 2 1 4 2 25
7317 8 2 3 3 1 4 1 6 5 9 1 10 1 14 1 35
7318 4 2 4 35
7319 
7320 
7321 1 9 4 11 1 17
7322 
7323 2 1 1 24 1 26
7324 
7325 
7326 1 1 14 2 1 41
7327 2 1 13 2 1 19
7328 4 9 1 10 1 36 1 63
7329 
7330 3 1 1 4 1 19 1 64
7331 
7332 8 1 4 84
7333 2 1 1 2 1 8 1 14
7334 3 1 2 2 1 3 1 22
7335 1 1 2 2 1 24
7336 
7337 3 75 2 76
7338 
7339 1 5 1 48
7340 9 9 6 10 1 11 2 12
7341 
7342 
7343 2 1 2 2 1 4 2 25 2 94
7344 
7345 
7346 4 9 2 10 1 24 1 64
7347 4 9 1 10 1 11 1 24
7348 
7349 1 2 1 14 1 38
7350 1 1 4 9 1 12 1 36
7351 1 1 2 2 4 9 2 10 1 64
7352 1 1 4 9 1 12 1 36
7353 2 1 8 2 1 22
7354 
7355 
7356 
7357 6 2 4 3
7358 8 9 3 10 1 13 2 21 1 38
7359 3 9 1 36 2 53
7360 3 9 1 36 2 53
7361 1 5 4 9 1 10 1 11
7362 1 1 4 9 1 12 1 57
7363 
7364 4 1 1 2 1 3 1 4 1 14
7365 1 1 4 9 1 12 1 53
7366 2 1 4 9 2 10 1 25
7367 1 1 1 2 5 9 1 10 1 32
7368 1 1 4 9 1 12 1 53
7369 4 9 1 10 1 24 1 53
7370 
7371 2 1 1 3 1 55
7372 1 1 5 2 4 9 1 10 1 17 1 77
7373 4 9 1 10 1 36 1 63
7374 3 9 1 36 2 53
7375 1 1 1 2 1 32 1 94
7376 
7377 
7378 2 1 1 2 2 7 1 25
7379 1 4 20 9 4 10
7380 20 9 2 10 2 13
7381 2 1 2 2 4 9 2 10 2 77
7382 2 1 4 2 2 3
7383 
7384 1 24 1 65
7385 8 9 1 10 1 12 2 36
7386 4 1 1 4 2 25
7387 
7388 1 5 1 74
7389 
7390 2 1 5 2 2 3
7391 5 9 1 10 1 19 1 64
7392 5 1 2 3 1 35
7393 
7394 
7395 1 1 9 9 3 10 1 77
7396 
7397 1 7 2 69
7398 1 63 1 74 2 75
7399 
7400 2 3 1 6 1 45 4 46 1 49
7401 1 4 10 9 2 10 1 14 1 42
7402 
7403 
7404 3 1 2 2 1 4 1 14
7405 
7406 1 2 1 4 1 27 2 44
7407 1 1 1 7 1 65
7408 8 9 1 10 1 13 1 51 2 53
7409 
7410 3 1 1 2 1 4 4 9 1 10 1 17
7411 
7412 1 2 2 42
7413 2 1 3 2 2 22
7414 6 9 4 10 1 114
7415 6 2 3 3 1 4 1 42
7416 1 9 2 10 1 17 1 39 2 63
7417 
7418 
7419 
7420 
7421 7 9 3 10 1 42
7422 1 1 2 2 1 7 1 14 1 77
7423 
7424 
7425 2 1 1 2 4 9 1 13 1 17
7426 7 9 2 10 1 11
7427 3 9 2 10 1 11 2 109
7428 8 9 4 10 2 21 2 66
7429 
7430 8 9 2 10 2 17
7431 
7432 4 9 1 10 1 11 1 64
7433 4 9 1 36 1 53
7434 4 9 1 11 1 71
7435 3 9 1 36 2 53
7436 2 1 1 2 1 3 1 29
7437 2 2 1 22
7438 6 1 2 4 3 9 2 10 1 17
7439 3 1 1 2 1 3 1 77
7440 4 9 1 10 1 18 1 36
7441 2 1 1 2 1 3 1 7 1 8 1 19
7442 
7443 
7444 
7445 
7446 
7447 
7448 
7449 
7450 
7451 
7452 
7453 
7454 
7455 20 9 4 10 1 81
7456 2 2 2 5 10 9 2 10 1 81
7457 
7458 3 1 1 65 1 81
7459 
7460 
7461 6 1 1 81 1 84
7462 8 1 1 81 2 84
7463 14 1 1 81 5 84
7464 2 1 1 79
7465 4 5 1 81
7466 4 2 4 5 1 81
7467 1 1 3 2 3 5 1 81
7468 2 1 2 2 2 5 1 81
7469 
7470 3 2 3 5 1 80
7471 2 1 1 5 5 9 1 10 1 81
7472 
7473 
7474 
7475 
7476 
7477 
7478 
7479 1 78 1 84
7480 10 1 1 81 3 84
7481 12 1 1 81 4 84
7482 
7483 6 1 2 81
7484 
7485 8 1 8 2 4 84
7486 
7487 1 1 15 9 3 10 1 25 1 81
7488 6 1 10 9 2 10 4 84
7489 
7490 
7491 
7492 
7493 3 1 5 9 1 10 1 25 1 81
7494 2 1 10 9 2 10 1 25 1 81
7495 
7496 6 1 1 2 1 25 2 84
7497 7 1 1 81 2 84
7498 
7499 2 1 10 9 2 10 2 25 1 81
7500 
7501 
7502 4 1 1 80 1 83
7503 4 1 8 9 4 10 2 81
7504 
7505 
7506 
7507 2 1 1 2 1 5 1 80
7508 
7509 12 1 6 81
7510 
7511 12 1 6 84
7512 16 1 1 81 6 84
7513 10 1 5 84
7514 6 1 3 84
7515 2 1 2 2 1 79
7516 7 1 5 9 1 10 1 81 2 84
7517 
7518 4 1 10 9 2 10 1 81 1 84
7519 
7520 
7521 
7522 
7523 
7524 
7525 3 1 3 2 1 80
7526 4 1 4 2 1 81
7527 
7528 5 9 1 10 1 78
7529 
7530 
7531 
7532 
7533 
7534 
7535 
7536 
7537 
7538 
7539 
7540 
7541 
7542 
7543 
7544 4 1 1 81
7545 
7546 
7547 3 1 1 2 1 5 1 81
7548 
7549 2 1 5 9 1 10 1 80
7550 
7551 
7552 1 1 10 9 2 10 1 80
7553 
7554 
7555 
7556 1 81
7557 3 1 5 9 1 10 3 25 1 81
7558 4 1 2 2 2 25 1 84
7559 8 1 9 2 4 3 3 25 1 84
7560 4 1 2 25 1 81
7561 
7562 2 1 20 9 4 10 1 81 1 84
7563 
7564 
7565 
7566 1 1 1 78
7567 3 1 1 80
7568 
7569 6 1 6 2 1 81 1 84
7570 
7571 4 1 12 2 1 81
7572 
7573 
7574 
7575 
7576 
7577 
7578 
7579 
7580 
7581 
7582 
7583 
7584 10 1 1 81 3 84
7585 1 1 3 5 1 81
7586 1 2 1 5 15 9 3 10 1 81
7587 3 1 2 2 1 3 1 81
7588 
7589 
7590 
7591 
7592 
7593 
7594 3 1 5 9 1 10 2 25 1 81
7595 
7596 
7597 5 9 1 10 1 60
7598 3 1 8 9 1 10 2 12 1 13
7599 1 2 1 6 1 103
7600 13 2 1 22
7601 1 2 1 25 2 44
7602 5 9 1 10 1 109
7603 2 1 1 2 1 39
7604 3 1 3 2 1 25 1 26
7605 
7606 
7607 4 2 2 24 2 25
7608 3 2 2 20
7609 1 62
7610 1 74 5 75 1 76
7611 1 2 1 5 1 14
7612 1 1 10 2 1 3 2 14
7613 2 1 1 2 2 3 1 19
7614 
7615 
7616 1 1 1 2 1 3 1 14 1 65
7617 2 1 4 2 1 4
7618 
7619 10 9 1 10 1 13 1 14
7620 4 1 7 2 6 3 2 4 1 19 1 22
7621 2 1 7 2 4 3 2 4 1 8 1 14 1 19
7622 2 1 1 3 1 104
7623 1 1 1 6 4 9 2 10 1 24
7624 2 2 4 3 6 14
7625 1 14
7626 1 14 1 31
7627 
7628 2 1 1 5 1 35 1 66
7629 2 1 5 2 4 3 2 4 1 6 1 8 1 18 1 19
7630 
7631 
7632 1 74 2 75 1 76
7633 3 2 8 9 6 10
7634 
7635 2 1 14 2 1 3 1 42
7636 1 1 3 2 9 9 3 10
7637 1 1 1 95 1 96
7638 2 1 12 2 1 3 1 42
7639 
7640 4 9 1 10 1 31 1 53 1 77
7641 2 65 2 66
7642 2 1 6 2 1 3 1 42
7643 1 1 5 2 3 3 1 4 3 9 2 10 1 17 1 19
7644 2 1 8 2 8 9 4 10 1 25 1 77
7645 6 6 1 70
7646 2 9 2 17 2 53
7647 
7648 3 1 7 2 1 25 1 26
7649 2 3 2 14 2 42
7650 4 11 2 57
7651 1 1 10 2 3 25 1 100
7652 
7653 2 1 1 2 1 3 1 30 1 42
7654 3 2 3 3 1 4 1 6 2 9 4 10 1 14 1 24 1 26 1 34
7655 2 1 3 2 1 3 1 7 1 8
7656 1 1 1 2 1 30 1 42
7657 
7658 
7659 
7660 
7661 
7662 
7663 
7664 
7665 2 78
7666 
7667 
7668 3 5 1 80
7669 3 2 3 5 5 9 1 10 1 81
7670 2 2 2 79
7671 
7672 
7673 6 1 10 9 2 10 1 81 2 84
7674 
7675 
7676 2 1 6 2 1 3 1 42
7677 2 1 7 2 1 3 1 20
7678 2 1 3 2 1 3 1 42
7679 2 2 1 3 1 6 1 14
7680 1 76 1 89
7681 1 51 1 89
7682 1 1 1 3 1 14 1 74
7683 1 24 1 74 1 75 1 76
7684 
7685 2 1 11 2 5 9 1 13
7686 2 1 4 2 1 3 1 14 1 77
7687 2 1 17 2 1 3 1 14
7688 2 1 6 2 1 3 1 18
7689 2 1 1 3 1 14 1 77
7690 2 1 4 2 1 3 1 18
7691 3 1 8 9 3 10 1 13
7692 1 1 4 2 1 14 1 101
7693 2 1 3 2 1 3 1 14 1 101
7694 1 1 1 2 1 44 1 45 1 77
7695 5 1 2 2 2 4 1 14
7696 2 1 1 2 1 4 5 9 1 12 1 14
7698 3 1 3 2 1 3 1 8 1 20
7699 1 1 2 2 1 22 1 110
7700 1 1 1 110
7701 1 1 1 110
7702 2 1 2 3 2 14
7703 
7704 2 1 4 2 1 3 1 14
7705 
7706 6 45
7707 3 2 4 9 2 10 1 30
7708 3 1 1 2 1 4 1 64 1 77
7709 1 44 1 51
7710 
7711 1 14 1 18
7712 
7713 
7714 2 1 2 2 1 111
7715 
7716 3 9 1 17 2 57
7717 
7718 1 1 2 2 1 18 1 103
7719 
7720 
7721 1 1 1 30 1 42 1 96
7722 6 9 2 10 2 17
7723 3 9 1 13 1 14 2 17 1 29
7724 2 2 1 14 1 30 1 42
7725 2 1 1 2 1 3 1 30 1 42
7726 2 2 1 30 1 42 1 102
7727 3 2 1 33 1 42
7728 2 1 1 2 1 3 1 30 1 42 1 96
7729 
7730 
7731 1 3 2 14 1 19 1 42
7732 
7733 3 1 1 25 1 26
7734 
7735 2 1 13 2 2 4
7736 3 1 12 2 1 3 2 4
7737 1 1 4 2 2 3 1 14
7738 3 2 2 32
7739 1 1 3 2 1 4 8 9 4 10 1 14 1 77
7740 
7741 3 1 3 9 3 10 3 77
7742 
7743 1 1 13 2 1 20
7744 4 2 2 25 2 29
7745 2 1 1 2 1 3 1 5 1 77
7746 9 1 3 2 1 3 3 4
7747 1 1 11 2 5 9 1 10 1 19
7748 1 24 1 48
7749 2 1 1 3 1 4 8 9 2 10 1 14 2 53 1 77
7750 
7751 
7752 
7753 5 2 1 3 1 35
7754 
7755 
7756 8 9 3 10 1 12 2 109
7757 6 1 2 4 2 9 2 10 2 17
7758 2 3 1 45 4 46 1 49 1 111
7759 2 2 1 3 3 21
7760 
7761 
7762 4 1 12 2 2 3 2 22
7763 4 1 2 3 1 34
7764 
7765 
7766 
7767 4 9 1 10 1 53 1 109
7768 
7769 
7770 2 1 3 2 1 29 1 35
7771 4 9 1 10 1 11 1 24
7772 4 1 2 3 1 118
7773 2 1 1 2 1 6 1 77
7774 3 1 1 3 2 25
7775 4 2 2 14 1 34
7776 4 1 7 2 2 3 2 22
7777 
7778 2 96
7779 1 1 1 2 1 110
7780 
7781 2 2 1 34
7782 
7783 
7784 2 9 1 10 3 11 1 42
7785 3 9 1 12 1 14 2 17 1 19
7786 1 1 2 2 1 3 2 14
7787 1 6 1 114
7788 4 9 1 36 1 53
7789 3 9 3 53
7790 3 9 3 17
7791 
7792 
7793 
7794 
7795 4 2 1 32
7796 2 1 15 2 1 6 1 22
7797 3 2 2 24 1 25
7798 
7799 1 1 4 2 1 21 1 25
7800 2 9 1 11 1 17 2 53
7801 2 1 6 2 2 103
7802 1 1 6 2 1 25 1 100
7803 2 1 7 2 3 25
7804 1 2 1 14 1 51
7805 2 75
7806 1 9 4 53 1 57
7807 4 1 10 2 2 3 4 9 2 10 2 77
7808 4 2 4 9 2 10 2 24 2 77
7809 2 1 8 2 4 9 2 10 2 25 2 77
7810 9 9 2 10 1 17 1 77
7811 
7812 1 2 2 3 2 6
7813 4 9 2 10 2 42
7814 
7815 2 1 2 2 1 3 1 14
7816 3 2 1 32
7817 1 1 5 2 1 21 2 25
7818 1 2 2 34 2 35 2 98
7819 2 9 1 10 1 42 3 57
7820 
7821 
7822 
7823 
7824 
7825 8 1 6 2 2 3 2 4 4 9 2 10 2 77
7826 4 1 2 4 2 14 1 66
7827 4 2 1 27
7828 
7829 
7830 
7831 
7832 
7833 1 2 1 19 1 33 1 42
7834 4 1 4 2 2 35
7835 1 2 1 32
7836 1 1 4 9 1 10 1 12 1 24
7837 
7838 15 9 1 10 1 12 1 13
7839 2 1 4 2 1 66
7840 8 9 2 10 2 57
7841 3 1 7 9 3 10 1 26 1 99
7842 16 9 6 10 2 13
7843 
7844 
7845 1 1 6 2 3 25 1 100
7846 
7847 
7848 2 1 1 2 1 4 5 9 1 10 1 14
7849 2 1 7 2 1 3 1 14
7850 2 45
7851 1 1 2 2 1 6 1 42
7852 1 1 1 2 1 3 2 14 1 77
7853 1 49 1 74 1 90
7854 1 2 2 102
7855 
7856 6 1 2 4 8 9 4 10
7857 16 9 4 10 4 13
7858 4 1 2 2 2 81
7859 
7860 1 2 5 9 1 12 1 65
7861 5 27
7862 2 1 8 2 1 3 1 14
7863 2 9 1 10 3 11 1 18
7864 
7866 1 2 1 6 1 103
7867 
7868 1 1 1 87
7869 
7870 2 1 3 2 2 22
7871 6 2
7872 
7873 6 2 6 27
7874 1 5 5 9 1 10 1 25
7875 
7876 
7877 2 1 4 2 1 32 1 96
7878 14 2 4 3
7879 2 1 1 3 1 4 8 9 4 10 1 14 2 64 1 77
7880 5 1 1 26 1 81
7881 1 1 1 2 1 3 1 7
7882 4 1 2 4 10 9 2 10
7883 
7884 3 1 1 4 1 44 1 77
7885 
7886 
7887 
7888 2 9 2 10 1 17 1 20 1 24 1 53
7889 
7890 2 1 5 2 4 3 1 4
7891 14 9 12 10
7892 
7893 
7894 2 1 9 9 2 10 1 13
7895 
7896 8 9 5 10 1 12
7897 1 5 4 9 2 10 1 64
7898 1 5 4 9 2 10 1 64
7899 
7900 8 9 2 10 2 53
7901 
7902 
7903 1 1 1 3 5 9 1 12 1 64
7904 
7905 1 1 2 2 1 3 2 14
7906 2 6 10 9 2 10 1 70
7907 
7908 
7909 1 10 5 11 1 42
7910 
7911 2 7 5 9 1 10
7912 
7913 
7914 1 5 9 9 3 10
7915 9 9 5 10 1 24
7916 2 1 17 2 1 25
7917 14 2 4 3
7918 
7919 
7920 
7921 
7922 11 9 6 10 1 11
7923 1 1 6 2 1 5 1 77
7924 1 1 7 2 1 5 1 77
7925 
7926 3 2 1 73
7927 
7928 5 2 3 25 2 100
7929 
7930 
7931 
7932 6 2 6 3 2 14
7933 
7934 
7935 
7936 4 1 2 4 4 9 2 10 2 109
7937 4 1 2 4 4 9 2 10 2 109
7938 1 1 2 2 3 9 2 10 1 17 1 24
7939 5 2 2 3
7940 
7941 
7942 4 2 2 3
7943 3 2 1 111
7944 5 2 2 3
7945 
7946 
7947 2 1 1 2 1 9 2 10 1 35 1 36 2 57 1 74
7948 4 27
7949 4 1 2 4 4 9 2 10 2 14
7950 
7951 
7952 1 1 5 9 1 12 1 30
7953 1 3 2 14 1 51
7954 1 70 5 74 1 75 1 76
7955 
7956 
7957 4 2 4 9 2 10 1 35 1 42 2 44
7958 
7959 
7960 8 9 3 10 1 13 2 24 1 51
7961 1 1 1 30 1 42 2 96
7962 2 1 16 2 2 96
7963 1 4 12 9 3 10 3 11 1 14
7964 
7965 
7966 1 1 3 9 2 11 1 13 1 14
7967 5 1 1 2 1 4 1 26
7968 5 2 5 27
7969 
7970 2 74 4 75 2 76
7971 
7972 
7973 1 4 8 9 2 10 1 49 2 53
7974 1 2 1 24 1 48
7975 1 1 4 2 1 6 5 9 1 10 1 77
7976 2 1 2 2 2 3 1 114
7977 2 2 2 77
7978 
7979 2 64 1 75 1 76
7980 1 64 1 75 1 89
7981 1 64 1 74 1 75
7982 
7983 
7984 1 75 1 76
7985 
7986 
7987 2 1 1 4 1 103
7988 1 1 3 2 4 9 2 10 1 18
7989 
7990 
7991 5 9 2 10 5 53
7992 3 1 3 2 1 33
7993 
7994 1 5 4 9 1 10 1 71
7995 3 1 1 4 4 9 1 10 1 53
7996 
7997 2 1 6 2 1 3 1 21
7998 1 1 2 2 2 7
7999 1 1 3 2 4 9 2 10 1 64
8000 1 1 12 2 3 3
8001 1 2 1 64 1 74
8002 10 2 1 70
8003 
8004 5 1 1 3 2 26
8005 2 2 2 55
8006 1 4 2 64 1 75
8007 
8008 2 74 1 76
8009 2 1 4 2 2 25
8010 
8011 1 1 6 2 1 33
8012 
8013 
8014 3 1 2 2 1 3 1 70
8015 8 9 1 10 2 11 1 12
8016 2 1 1 8 1 20
8017 1 1 1 3 2 27
8018 7 1 2 4 2 9 3 10 1 17
8019 3 1 3 2 2 3 1 8
8020 
8021 
8022 14 2 2 42
8023 
8024 
8025 1 7 10 9 2 10
8026 
8027 2 2 2 14 1 30
8028 
8029 
8030 1 1 4 9 1 11 1 13 1 14
8031 
8032 
8033 
8034 
8035 
8036 5 2 1 22
8037 3 1 2 2 1 3 1 19
8038 1 3 3 102
8039 3 2 1 22
8040 
8041 2 1 23 2 1 19
8042 
8043 4 3 8 9 4 10 1 114
8044 3 1 15 9 3 10 3 84
8045 3 1 13 2 1 3 1 22
8046 
8047 2 1
8048 
8049 
8050 
8051 4 2 2 3 2 14
8052 
8053 
8054 8 3 1 6
8055 1 1 1 7 1 44
8056 
8057 2 1 4 9 1 10 1 13 1 42
8058 
8059 4 2 2 3
8060 2 2 1 30 1 42 1 94
8061 2 2 1 30 2 42
8062 2 30 2 42 2 103
8063 6 2 1 22
8064 
8065 
8066 
8067 10 9 6 10 2 11
8068 
8069 1 1 1 7 5 9 1 10 1 25
8070 4 9 2 10 1 18 1 24
8071 8 9 3 10 1 12 2 109
8072 
8073 
8074 4 9 2 12 2 14
8075 3 1 4 2 1 3
8076 2 1 4 2 2 3
8077 2 1 4 2 2 3
8078 
8079 2 1 2 2 1 65 1 99 1 103
8080 
8081 2 1 3 2 4 9 1 10 1 35 1 36 1 77
8082 
8083 
8084 8 9 4 10 2 11
8085 
8086 
8087 3 9 2 10 1 36 2 64
8088 3 9 1 11 2 57
8089 
8090 6 1 2 4 2 66
8091 
8092 3 1 1 4 1 102
8093 
8094 
8095 2 1 1 4 5 9 1 10 1 14
8096 
8097 
8098 
8099 
8100 
8101 
8102 
8103 1 44 1 65
8104 2 2 1 14 1 63
8105 2 1 1 4 2 65
8106 1 1 5 9 1 12 1 103
8107 
8108 2 1 3 2 1 3 1 14
8109 1 2 1 24 1 44
8110 1 1 3 2 1 22 1 42
8111 1 1 4 2 1 94
8112 3 2 2 21
8113 
8114 1 19 2 24
8115 2 1 2 2 2 25
8116 2 1 9 2 1 103
8117 1 1 19 2 1 14
8118 
8119 5 2 1 25 2 44
8120 3 9 3 10 3 24
8121 9 9 2 10 1 11
8122 9 9 2 10 1 11
8123 1 1 1 2 4 9 1 12 1 17
8124 
8125 
8126 4 2 2 27
8127 
8128 2 64 1 74 1 75 1 76
8129 3 9 1 10 1 11 1 17 1 64
8130 6 2 1 8 1 27 1 35
8131 5 2 1 96
8132 
8133 2 51
8134 4 24 1 81
8135 
8136 1 1 3 2 2 3 1 8
8137 2 1 5 2 2 3
8138 4 9 1 10 1 13 2 27 1 31 1 77
8139 7 9 2 10 3 53
8140 2 2 4 9 2 10 1 14 1 24
8141 
8142 
8143 2 2 1 34 1 98
8144 
8145 8 9 1 10 1 13 1 48 2 53
8146 1 1 4 9 1 12 1 57
8147 
8148 1 1 1 65
8149 3 1 1 5 1 81
8150 3 1 1 4 1 94
8151 1 54
8152 
8153 1 9 3 10 1 17 1 20 2 24 1 53
8154 1 1 7 2 1 65
8155 4 9 1 10 1 24 1 53
8156 3 1 3 2 3 3
8157 
8158 6 2 3 3 1 76
8159 6 2 3 3 1 4 1 14
8160 1 4 12 9 4 10 2 17 1 77
8161 2 1 5 9 1 13 2 25
8162 2 1 6 2 1 22
8163 
8164 
8165 
8166 
8167 
8168 
8169 
8170 
8171 
8172 
8173 
8174 1 2 1 34 1 98
8175 1 44 1 87
8176 1 15
8177 1 1 1 7 1 18
8178 2 1 11 2 1 19
8179 2 44 1 66
8180 
8181 
8182 2 3 6 6
8183 2 1 6 9 4 10 2 77
8184 14 9 4 10
8185 2 1 6 2 4 9 2 10 2 77
8186 
8187 
8188 
8189 1 50
8190 7 9 2 10 1 57
8191 
8192 16 2 2 42
8193 
8194 
8195 2 46 2 49
8196 4 9 1 11 1 12 1 14
8197 3 9 2 10 1 17 2 24
8198 6 9 2 10 1 77
8199 
8200 
8201 1 3 1 14 2 74
8202 2 1 1 2 1 3 1 7 1 14 1 77
8203 
8204 
8205 
8206 10 9 2 10
8207 3 1 1 2 1 4 1 21
8208 2 1 1 7 1 25
8209 
8210 1 1 1 25 1 110
8211 4 2 2 3 1 6
8212 
8213 2 1 5 9 1 10 1 46
8214 6 2 3 3 1 46
8215 1 1 4 9 1 10 1 12 1 18
8216 5 9 1 10 1 34 1 95
8217 7 9 3 10 1 18
8218 10 2 1 22
8219 1 1 4 9 1 10 1 17 1 25
8220 1 1 3 2 3 9 1 10 1 25 2 53 1 77
8221 2 2 3 9 1 10 1 25 1 42 2 53
8222 
8223 8 9 2 11 2 12
8224 10 9 1 10 1 13 1 95
8225 1 5 3 9 1 10 1 12 1 17 1 24
8226 3 1 3 2 1 3 1 4 1 8 1 14
8227 
8229 2 1 2 2 1 3 1 33
8230 1 2 1 3 1 14 1 44 1 64
8231 
8232 
8233 2 2 1 14 1 26 1 77
8234 1 5 1 6 1 21
8235 
8236 
8237 
8238 
8239 
8240 1 1 3 2 1 6 5 9 1 10 1 77
8241 1 6 2 64
8242 1 1 1 6 1 64
8243 1 1 5 2 1 6 1 35
8244 1 1 2 2 1 26 1 77
8245 1 6 7 9 2 10 3 17
8246 1 1 3 2 1 3 1 14 1 42
8247 1 1 2 2 1 30 1 42
8248 4 3 3 14 1 42 1 77
8249 
8250 
8251 2 1 3 2 2 3 1 4 1 7
8252 2 1 5 2 1 3 1 14
8253 1 2 4 3 4 14 1 77
8254 1 1 8 2 5 6 1 42
8255 5 1 11 2 7 3 2 4 1 8 1 24
8256 
8257 
8258 
8259 
8260 
8261 
8262 1 16
8263 2 1 1 2 1 3 1 14
8264 1 1 5 9 1 13 1 14
8265 
8267 2 2 1 3 1 18 1 35 1 94
8268 5 9 1 13 1 14 1 42
8269 
8270 1 74 4 75 1 76
8271 
8272 1 1 1 2 1 14
8274 
8275 
8276 3 2 1 5 1 19 1 35
8277 1 1 3 2 1 3 2 14
8278 
8279 
8280 
8281 1 1 3 2 2 3 1 14
8282 2 10 1 17 2 24 3 53
8283 2 1 1 3 1 14 1 77
8284 3 2 2 3 1 111
8285 8 75
8286 1 74 7 75
8287 6 1 2 4 1 6 2 8 3 9 1 10 2 13 1 14
8288 1 1 10 9 1 10 1 13 1 32
8289 1 1 1 2 1 74 1 75
8290 
8291 
8292 
8293 
8294 1 3 1 4 2 14 3 64
8295 
8296 2 1 7 2 3 3 3 4 1 8 1 18 1 19 1 22 1 104
8297 2 1 8 2 4 3 2 4 1 8 1 14 1 19
8299 2 1 2 2 1 3 1 64
8300 
8301 
8302 
8303 
8304 5 1 12 2 6 3 2 4 1 8
8305 1 1 3 2 1 3 1 7
8306 
8307 1 1 2 2 1 22 1 110
8308 1 1 8 2 6 6 1 42
8309 
8310 6 2 3 6
8311 1 1 3 9 1 12 2 17 1 30 1 77
8312 7 2 2 41
8313 
8314 5 9 1 12 1 18 1 33 1 94
8315 7 75 2 76
8316 7 75 2 76
8317 4 1 6 2 8 3 1 6 1 8 1 14 2 77
8318 1 14 1 18
8319 
8320 1 2 7 9 2 10 1 13 1 19 2 53
8322 
8323 
8324 
8325 1 1 3 9 1 13 1 14 2 17 1 30
8326 2 1 8 2 6 6 1 22
8327 1 2 1 18 1 33 2 94
8328 
8329 1 2 4 3 4 14 1 77
8330 2 1 8 2 4 3 1 4 3 9 2 10 1 17 1 22
8331 
8333 4 2 2 109
8334 8 1 1 2 1 25 3 84
8335 1 40
8336 1 115
8337 
8338 
8339 
8340 4 1 8 2 1 4 4 22
8341 1 1 4 2 1 25 1 100
8342 
8343 1 1 2 2 1 3 2 14
8344 5 1 11 2 7 3 2 4 1 8 1 14
8346 
8347 
8348 4 1 5 2 1 4 1 14 3 25 1 26
8349 1 2 1 14 1 30 1 42
8350 
8351 3 1 1 2 1 3 1 4 2 14
8352 3 11 3 53
8353 
8354 
8355 
8356 1 1 1 2 1 14
8357 
8358 2 1 1 2 1 3 1 14
8359 
8360 5 2 2 14 1 25
8361 16 9 6 10 2 71
8362 
8363 3 9 3 57
8364 
8365 
8366 4 2 1 111
8367 
8369 
8370 
8371 1 1 3 2 1 41
8372 1 28
8373 1 1 9 2 4 25 1 100
8374 3 1 1 24 2 26
8375 1 28
8376 6 1 4 2 3 84
8377 
8378 
8379 
8380 
8381 
8382 2 5 1 48 1 99
8383 2 1 9 2 5 6 1 77
8384 
8385 1 54
8386 1 5 1 6 1 65
8387 10 2 1 6
8388 1 1 1 6 5 9 1 12
8389 4 2 2 6
8390 1 1 2 2 1 6 1 64
8391 1 1 1 2 1 5 1 6
8392 2 1 2 2 2 26
8393 4 2 2 30
8394 2 1 2 2 2 3
8395 2 1 2 2 2 3
8396 6 2 2 3 1 8 1 24
8397 2 1 2 2 2 26
8398 2 1 1 2 2 26
8399 2 1 1 2 2 26
8400 2 1 8 2 5 3 2 4 1 18 1 19
8401 4 2 2 3 2 64
8402 4 2 2 30
8403 2 1 4 2 3 3 1 14
8404 8 2 2 3
8405 6 2 2 3
8406 2 1 2 3 1 114
8407 2 1 1 2 2 45
8408 2 2 1 3 1 14 1 35 1 42
8409 
8410 1 1 5 2 2 3 1 14
8411 2 1 2 2 2 3
8412 3 1 2 2 2 3 1 4 1 14
8413 3 1 2 2 2 3 1 4 1 14
8415 2 1 4 2 3 3 1 14
8416 2 1 1 8 1 44
8417 4 1 1 2 1 4 2 26
8418 4 1 1 2 1 4 2 26
8419 6 1 3 9 3 13
8420 6 9 2 10 2 13 2 14
8421 2 1 2 2 1 45
8422 
8423 1 2 4 3 5 14 1 20
8424 2 1 11 2 1 3 1 42
8426 2 1 1 2 1 3 5 9 1 12
8428 2 1 1 4 5 9 1 12 1 14
8429 
8430 
8431 
8432 2 1 1 8 1 24 1 77
8433 3 1 3 2 1 3
8435 
8436 3 1 3 2 3 3 1 4
8437 2 1 2 2 2 3 1 19
8439 2 1 6 2 2 3
8440 3 1 3 2 4 3 1 21
8441 2 1 5 2 2 3
8442 1 2 1 3 5 9 1 13 1 42
8443 1 1 2 2 1 3 5 9 1 13 1 77
8444 7 2 1 6
8445 
8446 4 1 3 2 2 3 1 4 1 77
8447 4 1 3 2 2 3 1 4 1 77
8448 2 1 2 2 2 26
8449 4 1 1 3 1 8 1 25
8450 2 1 2 2 2 3
8451 4 1 4 2 1 3 2 4 1 14
8452 10 2 4 3
8453 2 1 1 2 2 3 2 64
8454 2 1 2 2 2 3 2 14
8455 2 1 5 2 2 3 2 27
8456 2 1 5 2 2 3 2 27
8457 10 2 1 8 1 24
8458 6 2 2 3 2 14
8459 8 2 1 3 1 4 1 42
8460 1 1 8 2 1 3 1 4
8461 3 1 1 4 1 30 1 42
8462 4 3 4 14 1 26 1 76
8463 
8464 
8465 7 2 2 3
8466 1 1 3 2 1 51
8467 7 9 2 10 3 11
8468 1 74 1 76
8469 4 1 1 3 1 4 1 18
8470 2 1 1 8 1 24 1 77
8471 2 1 1 2 2 3 1 6
8472 2 2 1 3 1 60
8473 3 1 4 2 1 3
8475 2 1 2 3 2 32
8476 1 2 1 103
8477 3 1 2 3 1 4 1 102 2 103
8478 3 1 2 3 1 4 1 102 2 103
8479 2 1 2 2 2 3 1 19
8480 2 1 2 2 2 3 2 77
8481 13 2 1 6 1 19
8482 8 2 1 8 1 24
8483 9 2 1 8 1 24
8484 11 2 1 8 1 24
8485 13 2 1 8 1 24
8486 3 1 1 24 1 70 1 77
8487 1 2 3 3 4 14 1 20 1 76
8488 2 1 5 2 1 3 1 14
8489 3 1 4 2 2 3 1 4 1 42
8490 1 1 6 2 1 3 1 6
8491 2 1 7 2 2 3 1 6
8492 4 1 4 2 3 3 1 8
8493 4 1 3 2 2 3 1 6 2 8
8494 1 1 7 2 1 3 1 7
8495 1 1 6 2 1 3 1 4
8496 2 1 5 2 2 3 1 7
8497 3 1 7 2 2 3 1 4 3 9 3 10
8498 3 1 2 2 2 3 1 8
8499 1 6 14 9 6 10
8500 2 1 1 2 1 8 1 44 1 77
8501 2 6 10 9 2 10
8502 
8503 
8504 
8505 
8506 
8507 
8508 
8509 3 1 3 2 2 3 1 5
8510 4 1 5 2 2 3 1 4
8511 4 1 5 2 2 3 1 4
8512 4 1 6 2 2 3 1 4
8513 4 1 6 2 2 3 1 4
8514 5 1 2 2 1 3 2 8
8515 1 6 14 9 6 10
8516 1 1 15 2 1 6 1 64
8517 2 1 6 2 1 3 1 14
8518 1 6 1 19 2 24
8519 2 1 1 6 1 25 1 77
8520 1 6 1 19 2 24
8521 2 1 7 2 2 3
8522 
8523 2 1 6 2 2 3
8524 2 1 6 2 2 3
8525 5 1 2 2 1 3 2 4 1 8 1 14
8526 2 1 2 3 2 27
8527 3 1 2 2 1 3 1 77
8528 
8529 5 1 2 2 1 3 1 70
8530 1 1 4 2 1 6 1 42
8531 
8532 2 1 2 2 1 8 1 69
8533 3 1 2 3 1 26 1 27
8534 3 1 3 2 1 3 2 26
8535 4 1 3 2 1 4 2 26
8536 1 1 4 2 2 26 1 74
8537 3 1 3 2 1 4 2 26 1 65
8538 2 1 3 2 1 26 1 104
8539 4 1 3 2 1 4 1 26 1 104
8540 2 1 2 2 2 3 2 25
8541 2 1 4 2 1 25 2 26
8542 2 1 2 2 1 3 1 18
8543 2 1 2 3 2 21
8544 1 1 4 2 1 6 1 42
8545 3 1 1 4 1 6 1 44
8546 3 1 1 4 1 6 1 44
8547 4 1 1 2 1 3 1 8
8548 1 1 5 2 2 3 1 14
8549 12 9 7 10 1 12
8550 2 1 2 2 2 3 1 6 1 7
8551 
8552 3 1 3 2 1 3 1 22
8553 2 1 1 2 1 6 1 7
8554 4 1 1 3 1 4 1 26 1 27
8555 1 1 1 8 10 9 1 10 1 12
8556 2 1 3 2 2 3 1 19
8557 2 1 1 2 2 3 2 14
8558 3 1 2 2 2 3 1 8
8559 3 1 1 8 1 25
8560 3 1 1 8 1 25
8561 2 1 1 6 1 25 1 77
8562 3 1 3 3 2 27
8563 3 1 3 3 2 27
8564 
8565 
8566 1 1 3 2 3 3 2 64
8567 4 1 1 2 1 4 2 26
8568 4 1 1 2 1 4 2 26
8569 2 1 1 2 4 9 1 10 1 13 2 26 1 64
8570 2 1 2 6 4 9 2 10
8571 7 1 1 2 2 4 1 8
8572 2 1 2 2 2 3 1 19
8573 2 1 2 2 2 3 1 19
8574 1 1 14 2 1 6 1 42
8575 4 1 2 3 1 4 2 27
8576 4 1 2 3 1 4 2 27
8577 4 1 2 2 1 3 1 4 1 26 1 27
8578 14 9
8579 2 1 3 3 1 24 2 27
8580 2 1 1 2 3 3 1 14 2 27
8581 3 1 3 3 3 25
8582 2 1 8 2 2 4
8583 3 1 3 3 2 27
8584 4 1 2 2 1 3 1 4 1 26 1 27
8585 2 1 2 2 1 3 1 64
8586 2 1 6 2 2 3
8587 1 1 4 2 2 7
8588 3 2 2 3 2 6
8589 3 1 2 2 2 3 1 8
8590 2 69 2 76
8591 2 1 1 3 1 6 1 24
8592 1 1 5 2 2 3 1 14
8593 2 1 3 2 2 4 2 14
8594 4 1 4 2 2 3 1 4
8595 4 1 2 3 1 4 2 27
8596 4 1 2 3 1 4 2 27
8597 6 1 2 3 2 4 2 27
8598 1 1 1 8 1 24 1 69
8599 4 1 2 3 1 4 2 27
8600 5 1 3 3 1 4 2 27
8601 5 1 3 3 1 4 2 27
8602 3 1 3 3 2 27
8603 4 1 2 3 1 4 2 27
8604 
8605 2 1 3 3 1 24 2 27
8606 2 1 1 2 1 8 1 22 1 69
8607 2 1 1 2 1 8 1 44 1 77
8608 2 1 1 2 1 3 1 29
8609 3 1 3 2 1 8
8610 2 1 3 2 2 6
8611 1 1 2 2 1 6 1 44
8612 1 1 2 2 1 6 1 44
8613 1 1 2 2 1 3 1 6
8614 1 1 4 2 1 6 1 64
8615 4 1 4 2 2 3 1 4
8616 
8617 
8618 
8619 
8620 
8621 2 1 2 2 2 3 2 27
8622 2 1 2 2 2 3 2 27
8623 3 1 2 2 1 4 1 26 1 27
8624 3 1 2 2 1 4 1 26 1 27
8625 1 1 5 2 2 3 1 14
8626 2 1 1 2 1 3 1 5
8627 4 1 1 2 2 3 1 4 2 27
8628 5 1 3 3 1 4 2 27
8629 3 1 2 3 1 4 5 9 1 10 2 27
8630 4 1 1 2 2 3 1 4 2 27
8631 3 1 2 3 1 4 5 9 1 10 2 27
8632 6 1 3 2 3 4
8633 2 1 2 2 1 8 1 69
8634 4 1 3 2 1 3 1 8
8635 6 1 4 2 2 3 2 4
8636 4 1 2 2 2 3
8637 3 1 8 2 1 3
8638 5 1 1 4 1 8 1 25
8639 5 1 1 4 1 8 1 25
8640 2 1 1 2 1 8 1 64
8641 2 1 1 8 1 25 1 69
8642 2 1 1 24 1 69 1 70
8643 2 1 1 4 1 25 1 76
8644 2 1 1 8 1 25 1 69
8645 
8646 2 1 5 2 2 3
8647 1 1 1 2 1 6 1 44
8648 1 1 3 5 2 9 1 10 3 12 1 32
8649 4 1 1 2 1 4 1 6
8650 2 1 9 2 2 3 4 9 2 10
8651 1 1 1 5 1 8 1 24
8652 1 1 1 5 1 8 1 24
8653 2 1 4 2 2 3
8654 2 1 1 2 1 3 2 8 1 24
8655 3 1 2 2 1 4 1 24 2 26
8656 3 1 2 2 1 4 1 24 2 26
8657 2 1 14 2 1 6
8658 2 1 14 2 1 6
8659 2 1 14 2 1 6
8660 2 1 14 2 1 6
8661 2 1 14 2 1 6
8662 2 1 14 2 1 6
8663 2 1 14 2 1 6
8664 1 1 1 2 1 7 1 8 2 24
8665 1 1 1 2 1 7 1 8 2 24
8666 2 1 2 8 2 24
8667 2 1 2 8 2 24
8668 5 1 12 2 6 3 2 4 1 8
8669 3 1 1 2 3 3 1 6
8670 1 1 2 2 1 6 1 64
8671 8 9 2 12 2 13
8672 4 1 1 2 2 3
8673 
8674 2 1 1 2 1 8 1 69
8675 2 1 1 2 1 8 1 69
8676 2 1 16 2 1 6 1 77
8677 1 1 1 2 1 3 2 6
8678 5 1 1 2 5 3
8679 5 1 1 2 5 3
8680 1 1 3 2 1 3 1 6 2 14
8681 3 2 1 3 1 6 5 9 1 10 1 66
8682 2 1 7 2 1 3 1 14
8683 3 1 2 2 2 3 1 8
8684 4 1 1 4 1 7 2 8
8685 3 1 4 2 2 3 1 14
8686 1 1 3 2 1 3 1 24 1 26
8687 2 1 7 2 2 3
8690 3 1 6 2 2 3 5 9 1 12
8691 3 1 4 2 1 4 1 5 1 6
8692 2 1 3 2 1 3 1 21
8693 2 1 3 2 2 3
8694 2 1 3 2 2 3
8695 2 1 4 2 2 3
8696 2 1 4 2 2 3
8697 5 1 11 2 7 3 2 4 1 6
8698 2 1 15 2 1 22
8699 2 1 16 2 1 22
8700 4 1 1 3 1 4 5 9 1 10 1 77
8701 3 1 4 2 1 4 1 8
8702 3 1 1 2 2 3 1 8
8703 3 1 1 2 2 3 1 8
8704 2 1 2 2 2 3 1 6 1 7
8705 2 1 2 2 2 3 1 6 1 7
8706 1 1 4 2 1 3 2 64
8707 1 1 4 2 1 3 2 64
8708 1 1 3 2 1 3 1 6
8709 1 1 3 2 1 3 1 6
8710 6 2 1 6 2 42
8711 4 1 6 2 1 8 3 9 3 10
8712 2 1 1 4 1 8 1 14 2 69
8713 2 1 1 4 1 8 1 14 2 69
8714 2 1 19 2 1 6 1 22
8715 2 1 1 2 1 4 1 6 2 14
8716 2 1 3 2 1 4 1 6 2 14
8717 8 2 2 3
8718 2 1 8 2 2 3 1 4
8719 2 1 8 2 2 3 1 4
8720 1 1 1 8 3 9 1 11 2 12
8721 3 1 2 2 3 9 3 10 1 70
8722 1 1 1 2 1 8 9 9 2 10 1 13
8723 1 1 9 2 1 8 1 70
8724 2 1 6 2 6 9 4 10
8725 6 2 2 8
8726 2 1 6 2 2 3
8727 2 1 6 2 2 3
8728 4 1 2 2 1 4 2 26
8729 4 1 2 2 1 4 2 26
8730 2 1 1 2 5 9 1 12 1 14 1 70 1 77
8731 1 1 1 5 1 6 1 25
8732 3 1 1 2 1 3 1 6 1 25
8733 10 9 2 10 2 104
8734 10 9 2 10 2 104
8735 1 1 3 2 3 3 2 64
8736 4 1 4 2 2 3 1 4 1 77
8737 4 1 4 2 2 3 1 4 1 77
8738 3 1 4 2 2 3 1 4 1 18
8739 3 1 4 2 2 3 1 4 1 18
8740 2 1 1 2 1 8 1 26 1 27
8741 5 1 3 3 1 4 2 27
8742 5 1 3 3 1 4 2 27
8743 3 1 1 3 1 4 5 9 1 13 2 27
8744 3 1 1 3 1 4 5 9 1 13 2 27
8745 5 1 3 3 1 4 2 27
8746 3 1 1 3 1 4 5 9 1 13 2 27
8747 3 1 1 3 1 4 5 9 1 13 2 27
8748 2 1 1 2 1 5 1 8
8749 3 1 2 3 1 4 1 24 2 103
8750 3 1 2 3 1 4 1 24 2 103
8751 1 1 1 6 1 24
8752 
8753 
8754 
8755 
8756 2 1 1 3 1 8 5 9 1 10 1 24
8757 2 1 1 3 1 8 5 9 1 10 1 24
8758 1 8 10 9 2 10 1 24
8759 1 8 10 9 2 10 1 24
8760 3 1 3 3 3 25
8761 3 1 3 3 3 25
8762 5 1 2 2 1 3 1 8 1 26
8763 5 1 2 2 1 3 1 8 1 26
8764 2 1 1 8 5 9 1 10 1 25
8765 2 1 1 8 5 9 1 10 1 25
8766 4 1 2 2 1 8 1 26
8767 4 1 2 2 1 8 1 26
8768 
8769 
8770 
8771 1 1 8 2 1 8
8772 1 1 8 2 1 8
8773 2 1 5 2 2 3 1 77
8774 2 1 5 2 2 3 1 77
8775 2 1 3 3 2 27 1 102
8776 2 1 3 3 2 27 1 102
8777 2 1 2 3 2 27 1 76
8778 2 1 2 3 2 27 1 76
8779 2 1 2 3 2 27 1 45
8780 2 1 2 3 2 27 1 45
8781 2 1 3 3 2 27 1 64
8782 2 1 3 3 2 27 1 64
8783 
8784 
8785 3 1 2 2 1 3 1 4 1 19 1 45
8786 3 1 2 2 1 3 1 4 1 19 1 45
8787 3 1 4 2 2 3 1 4 1 24
8788 3 1 4 2 2 3 1 4 1 24
8789 3 1 3 3 2 27 1 103
8790 3 1 3 3 2 27 1 103
8791 
8792 
8793 
8794 
8795 3 1 3 3 2 27 1 77
8796 3 1 3 3 2 27 1 77
8797 3 1 3 3 3 25
8798 2 1 2 3 2 27 1 56
8799 2 1 2 3 2 27 1 56
8800 
8801 
8802 
8803 
8804 
8805 
8806 
8807 
8808 
8809 
8810 
8811 
8812 
8813 
8814 
8815 1 1 1 6 1 24 1 25
8816 1 1 1 6 1 24 1 25
8817 2 1 1 6 1 24 1 26
8818 2 1 1 6 1 24 1 26
8819 2 1 1 6 2 25
8820 2 1 1 6 2 25
8821 2 1 8 2 2 3
8822 2 1 8 2 2 3
8823 
8824 
8825 2 1 10 9 2 13
8826 2 1 1 4 5 9 1 10 1 64
8827 3 1 1 2 3 26
8828 3 1 1 2 3 26
8829 3 1 1 2 1 4 1 24 2 26
8830 3 1 1 2 1 4 1 24 2 26
8831 3 1 2 2 1 3 2 26
8832 3 1 2 2 1 3 2 26
8833 4 1 1 2 2 3 2 26
8834 4 1 1 2 2 3 2 26
8835 4 1 1 2 1 4 2 26
8836 4 1 1 2 1 4 2 26
8837 4 1 1 2 2 3 1 4 2 27
8838 6 1 2 3 2 4 2 27
8839 6 1 2 3 2 4 2 27
8840 5 1 3 3 1 4 2 103
8841 5 1 3 3 1 4 2 103
8842 5 1 3 3 1 4 2 103
8843 5 1 1 2 1 3 1 4 2 104
8844 4 1 1 2 2 3 2 104
8845 3 1 2 2 1 3 2 104
8846 2 1 3 3 1 18 2 27
8847 2 1 3 3 1 18 2 27
8848 4 1 3 2 1 4 2 26
8849 4 1 3 2 1 4 2 26
8850 6 1 2 2 2 4 2 26
8851 6 1 2 2 2 4 2 26
8853 2 1 7 2 2 3 1 4
8855 2 1 6 2 4 3
8856 2 1 6 2 4 3
8857 2 1 6 2 4 3
8858 2 1 6 2 4 3
8859 2 1 6 2 4 3
8860 2 1 6 2 4 3
8861 2 1 6 2 4 3
8862 2 1 6 2 4 3
8863 4 1 1 2 2 3 1 4 2 27
8864 6 1 2 3 2 4 2 27
8865 4 1 1 2 2 3 1 4 2 27
8866 4 1 1 2 2 3 1 4 2 27
8867 4 1 4 2 4 3
8868 2 1 1 8 4 9 2 10 1 24
8869 2 1 1 8 4 9 2 10 1 24
8870 1 1 1 7 5 9 1 13 1 24
8871 2 1 5 9 1 10 1 24 1 70
8872 2 1 5 9 1 10 1 24 1 70
8873 3 1 2 2 3 3 2 25
8874 3 1 2 2 3 3 2 25
8875 3 1 4 2 1 3 2 26
8876 3 1 4 2 1 3 2 26
8877 4 1 2 2 2 3 1 4 1 19
8878 4 1 2 2 2 3 1 4 1 19
8879 3 1 2 3 1 14
8880 2 1 5 2 1 6
8881 
8882 3 2 4 3 1 6 2 14
8883 
8884 2 1 1 8 1 64
8885 1 1 2 2 2 3 1 6 1 8
8886 2 2 4 3 1 6 1 114
8887 
8888 
8889 1 6 1 44 1 69
8890 1 1 1 6 1 69
8892 1 6 5 9 1 12 1 69
8893 4 1 5 2 2 3 2 70
8894 2 1 1 6 1 19
8895 2 1 1 2 1 3 5 9 1 12 1 32
8896 3 2 2 3 1 111
8897 2 1 2 2 2 6
8898 2 1 1 2 1 8 1 20
8899 2 1 1 2 1 8 5 9 1 10
8900 4 1 1 2 1 3 1 46
8901 2 1 12 2 1 3 1 6 1 14 1 22
8902 
8903 
8904 1 116
8905 3 1 2 3 1 14 1 77
8906 
8907 
8908 2 9 4 10 4 42
8909 1 48 1 51
8910 1 2 4 3 5 14 1 20
8911 2 1 2 6
8912 1 1 1 63
8913 2 1 1 6 1 77
8914 
8916 4 1 4 2 3 3 1 8 1 70
8917 
8918 3 1 3 2 4 3 1 14
8919 1 2 3 3 4 14 1 20
8920 
8921 1 29 1 42 5 96
8922 
8923 1 1 14 2 1 3 1 6 2 14
8924 3 1 1 4 3 9 2 10 1 17 1 24
8925 2 1 2 2 1 3 1 26
8926 4 1 1 2 2 8
8927 2 1 10 2 1 6
8928 1 1 18 2 1 6 1 42
8930 2 1 1 8 1 44
8931 1 6 10 9 2 12
8932 1 1 7 2 1 6 1 64
8933 1 1 1 2 2 6 1 21
8934 1 7 1 8 3 69
8935 
8936 4 1 2 3 1 6
8937 3 1 5 2 1 8
8938 
8939 2 5 1 6 1 66
8940 3 1 2 2 1 3 1 6
8941 2 1 1 3 1 6 1 64
8942 4 1 2 3 2 6
8943 2 1 6 2 1 6
8944 2 1 6 2 1 6
8945 2 1 6 2 1 6
8946 4 1 1 2 1 3 1 8
8947 2 1 5 2 1 6
8948 2 1 8 2 1 6
8949 2 1 8 2 1 6
8950 3 1 7 2 1 8
8951 1 1 4 2 1 6 1 14
8952 2 1 5 2 1 6
8953 1 6 5 9 1 10 1 14 1 19
8954 
8955 3 1 1 2 1 4 1 5 1 6
8956 1 1 3 2 1 6 1 20
8957 4 1 1 3 1 8
8958 2 1 9 2 1 6
8959 3 1 9 2 1 8
8960 4 1 1 4 1 6
8961 4 1 1 2 2 3 1 6
8963 3 1 1 2 1 3 1 8 1 20
8964 3 1 1 6 1 8
8965 2 1 8 2 1 6
8966 1 1 5 2 1 6 5 9 1 10
8967 1 1 5 2 1 6 1 42
8968 2 1 9 2 1 8 1 20
8969 1 5 1 6 1 24
8970 
8971 4 2 2 30
8972 
8973 
8974 3 1 3 2 1 3 1 6 1 19
8975 3 1 1 2 1 3 1 6 1 19
8976 
8977 3 1 2 2 1 3 1 6
8978 3 1 3 2 1 8
8979 2 1 1 2 1 8 1 69
8980 
8981 4 1 1 3 1 4 1 6 1 14
8982 1 1 1 8 1 69 1 74
8983 1 1 6 2 1 6 1 20
8984 1 1 2 2 1 6 1 14
8985 2 1 4 2 1 3 1 8
8986 1 1 1 2 1 8 1 14 1 69
8987 
8988 
8989 1 2 1 6 10 9 2 12
8990 2 1 1 2 1 8 1 64
8991 
8992 1 1 1 2 2 6 5 9 1 10
8993 3 1 1 3 1 6
8994 3 1 3 2 1 8
8995 2 1 1 5 1 8
8996 4 1 1 3 1 6 1 8
8997 
8998 2 1 1 2 1 8 5 9 1 10
8999 2 1 1 2 1 3 1 5 1 6
9000 2 1 1 6 2 7
9001 2 1 7 2 1 6
9002 3 1 1 3 1 6 1 19
9003 1 1 2 2 1 6 1 64
9004 1 6 10 9 1 10 1 12
9005 1 1 5 2 1 3 1 6
9006 5 1 1 2 1 4 1 8
9007 5 1 1 2 1 4 1 8
9008 3 1 5 2 1 8
9009 3 1 4 2 1 3 1 6
9010 3 1 4 2 1 3 1 6
9011 9 1 3 4 1 8
9012 
9013 
9014 1 1 1 8 2 69
9015 1 1 2 2 1 5 1 6
9016 
9017 1 1 6 2 1 6 1 20
9018 2 1 2 2 1 3 1 8
9019 1 1 4 2 2 3 1 14
9020 2 1 2 2 1 6
9021 2 1 3 2 1 6
9022 2 1 3 2 1 6
9023 2 1 4 2 1 6
9024 2 1 4 2 1 6
9025 5 1 1 4 1 8
9026 3 1 1 4 1 6 1 14
9027 3 1 3 2 1 3 1 6
9028 2 1 2 2 1 3 1 6 1 18
9029 
9030 
9031 3 1 3 2 1 8
9032 4 1 2 3 1 6
9033 3 1 2 2 1 3 1 6
9034 4 1 1 2 2 8
9035 3 1 2 3 1 26 1 27
9036 3 1 3 2 3 3
9037 6 2 2 3 4 9 2 10
9038 1 2 4 3 4 14 1 24 1 26
9039 
9040 8 1 10 2 6 8
9041 1 2 4 3 1 6 1 114
9042 
9043 
9044 
9045 2 2 5 9 1 13 2 14
9046 
9047 2 1 5 2 1 3 1 21
9048 2 1 2 2 2 3 2 6
9049 3 1 3 2 2 3 2 4 1 21
9050 2 1 3 2 2 3 1 4 1 7
9051 4 1 1 3 1 4 1 14
9052 5 1 12 2 6 3 2 4 1 8
9053 2 1 3 2 1 3 1 42
9054 2 1 1 2 1 3 1 20
9055 2 1 1 2 1 45
9056 
9057 
9058 
9059 
9060 
9061 
9062 
9063 
9064 1 1 15 2 1 27 1 99
9065 
9066 
9067 2 1 14 2 2 3 4 9 2 10 1 19
9068 1 1 6 2 1 3 1 4
9069 4 1 1 3 1 8 1 25
9070 
9071 
9072 3 1 14 2 1 4 5 9 1 10
9073 2 1 2 2 3 3 2 4 5 9 1 10
9074 3 1 2 2 2 3 3 4 5 9 1 10
9075 3 1 10 2 3 3 1 4
9076 2 1 1 2 1 4 4 9 2 10 1 19
9077 3 1 4 2 4 3 1 7 1 8
9078 3 1 4 2 4 3 1 7 1 8
9079 3 1 4 2 4 3 1 7 1 8
9080 2 1 2 2 2 45
9081 3 1 2 3 1 26 1 27
9082 2 1 3 2 2 26
9083 2 1 4 2 2 26
9084 3 1 1 2 2 3 1 64
9085 3 1 2 2 2 3 1 42
9086 1 1 6 2 1 3 1 4 4 9 2 10
9087 2 1 3 2 2 3 1 19
9088 3 1 2 2 1 3 1 70
9089 4 1 2 2 1 9 3 11 2 13
9090 6 6
9091 1 1 1 2 1 3 1 6 2 14
9092 1 1 6 2 1 3 1 6 2 14
9093 2 1 4 2 2 3 2 64
9094 4 1 3 2 4 3 2 8
9095 2 1 1 2 1 8 1 26 1 27
9096 3 1 1 2 1 6 1 26
9097 3 1 1 2 1 6 1 26
9098 3 1 1 3 1 7 2 103
9099 3 1 7 2 3 3 1 4
9100 
9101 
9102 2 1 1 2 5 9 1 10 1 14 1 70 1 77
9103 1 7 4 9 1 10 1 12 2 24
9104 5 1 2 2 2 3 1 8
9105 1 1 2 2 3 3 1 6 1 77
9106 2 1 4 2 2 3 1 4
9107 2 1 4 2 2 3 1 4
9108 5 1 3 3 1 4 2 27
9109 
9110 
9111 4 1 6 2 4 3 1 4
9112 4 2 2 3 8 9 4 10 2 24 2 77
9113 4 2 4 3
9114 2 1 1 2 2 3 2 77
9115 2 1 1 2 2 3 2 77
9116 2 1 3 2 2 3 2 77
9117 2 1 3 2 2 3 2 77
9118 
9119 
9120 
9121 4 1 1 3 1 4 1 14 1 77
9122 1 1 5 2 3 3
9123 1 1 5 2 3 3
9124 1 1 5 2 3 3
9125 2 1 1 2 2 45
9126 2 1 1 6 4 9 2 10
9127 2 1 1 6 4 9 2 10
9128 2 1 1 6 4 9 2 10
9129 2 1 1 6 4 9 2 10
9130 4 2 1 3 2 14 1 26
9131 
9132 2 69 2 76
9133 1 1 4 2 1 6 1 64
9134 2 1 5 2 2 3 1 4
9135 2 1 5 2 2 3 1 4
9136 
9137 
9138 
9139 1 1 18 2 1 6 1 19 1 33
9140 4 1 2 3 1 6
9141 
9142 4 1 2 2 2 3 1 22
9143 2 1 2 2 2 4 10 9 2 10
9144 1 1 14 2 1 6 5 9 1 10 1 96
9145 3 1 6 2 2 3 1 4 1 14
9146 3 1 6 2 2 3 1 4 1 14
9147 1 1 1 6 4 9 2 10 1 24 1 77
9148 1 1 1 6 4 9 2 10 1 24 1 77
9149 
9150 
9151 
9152 1 1 1 8 2 24
9153 1 1 1 8 2 24
9154 4 1 2 2 1 4 2 26
9155 4 1 2 2 1 4 2 26
9156 4 1 2 3 1 4 3 25
9157 4 1 2 3 1 4 3 25
9158 
9159 
9160 3 1 2 3 1 4 1 24 2 27
9161 3 1 2 3 1 4 1 24 2 27
9162 3 1 1 2 2 3 1 4 5 9 1 10 2 27
9163 3 1 1 2 2 3 1 4 5 9 1 10 2 27
9164 2 1 1 18 1 24 1 70
9165 2 1 1 18 1 24 1 70
9166 2 1 3 3 1 14 2 27
9167 2 1 3 3 1 14 2 27
9168 4 1 2 2 1 26 1 69 1 70
9169 4 1 2 2 1 26 1 69 1 70
9170 2 1 1 24 1 69 1 70
9171 2 1 1 8 1 25 1 64
9172 3 1 2 2 1 8 1 26 1 69
9173 3 1 2 2 1 8 1 26 1 69
9174 2 1 2 2 1 6 1 26 1 69
9175 2 1 2 2 1 6 1 26 1 69
9176 3 1 1 3 1 4 5 9 1 13 2 103
9177 3 1 1 3 1 4 5 9 1 13 2 103
9178 1 2 2 76
9179 2 1 4 2 2 3 1 19
9180 2 1 1 6 1 25
9181 
9182 
9183 
9184 
9185 
9186 
9187 1 1 1 6 1 18
9188 1 8 1 44 2 69
9189 1 8 1 44 2 69
9190 2 1 6 2 2 3
9191 1 1 1 8 4 9 2 10 2 24
9192 1 1 1 8 4 9 2 10 2 24
9193 
9194 
9195 
9196 
9197 
9198 
9199 3 1 1 8 1 103
9200 3 1 1 8 1 103
9201 4 1 1 25 1 70 1 103
9202 3 1 1 8 2 103
9203 4 1 1 70 2 103
9205 4 9 1 108
9206 3 74 3 76
9207 4 2 1 108
9208 5 2 5 9 1 10 1 104
9209 4 2 1 108
9210 
9211 1 1 2 2 1 26 1 77
9212 1 1 2 2 1 26 1 77
9213 
9214 2 1 6 2 4 3 3 4 1 8 3 14 2 19
9215 
9216 3 9 1 10 1 42 2 53
9217 
9218 
9219 
9220 
9221 
9222 
9223 
9224 
9225 3 1 3 2 1 4 5 9 1 10 2 77
9226 1 6 1 118
9227 
9228 1 14 1 19 1 64
9229 
9230 
9231 
9232 
9233 6 1 9 2 8 3 2 4 1 6 1 8 1 14
9234 9 9 2 10 1 57
9235 7 9 3 10 1 109
9236 1 42 1 107
9237 3 9 2 10 2 42 1 53
9238 
9239 3 9 1 10 1 17 1 36 1 42
9240 3 9 1 11 1 36 1 57
9241 6 9 2 10 2 36 2 53
9242 3 9 3 10 2 24 1 41
9243 1 5 3 9 2 10 1 12 1 21 1 24
9244 4 9 1 10 1 17 1 64
9245 2 27 2 45
9246 3 9 1 11 2 17
9247 2 1 2 3 2 77
9248 2 9 1 17 1 36 2 57
9249 
9250 1 3 2 14 1 19 1 42
9251 
9252 3 9 1 11 1 36 1 57
9253 3 9 1 10 1 24 1 36 1 57
9254 
9255 4 9 1 10 1 31 1 57
9256 6 9 1 10 1 12 2 36 2 53
9257 
9258 
9259 
9260 5 9 1 12 1 38
9261 
9262 
9263 1 2 5 9 1 12 1 14 1 32
9264 1 1 3 2 1 3 1 22
9265 
9266 2 2 1 6 1 27
9267 1 1 2 2 1 25 1 100
9268 1 2 1 14 1 18
9269 3 9 2 10 1 53 1 114
9270 
9271 3 9 2 10 1 53 1 114
9272 
9273 4 9 1 10 1 12 1 22
9274 
9275 4 9 1 10 1 18 1 57
9276 5 9 1 10 1 25 1 42
9277 5 1 4 2 1 4 2 6 2 8 1 21 1 70
9278 1 9 1 10 1 17 1 39 1 53 1 63
9279 
9280 
9281 
9282 
9283 
9284 1 2 1 14 1 20
9285 2 1 11 2 1 7 1 77
9286 4 2 2 3 1 4 2 27
9287 14 9 10 10
9288 12 9 10 10
9289 
9290 14 9 8 10
9291 14 9 10 10
9292 
9293 
9294 12 9 8 10
9295 
9296 
9297 
9298 
9299 2 9 2 39
9300 2 9 2 39
9301 
9302 6 2 4 3
9303 
9304 
9305 2 74 4 75 2 76
9306 5 2 4 3 1 4
9307 5 1 10 2 6 3 2 4 2 8 1 14
9308 4 9 1 10 1 63 1 71
9309 4 9 1 57 1 71
9310 4 9 1 10 1 63 1 71
9311 3 9 1 17 2 71
9312 3 74 3 75 3 76
9313 2 74 4 75 2 76
9314 7 75 2 76
9315 1 74 5 75 1 76
9316 
9317 10 9 1 10 1 13 1 74
9318 2 1 1 2 1 4 2 27
9319 1 10 1 24 5 71
9320 1 1 1 66 1 74
9321 
9322 1 64 1 75 1 76
9323 1 1 1 45 1 74
9324 
9325 
9326 
9327 
9328 
9329 1 2 3 3 4 14 1 26 1 76
9330 
9331 3 9 1 10 1 42 2 71
9332 4 9 1 10 1 24 1 71
9333 1 2 1 24 1 75
9334 
9335 
9336 3 1 3 2 2 3 1 4 1 42
9337 3 2 4 3 1 14 1 34 1 42
9338 
9339 9 9 3 10 1 19 1 26
9340 2 1 3 2 1 6 1 19 1 70
9341 3 3 3 14 2 42
9342 4 9 2 10 1 19 1 27
9343 
9344 
9345 4 9 1 10 1 12 1 32
9346 3 9 1 11 2 17
9347 1 2 1 6 1 77
9348 3 1 2 2 2 3 1 4 1 8
9349 
9350 1 20 1 107
9351 
9352 3 9 1 11 2 17
9353 1 63 1 74 7 75
9354 
9355 2 1 1 2 1 30
9356 
9357 
9358 
9359 
9360 
9361 3 9 1 10 1 42 2 57
9362 4 9 2 12 1 19
9363 3 9 1 10 2 36 1 42
9364 1 6 3 9 2 10 1 17 1 24 1 42
9365 
9366 
9367 
9368 3 9 1 10 1 24 2 53
9369 
9370 
9371 2 1 1 2 1 4 2 19
9372 1 55 1 64
9373 
9374 
9375 3 9 1 11 1 36 1 57
9376 4 3 4 14 1 20 1 42
9377 3 9 1 10 1 24 1 36 1 57
9378 5 9 1 10 1 18 1 34
9379 10 9 2 10 1 76
9380 
9382 
9383 4 9 1 11 1 12 1 14
9384 5 9 1 71
9385 5 9 1 71
9386 
9387 
9388 1 1 1 42 1 45
9389 1 9 2 11 3 57
9390 
9391 2 9 1 10 1 20 3 57
9392 8 9 2 10 2 57
9393 3 9 1 11 2 17
9394 4 9 1 10 1 57 1 63
9395 3 9 1 10 1 42 2 57
9396 3 9 1 11 1 36 1 57
9397 
9398 
9399 
9400 
9401 
9402 1 6 4 9 1 10 1 17 1 42
9403 
9404 
9405 4 9 1 10 1 17 1 94
9406 3 9 1 36 2 57
9407 1 1 4 9 1 10 1 57 1 77
9408 4 9 1 10 1 17 1 94
9409 
9410 4 9 1 10 1 57 1 94
9411 
9412 3 1 14 2 1 3 3 22
9413 
9414 
9415 2 1 2 2 1 116
9416 
9417 1 1 1 5 1 103
9418 2 9 3 10 1 17 3 24
9419 4 9 1 10 1 57 1 63
9420 
9421 
9422 
9423 6 75 2 90
9424 
9425 
9426 
9427 
9428 
9429 
9430 1 1 3 2 1 74 1 75 1 77
9431 
9432 4 1 5 2 3 25 1 84
9433 1 5 1 65
9434 
9435 
9436 1 1 1 5 5 9 1 10 1 104
9437 
9438 
9439 
9440 1 70 2 74 2 75
9441 4 9 2 10 2 65 2 77
9442 
9443 2 1 1 4 8 9 4 10 2 65 2 77
9444 
9445 1 74 4 75 1 76
9446 
9447 2 4 2 74 2 75
9448 1 1 1 3 1 14 1 51 1 56
9449 1 3 1 14 1 51 1 55
9450 2 1 2 2 1 66 2 77
9451 1 9 3 57 2 71
9452 9 9 6 10 1 57
9453 14 9 2 10 2 12
9454 
9455 
9456 
9457 3 9 1 36 1 53 1 57
9458 
9459 
9460 2 1 1 2 3 9 1 10 1 35 2 57
9461 4 2 3 9 1 10 1 35 2 57
9462 
9463 2 1 1 2 1 3 1 30 1 42 1 96
9464 
9465 
9466 
9467 9 9 6 10 1 57
9468 1 1 1 31
9469 
9470 
9471 
9472 
9473 
9474 
9475 2 2 2 25 2 29
9476 2 2 1 5 2 25 1 100
9477 3 9 1 10 1 18 1 34
9478 3 9 1 10 1 18 1 34
9479 1 1 3 2 3 35
9480 1 1 3 2 5 9 1 10 1 19
9481 
9482 
9483 
9484 
9485 
9486 8 9 2 10 2 57
9488 
9489 1 42 1 74 7 75
9490 4 1 8 2 1 81
9491 4 1 4 34 1 70
9492 
9493 5 9 1 17
9494 
9495 3 2 1 14 1 18
9496 
9497 2 2 3 9 3 10 1 19 1 24
9498 1 106
9499 1 106
9500 1 106
9501 4 9 1 10 1 63 1 71
9502 3 1 1 3 1 4 2 27
9503 5 2 1 3 1 94
9504 5 9 1 36
9505 
9506 8 9 2 10
9507 
9508 18 9 6 10
9509 
9510 1 106
9511 
9512 
9513 1 3 10 9 2 10 1 25 1 35 1 77
9514 3 57 3 71
9515 
9516 
9517 
9518 
9519 
9520 
9521 10 9 2 10 1 32 1 96
9522 
9523 2 1 1 2 1 3 1 8
9524 
9525 
9526 
9527 
9528 10 9 4 10
9529 12 9 8 10
9530 3 1 4 2 1 14 1 70 1 77
9531 2 1 3 2 1 3 1 18 1 77
9532 2 1 1 7
9533 3 1 17 2 1 3
9534 
9535 2 1 1 4 1 56
9536 1 1 1 7 1 55
9537 
9538 1 1 1 6 4 9 1 10 1 57 1 77
9539 
9540 
9541 2 1
9542 
9543 
9544 
9545 
9546 1 6 9 9 2 10 1 53
9547 1 6 9 9 2 10 1 53
9548 1 1 3 9 1 10 1 34 2 57
9549 2 1 1 4 8 9 4 10 2 25 2 110
9550 
9551 1 25 1 74 2 75
9552 
9553 
9554 
9555 1 6 9 9 3 10 1 24
9556 12 9 6 10
9557 
9558 
9559 
9560 
9561 
9562 4 9 1 10 1 57 1 74 2 75 1 77
9563 
9564 
9565 5 9 1 10 1 18 1 66
9566 
9567 
9568 1 5 1 20 1 25
9569 
9570 
9571 2 32 2 94
9572 
9573 
9574 1 51 5 69 2 70
9575 5 9 1 12 1 33 1 114
9576 1 1 1 42 1 108
9578 
9579 3 9 1 10 1 24 2 53
9580 3 9 1 10 1 24 2 53
9581 
9582 
9583 
9584 1 106
9585 1 106
9586 
9587 
9588 1 1 12 2 4 6 1 42
9589 
9590 1 14 2 19 2 35
9591 
9592 1 1 11 2 1 5 1 77
9593 8 9 3 10 1 13 3 24
9594 
9595 1 7 5 9 1 10 1 21
9596 1 1 1 2 5 9 1 10 1 66 1 77
9597 4 9 2 10 4 57
9598 3 1 1 19 1 99
9599 5 9 2 10 3 57
9600 5 9 2 10 3 57
9601 5 9 2 10 3 57
9602 
9603 
9604 1 1 1 6 3 9 2 10 1 17 1 24 1 77
9605 3 1 2 2 1 44 1 81
9606 4 9 2 10 1 21 1 42
9607 
9608 5 9 2 10 3 57
9609 2 9 1 10 1 42 2 57 1 71
9610 
9611 4 9 2 10 1 24 1 64
9612 
9613 
9614 8 9 2 10 2 57
9615 4 2 1 63 1 65
9616 8 9 2 10 2 57
9617 3 9 2 10 1 24 1 36 1 42
9618 
9619 
9620 
9621 
9622 
9623 
9624 
9625 
9626 1 2 1 14 1 30 1 42 2 96
9627 1 2 1 14 1 30 1 42 4 96
9628 
9629 3 2 1 33 1 42 1 96
9630 
9631 
9632 
9633 
9634 2 1 1 4 1 32
9635 1 19 2 35 1 42
9636 
9637 3 1 1 4 1 7 1 14 1 66
9638 
9639 3 9 1 17 2 71
9640 3 9 1 17 2 71
9641 3 9 1 17 2 71
9642 5 9 1 71
9643 
9644 1 106
9645 
9646 1 1 1 2 1 77 1 107
9647 3 9 2 10 1 24 1 36 1 42
9648 1 94
9649 1 1 5 2 7 9 3 10 1 19
9650 1 1 4 2 7 9 3 10 1 19
9651 1 1 2 2 7 9 3 10 1 19
9652 1 1 3 2 7 9 3 10 1 19
9653 1 1 6 2 7 9 3 10 1 22
9654 1 1 5 2 7 9 3 10 1 22
9655 1 1 4 2 7 9 3 10 1 22
9656 1 1 3 2 7 9 3 10 1 22
9657 1 1 2 2 7 9 3 10 1 22
9658 1 1 7 9 3 10 1 22
9659 1 1 6 2 7 9 3 10 1 22
9660 1 1 4 2 7 9 3 10 1 22
9661 1 1 6 2 7 9 3 10 1 77
9662 1 1 4 2 7 9 3 10 1 77
9663 
9664 4 1 11 2 2 3
9665 
9666 
9667 
9668 
9669 
9670 5 9 1 36
9671 3 9 1 10 1 42 2 71
9672 
9673 4 9 1 10 1 12 1 14 1 42
9674 1 1 3 2 7 9 3 10 1 77
9675 1 1 2 2 7 9 3 10 1 77
9676 1 1 6 2 7 9 3 10 1 77
9677 1 1 5 2 7 9 3 10 1 77
9678 1 1 2 2 7 9 3 10 1 77
9679 
9680 1 1 20 2 1 94
9681 
9682 
9683 
9684 
9685 1 1 1 3 1 14 1 55
9686 2 107
9687 3 9 2 10 1 24 1 36 1 42
9688 1 1 5 2 7 9 3 10 1 77
9689 8 9 6 10 2 64
9690 
9691 2 1 5 9 1 13 1 25
9692 
9693 
9694 3 1 3 2 2 3 1 20
9695 11 9 6 10 1 11
9696 11 9 6 10 1 11
9697 
9698 
9699 
9700 5 1 5 83
9701 
9702 2 2 1 29 1 31
9703 4 1 2 4 2 19 2 35
9704 
9705 
9706 
9707 
9708 
9709 
9710 4 1 13 2 3 25 1 84
9711 2 1 1 4 10 9 2 10 2 25
9712 3 9 1 17 2 71
9713 3 1 13 2 1 3
9714 
9715 1 1 1 8 1 14 1 18 1 25
9716 6 1 1 2 1 4 2 104
9717 
9718 
9719 2 11 1 17 3 57
9720 2 9 1 36 2 53 1 57
9721 2 9 1 36 2 53 1 57
9722 
9723 3 9 2 10 1 24 1 36 1 42
9724 
9725 
9726 
9727 
9728 
9729 
9730 
9731 
9732 
9733 
9734 
9735 
9736 
9737 3 2 1 4 4 9 1 10 1 19 1 31 1 53
9738 
9739 
9740 
9741 2 2 3 9 3 10 1 19 1 24
9742 3 1 1 2 1 6 1 7 1 8
9743 
9744 
9745 2 14
9746 1 2 6 3 6 14 1 77
9747 3 9 1 10 1 34 1 42
9748 
9749 1 1 1 3 1 14 1 30 1 42
9750 1 6 2 24
9751 
9752 
9753 
9754 3 2 8 3 2 6
9755 2 9 1 10 1 44 3 57
9756 
9757 2 9 1 12 3 57 1 64
9758 3 1 20 2 1 3
9759 1 1 1 66 1 94
9760 
9761 1 1 2 2 1 4 1 14 1 27
9762 
9763 
9764 
9765 8 9 2 10 2 57
9766 1 1 1 2 1 29
9767 
9768 
9769 1 5 3 9 1 10 1 32 2 57
9770 3 1 1 2 2 3 1 5
9771 4 1 17 2 3 25 1 84
9772 
9773 
9774 
9775 
9776 1 1 3 9 1 10 1 32 2 57
9777 1 1 2 9 1 10 1 32 3 57
9778 
9779 11 9 6 10 1 57
9780 3 2 2 3 1 6 1 14 1 65
9781 4 9 3 10 2 12 1 18 1 57
9782 4 1 18 2 1 81
9783 
9784 1 1 2 2 1 5 1 6
9785 1 1 2 2 1 5 1 6
9786 2 1
9787 2 1
9788 1 2 1 3 1 14 1 27
9789 
9790 
9791 
9792 
9793 
9794 
9795 2 1 6 2 1 66 1 77
9796 1 1 1 2 1 3 1 6 1 77
9797 2 1 3 2 3 9 1 10 1 35 2 57
9798 2 1 1 2 3 9 1 10 1 35 2 57
9799 4 2 3 9 1 10 1 35 2 57
9800 
9801 
9802 
9803 6 2 5 9 1 10 1 104
9804 
9805 2 1 7 2 1 6 1 77
9806 3 2 1 44 1 63
9807 3 2 1 44 1 65
9808 2 1 6 2 1 3 1 65 2 77
9809 6 2 1 42 2 66
9810 5 2 1 42 1 65
9811 
9812 4 9 1 10 1 12 1 32 1 56
9813 
9814 1 5 1 20
9816 1 5 1 20
9817 1 5 1 20
9818 1 5 1 20
9819 1 5 1 20
9820 1 5 1 20
9821 
9822 
9823 
9824 
9825 
9826 8 2 1 3 1 4 1 14
9827 1 9 1 53 4 57
9828 1 1 12 2 1 42 4 66
9829 4 2 1 3 2 42 1 65
9830 2 1 5 2 1 66 1 77
9831 4 2 5 9 1 12 1 14
9832 
9833 1 1 2 2 1 6 1 26
9836 
9837 2 2 1 56
9838 2 1 1 2 2 9 1 10 1 35 3 57
9839 1 6 9 9 3 10 1 64
9840 1 1 1 2 3 9 1 10 1 32 2 57
9841 2 1 3 9 1 10 1 33 2 57
9842 1 1 2 2 3 9 1 10 1 32 2 57
9843 2 1 1 3 3 9 1 10 1 32 2 57
9844 
9845 
9846 
9847 
9848 3 1 7 2 1 3
9849 9 2 1 6
9850 
9851 
9852 9 9 6 10 1 57
9853 9 9 6 10 1 57
9854 9 9 6 10 1 57
9855 9 9 6 10 1 57
9856 
9857 
9858 
9859 
9860 
9861 2 1 1 3 1 4 5 9 1 10 2 14 1 19
9862 
9863 
9864 11 9 8 10 1 17
9865 7 2 10 3 1 4
9866 2 1 1 2 1 3 1 41 1 77
9867 4 1 1 2 2 3 5 9 1 10 1 35
9868 1 1 15 2 1 5 1 77
9869 
9870 
9871 
9872 
9873 1 81
9874 3 1 5 2 1 4 1 14 2 103
9875 4 1 7 2 1 4 3 103
9876 4 1 4 2 1 4 3 103
9877 7 1 1 2 1 4 3 104
9878 7 1 1 2 3 3 1 4 3 103
9879 3 1 3 2 1 4 1 14 2 103
9880 5 1 1 2 1 4 1 14 2 104
9881 5 1 1 2 2 3 1 4 1 14 2 103
9882 1 1 1 20 1 108
9883 1 1 1 18 1 108
9884 1 1 1 18 1 108
9885 1 1 1 18 1 108
9886 
9887 
9888 
9889 5 9 3 10 1 24 2 57
9890 5 9 3 10 1 24 2 57
9891 1 81
9892 2 1 5 2 5 9 1 10 1 104
9893 1 1 2 2 1 14 1 101
9894 
9895 4 46 2 49
9896 
9897 
9898 
9899 2 1 6 2 1 22 1 25
9900 
9901 3 1 5 2 1 4 1 14
9902 
9903 1 1 1 2 5 9 1 10 1 19 1 66
9904 1 6 5 9 1 10 1 24
9905 1 1 1 64
9906 1 1 1 64
9907 
9908 1 1 2 2 1 41 1 77
9909 
9910 
9911 
9912 1 63 1 65
9913 
9914 2 1 13 2 1 6 1 22
9915 2 2 7 3 8 14 3 26
9916 
9917 
9918 
9919 1 1 1 31
9920 
9921 1 16
9922 
9923 3 2 1 41 1 99
9924 6 9 2 10 2 12
9925 
9926 1 1 3 2 1 6 1 8
9927 1 1 3 2 1 6 1 8
9928 
9929 
9930 2 1 2 4 16 9 8 10
9931 
9932 3 1 4 2 1 3 1 70
9933 3 1 3 2 2 3 1 8
9934 3 1 3 2 2 3 1 8
9935 
9936 
9937 2 1 16 2 2 22
9938 
9939 
9940 2 1 7 2 1 66 1 77
9941 1 1 13 2 4 9 2 10 1 25 1 42
9942 2 9 1 10 1 17 2 57 1 63
9943 4 1 4 2 4 83
9944 
9945 
9946 
9947 
9948 
9949 1 1 2 2 1 3 1 22
9950 
9951 
9952 3 1 3 2 1 103 1 104
9953 4 1 2 2 2 3 2 103
9954 2 1 8 2
9955 
9956 4 1 3 2 1 4 3 77
9957 1 1 1 6 1 41
9958 1 1 1 6 1 41
9959 3 1 2 2 1 4 1 7 1 8
9960 1 2 2 3 1 6 1 19
9961 
9962 
9963 
9964 9 2 4 3 1 34
9965 
9966 
9967 
9968 10 9 2 10 1 108
9969 1 59
9970 
9971 3 1 5 2 1 3 1 77
9972 1 6 7 9 2 10 3 11
9973 2 1 1 3 1 18 1 77
9974 4 1 1 6 2 8
9975 
9976 
9977 2 1 5 2 1 3 1 8
9978 4 1 7 2 2 3
9979 
9980 1 1 1 3 1 5 1 74 5 75 1 77
9981 
9982 1 1 4 2 1 41 1 77
9983 
9984 
9985 1 2 5 9 1 13 1 27 1 32
9986 
9987 2 2 12 3
9988 1 1 5 9 1 10 1 25 1 45 1 79
9989 3 1 1 83
9990 10 1 1 2 1 25 4 84
9991 
9992 14 1 1 2 1 25 6 84
9993 
9994 
9995 
9996 
9997 
9998 3 1 3 2 1 35 1 81
9999 12 1 1 2 1 25 5 84
10000 
10001 4 1 9 2 2 3
10002 3 1 3 2 3 83
10003 1 1 2 2 8 9 4 10 1 35
10004 1 2 1 4 5 9 1 13 2 24
10005 
10006 
10007 
10008 2 9 3 53 1 57
10009 
10010 
10011 
10012 
10013 
10014 2 1 2 9 4 10 1 17 1 25 1 57 1 77
10015 1 1 2 2 1 5 2 25
10016 2 1 1 5 1 104
10017 
10018 
10019 1 1 1 48 1 79
10020 1 1 1 9 1 12 1 17 3 57
10021 3 9 2 10 1 11 1 17 1 57 1 77
10022 
10023 
10024 
10025 
10026 
10027 
10028 
10029 
10030 1 1 5 9 1 10 1 19 1 66
10031 
10032 1 1 3 2 1 6 1 8
10033 2 9 1 11 1 36 2 57
10034 1 6 9 9 3 10 1 64
10035 
10036 2 3 10 9 2 10 2 18
10037 
10038 1 1 1 3 1 14 1 18 1 33 1 95
10039 
10040 1 1 3 2 1 6 1 8
10041 
10042 
10043 8 9 3 10 1 24 1 57
10044 6 1 4 4
10045 
10046 
10047 1 6 5 9 1 10 1 41
10048 1 6 5 9 1 10 1 41
10049 1 1 1 30 1 42 4 96
10050 
10051 
10052 6 9 3 10 1 11 1 64
10053 2 1 1 2 1 3 1 14
10054 1 4 2 74 4 75
10055 1 6 7 9 2 10 3 11
10056 10 9 2 10 2 76
10057 
10058 
10059 1 1 1 6 2 9 3 10 1 17 2 24 1 77
10060 2 1 1 7
10061 
10062 2 9 2 11 2 53
10063 
10064 
10065 
10066 
10067 
10068 
10069 1 1 3 69 1 70
10070 2 1 3 2 1 22 1 66
10071 4 3 3 6
10072 1 2 1 27 1 30
10073 
10074 
10075 4 2 1 14 1 18
10076 
10077 2 2 1 18 1 55
10078 1 1 1 25 1 74 2 75
10079 
10080 3 9 2 10 1 12 1 32 1 64
10081 3 1 10 2 3 3 2 4
10082 3 1 20 2 1 3
10083 2 1 22 2 1 22
10085 6 9 1 10 1 12 2 17 2 36
10086 6 9 3 10 1 17 1 42 2 71
10087 5 2 2 3
10088 2 1 5 2 2 4 1 77
10089 
10090 
10091 
10092 
10093 
10094 
10095 
10096 2 2 1 6 10 9 2 12
10097 4 1 3 9 1 10 2 13 1 64
10098 2 4 10 9 2 10 4 24
10099 4 2 2 3 1 4 2 24
10100 
10101 2 1 1 2 1 3 1 5
10102 1 1 3 2 1 6 1 8
10103 5 2 2 9 1 10 1 33 3 57
10104 3 1 1 3 4 9 1 12 1 13 1 14
10105 
10106 
10107 4 1 4 2 1 4 1 22
10108 
10109 
10110 2 1 2 3 2 14
10111 2 2 1 6 2 24
10112 2 1 2 2 1 5 1 8 1 35 1 69
10113 2 1 14 2 1 22
10114 1 2 1 3 1 42 1 98
10115 8 9 6 10 2 57
10116 8 9 6 10 2 57
10117 1 1 1 2 1 25 1 44 1 45
10118 3 1 4 2 1 35 1 81
10119 
10120 2 2 6 9 4 10 1 18 1 24
10121 
10122 2 1 1 2 2 3 2 64
10123 
10124 
10125 
10126 
10127 
10128 
10129 
10130 
10131 1 10 1 24 2 53 3 57
10132 3 1 1 2 1 6 1 7 1 8
10133 
10134 2 2 1 25 1 44 1 64
10135 
10136 1 1 9 2 1 14
10137 3 1 4 2 1 21 1 81
10138 
10139 1 1 1 3 1 25 2 44
10140 1 4 10 9 1 10 1 12 2 14 1 19
10141 
10142 3 1 2 2 1 3 4 4 2 35
10143 5 2 3 9 1 10 1 33 2 57
10144 4 2 2 3 1 4
10145 
10146 3 9 1 10 1 36 1 57 1 64
10147 
10148 
10149 
10150 1 1 3 2 1 56 1 64
10151 2 1 4 2 2 77
10152 2 1 2 2
10153 2 1 2 2
10154 2 1 2 2
10155 5 2 2 3 1 4
10156 1 51 1 75 1 76
10157 2 1 3 2 3 9 1 10 1 35 2 57
10158 1 1 4 2 2 3 1 14 1 18 1 35
10159 1 1 1 3 1 18 1 34 1 94
10160 
10161 2 1 2 9 2 12 2 53
10162 2 3 4 27
10163 
10164 3 1 16 2 1 99
10165 1 2 1 103 1 118
10166 2 1 22 2 1 22
10167 1 1 3 2 1 32 1 63 1 66 1 77
10168 
10169 
10170 4 9 2 11
10171 4 1 5 2 1 3 1 4 1 14
10172 
10173 
10174 
10175 2 9 1 53 3 57
10176 3 1 16 2 1 3
10177 3 1 10 2 1 99
10178 1 1 1 2 1 22 1 107
10179 
10180 
10181 
10182 1 1 1 6 7 9 3 10 1 34 2 57
10183 9 9 6 10 1 57
10184 
10185 
10186 
10187 
10188 2 1 4 2 8 9 4 10 1 25 1 77
10189 2 1 6 2 8 9 4 10 1 25 1 77
10190 
10191 
10192 
10193 5 9 2 10 1 57 1 77
10194 
10195 
10196 
10197 
10198 
10199 2 1 2 2 2 4 3 27
10200 1 1 4 2 8 9 4 10 1 24 1 25 1 77
10201 1 1 6 2 8 9 4 10 1 24 1 25 1 77
10202 1 1 4 2 3 27 1 35 1 81 1 103
10203 4 9 2 10 4 57
10204 
10205 
10206 
10207 12 2 2 94
10208 
10209 4 9 2 10 2 12 1 36 1 57
10210 4 1 12 2 2 3
10211 4 1 13 2 2 3
10212 4 1 14 2 2 3
10213 4 1 11 2 2 3
10214 4 1 12 2 2 3
10215 4 1 13 2 2 3
10216 4 1 14 2 2 3
10217 1 1 1 9 1 12 4 53
10218 5 1 3 2 3 3
10219 1 1 3 2 5 9 1 10 1 19 1 66
10220 5 1 5 2 3 3
10221 
10222 12 9 1 10 3 11 1 12 1 13
10223 5 1 4 2 3 3
10224 
10225 6 9 3 10 1 36 1 64
10226 
10227 
10228 
10229 
10230 5 9 1 10 1 19 1 55
10231 11 9 8 10 1 57
10232 2 2 5 9 1 12 3 27 1 35 1 81 1 103
10233 2 2 5 9 1 10 3 27 1 35 1 81 1 103
10234 1 8 1 14 1 18 1 24
10235 
10236 6 2 2 4
10237 
10238 
10239 2 1 2 66
10240 2 1 1 2 1 4 1 42 1 63
10241 
10242 1 1 4 2 8 9 3 10 1 25 1 57 1 77
10243 1 6 6 9 3 10 1 24 3 57
10244 1 6 6 9 2 10 4 57
10245 
10246 
10247 
10248 5 1 15 9 3 10 1 81 2 84
10249 
10250 
10251 1 1 1 2 3 9 1 10 1 32 2 57
10252 1 5 3 9 1 10 1 32 2 57
10253 1 5 2 9 1 10 1 32 3 57
10254 2 1 5 2 2 9 1 10 1 35 3 57
10255 4 2 2 9 1 10 1 35 3 57
10256 1 1 2 2 3 9 1 10 1 32 2 57
10257 
10258 3 74 5 75 1 76
10259 4 2 1 5 2 27 1 35 1 84 1 103
10260 2 1 3 2 5 9 1 12 2 26 1 35 1 84 1 103
10261 4 9 4 10 2 24 4 57
10262 
10263 
10264 
10265 
10266 1 4 15 9 3 10 1 74
10267 
10268 
10269 1 25 2 74 1 75 1 76
10270 
10271 
10272 
10273 
10274 
10275 
10276 1 1 9 2 1 22 1 44
10277 11 2 1 42 1 63
10278 2 1 1 2 2 3 1 4
10279 1 1 1 2 1 25 1 74 3 75
10280 
10281 
10282 
10283 
10284 
10285 
10286 
10287 
10288 
10289 
10290 
10291 
10292 
10293 9 2 2 94
10294 1 36 3 57 2 71
10295 5 57 1 71
10296 1 11 5 57
10298 3 9 2 10 1 24 1 36 1 42
10299 2 65
10300 
10301 
10302 
10303 
10304 
10305 
10306 
10307 
10308 
10309 2 1 4 2 2 45
10310 4 1 16 2 2 3
10311 4 1 15 2 2 3
10312 10 1 10 2 5 81
10313 8 9 6 10 2 57
10314 3 1 14 2 1 99
10315 4 2 1 8 6 9 3 10 1 11
10316 
10317 
10318 
10319 
10320 
10321 
10322 
10323 1 6 10 9 7 10 1 12
10324 
10325 5 9 2 10 3 57
10326 12 1 6 2 6 81
10327 
10328 4 1 1 2 1 25 2 99
10329 6 9 4 10 1 63 1 64
10330 4 1 18 2 2 3
10331 
10332 
10333 
10334 2 36 3 57 1 71
10335 4 1 5 2 1 4 1 25
10336 
10337 
10338 
10339 
10340 
10341 
10342 
10343 
10344 
10345 
10346 
10347 
10348 
10349 2 1 17 2 1 3 1 14
10350 
10351 
10352 
10353 
10354 
10355 
10356 
10357 
10358 
10359 
10360 
10361 
10362 4 1 9 2 1 25 2 99
10363 
10364 
10365 8 9 4 10 1 11 1 57
10366 
10367 
10368 7 9 3 10 1 24 2 57
10369 1 1 10 2 1 22 1 63
10370 1 2 1 27 1 56
10371 8 9 4 10 1 11 1 57
10372 3 1 2 4 10 9 2 10 1 35
10373 
10374 6 9 2 10 1 49 4 53
10375 
10376 
10377 
10378 2 1 7 2 4 9 1 13 1 17
10379 
10380 2 9 1 10 3 57 1 64
10381 2 1 2 2 2 64 1 70
10382 3 2 1 21 1 41
10383 3 1 1 2 5 9 1 13 1 26
10384 3 1 1 2 1 4 2 25 1 26
10385 3 2 1 3 2 14 1 24
10386 1 1 2 2 1 14 1 101
10387 2 1 1 2 1 25 1 101
10388 
10389 5 1 1 3 1 4 1 25
10390 
10391 
10392 
10393 
10394 4 9 2 10 4 57
10395 4 9 2 10 4 57
10396 5 9 2 10 3 57
10397 5 9 2 10 3 57
10398 2 1 5 2 3 3 1 14
10399 
10400 
10401 
10402 
10403 
10404 3 1 2 2 1 4 1 5 1 6
10405 2 1 1 2 5 9 1 13 1 25
10406 1 6 6 9 2 10 1 17 3 57
10407 1 53 5 57
10408 1 10 5 57 1 64
10409 2 9 1 36 2 57 1 71
10410 1 36 4 57 1 71
10411 1 53 4 57 1 71
10412 1 1 10 2 3 3
10413 2 1 8 2 4 3
10414 1 1 8 2 5 3
10415 1 1 11 2 1 6 1 42
10416 3 2 5 9 1 10 1 14 2 26
10417 
10418 2 1 14 2 1 3 1 14
10419 
10420 
10421 
10422 1 1 10 2 7 3
10423 
10424 
10425 
10426 
10427 
10428 2 1 8 2 10 9 2 13
10429 1 1 6 2 3 27 1 35 1 81 1 103
10430 
10431 
10432 
10433 
10434 1 70 6 74 2 76
10435 2 1 1 2 1 98
10436 
10437 3 2 1 5 1 6 1 8
10438 
10439 1 1 2 2 1 3 1 6 1 8 1 65
10440 
10441 1 1 2 2 1 3 1 5 1 6 1 8
10442 1 1 1 3 1 14 1 45 1 49 1 55
10443 1 6 9 9 2 10 1 11 1 77
10444 3 2 2 3 1 5 1 6 1 21
10445 3 2 2 3 1 6 1 21 1 65
10446 2 1 5 2 3 3 1 21
10447 1 1 2 2 3 3 1 6 1 21 1 65
10448 6 1 2 2 4 4
10449 
10450 
10451 4 1 4 2 4 9 2 13
10452 4 2 1 8 6 9 4 10 1 64
10453 
10454 
10455 
10456 4 1 4 2 4 9 2 13
10457 4 1 4 2 4 9 2 13
10458 
10459 
10460 
10461 5 1 9 2 3 3
10462 5 1 10 2 3 3
10463 2 1 12 2 3 3 1 26
10464 6 2 3 3 2 5 2 6 1 26
10465 2 1 3 2 2 3 10 9 2 10
10466 2 1 3 2 8 9 4 10 2 35
10467 5 1 11 2 3 3
10468 
10469 5 1 12 2 3 3
10470 
10471 4 1 10 2 5 3 1 26
10472 4 9 2 10 1 36 3 57
10473 5 1 15 2 3 3
10474 4 1 17 2 2 3
10476 7 9 2 10 3 57
10477 
10478 5 1 14 2 3 3
10479 5 9 2 10 1 36 2 57
10480 5 9 2 10 1 36 2 57
10481 1 1 13 2 9 9 3 10
10482 3 2 1 8 6 9 3 10 1 11
10483 
10484 1 1 2 2 3 3 1 6 1 14 1 18
10485 1 1 2 2 3 3 1 5 1 6 1 14
10486 
10487 1 1 2 2 3 3 1 6 1 14 1 65
10488 5 1 7 2 3 3
10489 5 1 8 2 3 3
10490 
10491 
10492 
10493 1 1 4 2 8 9 3 10 1 25 1 53 1 77
10494 1 1 6 2 8 9 3 10 1 25 1 53 1 77
10495 3 1 5 2 1 3 1 4 2 14
10496 3 2 2 3 1 5 1 6 1 14
10497 4 1 2 2 1 4 2 27 1 81
10498 3 9 1 10 1 36 1 57 1 63
10499 6 9 4 10 2 57 2 64
10500 8 9 3 10 1 57 1 64
10501 7 9 3 10 1 24 2 57
10502 7 9 3 10 1 24 2 57
10503 1 1 2 2 3 3 1 5 1 6 1 21
10504 1 2 1 14 1 30 1 42 3 96
10505 
10506 1 1 19 2 5 3
10507 
10508 5 1 6 2 3 3
10509 
10510 
10511 
10512 
10513 1 2 4 9 1 13 1 27 1 32 1 53
10514 2 2 4 9 2 10 1 24 1 27 1 33
10515 4 2 1 8 6 9 3 10 1 11
10516 1 2 1 27 1 118
10517 1 1 4 2 1 3 2 14
10518 
10519 2 1 4 2 5 3 2 5 2 6 1 26
10520 
10521 
10530 2 1 8 9 2 10 2 12
10531 3 2 1 8 6 9 3 10 1 11
10532 2 1 1 9 1 13 1 17 3 57
10533 
10534 6 1 8 2 3 3 1 99
10535 
10536 
10537 2 1 3 2 1 3 1 23
10538 5 1 13 2 3 3
10539 3 1 18 2 1 3 2 77
10540 
10541 
10542 4 1 15 2 2 3
10543 
10544 5 1 16 2 3 3
10545 4 1 18 2 2 3 2 77
10546 2 1 15 2 1 3 5 9 1 10 2 77
10547 
10548 
10549 
10550 3 1 1 2 1 6 1 7 1 8
10551 2 76
10552 
10553 
10554 
10555 
10556 
10557 
10558 
10559 
10560 
10561 
10562 
10563 
10564 
10565 
10566 
10567 
10568 3 2 1 6 1 8 1 65
10569 
10570 1 1 4 2 1 66 1 94
10571 
10572 
10573 
10574 
10575 
10576 
10577 3 1 3 2 1 3 1 22
10578 24 3
10579 
10580 
10581 
10582 
10583 
10584 
10585 
10586 
10587 2 1 7 2 4 9 1 13 1 17
10588 2 1 7 2 4 9 1 13 1 17
10589 2 1 7 2 4 9 1 13 1 17
10590 1 51 1 78
10591 
10592 
10593 
10594 
10595 6 2 2 4 2 56
10596 4 2 2 4 4 56
10597 
10598 
10599 
10600 4 1 2 2 1 4 1 25
10601 4 1 2 2 1 4 1 25
10602 
10603 
10604 1 1 1 3 5 9 1 13 1 27 1 34
10605 
10606 
10607 
10608 1 2 10 9 1 10 1 13 1 35 1 56
10609 
10610 
10611 1 2 2 3 10 9 2 10 1 35 1 63
10612 
10613 
10614 2 32 2 97
10615 
10616 6 2 3 3 1 80
10617 1 24 3 74 1 75 2 76
10618 1 74 1 102
10619 
10620 
10621 
10622 
10623 
10624 
10625 
10626 
10627 
10628 
10629 
10630 1 1 2 2 7 9 3 10 2 71
10631 
10632 1 1 1 4 10 9 1 10 1 13 2 18
10633 
10634 
10635 
10636 3 1 1 3 1 4 5 9 1 10 1 26 1 34
10637 4 2 1 10 1 35 2 53 3 57
10638 
10639 
10640 
10641 1 25 2 74 2 75
10642 
10643 
10644 
10645 2 1 6 2 1 75
10646 
10647 1 2 5 9 1 12 1 75
10648 
10649 3 1 12 2 1 99
10650 
10651 
10652 
10653 
10654 
10655 
10656 1 25 2 74 2 75
10657 6 1 4 3 3 25 1 101
10658 
10659 
10660 
10661 2 1 10 2 2 3 4 9 2 10
10662 
10663 
10664 
10665 1 6 6 9 2 10 4 57
10666 1 1 1 2 1 3 1 14 1 65
10667 1 1 1 2 1 4 10 9 1 10 1 13 2 18
10668 1 1 2 2 1 4 10 9 1 10 1 13 2 18
10669 1 1 1 2 1 4 10 9 1 10 1 13 2 19
10670 1 1 1 2 1 4 8 9 3 10 1 13 2 19
10671 1 1 1 4 10 9 1 10 1 13 2 19
10672 1 1 1 2 1 4 10 9 1 10 1 13 2 19
10673 1 1 1 4 8 9 3 10 1 13 2 19
10674 
10675 
10676 4 1 4 4 10 9 2 10 4 27
10677 4 1 3 2 1 4 3 77
10678 3 1 1 4 10 9 1 10 1 13 3 77
10679 3 1 1 4 8 9 3 10 1 13 3 77
10680 3 1 3 2 1 4 8 9 3 10 1 13 3 77
10681 1 25 1 74 2 75
10682 4 1 3 4 3 27
10683 
10684 1 74 1 75 1 76 2 77
10685 1 25 1 74 3 75
10686 1 25 1 74 4 75
10687 1 25 2 74 3 75
10688 
10689 6 1 2 2 1 4 1 35
10690 2 1 1 2 2 4 5 9 1 13 2 27
10691 1 24 1 74 4 75
10692 1 1 1 25 1 74 4 75
10693 3 1 3 2 1 4 10 9 1 10 1 13 3 77
10694 
10695 1 1 1 4 1 25 3 74
10696 
10697 1 2 1 4 15 9 3 10 1 76
10698 1 1 10 9 2 12 1 76
10699 15 9 3 12 1 76
10700 15 9 1 10 2 12 1 76
10701 1 2 1 4 15 9 3 10 1 75
10702 
10703 
10704 
10705 
10706 3 1 1 2 1 64 1 70
10707 1 24 2 74 2 75 1 76
10708 1 1 1 25 2 74 2 75 1 76
10709 
10710 
10711 
10712 1 1 1 3 5 9 1 13 1 27 1 34
10713 2 1 4 2 2 3 2 4 2 27
10714 8 10 2 34 6 64
10715 6 10 2 34 2 53 4 64
10716 
10717 
10718 
10719 
10720 
10721 
10722 
10723 1 17 5 57
10725 
10726 
10727 
10728 5 10 2 34 3 53 3 64
10729 7 10 2 34 1 53 5 64
10730 
10731 
10732 
10733 
10734 2 1 3 2 1 3 1 7 1 8
10735 2 1 2 3 2 14
10736 
10737 2 1 1 101
10738 1 6 1 7
10739 
10740 
10741 
10742 5 2 1 3 1 24 1 77
10743 
10744 2 1 4 9 1 10 1 12 1 34
10745 
10746 2 1 1 2 1 8 1 20
10747 1 5 1 18
10748 
10749 
10750 3 1 2 2 1 4 1 8 1 14 1 65
10751 3 1 1 3 4 9 1 12 1 13 1 20
10752 
10753 1 74 1 89
10754 8 1 4 26 1 81
10755 
10756 
10757 
10758 1 1 2 75
10759 6 1 3 2 2 81
10760 2 1 3 2 1 81
10761 6 1 3 2 3 81
10762 2 1 1 5 5 9 1 12 1 81
10763 4 1 1 84
10764 4 1 1 25 1 81
10765 4 1 2 2 1 84
10766 6 1 6 2 3 84
10767 6 1 1 2 2 81
10768 1 1 1 5 5 9 1 10 1 35
10769 
10770 
10771 4 1 1 2 1 3 1 6 1 8
10772 
10773 
10774 6 1 1 3 2 4 3 9 2 10 1 12
10775 2 1 11 2 1 25
10776 3 1 1 2 1 7 1 8
10777 5 1 8 2 1 25 3 26
10778 
10779 3 1 5 2 1 46
10780 
10781 
10782 
10783 
10784 
10785 
10786 
10787 1 1 3 2 8 9 4 10 1 64 1 108
10788 1 1 4 2 8 9 4 10 1 64 1 108
10789 1 1 5 2 8 9 4 10 1 64 1 108
10790 1 1 4 2 8 9 3 10 1 13
10791 5 1 1 4 7 9 3 10 1 13 1 17 1 25
10792 1 1 3 2 8 9 3 10 1 13
10793 6 1 2 2 1 4 1 9 4 10 1 13
10794 
10795 2 1 2 2 1 4 2 27
10796 10 9 10 10
10797 8 2 2 4 4 27
10798 4 1 2 8 4 9 2 10
10799 
10800 
10801 2 1 3 2 1 3 1 25 1 100
10802 1 1 4 2 1 5 2 22
10803 6 1 2 4 8 9 4 10
10804 
10805 1 1 8 9 3 10 1 12 1 64
10806 2 1 6 9 2 10 2 12
10807 3 1 5 2 1 3 1 22
10809 18 3
10810 14 3
10811 2 1 1 8 6 9 4 10 1 26 2 77
10812 6 1 2 4 1 8 6 9 4 10 1 26 2 77
10813 2 1 5 2 4 3 2 4 1 8 1 14 1 18 1 19 1 112
10814 1 25 3 75
10815 3 1 1 2 2 3 1 6 1 14
10816 
10817 
10818 
10819 
10820 
10821 
10822 
10823 
10824 
10825 
10826 
10827 
10829 2 1 2 2 1 8 5 9 1 10
10830 1 1 9 2 1 3 2 14 1 103
10831 1 1 11 2 1 3 2 14 1 103
10832 2 1 12 2 1 4 2 14 1 103
10833 4 1 3 2 2 3
10834 4 1 3 2 2 3
10835 3 1 5 2 1 3
10836 2 1 5 2 1 3 1 14
10837 2 1 9 2 1 3 1 14
10838 2 1 11 2 1 3 1 14
10839 3 1 7 2 1 3
10840 3 1 9 2 1 3
10841 3 1 11 2 1 3
10842 2 1 2 2 2 3 2 14
10843 1 1 2 2 5 9 1 13 1 14
10844 4 1 1 2 1 4 1 45
10845 
10846 
10847 1 1 2 2 1 8 1 32
10849 
10850 
10851 
10852 2 1 9 2 3 6 1 22
10853 
10854 
10855 
10856 3 24 1 80
10857 
10858 6 1 2 4 1 79
10859 
10860 
10861 
10862 
10863 
10864 
10865 2 24 1 79
10866 
10867 
10868 1 76
10869 
10870 
10873 
10876 
10877 
10878 
10879 1 81
10880 
10884 
10885 
10887 
10888 
10891 
10895 
10896 
10897 
10898 2 1 3 2 1 6 1 8 1 14
10899 4 1 1 2 2 3 1 4 2 14
10901 
10902 
10903 3 6 10 9 2 10
10904 
10905 4 6 10 9 2 10
10906 
10907 
10908 
10909 1 8 1 44 2 69
10910 1 6 9 9 3 10 1 24
10911 3 1 1 2 1 8 1 19
10912 4 1 1 2 1 3 1 8
10913 1 1 2 2 1 34 1 35
10914 2 1 2 2 1 6 1 19
10915 1 6 2 44
10916 2 1 2 2 2 3 2 77
10917 4 2 3 3 1 14 1 34
10918 6 2 4 3
10919 2 1 2 2 1 3 1 63
10920 2 2 1 3 5 9 1 13 1 14
10921 
10922 2 3 3 45 4 46 1 49
10923 4 3 3 14 1 26 1 27
10924 4 2 1 3 5 9 1 13 1 14
10925 1 1 1 30 1 42 1 96
10927 1 2 1 6 1 44 1 69
10928 6 1 1 3 1 4 1 8
10929 6 2 1 6
10930 1 1 1 8 5 9 1 10 1 20
10931 2 1 2 4 10 9 2 10 2 19 2 35
10932 
10933 
10934 
10935 2 1 1 2 1 6 1 39
10936 
10937 
10938 
10939 
10940 2 1 1 33 1 42
10941 
10942 6 3 5 14 1 24
10943 
10944 1 2 4 3 4 14 1 77
10945 4 1 2 8
10946 2 30 2 42 2 103
10947 6 2 4 3
10948 
10949 2 2 5 3 7 14
10950 
10951 
10952 
10953 
10954 1 25 1 74 3 75 1 76
10955 1 1 2 2 1 30 1 42
10956 2 1 2 2 1 3 1 14 1 30
10957 1 1 4 2 3 3
10958 2 1 7 2 1 3 1 14
10959 2 1 4 2 2 3 1 4
10960 2 1 4 2 2 3 1 4
10961 1 1 2 2 1 6 1 64
10962 1 1 2 2 1 6 1 64
10963 1 1 5 2 3 3
10964 1 1 5 2 3 3
10965 
10966 
10967 
10968 2 1 4 2 2 45
10969 1 4 10 9 2 10 2 14 2 19
10970 3 2 1 3 1 78
10971 
10972 2 1 13 2 2 6 1 22
10973 6 2 6 3 2 4 2 14
10974 2 1 11 2 3 6 1 22
10975 5 1 1 2 1 3 1 4 1 77
10976 2 1 1 32
10977 
10978 
10979 
10980 
10981 
10982 1 1 2 2 5 9 1 12 1 26 2 27 1 35 1 81 1 103
10983 
10984 
10985 
10986 
10987 
10988 
10989 
10990 16 9 6 10
10991 
10992 1 1 5 2 3 27 1 35 1 81 1 103
10993 1 1 7 2 3 27 1 35 1 81 1 103
10994 
10995 
10996 2 1 1 2 1 3 1 4 1 94
10997 
10998 1 1 1 2 1 74 5 75
10999 
11000 16 9 6 10
11001 2 56
11002 
11003 
11004 
11005 
11006 
11007 
11008 
11009 1 1 9 2 3 3
11010 8 9 4 10 2 25 2 65
11011 
11012 
11013 1 2 8 9 4 10 2 25 2 65
11014 2 2 8 9 4 10 2 25 2 65
11015 8 2 8 9 4 10 2 25 2 65
11016 4 2 8 9 4 10 2 25 2 65
11017 2 3 7 9 3 10 1 42 2 64
11018 3 2 8 9 4 10 2 25 2 65
11019 
11020 
11021 
11022 
11023 
11024 
11025 1 1 1 14 1 19 1 30 1 96
11026 
11027 
11028 
11029 
11030 
11031 1 1 9 2 1 5 8 9 4 10
11032 1 1 5 2 1 5 8 9 4 10
11033 1 2 1 30 2 42 2 96
11034 3 2 8 9 4 10 2 25 2 64
11035 6 2 8 9 4 10 2 25 2 64
11036 7 2 8 9 4 10 2 25 2 64
11037 8 2 8 9 4 10 2 25 2 64
11038 10 2 8 9 4 10 2 25 2 64
11039 4 1 2 4 8 9 4 10 2 14 2 25 2 66
11040 4 1 1 2 2 4 8 9 4 10 2 14 2 25 2 66
11041 4 1 2 2 2 4 8 9 4 10 2 14 2 25 2 66
11042 
11043 
11044 
11045 
11046 
11047 
11048 6 2 8 9 4 10 2 25 2 65
11049 7 2 8 9 4 10 2 25 2 65
11050 10 2 8 9 4 10 2 25 2 65
11051 
11052 6 9 4 10 2 65 2 77
11053 
11054 
11055 6 9 4 10 2 65 2 77
11056 
11057 6 9 4 10 2 65 2 77
11058 
11059 
11060 
11061 
11062 
11063 
11064 
11065 
11066 
11067 
11068 
11069 
11070 
11071 
11072 
11073 
11074 
11075 
11076 
11077 
11078 
11079 
11080 
11081 
11082 
11083 
11084 1 2 1 103 1 118
11085 
11086 
11087 
11088 
11089 
11090 
11091 
11092 
11093 1 2 2 3 4 14 1 70 1 77
11095 1 2 4 3 5 14 1 20
11096 2 2 7 3 8 14 3 26
11097 1 44 1 48
11098 2 3 2 14 2 42
11099 2 1 1 6
11100 3 1 1 2 2 3 1 21
11101 2 2 1 6 2 14
11102 3 1 2 2 1 3 2 4 1 19
11103 5 1 13 2 7 3 2 4
11104 10 9 2 10 2 19
11105 5 9 4 10 3 17 1 19 1 24 1 26
11106 2 2 7 3 8 14 3 26
11107 2 1 4 2 2 3
11108 14 9 5 10 1 12
11109 3 74 2 75 1 76
11110 
11111 
11112 4 75 1 116
11113 8 9 3 10 1 13 1 14
11114 
11115 
11116 3 1 1 2 3 3 1 4 1 8 1 14
11117 1 25 1 74 1 75
11118 1 62
11119 4 1 1 6 2 8
11120 
11121 2 9 1 36 1 53 2 57
11122 12 1 1 81 4 84
11123 1 15
11124 3 1 1 4 5 9 1 10 2 25
11125 1 1 1 30 1 42 3 96
11126 1 1 1 29
11127 
11128 
11129 
11130 3 1 3 2 2 3 2 4 1 23
11131 
11132 
11133 1 1 1 31
11134 1 1 6 9 3 10 1 13 1 24 1 42
11135 
11136 
11137 
11138 
11139 
11140 
11141 1 1 8 2 3 3 4 14 2 26
11142 
11143 
11144 
11145 
11146 
11147 
11148 
11149 
11150 
11151 
11152 
11153 2 1 9 2 6 6 1 77
11154 
11155 4 1 4 2 10 9 2 10 3 84
11156 2 1 2 2 1 4 2 14
11157 
11158 
11159 2 1 2 9 3 11 1 13
11160 3 1 2 2 1 7 1 8
11161 15 2 3 3 5 9 1 12
11162 2 1 5 9 1 12 1 35
11163 2 1 4 9 1 10 1 13 1 42
11164 1 1 5 2 1 6 1 65
11165 6 2 1 3 5 9 1 12
11166 5 9 2 10 3 11
11167 5 9 2 10 3 11
11168 
11169 2 1 1 2 2 6 1 70
11170 1 1 2 2 4 9 1 12 1 17
11171 9 9 6 10 1 11
11172 2 1 1 2 2 26
11173 3 1 7 2 1 4 1 14
11174 4 1 2 9 4 10 4 77
11175 1 2 2 44 1 77
11176 6 2 1 8 1 44 2 69
11177 2 1 6 2 1 3 1 8
11178 2 1 3 2 2 3 1 6
11179 8 9 2 10 2 11
11180 2 1 15 2 4 9 1 11 1 13
11181 3 1 3 9 2 10 1 13 1 64
11182 4 9 2 10 6 11
11183 2 1 2 2 2 8
11184 4 2 1 8 5 9 1 12
11185 5 2 1 8 1 14
11186 2 1 1 3 4 9 1 11 1 12
11187 2 1 11 2 1 22
11188 2 1 11 2 1 22
11189 2 1 21 2 2 3
11190 2 1 12 2 1 96
11191 
11192 2 1 14 2 2 22
11193 2 1 4 2 1 7 1 70
11194 3 1 16 2 1 3
11195 8 2 2 18
11196 2 1 1 46 1 51
11197 1 1 6 2 5 9 1 10 1 77
11198 1 1 5 2 1 35
11199 9 9 3 10 1 100
11200 2 1 7 2 1 45
11201 4 1 6 2 2 3
11202 1 1 1 2 1 6 1 24
11203 1 1 6 2 1 26
11204 1 1 1 2 1 6 5 9 1 10
11205 2 1 6 2 2 3
11206 2 2 1 6 1 20 1 26
11207 
11208 1 1 3 2 1 7 1 69
11209 4 3 4 64
11210 7 2 1 3 1 24 1 70
11211 
11212 4 1 4 2 4 9 2 13
11213 6 2 4 3 1 4 2 18
11214 1 1 8 2 1 35
11215 6 1 1 2 1 3 1 4 1 8
11216 2 1 12 2 1 22
11217 1 2 5 9 1 10 1 25 1 100
11218 
11219 1 1 1 2 1 7 1 44
11220 2 1 2 2 1 3 1 18
11221 2 1 4 2 1 3 1 5 1 25
11222 3 1 2 2 1 8
11223 2 1 2 3 2 32
11224 2 1 5 2 1 3 1 14
11225 1 5 1 24
11226 4 2 2 6
11227 1 14 1 23
11228 1 2 2 9 2 11 2 12
11229 2 2 1 5 5 9 1 12
11230 2 2 2 9 2 11 2 12
11231 3 1 1 4 4 9 2 10 1 42
11232 
11233 2 5 4 9 2 10
11234 3 1 5 2 1 3 2 77
11235 3 1 7 2 1 3 2 77
11236 
11237 4 1 2 3 1 7
11238 2 1 9 2 1 22
11239 1 1 1 2 1 3 1 6
11240 4 2 1 8 1 14
11241 
11242 1 1 3 9 1 11 1 12 1 17
11243 2 1 1 7 4 9 2 10
11244 2 1 4 2 2 3 1 7
11245 3 1 4 2 1 3 1 70
11246 2 1 1 3 5 9 1 10 1 25
11247 10 2 1 6
11248 1 1 4 2 5 9 1 10 1 25
11249 1 1 3 2 7 9 3 10
11250 18 9 6 10
11251 1 75 1 76
11252 4 1 2 2 2 4 2 14
11253 6 1 2 3 1 4
11254 5 1 3 2 1 3 1 4
11255 5 1 3 2 1 3 1 4
11256 6 2 2 24 4 25
11257 2 1 3 2 2 3
11258 3 1 1 2 1 112
11259 
11260 2 1 2 2 5 9 1 13 1 77
11261 5 1 1 3 2 4 4 9 2 10
11262 6 9 2 10 2 11 2 12
11263 4 1 2 2 1 3 1 4 1 14
11264 2 1 17 2 1 22
11265 5 1 2 2 3 3 2 25
11266 2 2 1 6 1 103
11267 2 1 8 9 2 10 2 12
11268 2 1 8 9 2 10 2 12
11269 2 1 4 2 1 3 1 5
11270 3 1 1 2 1 3 1 6
11271 2 1 7 2 1 7
11272 1 1 7 2 1 3
11273 9 2 1 6
11274 2 1 15 2 2 3
11275 1 1 8 2 1 3
11276 1 1 6 2 1 3
11277 5 11 1 57
11278 
11279 3 1 11 2 1 3
11280 2 1 1 3 5 9 1 10 1 103
11281 2 1 3 2 2 25
11282 2 1 1 2 1 3 1 44 1 77
11283 3 1 1 2 1 4 1 65
11284 3 1 1 4 3 9 1 10 1 17 1 53
11285 4 1 1 2 1 3 1 4 1 5
11286 3 1 17 2 1 3
11287 3 1 24 2 1 3
11288 4 1 4 2 2 3
11289 6 1 4 3
11290 3 2 2 18
11291 8 9 1 10 2 11 1 12
11292 2 1 1 2 1 4 4 9 2 12
11293 2 1 1 2 1 108
11294 1 1 7 2 4 9 1 12 1 17
11295 1 1 2 2 2 8 1 24
11296 1 2 2 65 1 103
11297 2 1 3 9 1 11 2 12
11298 7 2 2 3
11299 1 1 3 2 1 38 1 77
11300 3 1 5 2 1 3 1 84
11301 1 1 4 2 2 3 1 64
11302 2 1 6 2 2 3
11303 2 1 10 2 2 22
11304 2 2 2 9 2 11 2 12
11305 2 1 4 2 1 3 1 7 1 20
11306 3 1 1 5 1 70
11307 
11308 1 1 9 2 7 9 3 10
11309 3 1 2 2 1 4 1 21
11310 4 1 3 9 2 13 1 71
11311 2 1 1 25 1 66
11312 3 1 2 2 1 4 3 9 3 10
11313 2 1 13 2 1 22
11314 2 2 4 9 2 10 1 24 1 64
11315 1 1 1 2 1 5 1 6
11316 1 1 2 3 3 64
11317 8 9 4 12
11318 2 1 4 2 1 3 1 4 1 14
11319 2 1 4 2 1 4 2 14
11320 1 1 7 2 1 4 1 14
11321 6 2 2 9 2 12 2 13
11322 5 1 1 3 1 4 1 19
11323 15 2 2 14
11324 1 1 1 4 1 26 1 27
11325 3 1 22 2 1 3
11326 2 1 4 2 1 3 1 18
11327 2 1 1 2 3 9 2 11 1 13
11328 
11329 
11330 10 2 1 6
11331 1 1 2 2 1 6 1 8
11332 1 1 2 2 1 6 1 8
11333 4 1 2 2 2 3 2 19
11334 2 63 1 76
11335 2 1 1 6 1 7
11336 1 1 1 2 1 3 10 9 2 12
11337 1 1 11 2 1 8
11338 2 1 3 2 1 70
11339 1 1 4 2 1 8 10 9 2 10
11340 2 1 1 3 1 4 3 64
11341 5 2 1 3 1 74 1 77
11342 1 1 1 2 1 6 5 9 1 10
11343 3 1 13 2 1 3
11344 7 2 1 44 1 51
11345 
11346 
11347 1 1 1 6 1 65
11348 1 1 4 2 1 6 1 42
11349 2 1 1 2 1 6 1 77
11350 3 1 1 2 1 3 1 6
11351 4 1 5 2 1 4
11352 1 1 16 2 4 9 2 10 1 25 1 42
11353 3 2 1 5 5 9 1 12
11354 2 1 4 2 1 7
11355 2 1 5 2 4 9 2 10
11356 2 1 5 2 4 9 2 10
11357 2 1 3 2 4 9 2 10
11358 2 1 1 2 4 9 1 11 1 13
11359 4 9 2 10 4 11
11360 6 2 1 3 5 9 1 12
11361 
11362 9 2 2 3
11363 1 1 1 2 1 6 5 9 1 12
11364 1 1 1 6 1 69
11365 1 1 1 6 1 69
11366 1 1 1 7 1 14 1 19
11367 1 1 1 6 1 14 1 19
11368 3 1 2 2 1 4 3 9 3 10
11369 3 1 6 2 1 99
11370 2 76
11371 
11372 3 1 8 2 1 3
11373 8 9 1 10 2 11 1 12
11374 2 1 4 2 1 4
11375 1 2 3 9 2 12 1 17
11376 2 1 9 2 1 7
11377 
11378 2 7 2 69
11379 3 1 9 2 1 4 1 14
11380 1 1 10 2 1 3
11381 3 1 4 2 3 3
11382 3 1 5 2 1 3 1 4
11383 2 1 4 2 1 6 1 25
11384 2 1 4 2 1 6 1 25
11385 2 1 6 2 1 4
11386 
11387 2 1 1 3 7 9 2 10 1 12
11388 2 1 4 2 1 70
11389 5 1 2 2 1 3 1 4
11390 7 1 1 3 2 4
11391 7 1 1 3 2 4
11392 2 1 5 2 1 4
11393 4 2 2 45
11394 2 9 1 10 1 17 1 24 2 53
11395 3 1 6 9 3 10 1 13
11396 10 2 6 3
11397 1 1 3 9 1 11 1 12 1 17
11398 1 6 9 9 2 10 1 57
11399 4 1 1 4 1 6 1 25
11400 2 1 9 2 1 25
11401 2 1 1 3 4 9 1 12 1 13
11402 8 9 2 10 2 11
11403 2 1 6 9 3 10 1 12
11404 2 1 6 9 3 10 1 12
11405 3 1 2 2 3 9 3 10
11406 2 1 2 2 3 9 2 10 1 13
11407 2 1 6 9 3 10 1 12
11408 3 1 3 2 1 3 1 25
11409 3 1 4 2 1 3 1 25
11410 2 1 11 2 1 25
11411 
11412 1 1 1 2 1 8 10 9 2 10
11413 4 1 7 2 2 3
11414 4 1 5 2 1 4
11415 4 1 5 2 1 4
11416 3 1 8 2 1 3
11417 4 1 7 2 1 4
11418 3 1 9 2 1 3
11419 3 1 9 2 1 3
11420 3 1 9 2 1 3
11421 4 1 8 2 1 4
11422 4 1 8 2 1 4
11423 4 1 8 2 1 4
11424 3 1 1 2 1 4 5 9 1 12
11425 
11426 4 9 1 10 1 11 1 74 1 77
11427 2 1 1 3 1 7 5 9 1 10
11428 6 2 2 3
11429 
11430 2 1 3 2 1 3 1 8
11431 4 2 2 6
11432 1 1 1 5 2 6
11433 5 1 1 4 2 9 3 10 1 17
11434 3 1 1 69 1 70
11435 
11436 2 1 4 2 1 32
11437 1 1 2 9 3 11 1 12
11438 1 1 7 2 4 25 1 100
11439 4 1 4 9 2 10 1 84
11440 
11441 
11442 6 1 6 2 6 3
11443 1 1 11 2 1 3
11444 1 1 17 2 1 3
11445 2 1 1 2 1 3 4 9 1 12 1 17
11446 1 1 2 7 1 69
11447 2 9 1 10 1 17 1 24 2 53
11448 2 1 1 2 1 39
11449 2 1 10 2 4 9 2 10 2 77
11450 4 2 1 8 4 9 1 10 1 11
11451 4 1 1 2 1 4 1 7
11452 
11453 4 1 2 8
11454 2 1 1 4 1 5 5 9 1 10
11455 2 1 14 2 1 19
11456 1 1 2 9 2 11 1 12 1 17
11457 1 1 6 2 1 99
11458 3 1 3 2 1 4 1 6 1 14
11459 2 1 3 2 1 3 1 20
11460 2 1 6 2 1 25
11461 4 1 2 2 2 3 4 9 2 10 2 77
11462 1 1 2 44 1 46
11463 
11464 2 1 4 2 2 3 1 7
11465 1 1 23 2 1 5
11466 1 1 25 2 1 5
11467 3 1 14 2 1 3
11468 3 1 1 7 1 8
11469 3 2 1 6 1 7
11470 3 1 1 7 3 9 3 10
11471 3 44 1 46
11472 
11473 
11474 
11475 2 2 15 9 2 10 1 13
11476 1 5 1 107
11477 3 1 20 2 1 3
11478 2 1 5 2 2 3
11479 2 1 6 2 1 6
11480 2 9 1 10 1 17 2 53 1 64
11481 5 2 4 9 1 13 1 17
11482 4 1 3 2 1 4 1 66
11483 4 1 1 2 2 3 1 66
11484 4 1 2 2 1 70
11485 1 1 3 9 1 12 1 39
11486 
11487 2 1 6 2 1 25
11488 2 1 4 2 1 70
11489 4 1 2 2 1 3 1 4 1 14
11490 4 1 2 2 1 70
11491 2 1 2 2 1 4 1 5 5 9 1 10
11492 
11493 3 1 2 2 1 4 5 9 1 10
11494 3 1 2 2 1 4 5 9 1 10
11495 3 1 2 2 1 4 1 42
11496 2 1 1 2 4 9 2 12
11497 2 1 1 2 4 9 2 12
11498 2 2 2 9 2 11 2 12
11499 5 1 1 4 4 9 1 10 1 13
11500 1 1 2 2 1 7 1 64
11501 1 1 1 6 1 65
11502 2 1 5 2 1 70
11503 2 1 6 2 1 6
11504 
11505 2 1 6 2 5 9 1 13
11506 1 1 1 2 1 5 1 6
11507 1 1 2 2 7 9 3 10
11508 2 1 5 2 1 32
11509 1 2 1 44 1 48
11510 1 5 3 9 1 10 2 11
11511 2 1 22 2 1 22
11512 3 2 1 3 1 7 1 14
11513 4 1 2 2 1 4 1 22
11514 4 1 3 2 1 3 1 8
11515 2 1 6 2 1 116
11516 4 1 3 2 2 3 1 19
11517 4 1 4 2 2 3 2 77
11518 3 1 6 2 1 4 1 14
11519 2 1 1 2 1 3 5 9 1 10 1 32
11520 3 1 3 2 1 46 1 66
11521 
11522 1 1 3 2 1 4 1 14 2 24
11523 
11524 3 1 2 2 1 8
11525 12 9 7 10 1 12
11526 3 1 3 2 1 3 1 19
11527 4 1 8 2 2 3
11528 3 1 1 3 1 70 1 77
11529 2 1 2 2 1 3 1 65
11530 4 1 2 8
11531 3 1 5 2 1 8
11532 5 9 2 10 3 11
11533 4 9 2 10 4 11
11534 1 1 19 2 1 100
11535 4 2 3 3 1 5
11536 2 1 1 2 1 39
11537 2 1 2 2 1 49
11538 1 1 13 2 1 5 1 77
11539 1 1 2 2 1 26
11540 2 2 2 9 2 11 2 12
11541 3 1 1 4 1 8 4 9 2 10
11542 4 1 2 3 5 9 1 13
11543 3 1 2 2 1 3 1 22
11544 1 1 10 2 1 35
11545 9 2 2 5
11546 12 2 2 5
11547 8 2 1 6
11548 2 1 11 2 1 3 1 14
11549 
11550 
11551 
11552 1 1 1 2 5 9 1 12 1 32
11553 1 1 1 2 1 7 1 69
11554 2 2 2 64 1 66
11555 4 1 1 4 3 9 2 10 1 17
11556 1 1 3 9 1 11 1 12 1 17
11557 1 1 2 9 2 11 1 12 1 17
11558 6 1 1 2 2 4 3 9 2 10 1 17
11559 1 1 1 7 1 48
11560 9 9 2 12 1 13
11561 4 1 2 2 1 19 1 70
11562 4 1 3 2 1 4 1 19
11563 
11564 2 1 1 7 1 25
11565 1 1 1 2 1 3 1 103
11566 
11567 1 1 2 2 3 9 3 12
11568 
11569 2 1 3 9 2 11 1 13
11570 1 1 1 2 4 9 2 12 1 14
11571 3 1 4 2 1 3 1 77
11572 1 45 1 76
11573 1 45 1 76
11574 
11575 2 1 2 2 3 9 1 11 2 13
11576 6 9 2 10 1 39
11577 2 1 2 2 4 9 1 11 1 13
11578 2 1 14 2 1 22
11579 2 1 14 2 1 22
11580 4 1 1 2 1 4 1 22
11581 4 1 2 2 1 4 1 66
11582 11 9 6 10 1 11
11583 1 1 8 2 1 95
11584 1 1 2 2 1 27 1 99
11585 4 1 3 2 1 4 2 9 4 10
11586 3 1 6 2 1 8
11587 
11588 
11589 3 1 8 2 1 4 1 14
11590 
11591 
11592 4 2 3 3 1 24
11593 8 9 6 10 2 24
11594 3 1 5 2 3 3 2 4
11595 3 1 2 2 1 8 2 77
11596 2 1 1 3 1 5 1 77
11597 2 1 1 2 1 4 2 5
11598 2 1 3 2 1 14 1 26
11599 
11600 3 1 20 2 1 8
11601 1 7 1 44 1 45 1 69
11602 2 1 20 2 2 22
11603 
11604 
11605 3 1 1 3 1 4 2 64
11606 2 1 6 9 3 10 1 12
11607 3 1 2 4 15 9 3 10
11608 3 1 6 2 1 3 1 77
11609 2 1 5 2 1 34
11610 6 1 6 2 6 12
11611 1 1 9 2 1 14 1 22
11612 1 1 9 2 1 107
11613 2 1 1 3 1 48 1 77
11614 
11615 2 1 3 2 1 3 3 9 3 10
11616 2 1 21 2 2 3
11617 1 1 7 2 1 74 1 77
11618 2 1 5 2 1 3 1 4 5 9 1 10
11619 6 9 2 10 1 39
11620 3 1 2 2 1 4 1 18
11621 2 2 1 3 5 9 1 12 2 14
11622 5 1 2 2 3 3
11623 2 1 4 2 1 34
11624 1 1 16 2 1 65
11625 4 2 1 5 1 8
11626 4 1 1 3 1 4 5 9 1 10
11627 2 1 9 2 1 22
11628 1 1 8 2 7 9 3 10
11629 1 1 9 2 7 9 3 10
11630 1 1 11 2 7 9 3 10
11631 2 1 1 2 2 3 10 9 2 10
11632 2 1 16 2 4 9 2 12
11633 2 1 4 9 1 10 1 13 1 21
11634 3 1 3 9 3 10 3 77
11635 3 1 10 2 1 3
11636 2 1 1 3 1 95
11637 
11638 1 1 16 2 1 63
11639 4 1 3 9 2 13 1 17
11640 5 9 2 10 3 11
11641 1 1 2 2 1 8 4 9 2 10
11642 2 1 6 2 1 4
11643 
11644 2 1 5 9 1 10 1 26
11645 2 1 4 2 1 3 1 18
11646 3 1 4 2 2 3 1 14
11647 7 1 1 2 2 4 1 8
11648 3 2 1 7 1 8 1 24
11649 5 2 2 3
11650 1 1 2 2 5 9 1 10 1 96
11651 1 5 3 9 1 10 2 11
11652 8 9 2 10 2 11 1 66
11653 3 1 1 2 1 4 5 9 1 12
11654 1 1 4 2 1 3 1 7
11655 1 1 9 9 1 10 2 12
11656 8 9 1 10 2 11 1 12
11657 8 9 1 10 2 11 1 12
11658 2 1 6 2 1 45
11659 5 2 3 3 1 26
11660 
11661 4 2 20 9 2 10 2 13
11662 3 9 1 10 2 57 1 100
11663 3 1 3 2 1 25 1 35
11664 6 9 2 10 1 17 1 36
11665 6 9 2 10 1 17 1 36
11666 2 1 2 2 1 6 1 8 1 26
11667 3 1 1 2 3 3 1 4 1 6
11668 7 2 2 3
11669 8 2 1 3 1 4 1 14 1 19
11670 1 1 7 2 7 9 3 10
11671 1 1 6 2 7 9 3 10
11672 1 1 5 2 7 9 3 10
11673 1 1 7 2 7 9 3 10
11674 1 1 6 2 7 9 3 10
11675 1 1 5 2 7 9 3 10
11676 1 1 7 9 3 10 1 19
11677 1 1 1 2 7 9 3 10 1 22
11678 1 1 5 2 7 9 3 10 1 22
11679 3 1 1 3 1 19 1 70
11680 12 2 2 3
11681 1 1 11 2 9 9 5 10
11682 4 1 4 2 1 4 1 66
11683 10 2 1 3 1 4 1 14
11684 1 1 9 2 4 9 1 12 1 13
11685 3 1 12 2 1 4 5 9 1 10
11686 1 1 11 2 5 9 1 10 1 77
11687 3 1 1 2 1 4 1 8
11688 
11689 2 1 8 2 1 25
11690 5 2 4 3 1 4 5 9 1 10 1 14
11691 2 1 1 3 1 107
11692 2 1 16 2 1 19
11693 20 2
11694 24 2
11695 28 2
11696 12 2 2 3
11697 2 1 12 2 1 7
11698 1 1 7 2 1 7 1 64
11699 1 1 3 2 1 3 1 7
11700 2 1 7 2 1 32
11701 4 1 2 9 4 10 4 77
11702 3 1 1 2 1 4 1 6 3 9 3 10
11703 1 19 2 27
11704 3 1 2 2 3 9 3 10
11705 5 2 7 9 2 10 1 13
11706 2 1 1 2 2 103
11707 4 1 12 2 2 3
11708 1 1 4 2 3 9 3 12
11709 
11710 4 1 3 2 1 70
11711 4 1 4 2 1 4
11712 3 1 16 2 1 35
11713 3 1 6 2 1 3 1 77
11714 1 1 1 6 1 18
11715 2 1 1 2 1 118
11716 2 1 2 2 1 118
11717 
11718 3 9 2 10 1 11 2 64
11719 18 2 2 14
11720 2 1 3 2 2 66
11721 1 1 1 44 2 69 1 70
11722 13 2 2 3
11723 3 1 6 2 1 3 1 4
11724 1 1 2 2 1 7 1 64
11725 2 1 1 3 1 7 1 64
11726 1 1 1 2 1 6 1 64
11727 2 1 1 3 1 6 1 24
11728 1 1 1 2 1 3 1 5 1 64
11729 4 1 4 9 6 10 4 77
11730 
11731 1 2 1 6 2 64
11732 1 1 4 2 4 9 1 12 1 17
11733 2 1 8 2 1 25
11734 
11735 4 1 3 2 1 4 1 25
11736 1 1 1 2 1 6 1 64
11737 1 1 4 2 1 74 1 77
11738 
11739 4 1 1 2 1 4 4 9 2 10
11740 4 1 1 2 1 3 1 4 1 8
11741 
11742 1 1 5 2 1 5 1 66
11743 3 1 1 2 1 103 1 104
11744 1 1 1 6 1 14 1 19
11745 2 1 6 2 1 7
11746 2 1 2 2 1 4 1 14 1 44
11747 2 1 4 11 2 12
11748 1 1 2 2 1 3 2 27
11749 4 1 4 2 1 3 1 4 1 14
11750 3 1 2 2 1 3 1 7
11751 
11752 
11753 1 1 13 2 1 3 2 14 1 22
11754 1 1 1 3 1 4 4 64
11755 3 1 1 4 5 9 1 10 1 25
11756 4 2 3 3 1 21
11757 1 1 19 2 1 63
11758 1 1 8 2 5 9 1 10 1 25
11759 5 2 8 9 4 10
11760 2 1 1 2 1 4 1 22 2 27
11761 2 1 1 2 1 75
11762 4 1 1 2 1 4 1 5 1 8
11763 1 46 2 74 1 90
11764 8 2 10 9 2 12
11765 2 1 5 2 1 3 1 4 1 14
11766 1 1 12 2 1 63
11767 2 1 1 2 1 76
11768 1 49 1 76
11769 2 1 2 2 2 3
11770 
11771 3 1 4 2 1 25 1 26
11772 1 1 11 2 9 9 5 10
11773 1 1 9 9 4 10 1 12
11774 1 1 9 9 4 10 1 12
11775 3 2 1 7 1 27
11776 1 1 2 2 1 25 1 44
11777 2 1 1 3 1 14 1 19
11778 
11779 2 1 2 2 1 75
11780 
11781 
11782 2 1 12 2 1 22
11783 4 2 2 3 2 64
11784 1 1 3 2 1 3 1 6
11785 3 9 1 10 1 17 1 24 1 53
11786 1 24 1 74 2 75
11787 4 1 1 2 1 3 1 8
11788 4 75 1 76
11789 1 74 3 75 1 76
11790 3 1 1 44 1 70
11791 2 1 5 2 2 3
11792 1 1 11 2 9 9 5 10
11793 3 1 1 4 1 38
11794 2 1 1 2 2 3 2 25
11795 
11796 5 1 2 2 2 4 3 9 3 10
11797 1 1 3 9 1 11 1 12 1 17
11798 1 1 2 2 1 8 1 27
11799 1 1 2 2 1 8 1 27
11800 8 9 2 10 2 11
11801 4 1 1 2 2 4 1 6
11802 2 1 4 2 2 3
11803 3 1 4 2 1 3 1 4
11804 5 9 2 10 3 11
11805 4 1 2 9 4 12
11806 3 1 2 2 1 8
11807 6 2 1 3 3 14
11808 5 2 1 44 1 51
11809 1 5 2 9 1 10 3 11
11810 7 2 1 6
11811 3 1 1 4 4 9 2 10 1 64
11812 1 1 6 2 5 9 1 10 1 22
11813 5 1 1 4 1 8
11814 6 9 2 10 4 11
11815 4 1 1 2 1 4 1 6
11816 3 1 2 2 3 9 3 10
11817 4 2 1 8 1 44 2 69
11818 1 1 5 2 1 74 1 77
11819 3 1 1 3 2 103
11820 1 1 1 2 1 4 2 27 1 41
11821 5 1 1 2 1 3 1 4 1 19
11822 5 1 3 2 1 3 1 4
11823 4 1 4 2 2 3
11824 10 2 14 9 6 10
11825 3 1 1 2 1 4 1 35 1 77
11826 
11827 4 1 3 2 1 3 1 8
11828 4 1 2 9 1 11 2 13 1 17
11829 3 1 2 2 1 4 3 9 3 10
11830 4 2 1 3 1 7 1 14
11831 3 1 1 4 1 6 1 26
11832 10 9 6 10 2 11
11833 1 1 14 2 1 76
11834 1 1 1 2 1 6 1 14
11835 1 1 5 2 1 3 2 14
11836 6 1 2 4 2 9 2 10 1 17 1 53
11837 3 1 1 2 1 3 1 4
11838 2 1 3 9 2 11 1 13
11839 3 9 1 10 1 11 1 17 1 20
11840 2 1 1 4 1 44 1 94
11841 2 1 8 2 2 25
11842 1 5 1 8 10 9 2 10
11843 2 1 1 3 4 9 1 12 1 17
11844 2 1 1 2 4 9 2 13
11845 3 1 1 6 1 26
11846 2 1 3 2 1 22 1 25
11847 2 1 26 2 1 34
11848 4 1 4 2 1 3 1 4 1 14
11849 4 1 1 2 1 3 1 8
11850 4 1 1 2 1 3 1 8
11851 
11852 1 1 2 2 1 7 1 69
11853 2 1 3 2 1 49
11854 2 1 2 2 1 3 5 9 1 12
11855 3 1 4 9 1 12 1 13
11856 14 9 7 10 1 12
11857 2 1 7 2 1 4
11858 1 1 3 2 3 9 3 12
11859 3 1 2 2 1 4 1 64
11860 2 1 5 2 1 103
11861 
11862 2 1 6 2 2 3
11863 3 1 3 3
11864 3 1 4 2 1 46
11865 4 2 1 3 3 14
11866 2 1 4 2 1 4 2 27
11867 2 1 5 2 5 25
11868 
11869 1 1 3 2 1 3 2 27
11870 1 7 2 27
11871 1 1 2 2 1 8 4 9 2 10
11872 6 9 2 10 1 17 1 36
11873 2 1 3 9 1 11 1 13 1 53
11874 3 1 1 3 1 4 2 27
11875 5 2 1 3 5 9 1 12
11876 4 2 1 3 5 9 1 12
11877 3 1 1 42 1 70
11878 1 1 8 2 3 3
11879 2 1 2 2 2 8
11880 10 2 2 3
11881 1 1 24 2 1 3
11882 1 1 5 9 1 13 1 25 1 44
11883 2 1 3 2 1 34
11884 2 1 2 2 1 3 1 5 1 77
11885 5 2 3 9 2 11 1 13
11886 2 1 12 2 5 9 1 13
11887 4 9 1 10 1 12 1 103
11888 5 2 4 9 1 11 1 13
11889 
11890 2 2 1 64 1 90
11891 1 6 5 9 1 10 1 69
11892 1 2 1 55 1 74
11893 
11894 1 1 17 2 1 41
11895 
11896 1 1 2 2 1 3 1 7
11897 1 1 2 2 1 38
11898 4 11 2 57
11899 
11900 3 1 4 2 2 3 1 4 1 14
11901 2 1 3 9 2 11 1 13
11902 2 1 3 2 2 3 1 4 1 7
11903 2 1 2 2 1 3 1 44
11904 2 1 6 2 2 3
11905 2 1 2 2 1 70
11906 3 1 4 2 1 4 1 8
11907 
11908 4 1 2 2 4 3
11909 3 1 2 2 1 8
11910 2 1 3 2 2 3 1 4 1 7
11911 4 2 2 3 1 7
11912 3 1 2 2 1 104
11913 1 5 3 9 1 10 1 12 1 17 1 24
11914 3 1 2 2 1 3 1 6
11915 1 1 3 2 1 38
11916 1 1 9 2 1 76
11917 2 1 9 2 1 22
11918 3 1 6 2 1 3 1 19
11919 1 1 3 2 1 3 5 9 1 13
11920 4 1 3 2 2 3 1 4
11921 4 1 3 2 1 4 1 77
11922 4 1 2 2 1 4 1 77
11923 3 1 4 2 1 3 1 77
11924 2 1 11 2 1 22
11925 1 1 4 2 1 104
11926 1 1 3 2 1 3 1 103
11927 6 1 2 2 2 4
11928 
11929 
11930 2 1 2 6
11931 1 5 1 6 1 65
11932 1 1 1 2 10 9 1 12 1 13
11933 2 1 11 2 1 7
11934 1 1 10 2 1 8
11935 
11936 2 1 12 2 1 22
11937 3 2 1 3 5 9 1 12
11938 1 1 3 2 1 3 1 103
11939 
11940 4 1 1 2 1 4 3 25
11941 4 1 4 2 2 3
11942 5 1 3 2 1 3 1 4
11943 5 1 3 2 1 3 1 4
11944 5 1 3 2 1 3 1 4
11945 6 1 1 2 2 3 1 4
11946 6 1 2 2 2 4
11947 6 1 1 2 2 3 1 4
11948 2 1 3 2 2 3 1 70
11949 2 1 16 2 1 22
11950 2 1 8 2 1 22
11951 
11952 4 1 1 2 1 4 1 19
11953 1 1 3 2 1 38 1 77
11954 
11955 3 1 2 3 1 21
11956 2 1 2 2 1 3 1 29
11957 1 1 8 9 1 10 1 13 2 53 1 77
11958 1 1 4 2 1 5 1 25
11959 2 1 6 2 1 25
11960 3 1 3 2 3 3
11961 2 1 3 2 1 4
11962 5 2 5 9 4 10 1 13
11963 2 1 2 2 1 7 1 25
11964 2 1 1 2 1 3 2 8 1 24
11965 2 1 5 2 1 4 2 14
11966 
11967 
11968 3 1 1 103 1 104
11969 2 2 1 3 1 24
11970 2 1 7 2 2 3
11971 2 2 1 4 4 64
11972 2 1 6 2 1 70
11973 
11974 2 1 2 2 1 4 2 64
11975 3 1 5 2 1 3 1 19
11976 3 1 4 2 1 3 1 19
11977 5 1 3 2 2 3 1 4 1 14
11978 1 1 3 9 1 12 2 53
11979 1 1 9 2 1 23
11980 2 1 8 2 1 22
11981 2 1 9 2 1 22
11982 
11983 2 1 2 2 1 4 2 64
11984 6 1 2 2 3 3 1 4 1 14
11985 
11986 1 1 13 2 3 3
11987 2 1 1 2 4 9 2 10 1 32
11988 1 1 5 2 3 9 3 12
11989 1 1 12 2 3 3
11990 1 1 12 2 3 3
11991 2 1 11 2 2 3 1 4
11992 16 2 6 3
11993 1 1 14 2 7 3
11994 2 1 10 2 2 3 1 4
11995 1 1 11 2 3 3
11996 3 1 12 2 5 3
11997 1 1 16 2 3 3
11998 3 1 12 2 5 3
11999 1 1 11 9 6 10 1 12
12000 10 9 6 10 2 11
12001 3 1 7 2 5 9 5 10
12002 3 1 7 2 5 9 5 10
12003 2 1 8 2 6 9 4 10
12004 2 1 8 2 6 9 4 10
12005 1 1 14 2 3 3
12006 2 1 7 2 2 9 4 12
12007 3 1 16 2 1 3
12008 1 1 15 2 3 3
12009 2 1 13 2 4 3
12010 2 1 15 2 2 3
12011 4 1 10 2 2 3
12012 2 1 19 2 2 3
12013 3 1 19 2 1 3
12014 5 1 11 2 3 3 1 77
12015 2 1 2 2 1 56
12016 4 1 4 2 2 3 2 77
12017 3 1 7 2 1 4 5 9 1 10
12018 2 1 16 2 4 9 1 11 1 13
12019 2 1 16 2 4 9 2 12
12020 3 1 17 2 3 9 3 10
12021 1 1 18 2 7 3
12022 1 1 14 2 7 9 3 10
12023 3 1 10 2 2 9 3 10 1 13
12024 3 1 10 2 1 3 2 9 4 10
12025 1 1 24 2 3 3
12026 18 2 4 3
12027 
12028 
12029 3 1 10 2 8 9 3 10 1 13
12030 1 1 12 2 10 9 1 10 1 13
12031 24 2 6 3
12032 24 2 6 3
12033 1 1 17 2 2 3 1 9 5 10
12034 3 1 20 2 3 3
12035 5 2 1 8 15 9 3 12
12036 5 1 19 2 1 3 1 4
12037 4 1 20 2 2 3
12038 4 1 20 2 2 3
12039 4 1 22 2 1 4
12040 4 1 22 2 1 4
12041 4 1 22 2 1 4
12042 4 1 22 2 1 4
12043 4 1 22 2 1 4
12044 6 2 1 3 15 9 3 12
12045 4 1 17 2 2 9 4 10
12046 3 1 26 2 1 3
12047 
12048 3 1 22 2 1 3
12049 1 1 22 2 3 3
12050 3 1 18 2 5 3
12051 1 1 16 2 5 9 5 10
12052 2 1 22 2 2 3
12053 15 2 3 3 5 9 1 12
12054 2 2 1 8 15 9 3 12
12055 2 1 18 2 1 3 5 9 1 12
12056 24 2 4 3
12057 3 1 24 2 1 3
12058 
12059 
12060 
12061 21 2 4 3
12062 1 1 20 2 5 3
12063 1 1 22 2 3 3
12064 1 1 13 2 7 9 5 10
12065 3 1 3 2 1 3 1 66
12066 4 1 21 2 4 3
12067 21 2 4 3
12068 23 2 4 3
12069 
12070 
12071 
12072 
12073 
12074 
12075 
12076 3 1 9 2 1 3 1 77
12077 4 1 2 2 1 3 1 8
12078 1 1 9 2 9 9 7 10
12079 1 5 1 14
12080 4 1 1 3 1 4 1 5
12081 4 1 1 2 1 4 1 7
12082 1 1 4 2 5 9 1 10 1 22
12083 7 1 2 2 2 4 2 9 3 10 1 17
12084 1 1 1 2 1 3 4 9 2 12
12085 6 2 4 25 2 100
12086 1 1 10 2 1 3
12087 
12088 1 1 15 2 3 9 7 10
12089 1 1 22 2 1 3 1 19
12090 
12091 1 1 15 2 1 3 4 9 2 12
12092 1 1 7 2 11 9 7 10
12093 3 1 7 2 3 3 1 4
12094 10 2 6 3
12095 7 2 1 3 1 6 1 64
12096 1 1 20 2 5 9 1 12
12097 1 1 15 2 1 3
12098 1 1 3 2 1 44 1 45
12099 2 1 15 2 1 3 5 9 1 12
12100 4 1 1 3 1 4 1 5
12101 2 1 1 2 3 25
12102 4 1 1 3 1 7 1 26
12103 5 1 1 26 1 70
12104 1 1 9 9 2 10 1 12
12105 5 1 3 3 2 25
12106 4 1 4 2 1 3 1 26
12107 1 1 2 2 1 7 5 9 1 10
12108 3 1 7 2 1 8
12109 3 1 1 2 1 4 10 9 1 10 1 13
12110 2 1 2 3 2 6
12111 6 1 2 4 8 9 4 10
12112 
12113 
12114 4 1 4 9 2 13
12115 2 1 2 2 10 9 2 13
12116 2 1 10 9 2 13
12117 3 9 1 36 1 39
12118 2 1 2 2 1 4 1 6
12119 3 2 1 8 7 9 3 10
12120 
12121 
12122 2 1 3 2 1 3 1 7 1 8
12123 2 1 23 2 1 32
12124 3 1 7 2 1 25 1 26
12125 
12126 2 1 3 2 1 3 1 4 1 14
12127 4 1 2 2 2 3 1 19
12128 
12129 3 1 1 2 1 4 1 63
12130 4 1 1 3 1 4 1 64
12131 4 1 1 3 1 4 1 63
12132 1 1 3 2 1 8 2 69
12133 1 1 3 2 1 8 2 69
12134 3 1 1 2 1 4 1 18 1 77
12135 
12136 2 1 2 2 1 4 10 9 2 12 2 77
12137 4 1 3 2 1 3 1 4 1 14
12138 3 1 5 2 1 4 1 14
12139 1 1 1 2 1 3 2 64
12140 
12141 4 1 1 2 1 3 1 35
12142 4 1 12 2 1 4
12143 2 9 2 11 2 57
12144 3 9 3 57
12145 14 9 2 10 1 11 1 13
12146 3 1 3 2 1 3 1 22
12147 
12148 8 9 2 10 1 39
12149 
12150 1 1 9 9 4 10 1 12
12151 
12152 14 9 5 10 1 12
12153 1 1 11 2 7 9 3 10
12154 4 1 1 2 2 8
12155 1 1 1 2 1 3 1 18 1 64 1 77
12156 
12157 2 1 2 6
12158 3 9 1 17 1 53 1 57
12159 5 1 1 2 1 4 1 46
12160 2 1 14 2 1 6 1 22
12161 4 1 3 2 1 4 1 66
12162 3 9 1 39 1 53
12163 8 9 2 10 1 39
12164 12 9 3 10 1 12
12165 3 1 4 2 1 3 1 19
12166 
12167 
12168 
12169 
12170 
12171 
12172 
12173 
12174 
12175 
12176 2 1 10 2 1 22
12177 3 9 2 10 1 11 2 64
12178 3 1 12 2 1 3
12179 14 2 2 3
12180 7 1 2 4 2 9 3 10 1 17
12181 3 1 1 8 2 77
12182 
12183 3 1 2 2 3 9 3 10
12184 1 1 2 9 3 11 1 12
12185 1 1 26 2 1 3
12186 1 7 5 9 1 10 1 69
12187 4 1 1 2 1 3 1 8
12188 2 1 14 2 1 66
12189 1 2 1 8 1 24 1 27
12190 2 1 14 2 1 66
12191 1 1 8 2 7 9 3 10
12192 1 1 4 9 1 10 1 12 1 42
12193 5 1 2 2 3 3
12194 1 1 21 2 1 3
12195 4 1 2 2 2 3 1 4
12196 1 1 15 2 1 44
12197 1 5 4 9 1 10 1 17
12198 9 9 1 10 1 11 1 12
12199 3 1 9 2 1 4 1 14
12200 5 1 5 2 3 3
12201 5 1 1 2 2 4 1 24
12202 1 1 1 2 1 4 3 64
12203 1 1 3 2 9 9 3 10
12204 3 1 2 2 1 4 1 8
12205 2 1 11 2 1 22
12206 2 1 14 2 1 22
12207 2 1 16 2 1 22
12208 2 1 7 2 2 3
12209 
12210 1 1 1 2 1 3 2 44
12211 2 1 2 3 1 7
12212 2 1 5 2 2 3
12213 1 1 2 2 1 14 1 22
12214 
12215 2 1 4 2 1 3 1 14
12216 2 1 2 2 1 4 2 44
12217 
12218 2 1 1 2 1 3 1 55
12219 2 1 1 2 2 22
12220 
12221 1 1 4 2 1 3 2 64
12222 3 1 2 2 1 3 1 25
12223 1 1 6 2 1 24
12224 
12225 2 1 12 2 1 66
12226 1 1 15 2 1 20
12227 1 2 1 4 4 64
12228 2 1 1 3 1 38
12229 3 1 1 3 1 45
12230 4 1 2 9 4 12
12231 2 1 1 108
12232 1 1 3 2 5 9 1 12 1 25
12233 2 1 3 9 1 11 1 13 1 53
12234 2 1 2 2 2 103
12235 1 1 4 9 1 11 1 12 1 30
12236 5 9 2 10 3 11
12237 4 1 2 9 4 12
12238 
12239 
12240 
12241 3 1 2 2 1 24 1 70
12242 3 1 1 2 1 3 1 8 1 24
12243 3 1 1 2 1 3 1 8 1 24
12244 4 1 1 2 1 3 1 24 1 70
12245 4 1 2 3 1 8 1 24
12246 4 1 2 3 1 8 1 24
12247 3 1 1 2 1 4 1 7 1 24
12248 4 1 1 4 1 8 1 24
12249 4 1 1 4 1 8 1 24
12250 4 1 1 4 1 8 1 24
12251 1 49 1 51 1 90
12252 3 1 2 2 1 3 1 6
12253 2 1 4 2 1 34
12254 1 1 3 9 1 12 2 53
12255 1 6 9 9 2 10 1 57
12256 3 1 7 2 1 3 1 22
12257 
12258 3 1 4 2 1 3 1 19
12259 
12260 1 1 4 2 4 9 1 12 1 13
12261 1 1 10 2 3 9 3 12
12262 2 1 8 2 2 9 4 12
12263 3 1 6 9 3 10 1 13
12264 4 9 2 10 4 11
12265 3 1 6 2 1 4 1 14
12266 4 1 4 2 1 3 1 4 1 14
12267 2 9 1 10 2 11 1 12 1 19
12268 1 1 2 2 1 7 5 9 1 12
12269 2 1 23 2 2 3
12270 2 1 18 2 5 9 1 13
12271 2 1 22 2 2 3
12272 2 1 24 2 2 3
12273 3 1 4 2 1 4 1 42
12274 14 2 2 3
12275 1 1 1 49 1 64
12276 1 1 2 2 1 4 1 21 2 27
12277 1 1 20 2 1 3
12278 1 1 19 2 1 3
12279 3 1 1 18 1 70
12280 3 1 6 2 1 25 1 26
12281 10 9 2 10 1 75 1 76
12282 4 1 1 2 1 4 1 6
12283 3 1 2 2 1 3 1 4 1 7
12284 3 1 2 2 1 8 2 77
12285 1 1 1 8 2 69
12286 6 1 2 4 1 6
12287 3 1 2 2 1 3 1 6
12288 4 1 4 2 2 4 2 14
12289 1 1 5 2 1 55
12290 4 1 8 9 2 10 2 13
12291 3 1 7 2 1 3 1 22
12292 2 1 14 2 1 22
12293 2 1 1 2 1 4 1 49
12294 1 1 23 2 1 64
12295 6 2 2 3
12296 1 5 4 9 1 10 1 17
12297 1 1 2 2 1 3 1 7 1 8 1 24
12298 7 2 1 4 1 6
12299 
12300 3 1 3 2 1 4 1 8
12301 2 1 3 2 1 3 3 27 1 35 1 81 1 103
12302 5 9 1 10 1 46 1 49
12303 5 9 1 10 1 49 1 51
12304 2 1 5 2 2 4 2 27
12305 3 1 4 2 1 3 1 66
12306 
12307 3 1 18 2 1 3
12308 2 1 7 2 1 25
12309 1 2 1 51 1 74
12310 10 2 1 3 1 104
12311 1 1 10 2 1 14 1 22
12312 2 1 14 2 1 66
12313 
12314 2 1 8 2 1 6
12315 2 1 14 2 1 6
12316 2 1 14 2 1 6
12317 2 1 8 2 1 6
12318 3 1 21 2 1 3
12319 1 1 17 2 7 3
12320 3 1 15 2 1 3
12321 9 1 1 2 1 3 3 4
12322 1 1 21 2 3 3
12323 1 1 21 2 3 3
12324 1 1 10 2 7 9 3 10
12325 3 1 3 3 1 77
12326 3 9 1 10 1 17 1 24 1 53
12327 2 1 11 2 1 25
12328 1 1 8 2 1 24
12329 
12330 1 1 1 2 1 5 1 6
12331 
12332 1 6 3 9 1 10 1 11 1 12
12333 1 1 5 2 11 9 9 10
12334 3 1 8 2 1 8
12335 8 9 2 10 2 11
12336 2 1 6 9 3 10 1 12
12337 2 1 2 2 2 3
12338 2 1 7 2 1 3 1 5
12339 2 1 10 2 6 9 4 10
12340 1 1 6 2 1 5 1 66
12341 3 1 4 2 1 8
12342 3 1 1 2 1 4 1 8 1 77
12343 2 1 8 2 1 22
12344 2 1 8 2 1 116
12345 1 1 1 5 4 9 1 10 1 12
12346 
12347 4 1 4 2 2 3 1 4
12348 3 1 1 2 1 4 1 23
12349 3 1 6 2 1 3 1 22
12350 1 1 1 2 1 6 1 69
12351 4 1 1 4 1 6
12352 1 1 2 2 1 6 1 14
12353 
12354 1 1 17 2 1 65
12355 3 2 1 3 1 5 1 6
12356 3 9 1 11 1 39
12357 1 1 5 2 3 3
12358 
12359 1 1 1 2 4 9 1 12 1 13
12360 3 1 5 9 1 10 1 70
12361 1 1 5 9 1 13 1 18
12362 1 1 7 2 3 3 1 4
12363 3 9 1 10 1 17 1 24 1 53
12364 2 9 1 10 1 17 1 24 2 53
12365 4 2 10 9 2 10 1 70
12366 
12367 
12368 
12369 
12370 
12371 
12372 
12373 1 2 5 9 1 13 2 27
12374 2 1 3 2 1 4 1 5 1 14
12375 1 1 2 2 5 9 1 10 2 26
12376 1 1 20 2 1 60
12377 1 20 1 44 1 49
12378 2 1 10 9 2 10 1 70
12379 8 2 1 8 1 24
12380 9 2 1 8 1 24
12381 13 2 1 8 1 24
12382 
12383 14 9 2 10 2 12
12384 
12385 
12386 20 9 2 12 2 13
12387 2 2 1 8 8 9 3 10 1 11
12388 2 1 12 2 1 22
12389 3 1 3 2 1 4 1 42
12390 4 1 1 2 1 4 1 77
12391 4 1 2 2 1 4 1 77
12392 
12393 3 1 2 2 1 3 1 77
12394 3 1 5 2 1 3 1 77
12395 2 1 2 25 2 96
12396 3 1 15 2 1 3 1 22
12397 2 5 1 6
12398 2 5 1 66
12399 2 2 1 6 2 14
12400 1 1 5 2 1 48
12401 1 1 11 2 1 44
12402 1 1 16 2 1 21
12403 
12404 3 2 1 3 1 6 1 14
12405 2 1 2 2 2 3 1 6
12406 1 2 3 9 1 11 2 12
12407 1 1 1 3 4 9 2 12
12408 2 1 1 24 1 69 1 70 1 77
12409 2 1 1 24 1 69 1 70 1 77
12410 2 1 2 24 1 70 1 77
12411 2 1 2 24 1 70 1 77
12412 1 1 1 8 10 9 2 10
12413 
12414 3 1 6 2 3 9 3 12
12415 
12416 8 9 2 10 1 17 1 53
12417 
12418 2 2 4 9 1 10 1 14 1 32 1 57
12419 1 1 4 2 7 9 3 10
12420 2 1 2 2 4 9 1 13 1 17
12421 2 1 14 2 1 22
12422 4 1 3 9 2 13 1 71
12423 4 1 3 9 2 13 1 71
12424 2 11 4 53
12425 5 9 2 10 3 11
12426 2 2 2 3 2 63
12427 2 1 5 2 1 3 1 4 1 14
12428 3 1 2 2 1 4 1 65
12429 3 1 6 2 1 3 1 22
12430 
12431 4 1 2 2 2 3 2 22
12432 3 1 1 2 1 7 1 8
12433 2 2 1 5 1 44
12434 
12435 1 1 7 2 1 24
12436 2 1 7 2 1 25
12437 1 1 6 2 1 5 1 25
12438 1 1 5 2 1 3
12439 3 2 1 6 1 45
12440 2 1 3 2 1 3 1 26
12441 1 1 5 2 1 4 1 64
12442 6 2 1 6
12443 1 1 4 2 7 9 3 10
12444 1 1 1 6 5 9 1 12
12445 2 1 1 4 5 9 1 10 1 24
12446 
12447 2 1 5 9 1 12 1 26
12448 2 1 2 2 4 9 1 13 1 17
12449 1 7 10 9 1 10 1 12
12450 1 1 6 2 4 9 1 12 1 17
12451 1 1 1 3 2 6
12452 5 2 2 27 1 35 1 84 1 102
12453 3 1 1 46 1 49
12454 4 1 2 9 1 11 2 13 1 53
12455 4 1 2 9 1 11 2 13 1 53
12456 4 1 2 9 1 11 2 13 1 53
12457 2 1 2 2 1 6 1 8 1 26
12458 2 1 4 2 1 6 1 8 1 26
12459 2 1 4 2 1 6 1 8 1 26
12460 3 2 1 6 1 8 1 24
12461 1 1 5 9 1 10 1 30
12462 3 1 2 2 1 3 1 70
12463 3 1 3 2 1 46
12464 3 1 8 2 1 3
12465 2 1 3 2 1 3 1 7 1 8
12466 2 1 4 2 1 45
12467 2 1 4 2 1 45
12468 2 2 1 5 1 24
12469 4 1 2 2 2 3 1 116
12470 
12471 6 1 6 2 3 4 6 10
12472 14 2 1 3 1 6 1 42
12473 
12474 
12475 17 2 3 3 1 8
12476 2 1 3 2 1 7 4 9 2 10
12477 
12478 
12479 2 5 2 25
12480 2 1 10 9 2 10 1 70
12481 5 1 1 4 4 9 1 10 1 13
12482 5 9 1 10 1 49 1 74
12483 2 1 2 2 1 4 2 27
12484 2 1 3 9 1 11 1 13 1 53
12485 1 9 2 53 3 57
12486 4 1 2 3 1 6 2 77
12487 3 1 4 2 2 3 1 20
12488 1 1 2 9 3 11 1 12
12489 2 1 9 2 2 25
12490 4 1 1 2 2 26
12491 3 1 3 2 2 3 1 8
12492 1 1 3 9 1 12 2 53
12493 
12494 2 1 4 2 1 3 1 35
12495 
12496 6 1 1 2 2 4 3 9 2 10 1 17
12497 
12498 
12499 2 1 8 2 6 3
12500 2 1 4 2 2 3 1 7
12501 1 1 2 2 8 9 3 10 1 13
12502 3 1 15 2 1 3 1 22
12503 
12504 4 1 1 2 1 4 1 25
12505 2 1 1 2 4 9 2 12
12506 2 1 2 2 4 9 2 12
12507 6 2 2 19
12508 1 1 1 2 3 6 1 8
12509 3 1 5 2 1 4 1 14
12510 3 1 2 2 3 9 3 10
12511 
12512 2 1 2 2 2 3 4 9 2 10
12513 2 1 15 2 1 32
12514 3 6 1 8 1 64
12515 1 1 3 2 1 3 1 4 1 19
12516 4 1 1 4 1 45
12517 2 1 2 2 2 3 4 9 2 10
12518 2 1 7 2 1 45
12519 1 1 4 2 1 26
12520 1 1 4 2 1 3 2 7
12521 3 2 3 9 2 12 1 13
12522 1 1 1 44 1 66
12523 1 2 1 3 1 14 2 42
12524 3 1 2 2 2 3 1 4 1 8
12525 4 1 1 2 1 4 1 6 1 70
12526 2 9 3 11 1 17
12527 15 2 6 3
12528 3 1 2 3 1 14 1 19
12529 3 1 2 2 1 3 1 4 1 6
12530 4 1 1 3 1 4 1 6 1 8
12531 3 1 4 2 1 3 2 4
12532 
12533 12 9 9 10 3 12
12534 1 1 1 3 2 25 2 44
12535 1 1 1 6 1 44
12536 16 2 4 3
12537 1 1 18 2 1 29
12538 1 1 9 2 1 3 10 9 2 12
12539 3 1 1 2 1 4 1 8 1 77
12540 8 2 4 12 2 13
12541 
12542 5 9 2 10 3 11
12543 2 1 2 6 2 77
12544 
12545 
12546 2 1 1 2 1 3 1 14 1 19
12547 
12548 3 1 3 2 1 3 1 4 1 19
12549 1 9 4 11 1 17
12550 2 1 2 2 1 3 1 104
12551 1 1 20 2 5 3
12552 2 1 10 2 1 22
12553 2 1 1 7 1 19
12554 2 1 2 2 1 4 2 27
12555 3 1 4 2 2 3 1 4 1 14
12556 2 9 2 11 2 17
12557 1 9 2 36 3 57
12558 3 1 3 2 3 3 1 4
12559 2 5 1 6
12560 1 1 3 2 7 9 3 10
12561 3 1 2 2 1 3 1 6 1 70
12562 1 4 8 9 2 10 1 14 1 51 2 53
12563 3 1 4 9 1 10 1 13 1 77
12564 
12565 1 1 1 2 1 3 2 27
12566 1 20 1 48
12567 3 2 2 21 1 103
12568 8 9 2 10 2 11
12569 14 1 7 84
12570 6 1 6 2 2 81
12571 1 16
12572 
12573 
12574 
12575 
12576 1 9 4 11 1 17
12577 1 4 2 6 1 7
12578 
12579 2 1 17 2 5 9 1 13
12580 4 1 11 2 1 4
12581 3 1 2 2 2 3 1 4 1 8
12582 2 1 10 2 2 3
12583 4 1 5 2 2 3
12584 2 1 3 2 1 3 1 5
12585 2 1 3 2 5 9 1 13
12586 2 1 5 2 1 3 1 42
12587 2 1 4 2 1 3 1 18
12588 1 1 1 7 1 45 1 69
12589 3 1 12 2 1 3
12590 2 1 3 2 1 3 1 44
12591 1 20 1 44 1 45
12592 4 1 2 2 1 3 1 46
12593 2 1 5 2 1 3 1 4 1 14
12594 1 1 5 9 1 12 1 45
12595 2 1 1 45 1 49
12596 2 1 2 2 1 4 2 64
12597 1 2 1 3 1 5 2 64
12598 3 2 1 3 4 9 1 10 1 14 1 35 1 57
12599 1 1 1 2 1 5 1 45
12600 3 1 15 2 1 3
12601 3 1 15 2 1 3
12602 1 1 4 2 1 44 1 45
12603 2 1 15 2 5 9 1 13
12604 4 1 8 2 2 3
12605 3 1 12 2 1 4 1 14
12606 2 1 12 2 1 3 1 14
12607 3 1 6 2 1 3 1 22
12608 1 1 4 2 1 3 1 19
12609 1 1 2 2 1 3 1 14 1 63
12610 2 1 4 2 1 3 1 5
12611 2 1 6 2 1 3 1 5
12612 3 1 7 2 1 3
12613 2 1 6 2 2 3
12614 1 1 6 2 1 3 2 14
12615 1 1 1 2 1 4 5 9 1 10 2 14 1 19
12616 2 1 6 2 1 104
12617 2 1 13 2 5 9 1 13
12618 2 1 13 2 5 9 1 13
12619 3 1 3 2 2 3 1 14
12620 1 1 1 2 5 9 1 13 1 44
12621 3 1 4 2 1 3 1 70
12622 2 1 3 2 1 3 1 7 1 8
12623 2 1 1 2 1 46 1 65
12624 4 1 1 2 1 3 1 8
12625 2 1 3 2 1 56
12626 1 1 1 3 1 29 1 42
12627 2 1 1 2 1 3 1 6 1 8
12628 
12629 2 1 7 2 1 3 1 14
12630 2 1 1 2 5 9 1 10 1 104
12631 12 2 6 3
12632 2 1 2 3 2 27
12633 1 1 4 2 3 3
12634 2 1 4 2 2 3 1 7
12635 1 1 1 2 10 9 1 12 1 13
12636 3 1 5 2 2 3 1 14
12637 5 2 2 3 4 9 2 10
12638 3 1 3 2 1 3 1 22
12639 4 1 3 2 1 3 1 4 1 14
12640 4 1 1 2 1 4 1 8 1 14
12641 3 1 4 2 1 3 1 70
12642 4 1 4 2 2 3
12643 4 1 4 2 2 3
12644 4 1 4 2 2 3
12645 4 1 3 2 1 4 1 7 1 70
12646 4 1 6 2 2 3
12647 1 1 4 2 1 3 2 14
12648 2 1 12 2 1 3 1 14
12649 2 1 8 2 2 3
12650 3 1 4 2 3 3
12651 2 1 3 2 1 30
12652 2 1 6 2 2 3
12653 2 1 3 2 1 104
12654 4 1 2 2 1 3 1 4 3 9 3 10
12655 2 1 7 2 2 3 2 4
12656 1 1 3 2 1 3 1 8 1 24
12657 4 1 7 2 2 3
12658 4 1 7 2 2 3
12659 4 1 5 2 2 3
12660 4 1 5 2 2 3
12661 4 1 5 2 2 3
12662 3 1 8 2 1 3
12663 4 1 6 2 2 3
12664 3 1 9 2 1 3
12665 4 1 8 2 1 4
12666 4 1 7 2 2 3
12667 3 1 9 2 1 3
12668 2 1 6 2 4 3
12669 2 1 1 2 4 9 1 11 1 13
12670 1 2 2 44 1 45
12671 3 1 2 3 1 63
12672 2 1 5 2 5 9 1 13
12673 2 1 5 2 5 9 1 13
12674 3 1 11 2 1 3
12675 2 1 3 2 1 3 1 63
12676 2 1 4 2 1 3 1 63
12677 4 1 1 2 1 3 1 26
12678 2 1 8 2 1 3 1 14
12679 1 1 1 2 1 3 1 14 1 44
12680 5 1 4 2 1 3 1 4
12681 1 1 1 44 1 46 1 48
12682 2 1 2 2 2 4 1 20 1 26
12683 3 1 1 2 1 3 5 9 1 13
12684 4 1 1 4 5 9 1 13
12685 4 1 3 2 1 3 1 4 1 14
12686 4 1 2 2 3 3 1 14
12687 4 1 2 2 1 3 1 4 1 14
12688 2 1 2 2 1 3 1 8
12689 1 6 9 9 2 10 1 13
12690 3 1 6 2 2 3 1 14
12691 3 1 6 2 2 3 1 14
12692 4 1 3 2 3 3 1 14
12693 4 1 1 2 1 3 1 4 1 14
12694 3 1 5 2 2 3 1 14
12695 2 1 13 2 1 3 1 14
12696 1 1 5 2 2 3 1 14
12697 2 1 1 2 1 4 2 14 1 77
12698 3 1 2 2 2 3 1 8
12699 5 1 2 2 3 3
12700 5 1 2 2 3 3
12701 2 1 5 2 1 3 1 14 1 77
12702 3 1 6 2 1 3 1 22
12703 2 1 1 2 1 3 1 6 1 8
12704 2 1 1 2 1 3 1 6 1 8
12705 2 1 3 2 2 3 2 14
12706 4 1 2 2 4 3
12707 3 1 2 2 1 33
12708 2 1 9 2 1 3 1 14
12709 5 1 1 2 2 3 1 4 1 14
12710 2 1 3 2 2 3 2 64
12711 2 1 3 2 2 3 2 64
12712 1 1 5 2 3 3
12713 1 1 4 2 1 3 2 14
12714 3 1 5 2 1 3 1 4
12715 3 1 2 2 1 3 1 22
12716 3 1 5 2 1 3 1 77
12717 1 1 5 2 1 44 1 45
12718 1 1 3 2 1 3 1 14 1 65
12719 
12720 2 1 6 2 1 45
12721 3 1 3 2 1 3 1 4 1 6
12722 3 1 2 2 1 3 1 4 1 19
12723 1 1 4 2 1 3 1 19
12724 2 1 4 2 2 3 2 14
12725 2 1 7 2 1 3 1 14
12726 1 1 9 2 1 3 2 14 1 22
12727 2 1 1 3 1 44 1 45
12728 4 1 1 2 2 3 1 77
12729 3 1 3 2 1 3 1 45
12730 2 1 4 2 1 3 1 4 1 14
12731 4 1 10 2 2 3
12732 2 1 1 2 1 18 1 104
12733 1 1 1 2 1 5 1 45
12734 1 1 1 2 5 9 1 13 1 20
12735 2 1 3 2 2 3
12736 2 1 3 2 2 3
12737 3 1 3 2 1 3 1 4 1 49
12738 2 1 6 2 1 3 1 4 1 14
12739 2 1 6 2 1 3 1 4 1 14
12740 1 1 2 2 1 22 1 110
12741 3 1 14 2 1 3 1 22
12742 3 1 10 2 1 3
12743 3 1 12 2 1 3
12744 3 1 15 2 1 3
12745 2 1 3 2 1 3 1 64
12746 2 1 13 2 1 3 1 14
12747 2 1 14 2 1 3 1 14
12748 2 1 7 2 1 3 3 9 3 12
12749 3 1 1 2 1 4 4 9 1 10 1 13
12750 3 1 1 3 1 56
12751 3 1 10 2 1 3
12752 1 2 1 3 9 9 3 12
12753 4 1 6 2 2 3
12754 3 1 12 2 1 3
12755 2 1 3 2 1 3 1 8
12756 2 1 3 2 1 3 1 8
12757 2 1 6 2 1 45
12758 3 1 2 2 3 3
12759 2 1 9 2 1 3 1 42
12760 1 1 3 2 1 3 2 14
12761 3 1 8 2 1 3
12762 3 1 5 2 1 3 1 77
12763 2 1 5 2 1 104
12764 1 1 2 2 1 44 1 45
12765 2 1 4 2 1 3 1 63
12766 1 1 3 2 1 3 2 14
12767 4 1 2 2 1 3 1 4 1 14
12768 1 1 5 2 1 26
12769 2 1 5 2 1 3 1 42
12770 
12771 
12772 3 1 4 2 2 3 1 14
12773 3 1 6 2 2 3 1 14
12774 
12775 3 1 7 2 2 3 1 14
12776 2 1 3 2 1 3 1 5
12777 1 1 4 2 1 3 1 6
12778 1 1 6 2 1 33
12779 3 1 1 2 1 3 1 5 1 8
12780 3 1 5 2 1 3 1 4
12781 2 1 15 2 1 3 1 14 1 77
12782 3 2 1 3 1 6 1 64
12783 2 1 2 2 10 9 2 13
12784 
12785 2 1 1 2 2 3 2 6
12786 1 2 1 3 2 14 1 20
12787 3 1 1 2 1 3 1 6
12788 3 1 1 2 1 3 1 6
12789 3 1 3 2 1 3 1 77
12790 2 1 3 2 1 76
12791 2 1 4 2 2 3
12792 2 1 3 2 2 3 1 6
12793 2 1 3 2 1 3 1 42
12794 3 2 1 3 3 64
12795 2 1 6 2 1 3 1 14
12796 2 1 6 2 1 3 1 14
12797 2 1 6 2 1 3 1 14
12798 2 1 6 2 1 3 1 14
12799 1 1 1 2 2 45 1 64
12800 3 1 6 2 1 26 1 77
12801 2 1 3 2 1 3 1 7 1 8
12802 3 1 5 2 1 3 1 22
12803 3 1 1 2 2 4 9 9 3 10
12804 3 1 4 2 2 3 1 14
12805 1 1 5 2 1 3 2 14
12806 2 1 3 2 1 3 1 20
12807 2 1 1 3 1 14 1 19
12808 3 1 3 2 1 3 1 22
12809 3 1 6 2 1 3 1 4
12810 2 1 1 2 2 3 2 14
12811 2 1 9 2 1 3 1 14 1 77
12812 4 1 2 2 1 3 1 4 1 14
12813 2 1 4 2 3 9 1 11 1 13 1 17
12814 2 1 6 2 2 3
12815 2 1 17 2 1 3 1 14
12816 1 1 5 2 1 3 5 9 1 13
12817 2 1 22 2 2 3
12818 2 1 22 2 2 3
12819 2 1 22 2 2 3
12820 2 1 22 2 2 3
12821 3 1 3 2 1 4 5 9 1 10
12822 3 1 3 2 1 3 1 4
12823 2 1 11 2 5 9 1 13
12824 2 1 2 2 1 56
12825 2 1 2 2 8 9 2 10 2 13
12826 1 1 2 2 1 3 1 103
12827 3 1 4 9 1 10 1 13 1 70
12828 2 1 2 3 1 5 1 14
12829 1 1 2 2 4 9 1 12 1 13
12830 2 1 5 2 2 3
12831 7 2 3 3 1 14
12832 2 1 2 3 2 5
12833 4 1 1 2 1 3 1 4 1 14
12834 3 1 1 2 1 3 1 4 2 64
12835 2 1 5 2 1 3 5 9 1 12
12836 
12837 2 1 1 2 2 3 2 14
12838 1 1 3 2 1 44 1 45
12839 3 1 1 8 5 9 1 13
12840 4 1 2 2 3 3 1 14
12841 3 1 2 2 2 3 1 8
12842 2 1 3 2 1 3 1 64
12843 2 1 7 2 1 3 1 14 1 77
12844 3 1 3 2 2 3 1 4 1 42
12845 3 1 5 2 1 3 1 22
12846 3 1 1 2 3 3 1 19
12847 2 1 1 2 3 9 1 11 1 13 1 17
12848 1 1 1 3 1 7 2 64
12849 1 1 3 2 1 3 1 30
12850 6 1 2 2 4 3
12851 3 1 6 2 1 3 2 77
12852 5 1 2 2 3 3
12853 6 1 1 2 2 3 1 4
12854 6 1 1 2 2 3 1 4
12855 6 1 1 2 2 3 1 4
12856 6 1 1 2 2 3 1 4
12857 6 1 4 3
12858 6 1 1 2 2 3 1 4
12859 2 1 12 2 1 3 1 14
12860 
12861 2 1 2 2 1 3 1 41
12862 4 1 1 2 2 3 1 77
12863 3 1 2 2 1 3 1 22
12864 4 2 2 3 2 64
12865 3 1 1 2 1 103 1 104
12866 1 1 3 2 1 44 1 45
12867 3 1 2 2 2 9 3 10 1 13
12868 2 1 2 2 1 3 5 9 1 12
12869 4 1 3 2 3 3 1 5
12870 2 1 8 2 2 3
12871 1 1 3 2 1 3 2 64
12872 3 1 6 2 1 3 1 22
12873 4 1 6 2 2 3 1 4
12874 3 1 17 2 1 3
12875 2 1 2 2 1 3 1 14 1 19
12876 1 1 12 2 3 3
12877 2 1 13 2 4 3
12878 1 1 15 2 3 3
12879 3 1 12 2 1 3
12880 3 1 6 2 1 3 2 77
12881 1 1 18 2 7 3
12882 3 1 10 2 1 3 1 22
12883 12 1 8 2 3 3 3 4 1 8
12884 13 2 8 3
12885 5 1 18 2 3 3
12886 3 1 22 2 1 3
12887 3 1 22 2 1 3
12888 3 1 22 2 1 3
12889 4 1 22 2 1 4
12890 4 1 19 2 4 3
12891 1 1 21 2 5 3
12892 1 1 24 2 5 3
12893 22 2 4 3
12894 1 1 22 2 3 3
12895 2 1 22 2 2 3
12896 1 1 16 2 4 9 1 12 1 13
12897 22 2 6 3
12898 2 1 18 2 3 9 2 11 1 13
12899 1 1 21 2 3 3
12900 4 1 21 2 4 3
12901 
12902 
12903 3 1 11 2 1 3 1 77
12904 5 1 10 2 5 3
12905 2 1 9 2 2 3 4 9 2 10
12906 4 1 8 2 2 3
12907 4 1 9 2 2 3
12908 4 1 10 2 2 3
12909 2 1 3 2 1 4 4 9 2 10
12910 2 1 1 3 1 14 1 45
12911 4 1 1 2 1 3 1 7 1 26
12912 5 1 1 2 1 26 1 70
12913 3 1 3 3 2 14
12914 
12915 1 1 10 9 1 12 1 13
12916 3 1 2 2 1 3 1 45
12917 2 1 13 2 1 3 1 14
12918 2 1 4 2 1 3 1 21
12919 2 1 3 2 1 3 1 21
12920 1 2 1 45 2 64
12921 4 1 1 2 1 3 1 46
12922 3 1 2 3 1 44
12923 2 1 1 2 2 45
12924 5 1 9 2 3 3 1 4 1 5 1 14
12925 1 1 5 2 1 3 2 14
12926 2 1 5 2 1 3 1 14
12927 3 1 9 2 1 3
12928 3 1 1 2 1 4 1 44 1 45
12929 3 1 7 2 2 3 1 14
12930 3 1 6 2 3 3
12931 2 1 8 2 2 3
12932 4 1 8 2 2 3
12933 4 1 8 2 2 3
12934 2 1 7 2 2 3
12935 3 1 3 2 1 3 1 19
12936 1 1 2 2 5 9 1 13 1 14
12937 2 1 2 2 2 3 2 14
12938 1 1 2 2 1 3 2 42
12939 3 1 3 2 1 26
12940 5 1 3 2 3 3
12941 2 1 2 2 1 3 1 24
12942 3 1 2 3 1 24
12943 2 1 5 2 1 3 1 4 1 14
12944 2 1 4 2 1 3 1 8
12945 2 1 4 2 1 4 1 5 1 14
12946 1 1 1 3 1 4 4 64
12947 2 1 1 44 1 45 1 46
12948 1 1 2 2 1 44 1 45
12949 2 1 4 2 1 104
12950 2 1 11 2 1 3 1 14 1 77
12951 3 1 5 2 1 3 1 22
12952 8 1 6 2 2 3 2 4
12953 1 1 10 2 3 3
12954 3 1 5 2 1 4 1 14
12955 3 1 10 2 1 3
12956 3 1 14 2 1 3
12957 3 1 16 2 1 3
12958 3 1 17 2 1 3
12959 3 1 18 2 1 3
12960 
12961 
12962 2 1 7 2 4 9 1 13 1 17
12963 3 1 15 2 1 3
12964 
12965 6 1 3 2 3 9 3 13
12966 3 1 2 2 2 3 1 14
12967 4 1 1 2 3 3 1 14
12968 4 1 3 2 1 3 1 4 1 14
12969 2 1 15 2 5 9 1 13
12970 5 1 1 2 2 3 1 4 1 14
12971 10 2 4 3
12972 3 1 2 2 1 3 1 4 2 14
12973 3 1 2 2 1 3 1 4 2 14
12974 1 1 17 2 3 3
12975 1 1 21 2 3 3
12976 3 1 4 2 1 3 1 77
12977 4 1 2 2 1 3 1 4 1 14
12978 5 1 2 3 1 4 1 14
12979 4 1 2 2 1 3 1 4 1 14
12980 
12981 3 1 5 2 2 3 1 14
12982 4 1 4 2 1 3 1 4 1 14
12983 4 1 4 2 1 3 1 4 1 14
12984 4 1 3 2 3 3 1 14
12985 4 1 3 2 3 3 1 14
12986 4 1 3 2 3 3 1 14
12987 4 1 3 2 3 3 1 14
12988 5 1 1 2 2 3 1 4 1 14
12989 5 1 2 2 2 4 1 14
12990 3 1 4 2 2 3 1 14
12991 5 1 1 2 2 3 1 4 1 14
12992 4 1 3 2 1 3 1 4 1 14
12993 4 1 3 2 1 3 1 4 1 14
12994 4 1 3 2 1 3 1 4 1 14
12995 3 1 4 2 2 3 1 14
12996 5 1 2 2 2 4 1 14
12997 3 1 2 2 1 26
12998 2 1 9 2 1 3 1 14
12999 2 1 12 2 1 3 1 14
13000 1 1 14 2 2 3 2 14 1 42
13001 3 1 4 2 1 3 1 7
13002 3 1 3 2 2 3 1 14
13003 2 1 3 2 4 9 1 13 1 17
13004 2 1 3 2 2 3 2 14
13005 3 1 1 2 2 3 1 18
13006 2 1 5 2 1 3 1 14
13007 3 1 3 2 1 3 1 70
13008 1 1 7 2 1 3 2 64
13009 2 1 1 2 1 22 1 45
13010 2 1 1 2 2 3 1 6
13011 2 1 10 2 4 3
13012 3 1 3 2 1 3 1 4 1 114
13013 4 1 14 2 2 3
13014 
13015 3 1 2 2 1 3 1 81
13016 3 1 1 2 1 33
13017 2 1 5 2 5 9 1 13
13018 3 1 1 2 1 3 1 4 2 14
13019 3 1 3 2 1 3 1 77
13020 2 1 4 2 1 3 1 14
13021 2 1 6 2 1 3 1 14
13022 1 1 1 3 1 7 1 18 1 24
13023 1 7 1 18 1 24 1 45
13024 2 1 1 7 1 24 1 26 1 77
13025 3 1 6 2 1 3 1 22
13026 3 1 4 2 1 3 1 22
13027 3 1 3 2 3 3
13028 2 1 2 2 2 3 2 64
13029 2 1 2 2 3 3 1 14
13030 2 1 4 2 2 3 2 14
13031 3 1 2 2 2 3 1 42
13032 4 1 3 3 1 42
13033 3 1 3 2 2 3 1 4 1 14
13034 2 5 4 9 2 10
13035 2 1 3 2 4 9 1 13 1 17
13036 2 1 5 2 1 3 1 18
13037 2 1 1 2 3 3 3 14
13038 8 2 1 9 3 11 2 13
13039 
13040 2 1 1 2 1 3 2 8 1 24
13041 3 1 9 2 2 3 1 14
13042 2 1 7 2 1 6
13043 2 1 6 2 4 3
13044 2 1 2 3 2 27
13045 1 1 7 2 3 3
13046 1 1 7 2 3 3
13047 
13048 2 2 1 29 1 30 1 42
13049 
13050 1 1 5 9 1 13 1 44
13051 5 1 1 4 1 46
13052 3 1 1 4 1 6 5 9 1 10
13053 1 5 1 6 1 24
13054 1 1 1 8 10 9 2 10
13055 4 1 2 3 1 6
13056 
13057 2 1 2 2 3 9 2 10 1 17
13058 4 1 1 4 1 6 1 25
13059 
13060 12 2 6 3
13061 1 1 1 6 1 25 1 69
13062 1 1 1 6 1 25 1 69
13063 
13064 2 2 4 9 2 10 1 24 1 42
13065 1 2 9 9 2 12 1 13
13066 
13067 1 1 2 2 1 3 4 9 2 12
13068 3 1 1 6 1 26
13069 2 1 1 6 1 77
13070 1 1 1 2 1 3 2 18
13071 
13072 2 6 10 9 2 10
13073 1 6 2 64
13074 1 6 2 64
13075 1 1 1 6 1 64
13076 1 1 1 6 1 64
13077 1 6 2 63
13078 
13079 1 1 1 8 2 69
13080 
13081 2 110
13082 4 2 2 6
13083 
13084 2 1 5 9 1 12 1 33
13085 1 2 2 3 1 27 4 46 1 49
13086 1 2 2 3 4 46 1 49 1 77
13087 1 5 1 6 1 69
13088 
13089 
13090 4 2 8 9 4 10 2 25 2 64
13091 18 9 6 10
13092 
13093 
13094 
13095 
13096 
13097 2 2 3 9 1 11 2 12
13098 
13099 3 1 1 4 1 8 10 9 2 10
13100 3 2 4 3
13101 
13102 4 2 2 6
13103 1 1 21 2 5 3
13104 2 1 21 2 6 3
13105 3 74 1 75 1 76
13106 1 1 2 10 1 42 4 53 1 77
13107 2 1 5 2 1 6
13108 1 1 4 2 1 6 1 20
13109 4 1 4 9 2 10 1 84
13110 2 1 4 2 4 9 2 12
13111 3 1 2 2 1 3 1 25 1 101
13112 1 2 1 4 1 14 3 44
13113 
13114 1 1 3 2 5 9 1 10 1 25
13115 1 51 1 75 1 87
13116 4 1 1 2 1 3 1 4 1 44
13117 3 9 1 17 1 39
13118 1 6 10 9 2 10 1 77
13119 2 1 4 2 4 9 2 10 2 77
13120 3 1 2 3 1 14 1 19
13121 2 1 5 2 4 9 1 13 1 17
13122 
13123 1 1 12 2 2 6 1 94
13124 5 1 1 2 1 3 2 26
13125 1 1 2 2 1 7 1 21
13126 2 1 4 2 5 9 1 13 2 25
13127 3 1 11 2 1 4 1 14
13128 2 1 2 2 1 26 1 100
13129 18 2 6 3
13130 3 1 1 4 4 9 2 10 1 18 2 25
13131 2 2 1 7 5 9 1 10 1 21
13132 1 1 4 3 4 14 1 20
13133 2 2 1 5 1 25 1 41 1 77
13134 
13135 4 1 2 2 4 9 2 13
13136 4 9 1 10 1 11 1 38
13137 1 1 1 3 1 14 1 42
13138 2 9 2 10 6 53
13139 2 9 2 10 6 53
13140 2 9 2 10 6 53
13141 2 9 2 10 6 53
13142 
13143 1 1 8 2 1 14 1 101
13144 2 1 11 2 4 9 2 10
13145 
13146 2 1 1 2 1 4 2 14 1 66
13147 
13148 1 2 3 3 4 14 1 20
13149 3 1 2 2 1 4 1 42
13150 6 1 2 2 2 4 2 9 3 10 1 17 1 19 1 65
13151 
13152 1 1 3 9 1 11 1 12 1 17
13153 1 1 1 2 5 9 1 13 1 14
13154 1 1 13 2 1 6 1 22
13155 
13156 2 1 1 7
13157 6 9 2 10 1 17 1 36
13158 2 1 3 2 1 3 1 7 1 112
13159 2 1 1 4 1 14 1 94
13160 2 1 4 2 1 96
13162 2 1 2 2 1 6
13163 1 1 2 2 1 51
13164 1 1 15 2 1 31
13165 
13166 
13167 3 9 1 10 2 11 1 44
13168 14 2 2 19
13169 
13170 6 1 2 2 2 4 1 7
13171 3 1 3 2 2 8 1 21
13172 1 1 20 2 1 29
13173 2 1 17 2 1 6 1 22
13174 
13175 2 1 13 2 1 19
13176 4 1 1 4 1 8 3 9 3 10
13177 2 1 3 2 1 6
13178 2 1 14 2 2 22
13179 1 6 4 9 2 10 1 24 1 42
13180 1 6 2 44
13181 
13182 2 1 4 2 1 6
13183 2 1 4 2 1 6
13184 
13185 4 2 2 19
13186 
13187 4 9 2 10 4 53
13188 4 9 2 10 4 53
13189 3 9 2 10 5 53
13190 3 9 2 10 5 53
13191 3 9 2 10 5 53
13192 3 9 2 10 5 53
13193 3 9 2 10 5 53
13194 3 9 2 10 5 53
13195 3 9 2 10 5 53
13196 3 9 2 10 5 53
13197 3 9 2 10 5 53
13198 2 6 10 9 2 10 2 77
13199 
13200 2 2 15 9 2 12 1 13
13201 4 1 2 2 2 3 4 9 2 10 2 77
13202 2 1 10 2 2 22
13203 2 1 2 2 1 3 1 104
13204 2 1 6 2 1 3 1 25 1 100
13205 
13206 1 1 1 5 1 6
13207 6 2 1 4 2 14
13208 
13209 1 1 12 2 4 9 2 10 1 25 1 42
13210 2 1 4 2 4 9 2 10
13211 3 2 1 8 1 65
13212 2 9 1 10 2 11 1 17 1 18
13213 1 1 2 2 1 33 1 77
13214 1 24 1 38
13215 1 1 27 2 1 64
13216 2 1 2 3 10 9 2 10
13217 1 1 1 25 2 74 1 75 1 76
13218 
13219 1 1 1 2 1 6 1 42
13220 
13221 1 1 3 9 1 11 1 12 1 17
13222 1 1 4 2 1 6 1 14
13223 
13224 2 1 25 2 1 32
13225 8 2 2 94
13226 5 2 2 94
13227 1 6 4 9 2 10 1 24 1 42
13228 4 1 2 2 1 4 1 19
13229 1 1 1 2 1 3 1 5 1 20
13230 2 1 14 2 1 6
13231 1 1 10 2 1 22 1 42
13232 1 1 4 2 1 38
13233 
13234 2 1 8 2 4 9 2 10 2 77
13235 1 9 2 10 1 17 1 20 1 24 2 53
13236 2 9 2 10 1 17 1 20 1 24 1 53
13237 1 1 1 2 1 5 1 25 1 103
13238 3 1 3 2 1 4 1 14
13239 7 2 2 94
13240 3 1 3 2 1 4 1 6 1 14
13241 1 1 4 2 1 6 1 42
13242 1 1 14 2 1 42 1 66
13243 2 1 6 2 1 6
13244 3 1 3 2 1 4 1 5
13245 4 1 2 2 1 70
13246 
13247 2 1 5 2 1 70
13248 
13249 
13251 1 1 11 2 4 9 1 10 1 36 1 77
13252 2 1 5 2 1 6
13253 3 2 7 9 4 10 1 13
13254 3 1 14 2 1 3 1 22
13255 1 1 9 2 1 99
13256 3 1 5 2 2 4 1 14
13257 2 1 6 2 1 6
13258 1 1 7 2 1 3 1 4 2 14
13259 1 2 1 38 1 60
13260 
13261 4 1 1 2 2 3 1 22
13262 2 1 8 2 2 77
13263 2 9 2 11 1 39
13264 
13265 4 1 2 9 1 11 2 13 1 17
13266 1 1 6 2 1 38
13267 21 2 4 3
13268 2 9 2 10 2 11 1 18 1 24
13269 3 1 8 2 1 4 1 14
13270 3 1 2 2 1 3 1 4 2 14
13271 3 1 2 3 1 20
13272 1 1 2 2 1 4 5 9 1 12 2 14
13273 1 1 1 32 1 97
13274 5 9 1 12 1 74
13275 1 1 1 2 1 25 1 41
13276 2 1 2 2 1 3 1 26
13277 2 1 3 2 2 3 2 14
13278 2 1 21 2 1 34
13279 7 2 1 4 2 64
13280 1 1 12 2 1 22 1 42
13281 3 1 14 2 1 4 1 42
13282 3 1 12 2 1 3
13283 2 1 13 9 4 10 1 13
13284 
13285 
13286 1 1 5 2 1 14 1 101
13287 2 1 10 2 1 3 1 14
13288 
13289 2 1 3 2 1 3 1 14 1 22
13290 4 2 2 3 2 42
13291 1 2 1 48 1 51
13292 2 1 9 2 1 45
13293 2 1 4 2 1 3 1 44
13294 2 1 4 2 1 3 1 44
13295 2 2 1 3 3 64
13296 1 51 1 76
13297 4 1 6 9 2 10 2 13
13298 2 1 6 2 1 3 1 14
13299 1 44 1 45 2 49
13300 2 1 6 2 1 3 1 42
13301 5 9 2 10 3 53
13302 5 9 2 10 3 53
13303 
13304 2 1 15 2 1 25
13305 5 9 3 10 2 12 1 63
13306 2 2 3 3 4 14 1 20
13307 1 1 2 9 1 10 1 34 3 57
13308 8 9 4 10 1 49
13309 2 1 6 2 1 3 1 42
13310 1 1 4 2 5 9 1 12 1 32
13311 6 2 1 3 1 31
13312 9 9 1 10 1 13 1 14 1 36
13313 1 1 7 2 1 25 1 100
13314 2 1 2 2 2 3 2 14
13315 1 1 3 2 1 3 2 14
13316 2 1 4 2 1 56
13317 
13318 2 1 1 3 7 9 2 10 1 12
13319 1 1 14 2 1 6 1 97
13320 2 1 19 2 1 22
13321 
13322 
13323 
13324 1 1 1 8 4 9 2 12
13325 2 1 14 2 1 3 1 42
13326 2 1 7 2 1 3 1 14
13327 2 1 7 2 1 3 1 14
13328 2 1 13 2 1 6 1 22
13329 1 1 3 9 1 10 1 12 1 17 1 24
13330 
13331 2 1 13 2 1 22
13332 1 1 11 2 1 23
13333 
13334 
13335 
13337 6 2 2 3
13338 1 1 1 2 7 9 3 10 1 19
13339 1 1 3 2 7 9 3 10 1 22
13340 2 1 6 2 1 19 1 66
13341 3 1 1 4 1 7 4 9 2 10 1 109
13342 
13343 
13344 2 1 23 2 1 22
13345 
13346 1 1 13 2 1 31
13347 3 1 7 2 1 3 1 77
13348 1 1 2 2 1 5 2 22
13349 3 2 2 3 2 64
13350 1 1 4 2 7 9 3 10 1 77
13351 1 1 3 2 7 9 3 10 1 77
13352 2 1 5 9 1 10 1 104
13353 1 1 3 9 1 12 1 36 1 53
13354 2 1 2 2 7 9 2 10 1 13
13355 6 1 2 2 1 3 2 4 1 42
13356 2 1 17 2 1 22
13357 11 9 8 10 1 11
13358 2 51 1 75
13359 6 2 1 8 1 14
13360 2 1 12 2 1 6 2 77
13361 1 1 16 2 2 6 1 19 1 33
13362 6 9 2 10 1 36 1 57
13363 6 9 2 10 1 36 1 57
13364 1 7 1 24 1 44
13365 3 1 1 4 1 41
13366 2 1 5 2 4 9 1 13 1 17
13367 2 1 3 2 2 3 2 14
13368 2 2 8 9 2 10 2 11 2 35
13369 
13370 
13371 3 2 2 94
13372 2 1 14 2 1 22
13373 4 9 2 10 4 53
13374 1 1 5 2 1 6 5 9 1 10 1 77
13375 10 9 1 10 1 12 1 75
13376 
13377 2 1 6 2 1 3 1 42
13378 2 1 1 2 4 9 1 13 1 17
13379 1 51 1 75
13380 2 1 3 9 1 11 1 13 1 57
13381 3 74 1 76
13382 
13383 
13384 2 1 11 2 1 32
13385 2 1 15 2 1 22
13386 1 4 10 9 2 10 2 14 1 19
13387 1 1 4 3 4 14 1 20
13388 
13389 
13390 1 2 4 3 5 14 1 26
13391 2 2 1 48 1 64
13392 
13393 1 1 3 2 1 25 1 64
13394 1 2 10 9 1 10 1 13 1 19 1 104
13395 
13396 4 1 2 2 4 3
13397 4 1 2 2 4 3
13398 2 2 2 76
13399 3 2 2 76
13400 12 2 4 3
13401 3 1 6 2 1 8
13402 1 74 7 75 1 76
13403 10 2 2 19
13404 2 1 11 2 4 3 2 4 1 8 1 19 1 22 1 65
13405 6 2 2 19
13406 6 2 2 94
13407 
13408 1 1 1 2 1 75 1 76 1 77
13409 5 1 1 2 2 3 1 4 1 14
13410 2 1 4 2 1 3 1 18
13411 4 1 2 2 1 3 1 4 1 18
13412 2 1 4 9 1 13 1 71
13413 2 1 1 2 1 3 1 35 1 77
13414 2 1 2 2 1 6
13415 1 1 3 2 1 74
13416 1 1 5 2 1 75
13417 
13418 5 18 1 25 5 26
13419 2 1 15 2 1 3 1 14
13420 1 1 1 6 1 24
13421 
13422 1 2 1 64 1 90
13423 1 44 1 74 1 75
13424 1 20 1 74 1 75
13425 2 1 15 2 1 22
13426 1 48 1 51 1 75
13427 1 48 1 75 1 87
13428 1 48 1 75 1 90
13429 3 1 3 2 1 4 1 25 1 110
13430 1 1 9 2 1 3 2 14
13431 1 1 25 2 1 64
13432 
13433 
13434 1 1 4 2 1 3 2 14
13435 4 1 3 2 1 4 1 25 1 101
13436 1 1 14 2 1 6 1 94
13437 3 69 1 70 1 90
13438 4 1 1 2 1 3 1 4 1 5
13439 1 4 15 9 2 10 1 13 1 14 1 42
13440 1 4 10 9 2 10 2 27
13441 6 2 5 9 1 13
13442 2 1 3 2 1 3 1 4 1 14
13443 
13444 8 2 2 104
13445 4 1 2 2 2 3 4 9 2 10 2 77
13446 2 1 14 2 4 9 2 10 2 77
13447 
13448 3 1 11 2 5 3 2 4
13449 1 2 9 9 2 12 1 13
13450 6 1 1 3 2 4 3 9 3 10
13451 5 1 2 2 2 4 3 9 3 10
13452 4 1 1 2 1 8 2 9 1 10 1 13 2 57 1 77
13453 4 1 1 3 1 8
13454 
13455 1 1 3 9 2 10 1 17 1 20 1 25
13456 
13457 1 1 19 2 1 41
13458 1 1 6 2 4 3 1 4 3 9 3 10 2 14
13459 5 74 1 75 3 76
13460 5 9 2 10 3 53
13461 5 2 2 3 10 9 2 10
13462 1 2 3 3 4 14 1 20
13463 5 1 2 2 2 3 1 4 1 14
13464 6 1 3 3 1 4 1 14
13465 2 1 7 2 1 3 1 4 1 14
13466 5 9 2 10 3 53
13467 4 9 2 10 4 53
13468 1 1 4 2 1 6 1 42
13469 1 1 4 2 1 6 1 42
13470 
13471 5 9 3 10 2 12 1 64
13472 2 1 1 2 1 4 10 9 2 10
13473 4 1 2 3 3 9 2 12 1 17
13474 1 1 1 27 1 99
13475 1 1 1 2 3 9 3 12
13476 1 44 1 45 3 69 1 70
13477 3 1 4 2 3 3 2 14
13478 1 1 16 2 5 9 1 10 1 96
13479 3 1 12 2 1 4 1 14
13480 2 1 15 2 1 3 1 14
13481 2 2 2 3 3 14 1 20
13482 1 1 7 2 1 27 1 99
13483 3 1 10 2 1 4 1 14
13484 5 1 3 2 2 3 1 4 1 14
13485 
13486 
13487 3 1 9 2 1 4 1 14
13488 3 1 7 2 1 4 1 14
13489 3 1 8 2 1 4 1 14
13490 3 1 18 2 1 4 1 14
13491 3 1 15 2 1 4 1 14
13492 5 1 3 2 2 4 1 14
13493 5 1 5 2 2 4 1 14
13494 3 1 8 2 1 4 1 14
13495 5 1 6 2 2 4 1 14
13496 6 1 2 2 3 3 1 4 1 14
13497 1 1 1 2 1 6 1 44
13498 3 9 2 10 5 53
13499 1 1 5 2 1 38 1 77
13500 2 1 4 2 1 3 1 4 1 14
13501 2 1 4 2 1 3 1 4 1 14
13502 1 1 8 2 3 3
13503 4 1 4 2 1 3 1 46
13504 1 1 6 2 1 14 1 22
13505 
13506 2 1 7 2 1 25
13507 2 1 15 2 2 3
13508 1 1 5 2 1 3 1 77
13509 1 1 10 2 1 23
13510 7 1 2 3 2 4 1 14
13511 8 1 1 3 3 4 1 14
13512 1 3 1 7 2 21 1 69
13513 1 1 16 2 5 9 1 12 1 19
13514 3 9 1 10 1 17 1 57 1 64
13515 1 70 8 75
13516 1 1 2 2 7 9 3 10 1 22
13517 4 1 5 2 2 3 1 77
13518 5 9 2 10 2 12 1 53
13519 3 1 2 2 1 3 1 4 1 19
13520 3 1 6 2 1 3 1 22
13521 2 1 1 8 1 42
13522 
13523 3 2 1 29 1 30 1 42
13524 3 1 4 2 2 3 1 42
13525 
13527 4 1 3 2 2 3 2 25 1 101
13528 3 2 5 3 1 4 8 14 3 26
13529 
13530 10 1 2 2 4 4 3 9 2 10 1 17
13531 
13532 10 9 6 10 2 11
13533 2 9 1 17 2 53 1 57
13534 3 9 1 10 1 17 1 57 1 64
13535 1 1 2 2 3 9 2 10 1 17 1 24
13536 4 9 2 10 1 42 1 64
13537 7 1 3 4 1 14
13538 3 2 7 3 9 14 2 26
13539 
13540 2 9 2 10 6 53
13541 1 1 5 2 1 3 2 64
13542 2 1 8 2 1 3 1 14
13543 
13544 2 1 3 2 2 3 2 14
13545 
13546 14 9 2 10 1 11 1 13
13547 6 9 2 10 1 36 1 57
13548 1 1 11 2 1 14 1 25
13549 3 10 3 11 3 64
13550 1 2 5 9 1 10 2 66
13551 1 2 3 3 4 14 1 20
13552 2 2 1 6 2 14
13553 
13554 1 1 3 9 1 11 1 12 1 17
13555 3 1 1 8 2 77
13556 1 1 5 2 1 6 1 65
13557 3 1 1 2 2 3 1 5
13558 
13559 
13560 2 1 15 2 1 22
13561 10 2 2 94
13562 1 1 6 2 4 9 1 10 1 17 1 77
13563 
13564 1 1 4 2 1 3 1 4 2 14
13565 3 1 2 2 1 3 1 4 2 64
13566 1 1 5 2 1 6 4 9 1 10 1 13
13567 3 1 10 2 1 35
13568 3 1 6 2 1 3 1 19
13569 3 1 13 2 1 3 1 77
13570 2 1 5 2 1 6
13571 2 1 5 2 1 6
13572 1 2 1 74 1 87
13573 3 1 1 4 1 38 1 77
13574 
13575 
13576 
13577 4 1 1 3 1 8 1 25
13578 3 1 4 9 1 10 1 13 1 77
13579 1 1 28 2 1 14
13580 7 9 4 10 3 11
13581 2 1 6 2 2 3 2 14
13582 1 1 9 2 1 3 4 9 2 12
13583 3 1 7 2 1 4 1 14
13584 1 1 21 2 3 3
13585 20 2 3 3 1 8
13586 20 2 3 3 1 8
13587 3 1 10 2 1 4 1 41
13588 3 1 4 2 1 4 1 42
13589 
13590 2 1 14 2 4 3
13591 6 9 4 10 4 11
13592 3 1 3 9 2 10 1 12 1 70
13593 2 1 6 2 1 32
13594 4 9 2 10 4 53
13595 6 1 1 2 1 4 1 70
13596 4 9 2 10 4 53
13597 3 9 2 10 5 53
13598 2 9 2 10 6 53
13599 4 1 12 2 2 3 4 9 2 10 2 77
13600 2 1 1 2 1 3 1 30 1 42 1 96
13601 3 1 1 3 1 6
13602 3 1 1 2 1 3 1 6
13603 
13604 1 1 5 2 1 22 1 42
13605 
13606 1 1 4 2 1 4 3 64
13607 2 1 4 2 2 4 2 27
13608 1 1 2 4 5 9 1 10 3 27
13609 4 1 6 2 4 3 2 77
13610 4 1 1 2 2 3 2 22
13611 1 1 11 2 1 14 1 22
13612 
13613 4 1 8 2 2 3 4 9 2 10 2 77
13614 2 1 14 2 1 6
13615 2 1 14 2 1 6
13616 3 1 12 2 1 3
13617 3 1 1 2 1 3 1 6
13618 2 2 1 45
13619 2 1 6 2 1 6
13620 3 1 4 2 1 3 1 22
13621 
13622 
13623 4 1 1 3 1 4 1 14 1 19
13624 
13625 
13626 
13627 3 1 2 2 1 4 1 26 1 27
13628 1 46 1 64 1 75
13629 
13630 1 1 1 2 1 6 1 69
13631 3 1 2 2 1 3 2 4 1 19
13632 2 2 3 3 5 14
13633 1 1 1 3 1 4 3 27
13634 1 1 1 6 5 9 1 10
13635 10 2 2 41
13636 
13637 3 1 9 2 7 3 2 4 2 14
13638 5 1 1 2 2 4 3 9 3 10
13639 
13640 4 1 4 2 2 3 2 22
13641 1 1 12 2 1 3 2 14 1 32
13642 1 1 19 2 1 21
13643 1 1 2 2 3 3 1 6
13644 6 1 11 2 8 3 2 4 1 8 1 14
13645 
13646 1 9 1 10 1 17 3 53 1 64
13647 4 1 3 2 1 4 1 22
13648 1 1 1 6 5 9 1 10
13649 1 11 5 53
13650 2 9 2 10 6 53
13651 2 1 2 2 2 3 2 14
13652 3 1 1 2 1 8
13653 1 1 1 2 1 3 2 14 1 66
13654 7 2 1 6
13655 8 2 1 6
13656 2 1 3 9 2 12 1 17
13657 2 1 5 2 1 4 2 27
13658 1 1 10 2 1 32 1 38
13659 
13660 2 1 3 2 3 9 2 10 1 17
13661 2 1 17 2 4 9 2 10
13662 
13663 2 1 9 2 4 3 2 4 1 19
13664 3 1 4 2 2 3 1 4 1 14
13665 5 2 1 33 1 38
13666 
13667 1 1 5 2 4 9 1 12 1 17
13668 2 1 4 9 1 10 1 13 1 14 1 34
13669 5 1 7 2 2 4 1 14
13670 5 1 4 2 2 4 1 14
13671 2 1 2 2 2 3 1 7
13672 2 2 1 5 1 26 1 27
13673 1 1 9 2 1 3 2 14
13674 4 9 2 10 4 53
13675 1 63
13676 
13677 1 4 2 74 5 75
13678 1 1 18 2 1 6 1 42
13679 3 1 2 2 4 3 1 4 1 14
13680 1 9 2 10 7 53
13681 2 1 5 2 1 3 1 20
13682 2 2 12 9 2 10 1 13 3 17
13683 
13684 1 1 1 19 1 42 1 77
13685 
13686 1 1 3 9 2 11 1 13 1 14
13687 2 2 1 24 1 26 1 27
13688 6 1 2 2 2 3 1 4 1 77
13689 2 1 3 2 2 3 4 9 2 10
13690 1 1 3 2 1 5 1 25 1 103
13691 1 1 12 2 1 3 2 14 1 103
13692 2 1 4 9 1 13 1 53
13693 7 2 2 3
13694 2 1 1 2 4 9 1 10 1 13 1 64
13695 1 1 1 14 1 19 1 30
13696 3 2 5 3 1 6 1 14
13697 5 9 1 12 1 25 1 110
13698 4 1 2 2 1 9 3 10 1 33 2 57
13699 
13700 4 1 2 3 1 116
13701 4 1 1 3 1 4 4 9 1 10 1 17
13702 
13703 1 6 2 63
13704 1 1 4 2 1 6 1 35
13705 2 2 2 5 1 6
13706 8 9 4 10 1 77
13707 2 1 3 2 2 3 1 4 1 7
13708 2 1 4 2 2 3 1 7
13709 3 1 3 2 1 4 1 8
13710 1 1 8 9 2 10 1 13 1 42 1 71
13711 
13712 2 1 2 2 2 3 2 64
13713 4 1 4 2 1 4 1 6 2 8
13714 
13715 
13716 2 2 8 9 2 10 2 35 2 57
13717 
13718 6 1 2 2 4 3 1 6 2 77
13719 1 2 4 3 4 14 1 24 1 26
13720 3 1 1 2 1 35 1 96
13721 1 2 4 3 4 14 1 24 1 26
13722 
13723 3 1 1 2 4 9 1 10 1 13 1 77
13724 2 1 6 2 2 10 4 53 2 77
13725 
13726 1 1 1 3 2 5 2 25
13727 
13728 
13729 
13730 1 1 6 2 1 22 1 42
13731 
13732 6 1 1 2 1 3 2 4 1 14
13733 2 1 4 2 1 3 1 18
13734 
13735 4 1 5 2 1 25 2 26
13736 2 1 5 9 1 13 1 32
13737 1 1 5 9 1 13 1 63
13738 2 1 2 2 2 45
13739 4 1 3 2 3 3 1 14
13740 3 1 3 2 2 3 2 4 1 14
13741 2 1 5 2 4 9 1 13 1 17
13742 2 1 6 2 4 9 1 13 1 17
13743 2 1 7 2 4 9 1 13 1 17
13744 2 1 5 2 4 9 1 13 1 17
13745 3 1 3 2 3 3
13746 2 1 5 2 4 9 1 13 1 17
13747 3 1 1 2 2 3 1 5 1 77
13748 2 1 6 2 1 3 1 4 1 14
13749 2 1 7 2 1 3 1 14
13750 3 1 2 2 2 3 1 44
13751 1 1 3 2 2 3 1 14
13752 2 1 4 2 2 3 2 14
13753 2 1 12 2 1 3 1 42
13754 2 1 12 2 1 3 1 42
13755 3 1 2 2 3 3
13756 2 1 2 2 2 3 2 14
13757 2 1 6 2 1 3 1 14
13758 2 1 5 2 2 3
13759 2 1 5 2 2 3
13760 2 1 5 2 4 9 1 13 1 17
13761 2 1 7 2 1 3 1 14
13762 2 1 2 2 1 4 2 14
13763 2 1 5 2 1 3 1 14
13764 1 49 1 51 1 89
13765 1 1 1 2 1 89
13766 1 45 1 64 1 75
13767 
13768 2 1 7 2 5 9 1 13
13769 3 1 3 2 1 3 1 4 1 70
13770 2 3 2 14 2 42
13771 2 1 11 2 1 3 1 14
13772 3 1 8 2 1 4 1 14
13773 3 1 18 2 1 3 2 77
13774 2 1 14 2 1 3 1 42
13775 
13776 10 9 1 12 1 13 1 18
13777 2 1 8 2 2 3 2 14
13778 2 1 10 2 2 3 2 14
13779 3 1 9 2 1 3 1 22
13780 3 1 12 2 1 3 1 22
13781 3 1 16 2 1 3 1 22
13782 
13783 1 1 1 46 1 48 1 74
13784 2 1 2 3 1 14 1 18
13785 8 2 2 3
13786 2 1 5 2 2 3 2 14
13787 1 2 1 24 1 74 1 75 1 76
13788 2 1 13 2 1 3 1 14
13789 
13790 3 1 11 2 1 3
13791 3 1 8 9 3 10 1 13
13792 2 1 9 9 1 10 1 12 1 13
13793 
13794 3 1 1 2 1 3 1 4 2 14
13795 4 1 3 3 1 14
13796 2 1 8 2 1 3 1 42
13797 2 1 9 2 3 9 2 12 1 13
13798 3 1 5 2 2 3 1 14
13799 2 1 8 2 1 8 4 9 1 10 1 13
13800 6 1 1 2 1 3 2 4 3 9 3 10
13801 3 1 1 2 1 3 1 4 2 14
13802 2 1 2 2 2 3 2 14
13803 3 1 5 2 2 3 1 14
13804 3 1 5 2 2 3 1 14
13805 4 1 3 2 1 3 1 4 1 14
13806 4 1 3 2 1 3 1 4 1 14
13807 3 1 4 2 2 3 1 14
13808 2 1 11 2 1 3 1 42
13809 1 1 1 25 1 45 1 48
13810 
13811 1 1 1 2 1 6 4 9 1 10 1 13
13812 3 1 4 2 1 3 1 22
13813 5 1 9 2 4 3 1 14
13814 2 1 14 2 1 3 1 42
13815 3 2 1 29 1 30 1 42
13816 3 1 16 2 1 3 1 25 2 77
13817 3 1 5 2 1 3 1 22
13818 3 1 6 2 1 3 1 22
13819 4 1 5 2 1 3 1 4 1 14
13820 1 1 6 2 2 3 1 14
13821 
13822 1 1 3 2 1 3 1 34
13823 2 2 4 3 2 6
13824 3 1 2 2 3 3 2 14
13825 
13826 2 1 6 2 1 3 1 14
13827 2 1 6 2 1 3 1 14
13828 3 1 4 2 2 3 1 20
13829 
13830 1 1 2 2 2 3 1 6 1 20
13831 4 1 5 2 2 3 1 77
13832 3 1 3 2 1 3 1 19
13833 2 1 4 2 1 3 1 18
13834 1 2 5 9 1 13 2 14
13835 1 1 15 9 1 10 2 13
13836 1 6 5 9 1 10 1 64
13837 1 6 8 9 2 10 2 57
13838 1 1 1 2 1 6 1 64
13839 
13840 2 1 1 2 1 8 5 9 1 10
13841 2 1 9 2 4 3
13842 3 1 3 2 4 3 1 14
13843 
13844 3 1 1 2 2 3 1 6 1 8
13845 
13846 2 2 3 3 5 14
13847 1 2 1 6 1 14 1 69
13848 2 1 3 2 2 3 2 14
13849 1 1 1 2 1 6 1 94
13850 2 1 8 2 1 8 1 20
13851 1 3 5 9 6 10 1 12 5 14 1 26
13852 
13853 1 6 2 29
13854 1 1 2 2 1 6 1 69
13855 
13856 1 6 7 9 2 10 3 57
13857 1 6 7 9 2 10 3 57
13858 1 6 7 9 2 10 3 57
13859 1 1 1 8 1 44 1 69
13860 4 2 2 3 2 14
13861 
13863 
13864 
13865 3 1 5 2 1 103 1 104
13866 
13867 
13868 5 2 4 3 1 33 1 97
13869 1 1 6 2 2 3 1 21
13870 9 9 2 10 1 71
13871 1 28
13872 
13873 3 2 3 9 6 10 1 13 2 17 2 24 1 34
13874 1 1 1 12 5 53
13875 1 1 1 3 1 26 2 44 1 48
13876 2 1 10 2 1 66
13877 
13878 
13880 1 1 2 2 1 30 1 42
13882 
13883 2 1 18 2 1 3 1 14 2 77
13884 
13885 4 9 1 10 1 14 1 53 1 77
13886 1 1 6 2 1 14 1 101
13887 
13888 
13889 
13890 1 24 2 74 1 75 1 76
13891 3 1 3 2 1 3 1 19
13892 2 1 15 2 1 3 1 14
13893 4 1 3 2 2 3 1 32
13895 2 1 4 2 1 34
13896 1 1 19 2 5 9 1 12
13897 2 1 7 2 1 32
13898 5 1 2 3 1 4 3 9 3 10
13899 3 1 4 9 1 12 1 13
13900 
13901 2 1 8 9 2 11 2 13
13902 
13903 3 1 1 8 4 9 2 10
13904 9 2 1 3 1 14
13905 1 1 4 2 1 4 1 20
13906 
13907 
13908 2 2 1 3 2 5 1 42
13909 1 1 6 2 3 9 3 12
13910 6 1 2 4 2 6 2 8
13911 3 1 11 2 1 35
13912 
13913 1 1 18 2 1 22 1 42
13914 1 41 1 65
13915 2 1 9 2 1 45
13916 1 75 2 87
13917 4 1 1 2 1 3 1 4 1 44
13918 8 2 1 3 5 9 1 12
13919 1 1 2 2 1 8 1 19
13920 
13921 2 1 9 2 5 9 1 12 1 35
13922 1 5 2 9 3 11 1 12
13923 3 1 1 2 1 4 2 7
13924 1 1 12 2 1 4 1 14
13925 
13926 3 1 2 2 1 3 2 4 1 8 5 9 1 10
13927 1 1 9 2 1 35
13928 
13929 
13930 1 25 2 74 2 75 1 76
13931 
13932 2 1 3 2 1 4 1 27
13933 2 1 8 2 1 70
13934 3 1 7 2 1 4 1 14 1 77
13935 3 1 4 2 3 9 3 10
13936 5 1 2 2 2 4 1 18
13937 2 1 9 2 1 70
13938 
13939 2 1 6 9 4 10 2 77
13940 2 1 6 9 4 10 2 77
13941 1 1 6 2 1 38 1 77
13942 4 2 4 4 1 6 4 9 2 10
13943 8 1 1 2 2 3 2 4
13944 7 1 3 2 3 3 1 4
13945 4 1 9 2 1 4
13946 2 1 1 7 1 8 5 9 1 10
13947 8 1 3 2 2 3 2 4
13948 7 1 5 2 3 4 1 14
13949 
13950 3 1 12 2 1 4 1 14
13951 12 2 2 3 2 25
13952 14 2 2 104
13953 
13954 4 11 2 53
13955 2 1 11 2 4 3
13956 1 1 7 2 1 5 1 25
13957 2 1 7 2 1 3 5 9 1 12
13958 16 2 2 26
13959 14 2 2 3 2 25
13960 14 2 2 3 2 103
13961 5 1 4 2 2 4 1 14
13962 3 1 7 2 1 3 1 4
13963 19 2 1 44 1 51
13964 5 1 2 2 1 4 1 46
13965 1 1 6 2 1 4 10 9 2 10 1 14
13966 2 1 19 2 2 25
13967 2 1 19 2 2 25
13968 2 1 11 2 3 3 1 4 5 9 1 10
13969 2 1 18 2 2 25
13970 2 1 18 2 2 25
13971 5 2 2 14 1 66
13972 1 1 4 2 1 4 1 5 10 9 2 10
13973 3 1 3 2 2 3 10 9 2 13 1 42
13974 3 1 10 2 1 3
13975 4 1 2 2 2 3 1 4
13976 7 9 2 10 3 11
13977 1 1 14 2 3 3
13978 4 1 12 2 6 3 2 25
13979 
13980 5 1 1 2 1 4 1 8
13981 3 1 5 2 1 3 1 4 2 14
13982 20 2 1 44 1 51
13983 
13984 18 2 2 3 2 103
13985 18 2 2 3 2 103
13986 4 1 12 2 4 3 2 25
13987 4 1 12 2 4 3 2 25
13988 8 1 8 2 6 3
13989 4 1 16 2 2 3
13990 1 4 1 5 15 9 1 10 2 12
13991 3 1 21 2 1 3
13992 3 1 21 2 1 4 1 14
13993 4 1 2 2 1 3 1 4 1 5
13994 1 1 8 2 1 3 2 64
13995 4 1 2 2 2 3 1 7
13996 3 1 9 2 1 4 1 42
13997 3 1 23 2 1 3
13998 1 1 6 2 1 38
13999 22 2 2 5
14000 4 1 16 2 6 3
14001 3 1 12 2 1 4 1 42
14002 1 1 16 2 2 3 1 4 5 9 1 10
14003 3 1 20 2 3 3
14004 3 1 22 2 1 4 1 14
14005 1 1 7 2 1 14 1 101
14006 17 2 2 3 1 4
14007 2 1 20 2 4 3 1 4
14008 3 1 25 2 1 3
14009 3 1 25 2 1 4 1 14
14010 3 1 11 2 1 4 1 42
14011 1 1 5 2 1 3 5 9 1 13
14012 4 1 2 3 4 9 2 13
14013 4 1 18 2 2 3
14014 5 1 16 2 3 3
14015 8 1 10 2 2 3 2 4 2 103
14016 1 1 20 2 7 3
14017 1 1 23 2 3 3 1 4
14018 8 2 2 19
14019 2 1 6 2 1 70
14020 1 1 24 2 3 3 1 4
14021 3 1 7 2 2 3 1 14
14022 2 1 5 2 1 4 10 9 2 10
14023 
14024 2 1 2 2 4 9 2 10 1 32
14025 1 1 6 2 9 9 3 10
14026 1 1 6 2 9 9 3 10
14027 5 1 3 2 1 4 1 46
14028 6 1 2 2 1 4 1 70
14029 5 1 3 2 1 4 1 8
14030 5 1 2 2 1 4 1 8
14031 6 1 2 3 1 70
14032 10 9 4 10 2 11
14033 1 1 4 2 13 9 5 10
14034 2 1 12 2 1 22
14035 3 1 1 2 5 9 1 10 1 70
14036 6 1 5 2 2 4 1 6
14037 3 1 3 2 1 4 5 9 1 12
14038 3 1 4 2 1 4 1 14
14039 1 1 2 9 2 11 1 12 1 17
14040 
14041 6 1 2 2 1 3 1 4 1 8
14042 3 1 8 2 1 4 1 14
14043 4 1 4 2 1 4 1 70
14044 4 1 2 9 1 11 2 13 1 17
14045 5 1 4 2 1 4 1 46
14046 5 1 4 2 2 4 1 14
14047 3 1 7 2 1 4 1 14
14048 3 1 3 2 1 3 1 4 2 14
14049 2 1 4 2 1 3 1 42
14050 1 1 7 2 1 51
14051 5 2 1 3 1 44
14052 2 1 4 2 1 3 1 46
14053 7 1 3 2 1 3 2 4
14054 
14055 7 1 4 2 3 4 1 14
14056 
14057 2 1 4 2 1 3 5 9 1 12
14058 1 1 1 2 10 9 2 13 1 14
14059 3 1 8 2 2 3 1 18
14060 2 1 13 2 1 3 1 42
14061 6 1 4 2 1 3 2 4 1 14
14062 2 1 14 2 1 3 1 42
14063 4 1 2 3 6 9 2 10 2 12
14064 2 1 9 2 1 3 1 5
14065 3 1 4 2 1 26 1 77
14066 2 1 15 2 1 3 1 42
14067 2 1 15 2 1 3 1 42
14068 3 1 13 2 3 3 1 4
14069 3 1 8 2 1 26
14070 3 1 15 2 1 8
14071 1 1 2 2 10 9 1 12 1 13
14072 2 1 4 2 2 3 10 9 2 10 2 77
14073 2 1 5 2 1 4 2 14
14074 5 1 2 4 5 9 1 10 1 70
14075 3 1 4 2 3 3 10 9 2 10
14076 4 1 16 2 2 104
14077 2 1 15 2 4 9 2 10
14078 1 1 5 2 1 33
14079 2 1 2 2 1 4 2 27
14080 2 1 4 2 1 3 1 46
14081 
14082 3 1 18 2 1 4 1 14
14083 6 1 10 2 4 3 2 25
14084 4 1 14 2 2 3 2 25
14085 4 1 14 2 2 3 2 25
14086 4 1 14 2 2 3 2 25
14087 4 1 14 2 2 3 2 25
14088 4 1 16 2 2 26
14089 1 1 6 2 1 3 1 4 2 14
14090 1 1 2 2 13 9 5 10
14091 1 1 13 2 2 3 1 4 5 9 1 10
14092 1 1 2 2 13 9 5 10
14093 
14094 7 1 10 2 3 3 1 4 1 8 1 14
14095 7 1 9 2 3 3 2 4 1 5 1 14
14096 
14097 2 1 4 2 2 8
14098 6 1 9 2 3 3 1 4 1 18
14099 2 1 13 2 3 3 3 9 3 10
14100 2 1 15 2 3 3 1 4 5 9 1 10
14101 2 1 15 2 3 3 1 4 5 9 1 10
14102 18 2 2 3 2 25
14103 2 1 14 2 4 3 2 25
14104 2 1 2 2 13 9 4 10 1 13
14105 1 1 4 2 13 9 5 10
14106 1 1 15 2 2 3 1 4 5 9 1 10
14107 1 4 19 9 4 10 1 11
14108 1 1 20 2 3 3 1 4
14109 3 1 9 2 4 9 1 12 1 13
14110 3 1 22 2 1 3
14111 3 1 23 2 1 4 1 14
14112 3 1 6 2 2 3 1 14
14113 5 1 1 2 1 3 1 4 1 7
14114 4 2 15 9 2 12 1 13
14115 4 1 16 2 2 3 2 25
14116 4 1 16 2 2 3 2 25
14117 4 1 18 2 2 26
14118 1 1 1 3 1 6 1 19
14119 3 1 24 2 1 3
14120 
14121 
14122 3 1 9 2 2 3 1 14
14123 3 1 10 2 1 4 1 14
14124 2 2 2 63 1 66
14125 2 1 1 7 1 8 1 69
14126 2 1 3 2 1 4 2 64
14127 3 1 1 2 3 3 2 14
14128 2 1 3 2 2 3 2 64
14129 4 1 3 2 1 3 1 46
14130 1 1 3 2 2 49
14131 3 1 2 2 2 3 1 8
14132 1 1 1 2 1 3 1 4 4 64
14133 2 1 2 2 1 5 1 46
14134 
14135 4 1 1 2 2 4 1 5 1 14
14136 3 1 1 2 2 3 1 4 3 14
14137 1 1 1 2 1 64 2 69 1 70
14138 1 1 10 2 1 3 2 14 1 32
14139 3 1 5 2 1 3 1 22
14140 1 1 6 2 13 9 5 10
14141 1 1 6 2 13 9 5 10
14142 1 1 6 2 13 9 5 10
14143 1 1 6 2 13 9 5 10
14144 1 1 6 2 13 9 5 10
14145 1 1 6 2 13 9 5 10
14146 2 1 4 2 13 9 4 10 1 13
14147 1 1 6 2 13 9 5 10
14148 2 1 4 2 13 9 4 10 1 13
14149 3 1 2 2 1 3 1 4 1 27
14150 1 1 6 2 13 9 5 10
14151 2 1 4 2 1 3 1 18
14152 2 1 1 3 1 20 1 45
14153 
14154 1 1 10 2 13 9 5 10
14155 2 1 8 2 13 9 4 10 1 13
14156 2 1 6 2 13 9 4 10 1 13
14157 1 1 8 2 13 9 5 10
14158 
14159 1 1 5 2 13 9 5 10
14160 2 1 5 2 13 9 4 10 1 13
14161 3 1 24 2 1 4 1 14
14162 1 1 11 2 13 9 5 10
14163 5 1 4 2 2 3 1 4 1 14
14164 1 1 2 2 1 3 1 14 1 63
14165 
14166 
14167 1 1 3 2 1 45 2 49 1 51
14168 3 1 1 2 1 4 1 35 1 56
14169 2 1 2 2 4 9 2 12
14170 
14171 
14172 
14173 
14174 2 1 4 2 2 3 1 4
14175 
14176 3 1 2 2 1 3 1 45
14177 4 2 1 3 3 64
14178 
14179 
14180 
14181 
14182 
14183 
14184 5 1 1 2 2 4 1 18
14185 
14186 
14187 
14188 
14189 
14190 
14191 
14192 3 1 14 2 1 3
14193 3 1 5 2 1 25 1 26
14194 5 1 2 2 1 3 2 26
14195 1 1 2 2 2 3 3 64
14196 3 1 4 2 1 4 1 14
14197 1 1 1 2 1 5 2 22
14198 1 1 3 2 1 5 2 22
14199 1 1 1 5 2 22
14200 2 1 1 7 4 9 1 10 1 12
14201 2 1 8 9 2 10 2 12
14202 3 2 1 44 1 48
14203 
14204 3 1 2 2 1 3 1 4
14205 1 1 9 2 1 3
14206 1 1 5 2 1 3 2 14
14207 2 1 6 2 1 4 2 14
14208 1 45 3 75
14209 1 1 5 2 1 7 1 64
14210 
14211 
14212 
14213 
14214 
14215 
14216 6 1 2 3 2 26
14217 4 1 7 2 2 3
14218 4 1 8 2 2 3
14219 4 1 9 2 2 3
14220 3 1 13 2 1 3
14221 4 1 12 2 2 3
14222 3 1 15 2 1 3
14223 4 1 13 2 2 3
14224 3 1 16 2 1 3
14225 4 1 16 2 2 3
14226 3 1 20 2 1 3
14227 4 1 21 2 2 3
14228 3 1 23 2 1 3
14229 1 1 24 2 3 3
14230 2 1 8 2 2 7
14231 3 1 13 2 1 8
14232 3 1 15 2 1 8
14233 1 1 13 2 1 8 10 9 2 12
14234 3 1 1 2 1 3 1 4 2 27
14235 
14236 13 2 2 14
14237 7 1 1 2 2 4 3 9 3 10
14238 3 1 7 9 3 10 1 70
14239 3 2 1 5 1 35
14240 4 1 17 2 2 3
14241 1 1 14 2 10 9 1 10 1 13
14242 1 1 14 2 1 3 10 9 2 12
14243 1 1 13 2 1 8 10 9 2 10
14244 
14245 
14246 14 2 2 5
14247 
14248 
14249 1 1 3 2 1 4 15 9 3 10
14250 
14251 
14252 
14253 
14254 1 5 5 9 1 10 1 66
14255 
14256 
14257 
14258 
14259 7 1 8 2 2 4 2 9 3 10 1 17
14260 1 1 8 2 1 3
14261 
14262 2 1 3 2 1 4 5 9 1 12 1 14
14263 
14264 
14265 
14266 
14267 
14268 
14269 
14270 
14271 
14272 
14273 
14274 
14275 
14276 2 1 3 2 3 9 2 10 1 17
14277 1 1 2 2 1 3 2 21
14278 
14279 2 1 4 2 1 19 1 66
14280 2 1 15 2 1 25
14281 4 1 3 2 1 4 4 9 2 10
14282 2 9 3 10 1 11 3 64
14283 4 1 1 4 1 7 2 8
14284 1 1 4 2 1 3 1 19
14285 4 1 2 2 2 4 1 8 1 14
14286 6 1 2 2 3 4 1 8 1 14
14287 
14288 3 1 7 2 1 4 1 14
14289 2 1 3 2 1 4 1 8 1 14
14290 3 1 2 2 1 3 1 4 1 8 1 14
14291 6 1 2 2 3 4 1 8 1 14
14292 5 1 3 2 1 3 2 4 1 8 1 14
14293 5 1 1 2 1 3 2 4 1 7 1 8 1 14
14294 3 1 4 2 1 4 1 5
14295 3 1 5 2 1 4 1 42
14296 11 9 4 10 1 11
14297 
14298 4 1 7 2 1 4
14299 4 9 2 10 4 11
14300 
14301 2 1 4 2 8 9 4 10
14302 
14303 2 1 3 2 1 4 2 14
14304 4 1 3 2 2 8
14305 2 1 4 2 1 8 5 9 1 10
14306 3 1 4 2 3 3
14307 2 1 1 3 3 9 1 11 1 12 1 17
14308 
14309 2 1 13 2 4 9 2 10
14310 4 1 3 2 1 3 1 4 1 14
14311 1 1 2 2 4 9 2 10 1 64 1 108
14312 7 9 4 10 3 11
14313 
14314 3 9 2 10 1 11 2 42
14315 14 9 2 10 2 12
14316 2 1 6 2 4 9 2 10
14317 4 1 1 2 1 25 1 70
14318 
14319 
14320 1 1 2 2 1 8 10 9 2 10
14321 1 1 3 2 1 8 10 9 2 10
14322 1 1 5 2 1 8 10 9 2 10
14323 1 1 9 2 1 8 10 9 2 10
14324 1 1 24 2 1 5
14325 6 1 3 2 2 4 1 25
14326 2 1 6 2 1 3 1 18
14327 
14328 3 1 5 2 1 26
14329 3 6 5 9 1 13
14330 2 1 15 2 4 9 2 10
14331 2 1 3 2 1 4 1 5 1 64
14332 
14333 1 1 4 2 1 22 4 75
14334 
14335 8 9 6 10 2 11
14336 3 1 4 2 2 3 1 14
14337 1 2 1 3 1 5 1 14 1 65
14338 1 1 1 2 1 4 1 5 1 14 1 65
14339 1 2 1 3 2 5 1 14 1 66
14340 1 1 1 2 1 4 2 5 1 14 1 66
14341 1 2 1 3 2 7 1 14 1 66 1 69
14342 4 3
14343 3 1 5 2 1 3 1 4 1 19
14344 1 5 9 9 3 10
14345 1 1 11 2 4 9 2 10 1 25 1 42
14346 1 1 15 2 4 9 2 10 1 25 1 42
14347 3 1 3 2 3 9 3 10
14348 3 1 7 2 3 9 3 10
14349 3 1 11 2 3 9 3 10
14350 3 1 15 2 3 9 3 10
14351 1 1 2 2 1 3 5 9 1 13
14352 4 1 20 2 2 3
14353 4 2 1 5 5 9 1 12
14354 2 1 4 2 4 9 2 10
14355 2 1 4 2 4 9 2 10
14356 1 1 18 2 1 5
14357 3 1 3 2 3 9 3 10
14358 3 1 3 2 3 9 3 10
14359 1 1 4 2 1 3 5 9 1 13
14360 
14361 1 24 3 75
14362 3 1 3 2 1 4 1 5
14363 2 1 3 2 1 4 1 5 1 8
14364 4 1 2 3 2 7
14365 4 2 2 3 1 5 1 8
14366 3 1 4 2 1 4 5 9 1 10
14367 
14368 2 1 3 2 1 4 2 14 1 66
14369 
14370 1 1 22 2 1 60
14371 1 1 24 2 1 60
14372 1 1 26 2 1 60
14373 
14374 7 2 1 42 1 65
14375 5 1 2 4 1 64
14376 3 1 3 2 1 4 1 5
14377 3 1 4 2 1 4 1 5
14378 1 1 3 2 1 22 1 74
14379 1 1 4 2 5 9 1 12 1 22
14380 2 1 1 2 1 3 1 7 1 69
14381 3 1 12 2 1 4 1 14
14382 2 1 5 2 1 4 1 7
14383 1 1 3 2 1 4 3 64
14384 2 2 1 5 5 9 1 10 1 66
14385 1 2 2 49
14386 5 1 1 2 3 3 2 9 4 10
14387 1 2 2 9 2 11 2 12
14388 
14389 2 1 8 2 1 25
14390 3 1 1 3 1 4 4 9 1 10 1 12
14391 3 1 3 9 2 10 1 12 1 70
14392 2 1 6 9 3 10 1 12
14393 3 1 8 2 1 3
14394 2 1 8 2 2 9 4 12
14395 2 1 2 2 4 9 2 12
14396 4 1 16 2 2 3
14397 1 1 3 2 1 5 2 22
14398 1 1 7 2 10 9 1 10 1 13
14399 5 1 1 8 1 70
14400 1 1 4 2 1 24 1 70
14401 3 1 7 2 1 3
14402 3 1 7 2 1 3
14403 4 1 6 2 1 4
14404 4 1 6 2 1 4
14405 4 1 6 2 1 4
14406 4 1 6 2 1 4
14407 4 1 5 2 2 3
14408 4 1 5 2 2 3
14409 4 1 5 2 2 3
14410 4 1 7 2 1 4
14411 4 1 7 2 1 4
14412 4 1 7 2 1 4
14413 3 1 1 2 1 3 2 8
14414 4 1 8 2 1 4
14415 2 1 4 2 2 25
14416 
14417 1 1 4 2 1 74
14418 1 1 1 8 10 9 1 10 1 12
14419 4 1 1 2 1 4 1 25
14420 3 1 2 2 1 3 4 9 2 10
14421 2 2 1 3 10 9 2 12 1 14
14422 3 1 1 4 5 9 1 10 1 70
14423 5 1 1 3 1 4 1 66
14424 3 1 3 2 1 4 1 18
14425 
14426 1 1 6 2 1 22 1 74 2 75
14427 4 1 3 2 2 99
14428 5 2 1 44 1 48
14429 1 35 2 74 1 75
14430 6 1 3 2 3 3 1 4 1 14
14431 2 1 3 2 1 3 5 9 1 12
14432 2 1 1 7 3 9 2 10 1 53
14433 6 1 6 3
14434 1 1 7 2 1 22 1 42
14435 1 1 9 2 1 22 1 42
14436 1 1 8 2 1 22 1 42
14437 3 1 6 2 1 4 1 26
14438 3 1 7 2 1 4 1 42
14439 2 1 3 2 1 19 1 66
14440 1 1 11 2 1 3
14441 1 1 13 2 1 3
14442 1 1 14 2 1 3
14443 1 1 15 2 1 3
14444 1 1 17 2 1 3
14445 2 1 1 8 4 9 2 10 1 26 2 77
14446 2 1 1 2 2 6 1 77
14447 
14448 1 1 12 2 1 3
14449 1 1 1 2 2 3 2 5 1 14
14450 5 1 1 2 5 3
14451 2 1 8 2 1 3 1 14 1 66
14452 2 1 8 2 1 19 1 66
14453 1 1 5 2 1 20 1 66
14454 
14455 8 2 1 4
14456 6 2 1 4
14457 
14458 4 1 1 2 3 3 1 14
14459 2 1 1 4 1 7 10 9 2 10
14460 3 1 2 2 2 3 1 8
14461 2 1 4 2 2 3 1 6
14462 3 1 2 2 1 3 1 34
14463 2 1 1 3 2 18 1 35
14464 4 1 4 2 1 3 1 4 1 14
14465 6 1 1 2 2 4 1 25
14466 2 1 6 9 4 10 2 77
14467 1 1 1 2 1 44 1 46 1 64
14468 
14469 1 1 26 2 1 5
14470 2 1 1 3 1 5 2 25
14471 2 1 1 2 1 3 1 5 2 25
14472 2 1 3 2 2 25
14473 3 1 1 2 1 3 2 25
14474 1 1 1 2 1 5 2 25
14475 1 1 3 2 1 3 2 14 1 66
14476 1 1 3 2 11 9 7 10
14477 
14478 
14479 
14480 
14481 
14482 6 2 1 3 1 64
14483 1 1 4 2 1 22 1 74 2 75
14484 3 1 4 9 1 12 1 13
14485 5 2 1 3 3 14
14486 6 2 1 5 1 8
14487 2 1 6 9 2 10 2 12
14488 3 1 3 2 1 4 5 9 1 10
14489 3 1 3 2 1 4 1 14
14490 6 1 3 4 2 14
14491 2 1 6 9 4 10 2 77
14492 
14493 1 2 2 45
14494 1 2 2 3 2 64
14495 1 1 2 9 1 12 1 39 1 53
14496 1 1 2 9 1 12 1 39 1 53
14497 1 75 2 76
14498 2 1 2 2 1 6 1 8 1 14
14499 2 1 3 2 1 6 1 8 1 14
14500 3 1 8 2 1 4 1 42
14501 3 1 1 4 1 5 4 9 2 10
14502 2 1 1 4 10 9 1 10 1 12
14503 1 1 4 2 1 4 1 64
14504 18 2 1 3 3 14
14505 14 2 1 3 3 14
14506 3 1 4 2 1 4 4 9 1 10 1 17
14507 
14508 5 1 4 2 2 3 1 4 1 14
14509 1 1 19 2 1 22 1 42
14510 2 9 2 11 1 39
14511 2 1 9 2 1 3 1 14
14512 2 1 13 2 1 3 1 14
14513 2 1 14 2 5 9 1 13
14514 1 1 1 2 1 8 10 9 2 10
14515 2 1 2 2 1 8 5 9 1 10
14516 4 1 10 2 2 3
14517 2 1 4 2 1 4 1 7
14518 3 1 2 2 5 9 5 10
14519 2 1 12 2 2 77
14520 5 1 1 3 1 4 1 7
14521 2 1 4 2 2 3 1 4
14522 3 1 2 2 2 3 1 20
14523 
14524 
14525 6 1 1 2 2 4 4 9 2 10
14526 3 1 3 2 1 4 1 14 1 66
14527 
14528 2 1 3 2 1 4 2 14
14529 2 9 2 11 1 39
14530 3 1 1 2 1 4 7 9 3 10
14531 3 1 8 9 3 10 1 13
14532 
14533 8 2 2 3 2 14
14534 
14535 2 1 1 2 1 3 1 41
14536 
14537 3 1 1 4 9 9 3 10
14538 
14539 
14540 1 1 21 2 1 100
14541 
14542 
14543 1 1 2 2 2 8 1 24
14544 3 1 5 2 1 35
14545 1 1 4 2 2 35
14546 1 1 1 6 1 7 5 9 1 10
14547 2 1 4 9 1 13 1 71
14548 11 2 2 5
14549 
14550 
14551 1 1 1 25 1 74 1 75
14552 2 1 7 2 2 7
14553 4 1 2 2 1 3 1 4 5 9 1 10
14554 1 1 7 2 1 55
14555 3 1 6 2 1 4 1 42
14556 3 1 13 2 1 4 1 42
14557 1 1 2 9 2 11 1 12 1 17
14558 1 1 2 2 1 3 1 5 1 63
14559 4 1 3 2 3 3 1 14
14560 1 1 2 2 1 6 1 8
14561 1 1 2 2 1 3 1 6 1 77
14562 1 1 18 2 1 18
14563 3 1 1 2 1 3 1 6 1 25
14564 1 1 6 2 1 22 1 74
14565 3 2 1 6 1 76
14566 2 1 1 2 1 4 1 14 1 24
14567 3 1 1 2 1 4 1 14 1 25
14568 3 1 1 2 1 4 1 14 1 25
14569 2 1 8 2 1 4
14570 2 1 1 3 1 4 10 9 2 10 1 14
14571 4 1 4 2 1 4 1 19
14572 1 2 1 8 1 24 1 27
14573 1 1 4 2 1 8 4 9 2 10
14574 1 1 2 2 1 8 4 9 2 10
14575 3 1 1 2 4 9 1 12 1 13
14576 1 1 6 2 1 5 2 22
14577 1 1 7 2 1 5 2 22
14578 8 9 3 10 1 53 1 64
14579 4 1 1 3 1 64 1 70
14580 2 1 4 9 1 10 1 13 1 65
14581 4 2 2 3 1 7
14582 1 1 4 2 1 5 1 70
14583 2 1 2 2 3 9 2 12 1 17
14584 4 1 2 2 1 3 1 4 1 42
14585 2 1 9 2 1 45
14586 2 1 9 2 1 45
14587 2 1 13 2 1 45
14588 2 1 4 2 1 3 1 44
14589 3 1 3 2 1 3 1 45
14590 3 1 3 2 1 3 1 45
14591 2 1 4 2 1 3 1 44
14592 3 1 3 2 1 3 1 45
14593 3 1 3 2 1 3 1 45
14594 4 1 2 2 1 3 1 46
14595 3 1 3 2 1 4 1 44
14596 4 1 3 3 1 44
14597 4 1 3 3 1 44
14598 
14599 
14600 2 1 4 2 3 9 2 10 1 17
14601 1 1 3 2 1 7 1 8
14602 1 1 3 2 1 7 1 8
14603 4 1 2 3 2 9 1 11 2 12 1 17
14604 2 1 2 2 1 4 1 7
14605 3 1 2 2 1 3 5 9 1 13
14606 4 1 3 2 1 4 2 9 4 10
14607 2 1 17 2 1 3 1 14
14608 2 1 17 2 1 3 1 14
14609 4 1 10 2 3 3 1 42
14610 2 1 8 2 1 3 1 14
14611 1 1 6 2 1 6 1 42
14612 2 1 3 2 1 3 1 63
14613 8 2 1 3 1 14
14614 2 1 6 2 1 3 1 4 1 14
14615 4 1 1 2 1 4 1 7 1 70
14616 1 1 5 2 8 9 3 10 1 13
14617 
14618 3 1 3 2 1 3 1 4 2 14
14619 
14620 3 2 10 9 2 13
14621 3 1 1 4 2 7
14622 1 5 4 9 2 10 1 65
14623 8 1 10 2 4 4 2 19
14624 2 1 2 2 2 8
14625 3 1 1 2 1 3 2 8
14626 3 1 5 2 1 4 1 26
14627 2 1 13 2 1 3 1 14
14628 3 1 6 2 1 3 1 4
14629 3 1 6 2 1 4 1 14
14630 2 1 6 9 3 10 1 12
14631 2 1 3 2 1 70 1 77
14632 1 1 3 2 1 24 1 70 1 77
14633 1 1 3 2 1 3 1 6 1 77
14634 1 1 4 2 1 24 1 70 1 77
14635 3 2 1 3 1 6 1 63
14636 6 1 3 4
14637 4 6 2 8
14638 
14639 
14640 2 2 2 9 3 11 1 13
14641 2 1 16 2 4 9 2 12
14642 2 1 16 2 4 9 2 12
14643 1 1 15 2 7 9 3 10
14644 
14645 
14646 
14647 
14648 
14649 4 1 1 2 2 8 1 25
14650 
14651 3 1 7 2 1 35
14652 
14653 1 1 4 2 1 22 2 75
14654 1 1 6 2 1 74 1 77
14655 1 1 5 2 1 22 1 74
14656 2 1 1 5 3 9 1 10 2 12
14657 1 1 4 2 1 24 1 70 1 77
14658 2 1 6 9 3 10 1 12
14659 9 2 1 3 1 64
14660 3 1 11 2 1 4 1 14
14661 
14662 3 1 1 2 1 4 5 9 1 10 1 25
14663 
14664 1 1 2 2 5 9 1 12 1 32
14665 2 1 1 2 4 9 1 12 1 35 1 57
14666 2 1 1 2 4 9 1 12 1 35 1 57
14667 2 1 1 2 4 9 1 12 1 35 1 57
14668 1 1 4 2 1 22 1 74
14669 3 2 1 4 3 14 1 42
14670 
14671 4 1 6 2 1 4 1 22
14672 2 1 2 2 1 6 1 8 1 26
14673 3 2 1 5 1 8
14674 3 1 26 2 1 3
14675 4 2 1 3 3 64
14676 
14677 
14678 1 1 2 2 1 22 1 74 2 75
14679 8 9 2 10 1 39
14681 
14682 3 1 5 2 1 3 1 22
14683 
14684 6 1 1 4 3 9 2 10 1 13
14685 4 1 2 2 2 4 2 14
14686 21 2
14687 22 2
14688 23 2
14689 1 1 5 2 1 5 2 22
14690 26 2
14691 27 2
14692 6 1 2 4 1 45
14693 
14694 
14695 
14696 
14697 
14698 
14699 
14700 4 1 3 2 1 4 1 7
14701 8 2 2 23
14702 8 1 12 2 4 4 2 19
14703 8 1 16 2 4 4
14704 3 1 7 2 1 3 1 77
14705 3 2 1 3 1 20
14706 5 2 2 19
14707 1 1 9 2 1 4 1 14
14708 1 1 3 2 1 7 1 64
14709 1 1 13 2 1 33
14710 1 1 14 2 1 33
14711 2 1 2 2 1 3 7 9 3 10
14712 4 9 2 10 4 11
14713 2 1 6 2 6 9 4 10
14714 2 1 2 2 3 9 2 10 1 17
14715 3 1 4 2 3 9 3 10
14716 3 1 5 2 3 9 3 10
14717 3 1 18 2 1 35
14718 1 1 1 2 2 6 1 8
14719 1 1 1 2 2 6 1 8
14720 1 1 1 2 2 6 1 8
14721 1 1 5 2 1 3 1 66
14722 2 1 1 3 4 9 1 12 1 17
14723 3 1 4 2 1 4 4 9 1 10 1 17
14724 4 9 1 10 1 49 1 53 1 74
14725 18 9 6 10 1 116
14726 2 1 6 9 3 10 1 12
14727 2 1 6 9 3 10 1 12
14728 2 1 6 9 3 10 1 12
14729 12 2 2 19
14730 8 1 6 2 4 4 2 19
14731 8 1 8 2 4 4 2 19
14732 4 1 15 2 1 4 1 22
14733 2 1 5 2 1 4 2 14
14734 3 1 2 2 1 3 1 6 1 19
14735 2 2 4 9 1 13 1 36
14736 
14737 1 1 8 2 1 48
14738 3 1 2 2 1 4 1 42
14739 2 1 1 2 1 3 1 7 1 64
14740 1 1 2 9 2 11 1 12 1 17
14741 3 1 6 9 3 10 1 13
14742 6 9 2 10 1 36 1 57
14743 6 9 2 10 1 36 1 57
14744 2 46 2 49 1 75
14745 2 1 12 2 1 25
14746 3 1 4 2 1 3 1 77
14747 4 1 4 2 1 4 2 9 4 10
14748 5 1 1 2 1 4 1 26
14749 1 1 4 2 1 7 1 64
14750 7 1 1 2 3 4 1 14
14751 7 1 2 2 3 4 1 14
14752 8 1 1 2 1 3 3 4 1 14
14753 2 65 4 66
14754 4 1 1 2 1 4 3 9 2 10 1 17
14755 
14756 6 1 2 2 2 4 3 9 2 10 1 17
14757 2 1 3 2 1 4 2 14
14758 3 1 8 2 1 4 1 14
14759 3 1 10 2 1 4 1 14
14760 3 9 1 10 1 49 2 53 1 74
14761 5 1 2 2 1 3 2 4 2 14
14762 2 1 2 2 1 8 5 9 1 10
14763 2 1 1 2 1 4 2 6
14764 1 1 2 2 1 32 1 38
14765 1 1 2 2 1 25 1 41
14766 1 1 4 2 9 9 5 10
14767 
14768 1 1 1 2 1 44 1 45 1 75
14769 1 1 1 2 1 44 1 45 1 75
14770 2 1 1 26 1 75 1 89
14771 3 1 1 3 1 118
14772 7 2 1 3 1 64
14773 
14774 3 1 3 2 1 4 1 8
14775 4 1 3 2 1 3 1 4 1 8
14776 4 1 2 2 2 4 1 6
14777 2 1 2 2 3 9 2 12 1 13
14778 2 1 2 2 1 4 1 32
14779 6 1 4 2 2 3 2 4
14780 1 1 4 2 2 7
14781 
14782 5 1 1 3 1 4 1 19
14783 3 1 1 4 1 45 1 48
14784 
14785 2 7 2 64
14786 5 2 1 5 5 9 1 12
14787 2 1 1 2 3 3 1 14 2 27
14788 
14789 3 1 16 2 1 4 1 14
14790 2 1 14 2 1 66
14791 
14792 
14793 1 5 10 9 1 10 1 13
14794 1 3 2 64 1 74
14795 
14796 
14797 1 1 14 2 1 63
14798 5 1 2 2 1 4 1 8
14799 2 1 2 2 1 75
14800 1 1 2 2 1 25 1 75 1 89
14801 6 1 2 2 4 3
14802 6 1 3 2 2 3 1 4
14803 4 1 3 2 1 3 1 4 1 20
14804 1 24 1 75
14805 2 1 1 3 1 89
14806 2 1 1 2 1 4 2 6
14807 3 1 5 9 5 10 3 77
14808 3 1 5 9 5 10 3 77
14809 3 1 5 9 5 10 3 77
14810 3 1 5 9 5 10 3 77
14811 4 1 4 9 6 10 4 77
14812 4 1 4 9 6 10 4 77
14813 2 1 2 2 3 9 2 10 1 17
14814 
14815 
14816 
14817 
14818 2 1 17 2 1 25
14819 
14820 
14821 2 1 6 2 2 3
14822 4 1 2 2 4 3
14823 4 1 2 2 2 70
14824 3 1 5 9 5 10 3 77
14825 3 1 5 9 5 10 3 77
14826 3 1 5 9 5 10 3 77
14827 3 1 5 9 5 10 3 77
14828 3 1 5 9 5 10 3 77
14829 3 1 5 9 5 10 3 77
14830 3 1 5 9 5 10 3 77
14831 3 1 2 2 1 8 1 25
14832 5 1 1 2 1 3 2 4 2 14
14833 1 1 7 2 5 9 1 10 1 25
14834 4 1 1 3 1 4 1 8
14835 1 1 5 2 3 3
14836 1 1 15 9 3 10 1 70
14837 3 2 1 24 1 64
14838 2 9 4 57
14839 1 1 8 2 4 9 1 10 1 36 1 77
14840 1 1 5 2 1 14 1 22
14841 3 1 1 2 1 4 1 76
14842 3 1 1 2 1 3 1 75
14843 4 2 2 76
14844 1 1 1 44 1 46 1 90
14845 1 1 1 46 1 51 1 74
14846 1 1 1 46 1 74 1 90
14847 
14848 1 74 4 75
14849 
14850 8 1 18 2 4 4
14851 4 1 10 2 2 4 1 19
14852 
14853 1 2 1 24 1 74 2 75
14854 2 1 4 2 1 4 2 64
14855 2 1 6 9 2 10 2 12
14856 2 1 1 2 1 45 1 75
14857 3 1 1 7 1 46
14858 5 1 2 4 5 9 1 10
14859 1 1 15 2 4 9 1 10 1 36 1 77
14860 1 1 1 2 1 25 1 75 1 89
14861 2 5 1 75
14862 1 1 2 2 1 44 1 75
14863 2 2 2 44 1 75
14864 1 7 1 44 1 74
14865 1 1 2 69 1 70 1 74
14866 1 1 1 4 1 5 10 9 2 10
14867 1 1 1 2 1 74 3 75
14868 2 1 7 2 1 3 1 14
14869 3 9 1 10 1 17 1 57 1 74
14870 1 1 3 9 1 10 1 12 1 36 1 64
14871 
14872 16 2 2 19
14873 6 1 2 4 3 9 2 10 1 71
14874 3 1 1 4 10 9 1 10 1 13
14875 3 1 3 2 1 4 3 9 3 10
14876 2 1 2 2 6 9 4 10
14877 4 1 1 3 1 35
14878 1 1 11 2 1 51
14879 1 1 9 2 1 51
14880 1 1 5 2 1 51
14881 13 2 1 44 1 51
14882 11 2 1 44 1 51
14883 
14884 
14885 3 1 5 9 4 10 1 12
14886 1 1 10 2 1 4 1 14
14887 1 7 14 9 6 10
14888 1 1 2 2 1 7 1 20
14889 6 2 1 3 3 64
14890 1 1 8 2 1 4 1 14
14891 3 9 2 10 1 11 2 18
14892 2 1 1 7 3 9 3 10 1 64
14893 3 1 2 2 1 4 1 18
14894 2 1 4 2 1 3 1 18
14895 
14896 6 9 2 10 4 11
14897 2 1 2 2 1 4 1 5 5 9 1 10
14898 
14899 6 1 2 2 2 4 1 25
14900 
14901 6 2 14 9 6 10
14902 2 1 1 2 1 3 1 76
14903 3 1 1 4 1 6 1 26
14904 4 1 3 9 1 10 2 13 1 64
14905 1 66 2 76
14906 2 1 14 2 2 25
14907 1 1 2 2 1 4 1 14 2 65
14908 
14909 4 1 4 2 2 4 2 42
14910 1 1 15 2 1 23
14911 2 1 14 2 1 96
14912 2 1 6 2 2 25
14913 2 1 16 2 1 34
14914 3 1 3 2 1 3 1 6 1 77
14915 1 1 4 2 1 14 1 25
14916 12 2 2 44
14917 4 1 4 2 1 4 1 19
14918 
14919 
14920 3 1 14 2 1 35
14921 3 1 1 8 1 66
14922 1 14 1 76
14923 1 1 1 64 1 75
14924 
14925 4 1 3 9 1 10 2 13 1 64
14926 1 1 2 2 9 9 7 10
14927 2 1 15 2 1 22
14928 2 1 16 2 1 22
14929 2 1 17 2 1 22
14930 4 2 2 3 2 19
14931 
14932 4 1 1 2 1 4 4 9 2 10
14933 1 1 4 2 3 9 2 10 1 17 1 24
14934 1 1 5 2 3 9 2 10 1 17 1 24
14935 2 1 15 2 1 4
14936 4 1 14 2 2 4
14937 4 1 14 2 2 4
14938 
14939 2 1 10 2 6 9 4 10
14940 2 1 1 8 3 9 3 10 1 26 1 64 2 77
14941 7 1 3 2 3 4 1 14
14942 2 1 2 2 1 18 1 35
14943 1 1 2 2 1 4 15 9 3 10
14944 1 1 1 44 1 76
14945 1 2 1 64 1 89
14946 
14947 1 45 1 64 1 89
14948 1 64 1 75 1 76
14949 8 2 4 27
14950 4 1 6 2 2 4 4 27
14951 
14952 4 9 1 10 1 11 1 38
14953 
14954 4 1 1 2 1 3 1 4 5 9 1 10
14955 4 2 1 8 5 9 1 12
14956 5 2 1 3 5 9 1 12
14957 1 1 4 2 1 6 1 8 1 70
14958 1 1 12 2 5 25 1 100
14959 1 1 5 2 1 3 1 7
14960 10 2 2 3
14961 
14962 3 1 6 2 1 35
14963 5 2 4 9 1 11 1 13
14964 2 1 2 2 1 3 1 5 1 77
14965 2 1 12 2 5 9 1 13
14966 3 1 4 2 2 3 1 4 1 14
14967 1 1 3 2 1 3 1 34
14968 3 1 1 2 1 3 2 8
14969 1 24 1 76
14970 1 1 2 2 1 74
14971 2 1 1 5 3 9 1 10 2 12
14972 2 1 10 2 4 9 2 10 2 77
14973 4 1 2 2 1 3 1 4 4 9 1 10 1 17
14974 2 1 8 2 4 9 2 10 2 77
14975 2 1 12 2 4 9 2 10 2 77
14976 2 1 12 2 4 9 2 10 2 77
14977 4 2 1 4 2 7
14978 1 1 10 2 1 33
14979 1 1 6 2 1 5 2 22
14980 6 1 1 3 2 4 3 9 2 10 1 12
14981 1 1 5 2 1 5 2 22
14982 4 1 1 2 2 4 4 9 2 10
14983 5 1 4 2 3 3
14984 6 1 12 2 2 4
14985 1 1 7 2 1 8
14986 2 1 2 2 1 3 1 4 3 64
14987 2 1 2 2 2 3 1 4 1 6
14988 3 1 2 2 2 3 1 4 1 8
14989 2 1 8 2 1 4
14990 3 1 3 2 1 4 1 18
14991 
14992 1 1 4 2 2 3 1 31
14993 4 1 2 2 2 4 1 6
14994 2 1 6 2 3 9 2 10 1 17
14995 2 1 4 2 3 9 2 10 1 17
14996 3 1 3 2 1 4 1 44
14997 5 1 1 3 1 4 1 7
14998 1 1 2 2 1 3 1 5 1 18
14999 4 1 3 2 1 3 1 4 1 14
15000 5 1 2 2 2 3 1 4 1 14
15001 4 1 4 2 1 3 1 4 1 14
15002 2 1 8 2 2 22
15003 3 1 6 2 1 3 1 22
15004 4 1 6 2 1 4 1 25
15005 1 2 2 3 4 64
15006 6 1 3 2 1 3 2 4 1 14
15007 6 1 6 2 2 4
15008 4 1 10 2 2 3 2 4
15009 3 1 1 2 1 4 1 5 1 19
15010 
15011 2 1 3 9 1 10 2 12 1 64
15012 
15013 2 1 16 2 1 7
15014 
15015 2 1 17 2 1 22
15016 1 1 2 2 1 3 2 5
15017 3 1 2 2 1 4 5 9 1 12
15018 2 1 7 2 2 3
15019 3 1 12 2 1 4 1 14
15020 1 1 17 2 1 27 1 99
15021 1 76 1 87 1 90
15022 2 2 1 49 2 64
15023 2 1 4 2 1 4 2 14
15024 
15025 2 1 9 2 1 25
15026 
15027 
15028 1 1 11 2 2 9 1 10 3 57 1 77
15029 1 1 7 2 2 9 1 10 3 57 1 77
15030 1 1 5 2 2 9 1 10 3 57 1 77
15031 1 1 3 2 2 9 1 10 3 57 1 77
15032 1 1 18 2 1 21
15033 4 1 12 2 2 8
15034 2 1 17 2 1 4
15035 4 1 16 2 2 4
15036 3 1 2 2 1 4 1 8
15037 4 1 1 2 2 3 1 4 2 27
15038 3 1 8 2 1 3 2 77
15039 2 1 1 7 4 9 2 10 1 34 1 77
15040 4 1 1 2 1 3 1 4 1 14
15041 2 1 7 2 1 3 1 14
15042 4 1 4 2 2 8
15043 3 1 1 4 1 74
15044 1 1 7 2 1 74
15045 4 1 4 9 6 10 4 77
15046 8 2 1 7
15047 2 1 4 2 1 3 5 9 1 12
15048 2 1 8 2 2 3
15049 
15050 1 1 4 2 1 3 1 66
15051 4 1 3 2 2 3 1 19
15052 4 1 10 2 2 4 2 66
15053 
15054 4 1 4 2 2 4 4 27
15055 4 1 8 2 2 4 4 27
15056 4 1 10 2 2 4 4 27
15057 4 1 12 2 2 4 4 27
15058 
15059 4 1 1 2 1 4 1 7 1 25
15060 5 1 1 3 1 4 1 7 1 25
15061 6 1 1 4 1 25 1 70
15062 3 1 2 3 1 18
15063 2 1 7 2 1 70
15064 1 6 1 75
15065 1 1 3 2 1 26 1 27
15066 2 1 1 2 2 3 2 27
15067 5 1 2 2 2 3 3 9 3 10
15068 2 1 2 2 1 4 4 9 2 12
15069 7 2 1 3 5 9 1 12
15070 6 1 1 2 3 3 1 4 1 14
15071 5 1 6 2 2 3 1 4 1 14
15072 2 1 1 3 2 7
15073 8 2 1 3 1 14
15074 2 2 1 24 1 41
15076 2 1 6 2 1 4 2 14
15077 2 1 15 2 4 9 2 10
15078 
15079 1 1 11 2 1 3
15080 
15081 2 1 2 2 1 14 1 46
15082 1 1 14 2 1 3
15083 6 1 2 4 2 9 2 10 1 17 1 71
15084 6 1 2 4 1 7
15085 4 1 2 2 1 4 4 9 2 10
15087 3 1 1 2 2 3 1 6 1 8
15088 
15089 
15090 1 1 3 2 1 3 2 5
15091 4 1 1 2 2 3 1 4 2 27
15092 
15093 1 1 5 2 5 9 1 10 1 19 1 34
15094 2 1 5 2 5 9 1 10 1 19 1 35
15095 1 1 7 2 5 9 1 10 1 19 1 34
15096 
15097 2 9 2 10 1 11 2 42 1 57
15098 
15099 6 1 6 2 2 4
15100 
15101 1 2 1 46 3 64
15102 1 3 1 51 2 64
15103 4 1 2 46
15104 4 9 2 10 1 24 1 38
15105 4 1 1 2 1 3 1 8
15106 1 1 1 7 1 25 1 76
15108 1 1 1 8 1 24 1 69
15109 4 1 1 4 1 56
15110 3 9 1 11 1 34
15111 1 1 3 2 1 4 3 64
15112 3 1 12 2 1 4 1 14
15113 1 74 2 75 1 87
15114 3 1 2 2 1 3 1 34
15115 1 1 4 2 1 3 1 104
15116 4 1 5 9 4 10 1 13
15117 8 1 1 2 3 4
15118 3 1 2 2 2 3 1 42
15119 3 1 2 2 1 4 1 48
15120 2 1 2 2 1 3 7 9 3 10
15121 3 1 3 2 1 3 1 19
15122 2 1 10 2 1 19
15123 
15124 
15125 
15126 2 1 8 2 2 3
15127 4 2 2 23
15128 3 1 2 2 1 3 1 7
15129 4 2 2 24 1 70
15130 6 1 3 2 2 4
15131 6 1 3 2 2 4
15132 6 1 2 2 2 3 1 4
15133 7 1 1 2 1 3 2 4
15134 1 1 10 2 7 9 3 10
15135 3 1 2 2 1 3 1 4 1 6
15136 2 1 3 2 1 3 1 63
15137 3 1 6 9 3 10 1 13
15138 5 1 4 2 1 3 1 4
15139 2 1 2 2 1 3 1 44
15140 3 1 9 2 1 8
15141 2 1 3 2 2 8
15142 1 1 8 2 1 51
15143 1 1 13 2 1 51
15144 1 1 15 2 1 51
15145 1 1 2 9 2 11 1 12 1 17
15146 1 1 2 9 2 11 1 12 1 17
15147 1 1 2 9 2 11 1 12 1 17
15148 1 1 2 9 2 11 1 12 1 17
15149 1 1 21 2 1 63
15150 1 1 28 2 1 63
15151 5 1 5 2 1 3 1 4
15152 4 1 6 2 2 3
15153 5 1 5 2 1 3 1 4
15154 4 1 6 2 2 3
15155 4 1 6 2 2 3
15156 5 1 5 2 1 3 1 4
15157 1 1 12 2 1 8
15158 1 1 14 2 1 8
15159 1 1 16 2 1 8
15160 1 1 18 2 1 8
15161 5 1 4 2 3 3
15162 6 1 2 2 4 3
15163 6 1 4 2 2 4
15164 4 1 8 2 2 3
15165 3 1 5 2 1 4 1 14 1 77
15166 1 1 3 2 1 6 1 8
15167 
15168 4 2 2 9 3 11 1 13
15169 3 1 5 2 2 3 1 14
15170 2 1 4 2 1 3 1 63
15171 3 1 2 2 1 3 4 9 2 12
15172 1 1 1 2 1 6 1 44
15173 6 2 1 6 2 9 4 10
15174 7 1 1 3 2 4 1 7
15175 3 1 8 9 5 10 1 13
15176 
15177 
15178 1 1 1 2 3 9 2 10 1 36 1 64 1 77
15179 6 2 2 44 2 46
15180 3 1 1 2 1 4 1 44
15181 1 1 2 9 4 10 1 34 3 64
15182 5 1 4 2 2 3 1 4 1 14
15183 4 1 8 2 1 4
15184 2 1 14 2 1 66
15185 3 1 4 9 1 10 1 13 1 77
15186 4 1 2 2 2 3 4 9 2 10 2 77
15187 3 1 4 2 1 4 1 14
15188 1 1 16 2 1 33
15189 6 3
15190 6 1 2 4 3 9 2 10 1 71
15191 6 1 1 3 1 4 1 8
15192 2 1 2 2 7 9 4 10 1 17 1 19 1 25 1 77
15193 2 1 3 2 7 9 4 10 1 17 1 19 1 25 1 77
15194 2 1 4 2 7 9 4 10 1 17 1 19 1 25 1 77
15195 2 1 5 2 7 9 4 10 1 17 1 19 1 25 1 77
15196 2 1 6 2 7 9 4 10 1 17 1 19 1 25 1 77
15197 10 1 4 4
15198 2 1 12 2 2 3
15199 
15200 
15201 5 1 1 4 3 9 1 10 2 12
15202 4 1 2 2 1 4 1 70
15203 4 1 1 2 1 3 1 4 1 5
15204 2 1 3 2 1 3 1 4 1 6 1 14
15205 2 1 5 2 1 3 1 4 1 14
15206 3 1 5 2 1 4 1 14
15207 
15208 5 1 1 3 1 4 1 19
15209 6 1 2 4 1 19
15210 4 1 1 4 1 8 1 24
15211 2 1 2 2 3 9 2 10 1 17
15212 3 1 1 2 1 76
15213 1 1 1 74 2 75
15214 
15215 4 1 1 2 1 3 1 8
15216 2 1 3 2 2 3 2 14
15217 2 1 3 2 2 3 2 14
15218 2 1 4 2 1 3 1 14
15219 3 1 2 2 1 3 1 4 2 14
15220 2 1 11 2 1 3 1 42
15221 
15222 2 1 2 2 3 9 2 10 1 13
15223 1 1 1 3 3 9 1 11 2 12
15224 6 1 1 2 1 3 2 4 1 14
15225 6 1 1 2 1 3 2 4 1 14
15226 6 1 1 2 1 3 2 4 1 14
15227 5 1 2 2 2 3 1 4 1 14
15228 5 1 2 2 2 3 1 4 1 14
15229 5 1 2 2 2 3 1 4 1 14
15230 5 1 2 2 2 3 1 4 1 14
15231 5 1 2 2 2 3 1 4 1 14
15232 5 1 2 2 2 3 1 4 1 14
15233 5 1 2 2 2 3 1 4 1 14
15234 5 1 2 2 2 3 1 4 1 14
15235 5 1 3 2 2 4 1 14
15236 3 1 5 2 2 3 1 14
15237 3 1 5 2 2 3 1 14
15238 6 1 1 2 1 3 2 4 1 14
15239 6 1 1 2 1 3 2 4 1 14
15240 6 1 1 2 1 3 2 4 1 14
15241 6 1 1 2 1 3 2 4 1 14
15242 6 1 1 2 1 3 2 4 1 14
15243 6 1 3 3 1 4 1 14
15244 6 1 1 2 1 3 2 4 1 14
15245 7 9 4 10 3 11
15246 1 1 14 2 1 23
15247 2 1 12 2 1 22
15248 1 1 13 2 1 3 2 14
15249 1 1 9 9 4 10 1 12
15250 1 1 9 9 4 10 1 12
15251 1 1 9 2 1 6 4 9 1 10 1 13
15252 2 1 9 2 2 3 4 9 2 10
15253 1 1 10 2 4 9 1 12 1 13
15254 3 1 5 9 4 10 1 12
15255 4 1 2 3 2 9 3 10 1 12
15256 2 1 3 2 2 3 4 9 2 10
15257 1 1 3 2 1 3 4 9 2 12
15258 3 1 3 2 1 4 3 9 3 10
15259 3 1 3 2 1 4 3 9 3 10
15260 2 1 3 2 2 3 4 9 2 10
15261 5 1 3 2 2 4 3 9 3 10
15262 5 1 3 2 2 4 3 9 3 10
15263 1 1 6 2 1 3 4 9 2 12
15264 1 1 6 2 3 9 3 12
15265 2 1 4 2 1 3 3 9 3 12
15266 2 1 1 3 9 9 2 10 1 12
15267 3 1 8 9 3 10 1 13
15268 3 1 4 2 1 4 3 9 3 10
15269 1 1 4 2 1 3 4 9 2 12
15270 5 1 1 4 1 8 2 9 4 10
15271 4 1 2 2 2 9 4 10 1 70
15272 3 1 2 2 3 9 3 10 1 70
15273 4 1 2 3 8 9 4 10 2 12
15274 2 1 10 2 2 9 4 12
15275 1 1 18 2 1 41
15276 1 1 19 2 1 23
15277 6 1 2 2 1 4 6 12
15278 1 1 6 2 1 46
15279 2 1 3 2 1 3 3 9 3 12
15280 6 1 1 2 2 4 2 9 4 10
15281 1 1 6 2 4 9 1 12 1 13
15282 1 1 5 2 1 3 4 9 2 12
15283 2 1 3 2 1 3 3 9 3 12
15284 5 1 2 2 2 4 3 9 3 10
15285 3 1 2 2 1 4 3 9 3 12
15286 4 1 4 2 1 4 2 9 4 10
15287 5 1 1 8 2 9 2 10 2 13
15288 5 1 2 9 2 10 1 12 1 13 1 70
15289 3 1 14 2 1 8
15290 1 1 9 2 3 9 3 12
15291 1 1 9 2 3 9 3 12
15292 5 1 2 2 1 4 1 9 5 12
15293 2 1 7 2 2 9 4 12
15294 6 1 4 2 1 3 2 4 3 9 3 10
15295 3 2 1 3 15 9 3 12
15296 1 1 15 2 3 9 3 12
15297 1 1 18 2 1 23
15298 1 1 1 2 1 25 1 41
15299 1 1 8 2 3 9 3 12
15300 8 2 2 3 4 9 2 13
15301 1 1 8 2 1 3 1 6
15302 5 1 5 2 1 4 1 9 5 10
15303 1 1 7 2 3 9 3 12
15304 7 1 3 4 3 9 2 10 1 12
15305 4 1 2 2 1 4 2 9 4 12
15306 6 1 2 2 1 3 2 4 3 9 3 10
15307 3 1 2 2 1 3 1 4 2 64
15308 2 1 5 2 1 3 1 14
15309 
15310 4 9 2 10 4 11
15311 3 1 5 9 4 10 1 12
15312 3 1 5 9 4 10 1 12
15313 3 1 6 9 3 10 1 13
15314 3 1 6 9 3 10 1 13
15315 4 9 2 10 4 11
15316 2 1 6 9 2 10 2 12
15317 3 1 5 9 4 10 1 12
15318 3 1 5 9 4 10 1 12
15319 3 1 5 9 4 10 1 12
15320 3 1 13 2 1 35
15321 2 1 6 9 2 10 2 12
15322 3 1 5 9 4 10 1 12
15323 2 1 1 2 1 4 1 5 5 9 1 10
15324 1 4 1 24 3 74
15325 2 1 6 2 1 4
15326 3 1 2 2 2 9 3 10 1 13
15327 2 1 2 2 4 9 2 10 1 70
15328 5 1 2 2 2 4 1 14
15329 2 1 6 2 1 3 1 14
15330 6 1 1 3 2 4 1 14
15331 5 1 2 2 2 4 1 14
15332 4 1 3 2 1 3 1 4 1 14
15333 5 1 2 2 2 4 1 14
15334 6 1 2 2 1 4 2 9 2 10 2 13
15335 3 1 2 2 1 4 1 7 5 9 1 10
15336 4 1 2 2 1 4 1 7 4 9 2 10
15337 4 1 4 2 1 4 4 9 2 10
15338 5 1 2 3 1 4 1 18
15339 
15340 1 1 3 9 1 10 1 13 1 14 1 24 1 57
15341 2 1 4 9 1 10 1 13 1 24 1 25
15342 
15343 2 1 4 2 3 3 1 14
15344 1 45 1 46 3 64
15345 1 1 3 2 1 22 4 75
15346 3 1 5 2 1 26
15347 4 1 12 2 2 9 4 12
15348 5 1 1 3 1 4 4 9 1 10 1 12
15349 2 9 2 11 2 53
15350 1 9 2 11 3 53
15351 4 1 4 9 6 10 4 77
15352 4 1 4 9 6 10 4 77
15353 3 1 5 9 5 10 3 77
15354 3 1 5 9 5 10 3 77
15355 2 1 6 9 4 10 2 77
15356 
15357 1 1 3 9 1 12 1 36 1 57
15358 1 1 14 2 2 3 1 42 2 64
15359 5 1 3 2 3 3
15360 3 1 10 2 1 3
15361 3 1 7 2 1 26
15362 3 1 1 2 1 4 2 7
15363 5 1 1 2 1 4 1 46
15364 
15365 4 1 5 2 2 4 2 14
15366 2 1 2 2 1 3 1 41
15367 3 1 11 2 1 4 1 14
15368 1 1 11 2 1 3 2 14 1 32
15369 3 1 1 2 2 3 1 41
15370 4 1 1 2 1 3 1 4 5 9 1 10
15371 4 1 1 2 1 3 1 4 5 9 1 10
15372 2 2 1 3 1 6 1 65
15373 6 1 2 2 1 3 2 4 1 14
15374 
15375 
15376 3 1 1 4 4 9 1 10 1 71
15377 2 1 6 2 2 96
15378 2 1 10 2 2 96
15379 2 1 12 2 2 96
15380 2 1 14 2 2 96
15381 
15382 
15383 
15384 
15385 2 1 8 2 1 25
15386 4 1 5 2 2 3 2 22
15387 
15388 
15389 1 1 6 2 1 3 2 14 1 66
15390 2 1 3 2 4 9 2 12
15391 2 1 5 2 4 9 2 12
15392 2 1 6 2 4 9 2 12
15393 2 1 9 2 1 3 1 14
15394 1 1 4 2 1 38 1 77
15395 1 1 5 2 1 38 1 77
15396 1 1 4 2 1 38 1 77
15397 
15398 20 2 6 3
15399 2 1 2 9 2 11 2 12
15400 2 1 3 2 2 3 1 19
15401 2 1 14 2 1 66
15402 2 1 14 2 1 66
15403 4 2 1 8 9 9 3 10
15404 3 1 12 2 1 3
15405 
15406 2 1 13 2 1 25
15407 2 1 7 2 2 3
15409 3 1 5 2 1 4 1 5
15410 17 9 7 10 1 12 1 13
15411 
15412 
15413 3 1 3 2 1 4 1 64
15414 4 1 2 2 1 4 3 9 2 10 1 13
15415 4 1 2 2 1 4 1 25
15416 1 1 14 2 5 9 1 10 1 96
15417 5 1 2 2 1 4 1 8
15418 2 1 9 2 1 25
15419 2 1 16 2 1 96
15420 2 1 18 2 1 96
15421 2 1 22 2 1 96
15422 
15423 8 2 4 9 2 13
15424 2 1 6 9 4 10 2 77
15425 1 1 9 2 1 31
15426 
15427 2 1 2 2 1 3 1 74 1 77
15428 2 1 1 2 1 8 5 9 1 12
15429 5 1 1 3 2 4 2 27
15430 2 1 15 2 1 22
15431 
15432 1 1 9 2 1 4 1 14
15433 
15434 1 1 2 2 2 7
15435 3 1 7 2 2 4 1 14
15436 3 5 3 9 3 10
15437 2 1 6 2 8 9 4 10
15438 8 1 2 2 2 3 2 4
15439 1 1 5 2 1 5 1 25
15440 
15441 
15442 1 1 5 2 3 3
15443 
15444 
15445 
15446 3 1 16 2 1 4 1 14
15447 2 1 7 2 4 9 2 10
15448 3 1 18 2 3 9 3 12
15449 4 1 1 3 7 9 3 10 1 70
15450 
15451 2 1 12 2 1 118
15452 3 1 2 2 1 4 1 7 1 42
15453 2 1 2 2 1 4 1 7
15454 3 1 22 2 1 35
15455 1 2 1 24 4 75
15456 4 1 3 2 2 4 1 70
15457 2 1 7 2 1 4
15458 3 1 4 2 1 3 2 4
15459 4 1 2 3 1 25
15460 3 1 3 2 1 3 1 32
15461 3 1 6 2 1 3 1 32
15462 6 1 8 2 2 4
15463 4 1 3 2 1 4 1 22
15464 3 1 1 2 3 3
15465 
15466 6 1 2 2 1 3 2 4 1 14
15467 
15468 1 1 9 2 9 9 5 10
15469 11 9 8 10 1 11
15470 
15471 
15472 1 1 4 2 1 49 1 64
15473 1 18 2 74 1 76
15474 
15475 
15476 
15477 1 1 1 75 1 76
15478 1 75 2 76
15479 3 69 1 70 1 87
15480 2 1 5 2 1 3 1 18
15481 
15482 2 1 2 2 1 26 1 44
15483 2 1 3 2 1 14 1 26
15484 
15485 3 1 10 2 1 4 1 42
15486 6 1 1 2 1 3 2 4 1 14
15487 
15488 3 1 2 2 1 8 1 19
15489 
15490 3 1 4 2 1 3 1 22
15491 3 1 4 2 2 3 1 14
15492 
15493 
15494 3 1 4 2 1 8 1 70
15495 1 4 19 9 4 10 1 11
15496 
15497 
15498 2 1 1 3 1 7 1 24 1 77
15499 1 1 1 7 1 24 1 45 1 77
15500 1 1 3 2 1 3 1 8 1 24 1 77
15501 1 1 4 9 1 11 1 13 1 44
15502 
15503 1 1 15 2 1 107
15504 1 1 15 2 7 9 3 10
15505 
15506 1 1 6 2 1 3 2 14 1 32
15507 3 1 1 3 2 6
15508 2 1 1 4 1 5 1 64
15509 1 1 8 2 4 25 1 100
15510 3 1 6 2 1 26
15511 4 1 7 2 2 3 3 25
15512 2 1 16 2 1 19
15513 3 1 6 2 3 9 3 10
15514 
15515 1 1 8 2 1 3
15516 2 5 4 9 2 12
15517 4 1 3 9 2 13 1 71
15518 
15519 2 1 11 2 1 34
15520 2 1 12 2 1 22
15521 
15522 
15523 3 1 6 2 1 4 1 8
15524 1 44 2 49 1 51
15525 1 1 2 2 1 49 1 64
15526 
15527 
15528 
15529 
15530 
15531 2 1 17 2 1 3 1 14
15532 3 2 1 44 1 49 1 64
15533 1 2 1 8 1 44 4 69 1 70
15534 6 2 1 49 2 64
15535 2 1 3 2 2 25
15536 9 1 1 4 4 9 8 10 1 14 1 70
15537 1 1 2 9 1 10 1 12 1 36 1 57 1 64
15538 1 1 2 9 1 12 1 36 1 53 1 57
15539 1 1 2 9 1 12 1 36 1 53 1 57
15540 1 1 3 9 1 12 1 36 1 53
15541 5 2 1 44 1 49 1 64
15542 
15543 4 1 1 4 1 7 1 25
15544 1 1 6 2 1 49 1 64
15545 2 1 3 9 1 10 2 12 1 64
15546 2 1 3 9 1 10 2 12 1 64
15547 7 2 1 44 1 49 1 64
15548 5 1 1 3 1 4 1 49
15549 
15550 
15551 3 2 1 8 1 44 4 69 1 70
15552 1 1 3 9 1 10 1 12 1 42 1 57
15553 1 1 3 9 1 10 1 12 1 42 1 57
15554 2 1 14 2 1 22
15555 2 1 2 2 1 4 1 5 1 64
15556 
15557 4 1 1 2 3 3 1 20
15558 3 1 7 2 1 3 1 25
15559 7 2 1 8 1 69
15560 2 1 5 2 2 25
15561 3 1 3 2 1 3 1 70
15562 4 1 1 3 1 4 1 7 1 69
15563 3 1 3 2 1 4 1 42
15564 5 2 1 8 1 44 4 69 1 70
15565 2 1 4 2 1 3 1 74 1 77
15566 5 1 1 2 1 3 1 4 1 22
15567 1 1 1 9 1 10 1 12 1 39 1 57 1 64
15568 1 1 1 9 1 10 1 12 1 39 1 57 1 64
15569 1 1 1 9 1 12 1 39 1 53 1 57
15570 1 1 1 9 1 12 1 39 1 53 1 57
15571 
15572 1 1 1 9 1 10 1 12 1 36 1 39 1 64
15573 1 1 1 9 1 12 1 36 1 39 1 53
15574 1 1 2 9 1 12 1 39 1 57
15575 1 1 2 9 1 12 1 39 1 57
15576 2 1 6 2 2 25
15577 
15578 
15579 
15580 
15581 
15582 1 1 2 9 1 10 1 12 1 39 1 64
15583 1 1 2 9 1 10 1 12 1 39 1 64
15584 4 1 2 2 2 3 1 7
15585 2 1 5 2 2 25
15586 3 1 1 2 1 4 1 7 1 69
15587 
15588 4 1 3 2 3 3 1 14
15589 
15590 
15591 5 1 1 2 1 4 1 46
15592 
15593 2 1 2 2 1 4 2 14 1 66
15594 1 1 4 2 1 8 4 9 2 10
15595 4 1 1 2 2 3 1 25
15596 3 1 4 2 1 3 1 25
15597 4 1 2 2 2 3 1 25
15598 3 1 5 2 1 3 1 25
15599 3 1 5 2 1 3 1 25
15600 2 1 9 2 1 25
15601 4 1 1 4 1 8 5 9 1 10
15602 3 1 8 2 1 4 1 42
15603 
15604 
15605 2 1 6 2 2 9 4 10
15606 3 1 10 2 1 4 1 14
15607 3 1 10 2 1 4 1 42
15608 3 1 10 2 1 4 1 94
15609 8 1 3 2 2 3 2 4
15610 
15611 1 1 8 2 1 3 2 14 1 32
15612 2 1 6 2 1 70
15613 2 1 10 2 4 3
15614 
15615 
15616 2 1 5 2 2 25
15617 5 2 1 3 1 94
15618 7 1 6 2 3 4 1 14
15619 3 1 12 2 1 4 1 14
15620 
15621 
15622 
15623 
15624 3 1 3 2 1 3 1 4 1 34
15625 15 2 1 44 1 51
15626 
15627 2 1 5 9 2 10 1 13 1 34
15628 3 1 4 9 3 10 1 13 1 34
15629 
15630 
15631 5 1 8 2 1 3 1 4 1 96
15632 3 1 13 2 1 3
15633 9 1 1 2 1 3 3 4
15634 10 9 4 10 2 11
15635 2 1 8 2 1 70
15636 2 1 5 2 7 9 2 10 1 13
15637 4 9 1 10 6 11 1 13 1 20
15638 2 1 2 2 3 9 2 11 1 13
15639 
15640 3 1 12 2 2 3 1 42
15641 3 1 12 2 2 3 1 42
15642 
15643 2 1 9 2 1 19 1 66
15644 2 1 4 2 2 9 4 12
15645 10 2 2 3 5 9 1 13
15646 5 1 2 2 1 4 2 9 3 10 1 13
15647 1 1 16 2 3 3
15648 
15649 3 1 1 4 1 6 1 7 1 8
15650 2 1 14 2 1 22
15651 10 1 8 2 4 4
15652 3 1 18 2 1 4 1 14
15653 1 1 20 2 1 41
15654 20 2 2 5
15655 1 1 21 2 1 41
15656 
15657 1 1 22 2 1 41
15658 4 9 1 10 6 11 1 13 1 18
15659 7 1 4 9 7 10 1 13 1 19
15660 
15661 
15662 4 1 1 4 2 7
15663 
15664 17 2 1 44 1 51
15665 1 1 4 2 1 6 1 42
15666 2 1 2 2 4 9 1 13 1 17
15667 2 1 3 2 1 4 6 9 4 10
15668 1 1 11 2 1 22 1 42
15669 
15670 5 1 2 3 1 8
15671 2 1 4 2 1 6 1 8 1 26
15672 3 2 1 6 1 8 1 24
15673 2 1 12 2 1 22
15674 2 1 3 2 1 4 2 24
15675 1 1 2 2 1 38 1 77
15676 
15677 3 1 1 2 2 3 1 4 3 14
15678 1 25 2 74 1 75 1 76
15679 6 2 1 44 1 63
15680 1 1 5 2 1 4 1 20
15681 4 1 1 2 3 3 1 21
15682 3 1 6 2 1 46
15683 2 1 6 2 1 3 1 14
15684 2 1 7 2 1 45
15685 2 1 4 2 1 3 1 14 1 66
15686 1 1 5 2 1 8 4 9 2 10
15687 1 1 7 2 1 8 4 9 2 10
15688 2 1 2 2 1 3 1 4 1 14
15689 1 1 3 2 1 3 1 19
15690 
15691 3 1 1 3 2 7
15692 2 1 4 2 3 9 2 10 1 17
15693 2 1 5 2 3 9 2 10 1 17
15694 2 1 5 2 3 9 2 10 1 17
15695 2 1 4 2 3 9 2 10 1 17
15696 2 1 3 2 3 9 2 10 1 17
15697 2 1 3 2 3 9 2 10 1 17
15698 2 1 2 2 1 7 1 25
15699 2 1 5 2 3 9 2 10 1 17
15700 
15701 
15702 
15703 
15704 
15705 2 1 6 2 1 4 2 64
15706 1 1 7 2 1 3 1 7
15707 2 1 1 2 2 75 1 77
15708 1 1 3 2 1 22 2 75
15709 7 2 1 4 2 14
15710 1 1 3 2 1 22 1 74 2 75
15711 1 1 2 2 1 22 4 75
15712 5 1 3 2 3 3 1 77
15713 2 5 1 118
15714 4 1 2 2 3 3 1 21
15715 3 1 5 2 1 3 1 4 1 6
15716 7 1 2 3 2 4 1 14
15717 7 1 1 2 3 4 1 14
15718 6 1 2 2 3 3 1 4 1 14
15719 6 1 2 2 1 3 2 4 1 14
15720 4 1 4 2 3 3 1 14
15721 3 1 6 2 2 3 1 14
15722 5 1 1 2 1 3 1 70
15723 
15724 
15725 
15726 
15727 
15728 
15729 
15730 
15731 
15732 5 1 1 3 1 4 1 22
15733 3 1 3 2 1 3 1 22
15734 1 1 1 2 2 9 3 10 1 36 2 64 1 77
15735 3 1 8 2 1 4 1 14
15736 2 1 9 2 1 3 1 14
15737 5 1 5 2 2 4 1 14
15738 4 1 5 2 1 4 1 77
15739 4 1 5 2 3 3 1 14
15740 5 1 2 2 1 3 1 4 1 22
15741 6 1 2 2 3 3 1 4 1 14
15742 7 1 1 2 2 3 2 4 1 14
15743 3 1 4 2 1 4 1 21
15744 5 1 5 2 2 3 1 4 1 14
15745 8 1 3 3 2 4 1 14
15746 3 1 10 2 1 4 1 14
15747 7 1 4 2 3 4 1 14
15748 7 1 3 2 2 3 2 4 1 14
15749 6 1 5 2 3 3 1 4 1 14
15750 6 1 6 2 1 3 2 4 1 14
15751 6 1 6 2 3 3 1 4 1 14
15752 7 1 8 2 3 4 1 14
15753 3 1 15 2 1 4 1 14
15754 9 1 6 2 2 3 3 4 1 14
15755 7 1 6 2 3 4 1 14
15756 4 1 2 2 3 3 1 21
15757 9 1 9 2 4 4 1 14
15758 2 1 20 2 1 3 1 14
15759 3 1 24 2 1 4 1 14
15760 
15761 
15762 5 1 1 2 2 4 3 9 2 10 1 17 1 24
15763 
15764 7 1 2 2 3 4 1 14
15765 6 1 3 2 1 3 2 4 1 14
15766 7 1 2 2 3 4 1 14
15767 8 1 1 3 3 4 1 14
15768 6 1 4 2 1 3 2 4 1 14
15769 7 1 1 2 2 3 2 4 1 14
15770 4 1 8 2 3 3 1 14
15771 3 1 10 2 2 3 1 14
15772 4 1 9 2 3 3 1 14
15773 4 1 8 2 1 3 1 4 1 14
15774 4 1 9 2 1 3 1 4 1 14
15775 2 1 13 2 1 3 1 21
15776 8 9 3 10 1 24 1 57
15777 3 1 5 2 2 3 1 21
15778 3 1 6 2 1 3 1 22
15779 2 1 1 4 1 18 1 21
15780 3 1 3 2 1 3 1 34
15781 3 1 4 2 1 3 1 34
15782 1 1 2 2 5 9 1 12 1 34
15783 3 1 4 2 1 3 1 34
15784 8 9 2 10 1 11 1 57
15785 8 9 2 10 1 11 1 57
15786 8 9 3 10 1 57 1 64
15787 2 1 2 2 1 4 4 9 2 10 2 14
15788 
15789 8 9 2 10 1 36 1 57
15790 1 1 3 9 1 11 1 12 1 17 1 34
15791 
15792 1 7 5 9 1 10 1 26
15793 3 1 1 3 1 4 1 14 1 21
15794 
15795 3 1 3 2 1 3 1 34
15796 1 1 1 2 4 9 2 12 1 14
15797 3 1 3 2 1 4 1 41
15798 3 1 7 2 1 4 1 41
15799 6 1 4 2 2 4 1 22
15800 
15801 
15802 
15803 
15804 
15805 
15806 3 1 4 2 1 25 1 35
15807 4 1 2 2 1 4 1 14 1 35
15808 3 1 4 2 1 3 1 22
15809 3 1 2 2 1 4 1 25 1 64
15810 2 1 7 2 1 3 1 21
15811 3 1 7 2 1 3 1 22
15812 2 1 5 2 1 3 1 29
15813 3 1 8 2 1 4 1 29
15814 2 1 4 2 1 4 2 35
15815 3 2 10 9 2 10 1 25
15816 
15817 4 1 5 2 1 3 1 35
15818 3 1 6 2 1 3 1 14 1 35
15819 3 1 4 2 1 3 1 5 1 35
15820 3 1 8 2 1 3 1 22
15821 2 1 10 2 1 3 1 21
15822 3 1 11 2 1 3 1 22
15823 3 1 1 2 1 4 1 7 1 64
15824 4 1 4 2 2 3 2 8
15825 3 1 14 2 1 3 1 22
15826 2 1 3 2 1 4 2 5
15827 3 1 20 2 1 3 1 22
15828 3 1 3 2 2 3 1 24
15829 3 1 12 2 1 4 1 5
15830 3 1 8 2 1 4 1 5
15831 4 1 2 2 1 3 1 4 1 24
15832 2 1 6 2 1 3 1 24
15833 3 1 6 2 1 26
15834 5 1 2 2 1 3 1 4 1 25
15835 3 1 7 2 1 26
15836 1 1 4 2 5 9 1 13 1 14 1 66
15837 3 1 7 2 1 26
15838 3 1 8 2 1 26
15839 6 1 1 3 1 4 1 8
15840 4 1 7 2 2 3 1 25
15841 4 1 10 2 1 3 1 26
15842 2 1 3 2 2 3 2 64
15843 3 1 1 2 3 3 2 64
15844 2 1 4 2 1 4 2 64
15845 3 1 2 2 1 3 1 4 2 64
15846 3 1 11 2 1 3 1 25
15847 4 1 10 2 2 3 1 25
15848 4 1 2 3 1 4 2 64
15849 3 1 2 2 1 3 1 4 2 64
15850 2 1 11 2 1 3 1 24
15851 3 1 13 2 1 3 1 25
15852 3 1 2 2 5 9 1 10 1 70
15853 8 9 4 10 4 11
15854 4 1 1 7 3 9 2 10 1 13
15855 2 1 7 2 1 8 5 9 1 10
15856 
15857 2 1 5 2 3 9 1 11 2 13
15858 3 1 7 2 1 26
15859 3 1 8 2 1 26
15860 3 1 9 2 1 26
15861 3 1 9 2 1 26
15862 3 1 10 2 1 26
15863 3 1 10 2 1 26
15864 3 1 13 2 1 26
15865 1 1 9 9 7 10 1 19
15866 
15867 
15868 3 1 10 2 1 3 1 25
15869 3 1 14 2 1 26
15870 3 1 11 2 1 26
15871 
15872 2 1 10 2 1 25
15873 4 1 2 2 1 4 1 49
15874 3 2 1 21 1 64
15875 3 1 1 6 1 8 1 22
15876 
15877 4 1 2 2 1 3 1 8 1 25
15878 
15879 4 1 1 2 1 3 1 4 1 5 1 25
15880 5 1 1 2 1 4 1 8 1 25
15881 2 1 21 2 1 3 1 14
15882 2 1 17 2 1 3 1 14
15883 2 1 3 2 1 3 1 4 3 14
15884 1 1 17 2 1 107
15885 2 1 5 2 2 4 1 25
15886 4 1 4 2 2 3 4 9 2 10 2 77
15887 3 1 1 2 3 3 2 64
15888 2 1 2 2 2 3 2 64
15889 5 1 9 2 3 3 1 25
15890 2 1 25 2 1 25
15891 4 1 12 2 1 4 1 77
15892 4 1 3 2 2 9 4 10 1 77
15893 3 1 1 3 1 8 5 9 1 12
15894 4 1 6 2 2 9 4 10 1 77
15895 
15896 
15897 3 1 14 2 1 3 1 77
15898 3 1 7 2 3 9 3 10
15899 2 1 2 2 2 25
15900 
15901 
15902 
15903 
15904 3 1 4 2 1 4 5 9 1 10
15905 5 1 1 4 3 9 2 10 1 12
15906 4 1 12 2 1 3 1 26
15907 2 1 1 2 1 4 1 5 1 14
15908 1 1 4 2 2 3 1 14
15909 2 1 2 2 1 4 1 5 1 14
15910 3 1 2 2 1 3 1 4 1 8 1 14
15911 1 1 4 2 1 4 2 5 1 14
15912 2 1 3 2 1 5 1 8
15913 2 1 5 2 1 7
15914 3 1 3 2 1 3 1 7
15915 3 1 3 2 1 3 1 7
15916 3 1 4 2 1 3 1 4 2 64
15917 3 1 5 2 1 3 1 4 2 64
15918 4 1 2 2 1 4 1 7 1 22
15919 5 1 1 3 1 4 1 7
15920 6 1 1 2 1 4 1 70
15921 6 1 7 2 2 4
15922 9 1 3 2 1 3 3 4
15923 8 1 5 2 2 3 2 4
15924 9 9 2 10 1 11 1 32
15925 
15926 2 2 10 9 2 10 1 19
15927 
15928 14 9 3 10 1 11 1 46
15929 12 9 3 10 3 11 1 46
15930 1 1 4 9 1 13 1 44 1 53
15931 3 1 1 7 3 9 3 10
15932 2 1 1 7 3 9 2 10 1 53
15933 2 1 1 7 3 9 3 10 1 64
15934 2 1 1 7 3 9 2 10 1 71
15935 2 1 1 7 3 9 2 10 1 71
15936 1 1 8 9 2 11 1 12 1 13
15937 3 1 2 2 8 9 3 10 1 13
15938 1 1 6 9 4 11 1 12 1 13
15939 5 1 8 9 1 12 3 13
15940 4 1 5 2 1 4 3 9 2 10 1 13
15941 2 1 4 2 2 3
15942 2 1 1 8 4 9 2 10 1 64
15943 2 1 1 2 1 5 4 9 1 10 1 13
15944 5 2 1 5 4 9 1 10 1 13
15945 4 1 1 2 2 3 1 4
15946 5 1 6 2 1 3 1 4
15947 6 1 4 2 2 3 1 4
15948 4 1 8 2 2 3 1 4
15949 2 1 15 2 1 56
15950 
15951 3 2 2 3 4 64
15952 2 1 5 9 1 12 1 46
15953 1 5 4 9 2 10 1 74
15954 3 1 3 2 1 4 1 18 1 77
15955 2 1 5 2 2 25
15956 1 1 5 2 4 9 2 10 1 18
15957 1 1 7 2 4 9 2 10 1 18
15958 1 1 1 7 4 9 1 10 1 12 1 14
15959 2 1 1 2 3 3 9 9 3 10
15960 2 1 1 3 5 9 1 12 1 77
15961 
15962 
15963 
15964 2 1 4 2 1 3 1 38
15965 4 1 4 2 2 8
15966 2 1 4 9 2 10 1 32
15967 4 1 3 2 2 3 5 9 1 10 1 35
15968 3 1 1 2 1 7 1 8
15969 1 1 6 2 1 38 1 77
15970 2 1 1 2 1 4 2 5
15971 1 1 2 2 1 38 1 77
15972 3 1 2 2 1 7 1 8
15973 1 1 4 2 1 3 2 5
15974 3 1 2 2 1 3 2 7
15975 5 1 1 4 1 7 1 8
15976 8 1 2 4 4 9 5 10 1 12 2 17
15977 3 1 1 2 1 119
15978 4 1 11 2 1 3 1 35
15979 2 1 12 2 1 34
15980 6 1 2 4 1 66
15981 4 1 2 2 2 3 1 66
15982 4 1 5 2 1 4 1 66
15983 8 1 3 4 1 66
15984 9 1 3 3 2 4 1 66
15985 1 1 6 2 2 7
15986 1 1 6 2 1 3 2 5
15987 4 1 2 2 2 4 2 5
15988 4 1 2 2 2 3 2 7
15989 3 1 2 2 1 3 1 4 5 9 1 10 1 99
15990 3 1 4 2 1 3 1 4 2 64
15991 3 1 2 2 1 3 1 4 2 44
15992 4 1 3 9 1 11 2 13
15993 1 9 3 11 2 12 2 64
15994 4 11 2 12 2 64
15995 9 9 3 10 1 38
15996 4 9 1 10 1 36 1 38
15997 
15998 1 1 9 2 2 7
15999 2 1 8 2 2 3 2 5
16000 
16001 
16002 
16003 4 1 10 2 2 8
16004 8 1 4 2 4 3 2 8
16005 4 1 14 2 2 8
16006 4 1 18 2 2 8
16007 
16008 2 1 9 2 1 4 1 7
16009 1 1 8 2 1 3 2 5
16010 2 1 1 4 9 9 3 10 1 24
16011 1 1 1 4 14 9 3 10 1 17
16012 2 2 1 5 1 14 1 66
16013 2 1 1 4 1 5 1 14 1 66
16014 
16015 
16016 
16017 1 5 4 9 1 10 1 11 1 25
16018 
16019 
16020 
16021 3 1 2 2 1 4 1 14 1 25
16022 3 1 2 2 1 4 1 14 1 25
16023 6 1 1 4 2 9 4 10
16024 3 1 1 4 4 9 2 10 1 20
16025 6 63 2 70
16026 1 4 12 9 6 10 1 14 3 24
16027 2 2 1 3 2 66
16028 1 1 11 2 1 35
16029 1 1 15 2 1 35
16030 1 1 19 2 1 35
16031 
16032 8 2 10 9 2 12 2 19
16033 3 1 15 2 1 8
16034 2 9 1 10 3 11 1 64
16035 1 1 3 11 1 12 2 57
16036 2 1 2 9 3 11 1 13
16037 
16038 
16039 4 1 18 2 2 3
16040 1 1 10 2 7 9 3 10 1 32
16041 2 1 2 2 2 3 1 34
16042 2 1 2 2 1 5 1 35
16043 2 1 3 2 1 5 1 35
16044 
16045 
16046 
16047 
16048 2 1 4 2 1 25 1 96
16049 
16050 
16051 
16052 2 1 4 2 1 30
16053 4 1 3 2 1 4 1 7
16054 5 1 1 2 1 3 1 4 1 7
16055 
16056 3 9 2 10 1 12 2 24 1 29
16057 
16058 8 1 10 2 6 3
16059 9 9 2 10 1 57 1 77
16060 5 1 13 2 3 3
16061 3 2 1 6 1 7
16062 2 5 1 7
16063 6 1 2 4 2 25
16064 3 1 1 2 1 4 5 9 1 12 2 25
16065 6 1 1 2 2 4 2 25
16066 4 1 5 2 1 4 1 19
16067 3 1 6 2 1 4 1 18
16068 
16069 
16070 1 9 1 10 2 11 1 36 1 57 1 64
16071 3 1 7 2 1 3 1 22
16072 3 9 1 10 1 11 1 36 1 64
16073 
16074 
16075 
16076 
16077 4 1 2 2 1 3 1 4 5 9 1 10
16078 4 1 2 2 1 3 1 4 5 9 1 10
16079 8 9 2 10 1 11 1 53
16080 8 9 2 10 1 11 1 53
16081 2 1 8 2 2 3 1 4 1 6
16082 5 2 1 3 1 4 5 9 1 10 1 14 1 42
16083 10 2 2 3 1 4 1 14 1 42
16084 2 1 1 2 2 7 1 77
16085 5 9 1 10 1 42 1 45
16086 
16087 2 1 6 2 2 103
16088 1 1 26 2 3 3
16089 2 1 15 2 4 9 2 10 1 19
16090 4 1 15 2 2 9 4 10
16091 5 1 13 2 1 3 1 4
16093 5 1 1 2 2 4 5 9 1 10
16094 2 1 8 2 1 3 1 4 1 14
16095 2 1 7 2 1 3 1 4 1 14
16096 2 1 7 2 1 3 1 4 1 14
16097 1 6 9 9 3 10 1 25 1 42
16098 1 2 4 9 1 12 1 17 1 64
16099 4 9 1 12 1 17 1 44
16100 1 2 4 9 1 12 1 17 1 63
16101 1 1 1 46 2 64
16102 4 1 2 2 4 3 8 9 4 10
16103 8 1 4 2 4 3 2 4 8 9 4 10
16104 2 1 1 3 5 9 2 10 3 12
16105 1 1 17 2 7 9 3 10
16106 4 1 1 2 1 4 1 103
16107 5 1 1 2 2 4 5 9 1 10
16108 11 9 4 10 1 11
16109 
16110 2 1 4 2 2 8
16111 2 1 6 2 2 8
16112 2 1 8 2 2 8
16113 4 1 5 2 1 4 2 8
16114 4 1 3 2 1 4 4 9 2 10
16115 4 1 10 2 1 4
16116 6 1 8 2 2 4
16117 6 1 6 2 4 3
16118 7 1 6 2 1 3 2 4
16119 4 1 11 2 1 4
16120 4 1 10 2 2 3
16121 4 1 11 2 1 4
16122 5 1 9 2 1 3 1 4
16123 8 1 2 2 6 3
16124 4 1 19 2 1 4
16125 6 1 14 2 4 3
16126 3 1 20 2 1 3
16127 6 1 14 2 4 3
16128 8 1 10 2 6 3
16129 4 1 20 2 2 3
16130 5 1 19 2 1 3 1 4
16131 5 1 6 2 1 3 1 4
16132 4 1 14 2 1 4
16134 2 1 5 2 1 3 1 8
16135 3 1 4 2 2 3 1 8
16136 2 1 5 2 1 3 1 8
16137 2 1 7 2 2 3
16138 2 1 3 2 1 3 1 21
16139 2 1 4 2 1 3 1 21
16140 5 1 2 3 1 4 5 9 1 10
16141 5 1 1 4 3 9 3 10
16142 3 1 1 2 1 3 1 4 2 27
16143 3 1 3 2 1 3 1 4 2 27
16144 3 1 5 2 1 3 1 4 2 27
16145 2 1 8 2 1 4 2 14
16146 2 1 5 2 1 70
16147 1 1 6 2 1 3 2 42
16148 1 1 8 2 1 3 2 42
16149 
16150 10 9 2 12 2 66
16151 2 2 10 9 2 12 2 66
16152 3 1 2 2 1 4 1 44
16153 5 9 1 12 1 65
16154 8 2 1 66
16155 9 9 3 10 1 42
16156 3 1 8 2 1 4 1 21
16157 5 1 5 2 3 3 1 77
16158 
16159 
16160 
16161 1 1 4 2 1 7 1 14
16162 1 1 6 2 1 46
16163 3 1 6 2 2 3 1 5 1 77
16164 1 2 1 5 2 25 1 110
16165 2 2 1 14 1 44 1 77
16166 
16167 
16168 
16169 
16170 3 1 1 2 1 4 9 9 3 10
16171 4 2 10 9 2 13
16172 3 1 1 4 9 9 3 10
16173 2 1 3 2 8 9 4 10
16174 4 1 7 9 4 10 1 13
16175 4 1 3 2 2 3 4 9 2 10 1 70
16176 2 9 2 10 6 11 2 36
16177 
16178 1 1 7 2 9 9 3 10
16179 6 1 2 4 8 9 4 10
16180 1 1 11 2 9 9 3 10
16181 1 1 15 2 9 9 3 10
16182 1 1 17 2 9 9 3 10
16183 
16184 1 1 4 2 1 5 3 25
16185 4 1 2 2 1 3 1 4 1 21
16186 3 1 2 2 3 3 1 6 1 77
16187 3 1 3 2 3 3 1 6 1 77
16188 1 1 4 2 4 25 1 29
16189 5 2 3 25 1 29 1 100
16190 2 1 6 2 1 5 1 26
16191 5 1 18 2 3 3
16192 5 1 5 2 3 3
16193 6 1 4 2 2 3 1 4
16194 7 1 3 2 1 3 2 4
16195 7 1 3 2 1 3 2 4
16196 1 1 1 7 1 51
16197 6 1 18 2 4 3
16198 3 1 24 2 1 3
16199 4 1 24 2 1 4
16200 7 1 4 2 1 3 2 4
16201 6 1 4 2 4 3
16202 7 1 2 2 5 3
16203 8 1 2 2 2 3 2 4
16204 4 1 9 2 2 3
16205 4 1 10 2 2 3
16206 10 1 2 2 4 4
16207 3 1 13 2 1 3
16208 4 1 12 2 2 3
16209 7 1 8 2 1 3 2 4
16210 4 1 12 2 2 3
16211 6 1 16 2 4 3
16212 4 1 14 2 2 3
16213 4 1 14 2 2 3
16214 7 1 8 2 5 3
16215 5 1 12 2 3 3
16216 4 1 15 2 1 4
16217 9 1 6 2 3 3 2 4
16218 4 1 14 2 2 3
16219 3 1 17 2 1 3
16220 3 1 18 2 1 3
16221 4 1 16 2 2 3
16222 9 1 9 2 1 3 3 4
16223 8 1 8 2 6 3
16224 1 1 5 2 1 3 10 9 2 12
16225 1 45 2 76
16226 2 2 1 4 3 14 1 42
16227 1 3 3 9 2 11 1 12 2 42
16228 3 9 2 11 1 12 1 14 1 19
16229 1 9 2 11 2 53 1 57
16230 1 9 2 11 2 53 1 57
16231 4 1 4 12 2 57
16232 
16233 3 1 1 4 4 9 1 11 1 12
16234 3 1 2 2 2 3 1 5
16235 4 1 2 2 1 3 1 8
16236 3 1 4 2 1 8
16237 4 1 3 2 1 4 1 7
16238 5 1 1 2 1 3 1 4 1 7
16239 5 1 1 2 1 3 1 4 1 7
16240 5 1 1 2 2 4 1 5
16241 5 1 1 2 1 3 1 4 1 7
16242 5 1 1 2 1 3 1 4 1 7
16243 7 1 2 4 1 8
16244 2 1 8 2 1 7
16245 5 1 3 2 2 4 1 5
16246 6 1 3 2 1 4 1 70
16247 6 1 1 2 1 3 2 4 1 5
16248 6 1 2 2 2 3 1 70
16249 2 1 9 2 1 7
16250 3 1 9 2 1 4 1 5
16251 3 1 17 2 1 8
16252 4 1 19 2 2 3 1 7
16253 2 1 2 2 2 3 2 5
16254 3 1 3 2 1 7 1 8
16255 3 1 4 2 1 7 1 8
16256 
16257 1 1 4 2 1 4 5 9 1 10
16258 1 1 9 9 1 10 1 12 1 13 1 14
16259 2 2 2 14 1 49
16260 4 2 2 3 4 14
16261 1 1 3 2 2 3 3 14
16262 2 1 6 2 1 3 1 21
16263 4 1 6 2 1 4 1 22
16264 8 1 1 2 3 4 1 77
16265 6 1 5 2 4 3 1 77
16266 3 1 12 2 1 3 1 77
16267 4 1 12 2 1 4 1 77
16268 3 1 19 2 1 3 1 22
16269 5 1 8 2 1 3 1 4 1 22
16270 4 1 14 2 1 4 1 22
16271 4 1 4 2 1 3 1 4 1 21
16272 2 1 17 2 1 3 1 21
16273 2 1 19 2 1 3 1 21
16274 2 1 21 2 1 3 1 21
16275 3 1 19 2 1 8 1 77
16276 2 1 23 2 1 3 1 21
16277 4 1 19 2 1 4 1 22
16278 4 1 17 2 1 4 1 22
16279 
16280 
16281 1 1 23 2 1 20
16282 
16283 2 1 3 2 2 3 1 4
16284 3 1 3 2 1 3 2 4
16285 2 1 3 2 1 3 1 46
16286 1 1 5 2 1 4 1 5
16287 2 1 15 2 2 3
16288 2 1 17 2 2 3
16289 2 1 17 2 2 3
16290 2 1 17 2 2 3
16291 2 1 20 2 2 3
16292 6 1 1 2 2 3 2 4
16293 5 1 3 2 1 3 2 4
16294 2 2 1 31 1 73
16295 2 1 6 2 1 32 1 98
16296 2 1 8 2 1 32 1 98
16297 1 98 1 103
16298 
16299 5 1 1 2 2 4 1 42
16300 4 1 1 4 1 19 1 70
16301 4 1 2 3 1 4 1 19
16302 3 1 1 4 4 9 1 10 1 36
16303 
16304 
16305 
16306 
16307 3 2 4 9 1 13 1 36
16308 1 1 7 2 4 9 1 12 1 36
16309 1 1 9 2 4 9 1 12 1 36
16310 3 1 6 2 3 9 3 10
16311 3 1 6 2 3 9 3 10
16312 1 1 3 2 1 42 1 66
16313 2 2 1 64 1 74
16314 1 1 3 2 2 66
16315 1 2 1 5 2 66
16316 
16317 
16318 
16319 
16320 
16321 
16322 
16323 
16324 
16325 
16326 2 1 3 2 2 7
16327 
16328 
16329 1 1 1 4 3 64 1 77
16330 
16331 1 1 7 2 2 7
16332 
16333 
16334 
16335 
16336 
16337 
16338 
16339 2 1 12 2 1 7
16340 8 9 4 10 1 18 1 64
16341 1 1 3 2 8 9 4 10 1 64
16342 2 1 2 2 1 3 1 14 2 19
16343 2 1 5 2 1 3 1 42
16344 2 1 5 2 1 3 1 64
16345 2 1 15 2 1 3 1 42
16346 3 1 14 2 1 3 1 22
16347 8 9 5 10 1 11 1 24
16348 3 9 3 10 1 24 2 42
16349 1 1 3 9 2 10 1 17 1 18 1 77
16350 2 1 3 2 4 9 2 10 1 70
16351 2 1 3 2 4 9 2 10 1 70
16352 2 1 9 2 4 3 1 4
16353 4 1 6 2 2 3 2 4
16354 2 1 8 2 2 3 1 4
16355 3 1 4 2 2 9 3 10 1 13
16356 2 1 2 2 6 9 4 10
16357 2 1 2 2 6 9 4 10
16358 1 1 13 2 7 9 3 10
16359 1 2 1 3 4 9 2 12 1 18
16360 
16361 2 1 1 14 1 19 1 26
16362 
16363 
16364 
16365 2 1 1 2 1 4 5 9 1 10 1 14
16366 2 1 9 2 2 77
16367 2 1 9 2 4 9 2 10
16368 2 1 1 5 1 26 1 66
16369 3 1 2 2 1 8 1 70
16370 2 1 1 2 2 4 4 64
16371 3 1 1 2 1 3 1 4 2 64
16372 4 1 1 2 2 4 2 64
16373 3 2 1 4 1 14 3 65
16374 2 2 2 14 1 66
16375 3 1 1 2 1 4 1 14 2 66
16376 3 1 3 2 1 4 1 14 2 66
16377 
16378 
16379 2 1 3 2 1 7 2 66
16380 1 1 2 2 1 8 2 64
16381 2 1 16 2 2 7
16382 3 9 1 10 1 11 1 12 1 27
16383 2 9 1 10 2 11 1 12 1 27
16384 1 1 4 9 1 10 1 12 1 26
16385 2 1 3 9 2 10 1 12 1 26
16386 2 1 3 9 2 10 1 12 1 26
16387 2 2 3 9 2 10 1 11 1 27
16389 4 1 3 2 2 4
16390 3 1 5 2 1 3 1 4
16391 
16392 
16393 
16394 
16395 2 1 5 2 4 3
16396 2 1 4 2 2 3
16397 2 1 5 2 2 3
16398 4 1 3 2 2 3 1 4
16399 2 1 9 2 2 3
16400 4 1 3 2 1 3 1 4 1 8
16401 3 1 3 2 1 3 1 4 1 7
16402 4 1 3 2 2 3 1 4
16403 2 2 1 3 1 21 2 64
16404 2 1 4 9 2 10 2 22
16405 4 1 7 2 4 3
16406 2 1 20 2 2 3
16407 2 1 6 2 4 3
16408 3 1 2 2 1 46 1 66
16409 3 1 5 2 1 46 1 66
16410 1 4 20 9 3 10 1 13 1 14
16411 
16412 
16413 
16414 2 1 5 2 1 25 2 45
16415 2 1 6 2 1 4 2 5
16416 
16417 17 2 2 5
16418 2 12 2 14 4 53
16419 2 12 4 53 2 64
16420 1 1 7 2 1 44 1 45
16421 2 1 8 2 1 118
16422 2 1 10 2 1 118
16423 2 1 16 2 1 118
16424 
16425 3 1 4 2 1 4 5 9 1 10
16426 
16427 5 1 1 2 1 3 1 4 1 7
16428 5 1 1 2 1 3 1 4 1 7
16429 5 1 1 2 1 3 1 4 1 7
16430 2 1 2 2 1 4 5 9 1 10 1 44
16431 4 1 6 2 4 3 2 14
16432 4 1 12 2 2 4 2 14
16433 3 1 2 2 1 4 1 23
16434 3 1 3 2 1 4 1 23
16435 3 1 3 2 1 4 1 23
16436 2 1 3 2 2 25 1 45
16437 6 1 2 2 2 4 1 45
16438 2 1 7 2 1 3 1 5
16439 1 1 1 4 3 5
16440 1 1 16 2 1 22 1 42
16441 
16442 
16443 2 1 14 2 2 3 2 14
16444 
16445 3 1 1 3 1 4 2 42
16446 3 1 16 2 1 8
16447 2 1 4 2 1 7 1 66
16448 9 1 8 2 3 4 1 8
16449 4 9 2 10 2 97
16450 4 9 2 10 2 97
16451 1 1 3 2 1 5 1 22
16452 1 1 13 2 1 109
16453 1 1 9 2 1 95
16454 1 1 7 2 1 97
16455 1 1 9 2 1 97
16456 
16457 
16458 
16459 
16460 
16461 
16462 1 1 2 2 1 5 1 19
16463 1 1 3 2 1 5 1 19
16464 
16465 
16466 1 1 3 9 2 10 1 12 2 42
16467 3 2 1 3 1 5 2 64
16468 2 1 8 2 2 3
16469 1 1 2 2 4 9 2 10 1 64
16470 1 1 2 2 4 9 2 10 1 42
16471 3 1 1 7 3 9 3 10
16472 4 2 1 7 1 8 1 69
16473 3 1 1 7 3 9 3 10
16474 2 1 2 2 2 66
16475 7 2 2 65
16476 9 2 2 65
16477 1 2 5 9 1 10 1 19 1 64
16478 2 2 5 9 1 10 1 19 1 64
16479 5 2 1 21 1 64
16480 1 1 4 2 1 25 1 64
16481 1 1 5 2 1 25 1 64
16482 1 1 2 2 2 66
16483 1 1 2 2 1 22 1 64
16484 1 1 3 2 1 22 1 64
16485 2 2 1 22 2 64
16486 3 1 7 2 1 3 1 4
16487 4 1 5 2 2 3 1 4
16488 5 1 3 2 3 3 1 4
16489 4 1 6 2 2 3 1 4
16490 3 1 8 2 1 3 1 4
16491 3 1 8 2 1 3 1 4
16492 3 1 8 2 3 3
16493 5 1 6 2 1 3 2 4
16494 6 1 3 2 4 3 1 4
16495 8 1 2 2 4 4
16496 3 1 10 2 1 3 1 4
16497 5 1 7 2 3 3 1 4
16498 2 1 12 2 2 3
16499 2 1 4 2 4 9 2 12
16500 2 1 11 2 1 22
16501 2 1 13 2 1 22
16502 2 1 17 2 1 22
16503 2 1 4 9 1 10 1 13 1 18
16504 2 1 4 9 1 10 1 13 1 18
16505 29 2
16506 4 1 6 2 1 3 1 4 5 9 1 10
16507 2 1 22 2 2 3
16508 4 1 10 2 2 3 1 4
16509 3 1 14 2 1 3 1 4
16510 6 1 10 2 4 3 1 4
16511 2 1 18 2 2 3
16512 3 1 17 2 1 3 1 4
16513 4 1 14 2 4 3
16514 7 1 8 2 7 3
16515 4 1 4 2 1 3 1 4 5 9 1 12
16516 2 1 1 2 1 4 5 9 1 10 1 44
16517 4 2 1 3 1 24
16518 3 1 4 9 2 10 1 26
16519 1 1 10 9 1 10 1 13 1 25
16520 1 1 1 4 15 9 3 10 1 25
16521 8 9 4 10 1 11 1 17
16522 3 9 3 12 3 14
16523 1 1 7 2 1 3 1 77
16524 4 1 2 2 2 3 2 25
16525 4 1 4 2 2 3 2 25
16526 2 1 4 2 2 25
16527 2 1 4 2 2 25
16528 4 1 4 2 2 3 2 25
16529 2 1 10 2 1 25
16530 3 1 8 2 1 3 1 25
16531 2 1 14 2 1 25
16532 2 1 19 2 1 25
16533 5 2 3 9 2 11 1 13
16534 5 2 3 9 2 11 1 13
16535 2 1 6 2 1 4 2 14
16536 4 1 2 2 2 3 1 4 2 14
16537 4 1 4 2 2 3 1 4 2 14
16538 2 1 12 2 1 4 2 14
16539 4 1 8 2 2 3 1 4 2 14
16540 2 1 13 2 1 4 2 14
16541 
16542 
16543 1 1 2 2 1 14 1 22
16544 1 1 1 2 1 7 1 22 1 44
16545 1 1 4 2 1 51 1 77
16547 3 1 2 2 1 4 1 20
16548 3 1 2 2 1 4 1 21
16549 
16550 1 1 1 7 7 9 3 10
16551 5 2 7 9 2 10 1 13
16552 2 1 3 2 6 9 4 10
16553 2 1 4 2 6 9 4 10
16554 3 1 6 9 2 10 1 12 1 13
16555 3 1 2 2 6 9 3 10 1 13
16556 3 1 1 4 2 66
16557 4 1 1 4 1 49
16558 1 1 4 2 2 3 1 5
16559 1 1 4 2 1 8 1 19
16560 2 49 2 51 1 75
16561 2 1 1 75 2 77
16562 1 75 2 94
16563 
16564 
16565 
16566 
16567 
16568 4 1 5 9 4 10 1 13
16569 3 1 5 9 3 10 2 12
16570 1 1 1 3 2 100
16571 3 1 5 9 4 10 1 12
16572 
16573 
16574 4 1 2 2 1 3 1 4 7 9 3 10
16575 1 1 17 2 7 9 3 10
16576 2 1 4 2 2 3
16577 11 2 2 3
16578 8 2 2 8 1 66
16579 7 2 2 8 1 66
16580 18 2 2 3
16581 20 2 2 3
16582 3 1 4 2 1 3 2 77
16583 3 1 6 2 1 3 2 77
16584 3 1 8 2 1 3 2 77
16585 8 1 4 3 2 4
16586 10 2 5 9 1 12 1 42
16587 2 1 14 2 1 3 5 9 1 12
16588 2 1 20 2 2 3
16589 2 1 11 2 2 3 1 70
16590 4 1 4 2 2 4
16591 3 1 7 2 1 3 1 4
16592 4 1 4 2 4 3
16593 3 1 9 2 1 3 1 4
16594 3 1 9 2 1 3 1 4
16595 4 1 7 2 2 3 1 4
16596 5 1 9 2 3 3 1 4
16597 2 1 5 2 1 70
16598 2 1 4 2 1 3 1 8
16599 3 1 4 2 1 4 1 7 1 8 1 66
16600 4 1 1 2 1 3 1 4 5 9 1 12
16601 2 1 5 2 1 3 1 8
16602 3 1 3 2 1 3 1 4 1 7
16603 3 1 3 2 1 4 1 8
16604 2 1 4 2 1 4 1 6
16605 1 1 4 2 1 4 3 14
16606 4 1 2 2 2 4 1 14 1 24
16607 2 1 3 2 1 7 1 70
16608 5 1 2 2 1 4 1 8 1 70
16609 5 1 4 2 1 4 1 8 1 70
16610 2 1 4 2 2 8
16611 1 1 5 2 1 7 1 8
16612 2 1 7 2 1 70
16613 1 1 21 2 1 8
16614 2 1 6 2 1 4 1 6
16615 5 1 2 2 2 4 1 8
16616 3 1 2 2 1 4 1 7 1 8
16617 1 1 6 2 1 5 1 70
16618 4 1 3 2 2 4 1 7
16619 4 1 11 2 2 4 1 7
16620 4 1 2 2 2 70
16621 4 1 2 2 1 3 1 8 1 70
16622 4 1 3 2 1 3 1 8 1 70
16623 5 1 2 2 2 3 1 8 1 70
16624 
16625 4 1 2 4 2 7
16626 4 1 6 2 2 70
16627 8 1 2 4 2 70
16628 7 2 1 3 1 65
16629 3 1 1 4 2 6 1 8
16630 1 1 13 2 1 3
16631 1 1 15 2 1 3
16632 1 1 17 2 1 3
16633 1 1 13 2 1 3
16634 1 1 16 2 1 3
16635 1 1 17 2 1 3
16636 3 1 4 2 1 4 1 8
16637 4 1 8 2 2 3 1 4
16638 4 1 11 2 2 3 1 4
16639 6 1 8 2 4 3 1 4
16640 3 1 6 2 1 3 1 70
16641 4 1 3 2 1 4 1 70
16642 13 2 2 3
16643 1 1 3 6 1 8
16644 1 1 2 2 3 6 1 8
16645 2 1 3 6 1 70
16646 1 1 9 2 1 8
16647 2 1 7 2 1 3 1 8
16648 4 2 1 8 1 64
16649 6 2 2 42 1 66
16650 6 2 2 6
16651 8 2 2 66
16652 5 2 1 8 1 21
16653 2 2 1 24 2 66
16654 18 9 5 10 1 12
16655 2 1 10 2 1 70
16656 2 1 12 2 1 70
16657 4 1 4 2 2 70
16658 1 1 1 117
16659 1 1 7 2 1 46
16660 3 2 1 3 1 21
16661 4 1 1 4 4 9 1 10 1 12
16662 2 2 1 5 1 21
16663 3 2 1 3 1 21
16664 8 2 1 8 1 69
16665 2 1 1 3 3 9 2 11 1 12
16666 2 1 1 2 3 9 2 11 1 13
16667 5 1 1 4 3 9 3 10
16668 5 1 1 4 3 9 3 10
16669 4 1 2 2 2 9 4 10
16670 2 1 2 9 2 11 2 12
16671 
16672 6 2 1 3 1 29
16673 2 1 6 2 1 70
16674 4 2 3 9 2 11 1 13
16675 4 2 2 9 3 11 1 13
16676 3 1 6 2 5 3
16677 3 1 3 2 1 3 1 4 2 14
16678 5 2 1 8 5 9 1 12
16679 1 1 18 2 1 4 1 14
16680 5 2 1 4 5 9 1 12 1 14
16681 5 2 1 4 1 14 1 44
16682 8 2 2 8
16683 6 2 1 4 5 9 1 12 1 14
16684 1 1 2 7 1 66
16685 1 1 13 2 4 9 1 12 1 17
16686 3 1 6 2 3 9 3 10
16687 5 1 4 2 2 3 3 9 3 10
16688 3 1 3 2 1 3 4 9 2 10
16689 5 1 1 7 3 9 1 10 2 13
16690 2 1 4 2 2 3 1 4 2 64
16691 3 1 5 9 1 12 1 70
16692 3 1 1 3 1 7 4 9 2 10
16693 4 1 1 8 3 9 3 10
16694 5 1 1 8 2 9 4 10
16695 4 1 2 2 1 8 3 9 3 10
16696 3 1 3 2 1 4 5 9 1 12
16697 4 1 3 2 3 9 2 10 1 13
16698 5 1 2 3 3 9 2 10 1 12
16699 6 1 1 4 3 9 2 10 1 13
16700 6 1 1 4 2 9 3 10 1 12
16701 6 1 1 2 1 4 3 9 2 10 1 13
16702 6 1 1 3 1 4 3 9 2 10 1 12
16703 6 1 1 4 3 9 1 10 1 12 1 13
16704 7 1 1 4 2 9 3 10 1 13
16705 6 1 1 2 1 3 1 4 3 9 3 10
16706 6 1 1 2 1 3 1 4 3 9 3 10
16707 4 1 1 4 4 9 2 12
16708 3 1 3 9 1 11 1 12 1 13
16709 7 1 2 4 3 9 2 10 1 12
16710 4 1 17 2 1 8 3 9 3 10
16711 3 1 9 2 3 9 3 10
16712 8 1 1 2 3 4 4 9 2 10
16713 1 1 4 9 1 10 1 12 1 65
16714 3 9 1 10 2 11 1 65
16715 1 9 1 10 4 11 1 65
16716 
16717 
16718 6 1 3 4 1 8 5 9 1 10
16719 2 1 7 2 2 66
16720 2 1 8 2 3 66
16721 
16722 
16723 3 1 3 2 3 9 3 10
16724 3 1 3 9 1 11 1 12 1 13
16725 4 1 2 2 2 9 4 10
16726 2 1 2 9 2 11 2 12
16727 3 1 4 2 3 9 3 10
16728 3 1 1 3 3 9 1 11 2 12
16729 4 1 2 2 3 9 2 10 1 13
16730 4 1 3 9 1 11 2 13
16731 2 1 1 3 2 9 3 11 1 12
16732 2 1 6 2 4 9 2 10
16733 3 1 5 2 3 9 3 10
16734 4 1 3 2 1 3 3 9 3 10
16735 3 1 5 2 1 4 5 9 1 10
16736 4 1 3 2 1 3 1 4 5 9 1 10
16737 5 1 2 2 2 3 1 4 5 9 1 10
16738 6 1 2 9 1 11 3 13
16739 4 1 5 2 1 3 1 4 5 9 1 10
16740 4 1 5 2 1 3 1 4 5 9 1 10
16741 5 1 4 2 2 3 1 4 5 9 1 10
16742 5 1 5 2 2 3 1 4 5 9 1 10
16743 6 1 5 2 3 3 1 4 5 9 1 10
16744 3 1 15 2 3 9 3 10
16745 4 1 15 2 2 9 4 10
16746 2 1 1 2 1 14 1 46
16747 4 1 2 9 2 11 2 13
16748 4 1 1 3 4 9 1 12 1 13
16749 4 1 2 9 2 11 2 13
16750 4 1 11 2 3 9 2 10 1 13
16751 6 1 9 2 1 4 2 9 4 10
16752 3 1 14 2 1 4 5 9 1 10
16753 4 1 15 2 2 9 4 10
16754 2 1 16 2 4 9 2 12
16755 4 1 16 2 2 9 4 10
16756 3 1 1 2 1 4 5 9 1 10 1 70
16757 
16758 1 7 8 9 2 10 2 11
16759 2 9 1 10 3 11 1 24
16760 1 1 3 9 2 10 1 12 2 42
16761 2 9 3 11 1 12 1 21
16762 1 1 1 2 2 7 2 25
16763 3 1 2 2 1 3 2 25
16764 2 1 2 2 1 3 1 5 2 25
16765 2 1 16 2 4 9 2 12
16766 3 2 1 4 1 24 1 35
16767 2 1 21 2 1 22
16768 2 1 17 2 1 22
16769 3 1 3 2 1 3 2 25
16770 3 1 5 2 1 3 2 25
16771 3 1 1 4 4 9 2 10 1 14
16772 1 1 5 2 1 4 3 9 3 10 2 42
16773 2 1 12 2 1 3 5 9 1 12
16774 5 1 8 2 2 3 1 4 5 9 1 10
16775 5 1 1 4 1 5 2 9 4 10
16776 6 1 7 2 1 4 1 6 2 9 4 10
16777 5 1 2 2 1 4 4 9 1 10 1 13
16778 5 1 4 2 1 4 4 9 1 10 1 13
16779 4 1 7 2 1 4 4 9 2 10
16780 1 1 1 7 2 9 3 11 1 12
16781 5 1 1 4 1 7 3 9 3 10
16782 1 1 1 7 5 9 1 10 1 66
16783 6 1 1 2 1 4 3 9 2 10 1 13
16784 
16785 5 1 5 2 1 3 2 26
16786 4 1 5 9 1 13 2 26
16787 2 1 11 2 1 8 5 9 1 12
16788 1 25 2 74 1 75
16789 
16790 3 1 1 2 1 4 1 18 1 19
16791 
16792 4 2 14 9 4 12
16793 3 9 1 11 1 17 1 53
16794 4 1 7 2 2 3 1 19
16795 4 1 8 2 3 3 1 14
16796 4 1 5 2 3 3 1 14
16797 2 1 8 9 2 10 2 12
16798 7 9 1 10 3 11 1 12
16799 3 1 8 9 2 10 1 12 1 13
16800 3 1 2 2 1 4 10 9 1 10 1 13
16801 1 1 4 2 1 3 10 9 2 12
16802 1 1 2 2 2 8 5 9 1 10
16803 4 1 8 9 2 10 2 13
16804 3 1 3 2 1 4 1 18
16805 3 1 4 2 1 4 1 18
16806 2 1 1 2 1 3 1 4 15 9 3 10
16807 3 1 4 2 1 3 6 9 4 10
16808 2 1 1 9 3 11 2 12
16809 8 9 3 10 1 36 1 64
16810 8 9 3 10 1 53 1 64
16811 8 9 3 10 1 11 1 64
16812 3 2 1 7 10 9 2 12
16813 1 1 15 2 1 8 10 9 2 10
16814 2 1 8 9 3 10 1 12
16815 2 1 1 3 1 8 10 9 2 10
16816 2 1 2 2 1 3 1 44 1 77
16817 3 1 2 4 1 8 10 9 2 10
16818 4 1 2 2 2 3 2 8 10 9 2 10 1 66
16819 5 1 1 4 8 9 3 10 1 13
16820 5 1 4 2 3 3 1 4 4 9 2 10
16821 4 1 6 9 2 11 2 12 2 13
16822 5 1 7 9 5 10 1 70
16823 1 1 11 2 8 9 3 10 1 13
16824 1 1 7 2 11 9 7 10
16825 9 2 2 3 10 9 2 12
16826 3 2 2 3 10 9 2 10
16827 2 2 2 6 10 9 2 13
16828 15 9 2 12 1 13
16829 6 2 15 9 2 12 1 13
16830 3 1 3 2 3 4 15 9 3 10
16831 19 9 4 10 1 13
16832 1 8 20 9 3 10 1 13
16833 
16834 
16835 
16836 8 2 1 3 1 8
16837 6 1 8 2 4 3 2 4
16838 28 2 2 3
16839 21 2 4 3 1 4
16840 
16841 1 1 6 2 1 3 1 4
16842 2 1 4 2 4 3
16843 2 1 5 2 2 3 1 4
16844 1 1 7 2 1 3 1 4
16845 3 1 5 2 5 3
16846 1 1 7 2 3 3
16847 9 2 2 3
16848 3 1 6 2 5 3
16849 7 2 2 3 1 6
16850 2 1 4 2 2 3 1 4
16851 3 1 3 2 1 4 3 9 3 10
16852 4 1 4 2 2 3 4 9 2 13
16853 1 1 18 2 3 9 3 12
16854 
16855 3 2 1 7 4 9 2 10
16856 3 1 5 9 3 10 2 12
16857 
16858 7 2 1 3 1 8 4 9 2 10
16859 7 2 3 3 3 9 3 10
16860 3 1 1 7 5 9 5 10
16861 1 1 5 9 2 10 3 12
16862 5 2 1 8 1 14
16865 2 1 2 2 9 9 2 10 1 13
16867 1 1 2 2 1 3 10 9 2 12
16868 2 2 8 9 2 10 1 11 1 13
16869 1 2 8 9 4 12
16870 5 2 1 8 7 9 3 10
16871 1 1 4 2 7 9 3 10 1 70
16872 6 2 1 8 7 9 3 10
16873 4 2 8 9 4 12
16874 2 1 3 2 2 3 8 9 4 10
16875 4 1 4 2 4 3 8 9 4 10
16876 2 1 16 2 6 9 6 10
16877 6 2 2 8 4 9 2 10 1 66
16878 4 2 1 4 2 6
16879 8 2 1 3 1 5
16880 4 1 7 2 3 3 1 4 1 14
16881 2 1 1 3 10 9 1 12 1 13
16882 17 9 4 10 1 13
16883 5 2 3 9 2 11 1 13
16884 3 1 3 2 1 3 2 4 1 7
16885 5 2 1 8 5 9 1 10
16886 2 2 1 6 3 9 2 11 1 13
16887 2 1 1 2 1 3 2 8 5 9 1 10
16888 21 2 4 3
16889 1 1 13 2 3 3
16890 2 1 12 2 4 3
16891 1 1 3 2 1 4 1 6 5 9 1 12
16892 1 1 4 2 5 9 1 12 1 70
16893 1 1 3 2 1 3 1 8 5 9 1 12
16894 2 1 3 2 1 3 1 8 4 9 2 10
16895 1 1 3 2 1 3 1 8 5 9 1 12
16896 1 1 5 2 5 9 1 10 1 70
16897 5 2 1 8 5 9 1 12
16898 2 1 2 2 1 3 1 8 5 9 1 13
16899 2 1 2 2 2 3 1 8 5 9 1 10
16901 2 1 14 2 2 4
16902 2 1 9 9 1 10 2 13 1 14
16903 2 1 3 2 1 4 1 7 5 9 1 13
16904 1 1 4 2 1 4 1 6 5 9 1 12
16905 5 2 1 3 3 9 2 11 1 12
16906 5 2 1 3 3 9 2 11 1 12
16907 4 1 5 2 2 3 2 4 1 7
16908 3 1 6 2 3 3 1 4 1 7
16909 2 1 2 2 1 7 1 8 5 9 1 10 1 70
16910 3 1 2 2 1 3 1 8 5 9 1 10 1 70
16911 2 1 3 2 1 3 2 4 1 7 5 9 1 10
16912 2 1 2 2 2 3 1 4 1 8 5 9 1 12
16913 3 1 3 2 2 3 2 4 5 9 1 10
16914 7 2 2 3 5 9 1 13
16915 2 1 3 2 2 3 1 7 5 9 1 13
16916 3 1 5 2 1 3 1 4 4 9 2 10
16917 3 1 3 2 3 3 5 9 1 13
16918 3 1 3 2 2 3 5 9 1 12 1 70
16919 10 2 1 3 5 9 1 10 1 70
16920 2 1 2 2 3 3 2 7 5 9 1 12
16921 2 1 4 2 2 3 1 4 1 8 5 9 1 12
16922 2 1 5 2 2 3 1 4 1 8 5 9 1 12
16923 1 1 9 2 1 3 4 9 2 13
16924 6 1 2 4 8 9 2 10 2 12
16925 6 1 10 2 4 3 2 4
16926 9 2 2 3 10 9 2 12
16927 1 1 9 2 1 3 10 9 2 12
16928 1 1 23 2 3 3
16929 8 2 1 4 1 6
16930 1 1 3 2 1 3 1 8 5 9 1 10
16931 3 1 3 2 2 9 3 10 1 13
16932 3 1 5 2 5 3
16933 1 1 3 2 1 3 1 8 5 9 1 12
16934 3 1 8 9 3 10 1 13
16935 2 1 1 2 9 9 2 12 1 13
16936 8 9 4 10 4 11
16937 4 1 10 9 4 10 2 13
16938 2 1 12 2 2 4
16939 2 1 18 2 4 3
16940 1 1 10 2 1 3 1 4
16941 3 2 12 9 4 10
16942 1 2 6 9 4 11 2 12
16943 1 1 5 2 1 3 1 4
16944 2 1 4 2 2 3 1 4
16945 3 1 2 2 3 3 2 4
16946 8 2 2 8
16947 2 1 4 2 2 4 2 7
16948 8 2 4 3
16949 1 1 8 2 1 8 1 70
16950 10 2 2 8
16951 12 2 2 8
16952 4 2 8 9 2 11 2 12
16953 4 9 6 11 2 12
16954 1 1 24 2 3 3
16955 
16956 6 1 2 4 1 6
16957 14 9 1 10 3 12
16958 2 1 4 10 2 12 4 64
16959 4 1 1 2 1 4 1 30
16960 4 2 1 3 5 9 1 13 1 14
16961 1 1 5 9 1 10 1 39
16962 5 1 1 2 1 4 1 8
16963 2 1 1 3 3 9 1 11 1 12 1 17
16964 5 1 2 3 2 9 2 10 1 12 1 17
16965 4 1 2 3 2 9 1 11 2 12 1 17
16966 2 1 1 2 3 9 1 11 1 13 1 17
16967 3 1 1 2 2 3 1 42
16968 3 1 4 2 2 3 1 42
16969 3 1 4 2 2 3 1 42
16970 3 1 4 2 2 3 1 42
16971 5 1 4 3 1 42
16972 2 1 8 2 1 3 1 42
16973 3 1 10 2 2 3 1 42
16974 2 1 12 2 1 3 1 42
16975 2 1 12 2 1 3 1 42
16976 2 1 14 2 1 3 1 42
16977 
16978 1 2 1 3 2 64 1 74
16979 1 2 1 3 2 64 1 74
16980 1 1 1 3 1 64 1 90
16981 1 1 1 46 1 64 1 74
16982 3 1 11 2 2 3 1 42
16983 2 1 11 2 1 3 1 42
16984 6 1 1 2 2 3 1 4 1 19
16985 3 1 5 2 1 3 1 19
16986 
16987 
16988 4 1 2 3 1 32
16989 4 1 1 2 1 3 1 33
16990 4 1 1 2 1 4 1 32
16991 3 1 3 2 1 33
16992 4 1 1 2 2 3 1 32
16993 4 1 2 2 2 3 1 30
16994 
16995 
16996 5 1 2 4 1 42
16997 7 1 4 2 3 4 1 14
16998 7 1 9 2 3 4 1 14
16999 4 1 8 2 1 4 1 19
17000 2 2 1 5 1 23
17001 
17002 3 1 5 2 1 4 1 64
17003 
17004 3 1 2 2 1 64 1 70
17005 1 1 16 2 1 7 1 64
17006 2 1 1 2 1 3 1 4 3 64
17007 1 1 3 2 1 4 3 64
17008 4 2 1 6 1 8 5 9 1 10
17009 1 1 6 2 1 8 2 9 4 10
17010 1 1 6 2 1 8 2 9 4 10
17011 1 1 7 2 1 8 2 9 4 10
17012 5 1 2 2 1 3 2 9 4 10 1 70
17013 2 1 5 2 1 4 6 9 4 10
17014 1 1 4 2 1 6 4 9 1 10 1 13
17015 3 1 4 2 1 4 3 9 3 10
17016 4 1 4 9 5 10 1 12
17017 2 1 3 2 2 9 4 12
17018 2 1 4 2 6 9 4 10
17019 3 1 2 2 6 9 3 10 1 13
17020 2 1 4 2 2 9 4 12
17021 2 1 5 2 6 9 4 10
17022 7 2 1 3 3 9 3 12
17023 2 1 5 2 2 9 4 12
17024 2 2 8 9 4 12
17025 2 1 6 2 6 9 4 10
17026 8 2 1 3 3 9 3 12
17027 2 1 6 2 2 9 4 12
17028 4 1 2 2 3 3 7 9 3 10
17029 9 2 1 3 3 9 3 12
17030 4 1 3 2 1 3 5 9 5 10
17031 4 1 4 2 1 3 1 4 7 9 3 10
17032 2 1 8 2 6 9 4 10
17033 10 2 1 3 3 9 3 12
17034 11 2 1 3 3 9 3 12
17035 2 1 10 2 2 9 4 12
17036 2 1 10 2 2 9 4 12
17037 2 1 10 2 2 9 4 12
17038 4 1 6 2 2 3 2 9 4 12
17039 1 1 12 2 7 9 3 10
17040 6 2 14 9 6 10
17041 3 1 12 2 1 4 7 9 3 10
17042 
17043 2 2 5 9 1 12 1 44
17044 3 2 5 9 1 12 1 51
17045 1 1 2 2 4 9 1 12 1 53
17046 6 2 1 6 1 70
17047 8 9 2 10 2 11 1 66
17048 1 7 14 9 6 10
17049 1 7 14 9 6 10
17050 1 5 2 9 2 11 1 12 1 17
17051 1 1 1 3 2 74
17052 1 1 1 2 1 3 2 19
17053 
17054 1 1 2 2 1 25 1 76
17055 3 1 1 3 1 7 1 25
17056 4 1 2 2 1 4 2 25
17057 6 1 2 3 1 4 2 25
17058 1 49 2 51 1 75
17059 2 1 1 2 1 4 2 44
17060 4 1 1 2 1 4 1 49
17061 2 2 1 21 1 48
17062 2 2 1 14 1 48
17063 1 1 2 2 1 8 2 69
17064 15 2 1 22
17065 4 1 2 3 4 9 2 10 2 77
17066 4 1 2 3 4 9 2 10 2 77
17067 1 2 1 7 2 24
17068 2 1 3 2 1 7 1 24 1 26
17069 3 2 2 24 1 70
17070 3 1 1 4 3 9 1 10 1 17 1 71
17071 2 1 1 4 9 9 2 10 1 17
17072 2 2 2 7 2 24
17073 3 2 1 8 1 24 1 45
17074 4 2 1 24 1 69 1 70
17075 3 1 2 2 1 7 1 26 1 45
17076 1 1 1 7 1 24 1 45
17077 1 1 1 2 1 7 1 25 1 64
17078 2 1 2 2 1 7 1 26 1 44
17079 1 1 1 7 1 25 1 44
17080 1 1 1 24 1 45
17081 1 2 1 24 1 63
17082 5 9 1 12 1 18 1 22
17083 1 1 1 2 5 9 1 13 1 18 1 77
17084 1 1 1 2 1 3 5 9 1 12 1 18 1 77
17085 2 1 4 2 1 3 1 18 1 77
17086 2 1 1 6 2 25
17087 
17088 4 1 6 2 2 3 1 66
17089 
17090 4 1 6 2 2 3 1 66
17091 2 1 6 2 1 70
17092 2 1 7 2 1 70
17093 2 1 6 2 1 3 1 8
17094 
17095 
17096 2 1 1 14 1 18 1 70
17097 2 1 1 2 2 3 2 18
17098 2 1 1 2 2 3 2 18
17099 3 1 1 3 1 7 1 25
17100 4 1 1 25 1 70
17101 3 1 1 3 1 7 2 25
17102 4 1 2 25 1 70
17103 2 1 1 3 1 7 1 25 1 44
17104 3 1 1 25 1 44 1 70
17105 4 1 2 2 1 3 1 7 1 26
17106 5 1 2 2 1 26 1 70
17107 
17108 
17109 1 1 1 2 1 19 1 76 1 77
17110 5 1 3 2 1 26 1 70
17111 1 1 1 2 1 7 5 9 1 10 1 25
17112 3 1 3 2 1 7 1 26
17113 
17114 
17115 4 9 2 10 1 19 1 24 1 42
17116 4 9 1 10 1 11 1 19 1 42
17117 5 9 1 10 1 19 1 42
17118 2 1 1 8 1 41
17119 
17120 
17121 
17122 
17123 
17124 3 1 1 4 1 18 1 19
17125 3 1 1 3 2 19
17127 3 1 1 3 1 7 1 103
17128 4 1 1 70 1 103
17129 2 1 1 2 1 7 1 103
17130 2 1 1 2 1 7 1 25 1 103
17131 3 1 1 8 1 25 1 103
17132 3 1 1 2 1 7 1 25 1 104
17133 2 1 1 2 1 7 2 103
17134 
17135 
17136 
17137 
17138 1 3 2 18 1 64
17139 2 2 1 18 1 22 1 64
17140 
17141 3 1 3 2 3 9 3 12
17142 1 1 1 2 1 3 2 18 1 77
17143 1 1 1 2 1 3 2 18 1 22
17144 
17145 2 1 14 2 1 108
17146 6 1 12 2 2 4 1 77
17147 1 1 3 9 1 10 1 22 2 57
17148 2 1 6 2 2 3
17149 5 1 1 2 1 3 1 4 4 9 2 10
17150 3 1 1 2 1 4 7 9 3 10
17151 2 1 1 2 1 3 1 8 10 9 2 10
17152 4 9 1 10 6 11 1 12
17153 2 1 13 2 4 3
17154 2 1 8 2 2 9 4 12
17155 3 1 2 2 1 4 1 21
17156 5 1 3 3 1 4 2 27
17157 2 2 1 4 1 75
17158 1 1 4 9 1 12 1 71
17159 1 1 4 9 1 12 1 71
17160 
17161 2 1 6 2 2 4
17162 2 1 6 2 2 4
17163 2 1 6 2 2 4
17164 2 1 5 2 4 3 1 4
17165 1 7 4 9 1 11 1 12 1 24
17166 
17167 
17168 
17169 3 1 2 3 1 14 1 32
17170 1 1 4 2 1 14 1 22
17171 2 1 3 2 1 18 1 26
17172 3 1 3 2 1 19 1 26
17173 3 1 4 2 1 19 1 26
17174 3 1 5 2 1 19 1 26
17175 2 1 9 2 1 8 5 9 1 10
17176 1 1 14 2 11 3
17177 7 1 2 2 2 3 2 4 1 14
17178 6 1 4 2 1 3 2 4 1 14
17179 6 1 5 2 1 3 2 4 1 14
17180 8 1 2 2 1 3 3 4 1 14
17181 7 1 4 2 3 4 1 14
17182 4 1 5 2 1 3 1 4 1 14
17183 5 1 2 2 4 3 1 14
17184 4 1 6 2 1 3 1 4 1 14
17185 6 1 3 2 1 3 2 4 1 14
17186 3 1 14 2 1 4 1 14
17187 2 1 6 2 1 4 2 14
17188 2 1 6 2 1 4 2 14
17189 3 1 5 2 1 3 1 4 2 14
17190 3 1 4 2 3 3 2 14
17191 3 1 4 2 3 3 2 14
17192 3 1 6 2 1 3 1 4 2 14
17193 5 1 3 2 1 3 2 4 2 14
17194 3 1 7 2 1 3 1 4 2 14
17195 2 1 10 2 1 4 2 14
17196 1 1 4 2 2 3 1 5 1 14 1 65
17197 2 1 4 2 1 3 1 4 1 7 1 14
17198 7 1 4 2 3 4 1 14
17199 1 1 2 2 1 5 1 6
17200 2 1 3 2 1 3 1 18
17201 1 1 3 9 2 11 1 13 1 14
17202 2 1 5 2 1 3 1 18
17203 2 1 3 2 4 9 1 13 1 17
17204 2 5 1 6
17205 1 1 3 2 1 6 5 9 1 10
17206 
17207 1 1 1 8 10 9 2 10
17208 1 1 14 2 3 3
17209 
17210 4 1 16 2 2 26
17211 3 1 1 3 1 4 2 21
17212 
17213 
17214 1 5 4 9 2 10 1 18
17215 2 1 1 3 2 9 2 11 1 12 1 17
17216 3 1 9 2 1 3 1 22
17217 3 1 13 2 1 3 1 22
17218 3 1 16 2 1 3 1 22
17219 3 1 14 2 1 3 1 22
17220 3 1 15 2 1 3 1 22
17221 3 1 16 2 1 3 1 22
17222 3 1 19 2 1 3 1 22
17223 3 1 12 2 1 3 1 22
17224 3 1 18 2 1 3 1 22
17225 3 1 1 2 4 9 2 13 1 14
17226 3 1 2 2 1 4 1 64
17227 3 1 10 2 1 3 1 22
17228 3 1 6 2 1 3 1 22
17229 3 1 11 2 1 3 1 22
17230 3 1 8 2 1 3 1 22
17231 3 1 9 2 1 3 1 22
17232 3 1 10 2 1 3 1 22
17233 3 1 14 2 1 3 1 22
17234 3 1 13 2 1 3 1 22
17235 3 1 14 2 1 3 1 22
17236 3 1 15 2 1 3 1 22
17237 3 1 16 2 1 3 1 22
17238 3 1 17 2 1 3 1 22
17239 3 1 18 2 1 3 1 22
17240 3 1 19 2 1 3 1 22
17241 3 1 19 2 1 3 1 22
17242 3 1 17 2 1 3 1 22
17243 3 1 18 2 1 3 1 22
17244 3 1 16 2 1 3 1 22
17245 3 1 11 2 1 3 1 22
17246 1 9 3 11 2 12 2 64
17247 3 2 4 9 2 10 1 45
17248 3 11 3 53
17249 3 1 11 2 1 3 1 22
17250 3 1 4 2 4 3 1 5 1 6
17251 5 1 1 4 1 35
17252 
17253 3 1 6 2 1 26
17254 1 14 1 75 2 76
17255 1 14 5 75 2 76
17256 2 97
17257 7 2 2 97
17258 4 2 2 97
17259 3 2 2 97
17260 2 2 2 97
17261 2 2 1 24 1 25 1 44
17262 2 1 8 2 2 25
17263 4 1 4 2 2 26
17264 2 1 10 2 2 25
17265 1 2 2 97
17266 4 2 1 8 4 9 1 10 1 11
17267 4 1 1 2 2 9 2 12 2 13
17268 2 1 1 3 1 24 1 96
17269 1 1 1 2 1 77 1 97
17270 
17271 7 1 7 2 5 3
17272 10 9 6 10 2 11
17273 2 9 2 53 2 57
17274 
17275 2 1 9 2 2 9 4 12
17276 1 1 2 2 1 3 1 5 1 14 1 77
17277 6 1 2 2 2 4 1 22
17278 2 1 6 2 1 3 1 23
17279 1 2 1 4 9 9 2 10 1 11 2 14
17280 
17281 4 1 1 3 1 4 1 21
17282 4 1 1 2 1 3 1 4 1 21
17283 1 14 3 75 2 76
17284 
17285 2 1 2 2 1 5 1 35 1 66
17286 
17287 2 1 16 2 2 3 4 9 2 10 1 19
17288 1 1 6 2 1 22 4 75
17289 9 3 1 4 1 42
17290 1 1 7 2 3 25 1 100
17291 1 1 4 9 1 10 1 13 2 24
17292 1 1 5 2 2 3 1 4 1 14
17293 
17294 1 1 11 2 1 8 10 9 2 10
17295 
17296 
17297 2 1 7 2 1 45
17298 
17299 1 1 5 2 1 22 4 75
17300 
17301 1 1 6 2 10 9 1 10 1 13
17302 12 9 6 10 2 24 2 77
17303 2 2 1 5 1 26 1 27
17304 4 1 8 2 2 3 1 4
17305 
17306 3 1 3 2 1 3 1 4 1 103
17307 14 2 2 4 4 27
17308 16 2 2 4 4 27
17309 18 2 2 4 4 27
17310 1 1 3 2 1 3 2 21
17311 5 2 2 21
17312 1 1 6 2 1 74 4 75 1 77
17313 1 1 7 2 1 74 4 75 1 77
17314 1 1 5 2 1 74 4 75 1 77
17315 2 5 4 9 2 12
17316 2 1 6 2 4 9 2 12
17317 2 1 8 9 3 10 1 12
17318 2 1 5 2 4 9 1 13 1 17
17319 2 1 5 2 4 9 1 13 1 17
17320 
17321 
17322 1 1 9 2 9 9 3 10
17323 
17324 
17325 2 1 1 2 9 9 2 10 1 13
17326 2 1 16 2 1 3 1 14
17327 5 1 8 2 3 3
17328 1 1 9 2 3 3
17329 2 1 3 2 7 9 2 10 1 13
17330 2 1 3 2 1 3 5 9 1 12
17331 2 1 3 2 3 9 2 10 1 13
17332 1 1 4 2 1 3 1 49
17333 2 1 6 2 2 3 2 14
17334 2 1 1 2 7 9 2 10 1 13
17335 3 1 7 2 1 3
17336 3 1 3 2 2 3 1 18
17337 4 1 4 2 2 4 2 14
17338 3 1 2 2 2 3 1 5
17339 3 1 3 2 2 3 1 42
17340 4 1 6 2 1 4 1 77
17341 8 1 1 3 3 4 1 14
17342 7 1 1 2 3 4 1 14
17343 4 1 2 3 1 8 3 9 3 10
17344 7 1 3 2 1 3 2 4
17345 7 1 3 2 3 4 1 14
17346 3 1 2 2 1 3 1 4 2 64
17347 2 1 1 2 1 3 1 76
17348 6 1 6 2 2 4
17349 3 1 9 2 2 3 1 14
17350 2 1 10 2 1 3 1 14 1 25
17351 1 1 12 2 1 3 2 64
17352 4 1 6 2 3 3 1 42
17353 2 1 8 2 3 3 1 14 1 25
17354 8 1 3 2 2 3 2 4
17355 4 1 8 2 3 3 1 14
17356 3 1 1 2 1 3 1 8 1 14
17357 6 1 6 2 4 3
17358 2 1 11 2 2 3
17359 2 1 11 2 1 3 1 42
17360 2 1 3 2 3 3 1 14
17361 2 1 1 2 1 3 1 14 1 45
17362 1 1 10 2 1 3 2 14
17363 3 1 10 2 2 3 1 18
17364 4 1 10 2 1 4 1 19
17365 9 1 4 2 1 3 3 4
17366 2 1 12 2 4 3
17367 4 1 12 2 2 26
17368 4 1 10 2 3 3 1 18
17369 6 1 10 2 4 3
17370 4 1 14 2 2 3
17371 3 1 3 2 1 4 10 9 1 10 1 13
17372 5 1 2 3 1 46
17373 2 1 15 2 4 3
17374 4 1 14 2 2 3 2 103
17375 
17376 
17377 
17378 3 1 7 2 2 3 1 14
17379 4 1 6 2 1 3 1 4 1 14
17380 4 1 6 2 1 3 1 4 1 14
17381 3 1 2 2 2 3 1 20
17382 2 1 17 2 1 3 1 14
17383 2 1 16 2 1 3 1 14
17384 5 1 2 2 2 4 1 5
17385 5 1 2 2 1 3 1 4 1 7
17386 5 1 3 2 1 3 1 70
17387 4 1 2 2 2 3 1 7
17388 3 1 1 2 1 3 1 7 2 8
17389 2 1 5 2 1 3 1 18
17390 1 1 11 2 1 14 1 101
17391 1 1 13 2 1 14 1 101
17392 1 1 3 2 10 9 1 12 1 13
17393 6 1 6 2 1 3 2 4 1 14
17394 5 1 4 2 1 3 1 4 1 77
17395 2 1 5 2 2 3 1 5 1 14
17396 5 1 2 3 1 4 1 14
17397 4 1 6 2 1 3 1 4 1 14
17398 3 1 7 2 2 3 1 14
17399 7 1 1 2 2 3 2 4 1 14
17400 4 1 5 2 3 3 1 14
17401 2 1 8 2 2 3
17402 2 1 3 2 1 4 2 14 1 66
17403 4 1 5 2 2 3 1 22
17404 6 1 2 2 1 3 2 4 1 14
17405 6 1 2 2 1 3 2 4 1 14
17406 4 1 5 2 1 3 1 4 1 14
17407 4 1 3 2 1 3 1 4 1 18
17408 4 1 6 2 1 3 1 4 1 14
17409 3 1 5 2 2 3 1 35
17410 6 1 2 2 2 4 1 7
17411 4 1 7 2 1 3 1 4 1 14
17412 2 1 3 2 1 3 5 9 1 13 1 42
17413 2 1 10 2 2 3
17414 6 1 4 2 2 3 2 4
17415 1 1 5 2 1 6 1 64
17416 1 1 4 2 2 3 2 5 1 14
17417 3 1 6 2 1 8
17418 3 1 16 2 1 3 1 77
17419 3 1 3 2 1 26 1 77
17420 2 1 6 2 1 4 2 14
17421 2 1 7 2 1 4 2 14
17422 2 1 8 2 1 4 2 14
17423 1 1 8 2 1 3 2 14
17424 1 1 3 2 1 3 1 5 1 6 1 14
17425 2 1 3 2 1 3 1 6 1 7 1 14
17426 8 1 3 2 2 3 2 4
17427 4 1 2 3 1 6 4 9 2 13
17428 2 1 2 2 2 45
17429 2 1 7 2 1 4 2 14
17430 2 1 13 2 5 9 1 13
17431 2 1 13 2 5 9 1 13
17432 2 1 13 2 5 9 1 13
17433 2 1 13 2 5 9 1 13
17434 2 1 13 2 5 9 1 13
17435 2 1 2 2 4 9 1 11 1 13
17436 2 1 2 2 3 9 2 11 1 13
17437 2 1 2 2 3 9 2 11 1 13
17438 1 1 7 2 1 3 2 14
17439 1 1 9 2 1 3 2 14
17440 1 1 11 2 3 3 4 14
17441 2 1 5 2 2 3 2 14
17442 5 2 6 3 2 18
17443 1 1 6 2 3 3 2 4 2 18
17444 5 1 1 2 1 3 1 4 1 7
17445 3 1 2 2 2 3 1 8
17446 2 1 2 2 2 9 3 11 1 13
17447 2 1 3 2 2 3 1 6
17448 3 1 2 2 1 3 1 4 1 7 1 8 1 14
17449 1 1 5 2 1 3 2 14
17450 1 1 3 2 1 3 1 45
17451 
17452 2 1 3 2 1 26 1 42
17453 1 45 1 74 1 89
17454 2 1 2 2 3 9 1 11 1 13 1 17
17455 
17456 7 1 1 2 1 3 2 4
17457 3 1 5 2 2 3 1 14
17458 3 1 10 2 2 3 1 42
17459 2 1 1 6 3 9 2 11 1 13
17460 2 1 12 2 2 3 2 14
17461 4 1 1 2 1 3 1 4 1 5
17462 2 1 6 9 4 10 2 77
17463 2 1 1 2 9 9 2 10 1 13
17464 3 1 3 2 3 3 1 7
17465 3 1 3 2 3 3 1 7
17466 4 1 3 2 4 3
17467 4 1 3 2 4 3
17468 3 1 5 2 3 3
17469 3 1 1 2 2 3 1 6 1 8
17470 1 1 3 2 1 3 1 8 5 9 1 10
17471 2 1 6 2 1 3 1 8
17472 4 1 2 2 2 3 1 77
17473 4 1 6 2 1 4
17474 4 1 6 2 1 4
17475 4 1 6 2 2 3
17476 3 1 9 2 1 3
17477 2 1 7 2 4 9 1 13 1 17
17478 2 1 7 2 4 9 1 13 1 17
17479 2 1 7 2 4 9 1 13 1 17
17480 2 1 7 2 4 9 1 13 1 17
17481 
17482 3 1 2 2 1 3 5 9 1 13
17483 1 1 5 2 1 45 1 51
17484 3 1 2 3 1 64
17485 4 1 3 2 2 3 1 4 1 14 1 65
17486 4 1 3 2 2 3 1 4 1 5 1 14
17487 5 1 4 2 2 3 1 4 1 14
17488 4 1 5 2 3 3 1 14
17489 4 1 10 2 2 3
17490 
17491 2 1 2 2 2 3
17492 2 1 3 2 2 3
17493 3 1 2 3 5 9 1 12
17494 5 1 2 3 1 4 1 14
17495 2 1 9 2 1 3 1 42
17496 2 1 4 2 2 3 2 14
17497 2 1 3 2 1 4 1 6 2 14
17498 2 1 4 2 1 4 1 6 2 14
17499 3 1 5 2 2 3 1 14
17500 3 1 12 2 1 26
17501 2 1 2 2 2 3 4 9 2 10
17502 2 1 11 2 1 3 1 14
17503 3 1 9 2 2 3 1 42
17504 5 1 5 2 1 3 1 4 2 14 1 70
17505 
17506 3 1 8 2 1 4 1 14
17507 2 1 13 2 1 3 1 14
17508 5 1 1 3 1 4 1 19
17509 5 1 1 2 2 3 1 4 1 14
17510 2 1 3 2 2 3 2 14
17511 3 1 4 2 2 3 5 9 1 12
17512 2 1 8 2 1 4 1 27
17513 2 1 2 2 2 3 2 64
17514 3 1 5 2 1 3 1 22
17515 3 1 4 2 1 3 1 4 1 27
17516 1 1 2 2 1 4 5 9 1 10 1 27
17517 3 1 3 2 2 3 1 18
17518 3 1 3 2 1 8 1 66
17519 1 1 2 2 1 14 1 45
17520 6 1 2 2 4 3
17521 3 1 22 2 1 3
17522 2 1 4 2 1 4 1 6
17523 4 1 1 2 2 3 1 7
17524 2 1 14 2 1 3 1 42
17525 2 1 2 2 1 26 1 64
17526 3 1 2 2 1 3 5 9 1 13
17527 1 1 2 2 1 3 1 14 1 64
17528 1 1 7 2 1 3 2 14
17529 3 1 2 2 1 4 1 63
17530 2 1 3 2 1 3 1 63
17531 3 1 1 3 1 44 1 46
17532 3 1 3 2 2 3 1 14
17533 3 1 7 2 1 3 1 77
17534 1 1 10 2 1 3 2 14 1 103
17535 1 1 14 2 1 3 2 14 1 103
17536 2 1 3 2 2 3 2 64
17537 3 1 1 2 1 3 1 4 2 14
17538 3 1 12 2 1 3 1 22
17539 5 1 1 2 1 4 4 9 1 10 1 13
17540 2 1 4 2 2 3
17541 5 1 4 2 3 9 1 12 2 13
17542 5 1 6 2 3 9 1 12 2 13
17543 3 1 7 2 1 3 1 77
17544 3 1 4 2 1 26
17545 2 1 2 2 1 3 1 63
17546 1 1 5 2 1 4 15 9 3 10
17547 2 1 12 2 1 3 1 42
17548 2 1 12 2 1 3 1 42
17549 2 1 13 2 1 3 1 14
17550 2 1 13 2 1 3 1 14
17551 2 1 13 2 1 3 1 14
17552 
17553 3 1 15 2 1 4 1 14
17554 3 1 6 2 2 3 1 14
17555 4 1 2 2 2 4
17556 1 1 2 2 1 3 1 8 1 24 1 77
17557 1 1 3 2 1 24 1 70
17558 1 1 2 2 1 3 1 8 1 24
17559 2 1 4 2 1 70 1 77
17560 2 1 3 2 1 3 1 8 1 77
17561 1 1 3 2 1 3 1 8 1 24 1 77
17562 2 1 2 2 1 3 1 24 1 70 1 77
17563 2 1 2 2 1 3 1 24 1 70 1 77
17564 2 1 5 2 1 3 1 35
17565 1 1 2 2 1 14 1 45
17566 3 1 7 2 1 4 1 14
17567 2 1 3 2 4 9 1 13 1 17
17568 4 1 12 2 2 3 2 4
17569 3 1 4 2 2 3 1 14
17570 6 2 2 45
17571 
17572 3 1 11 2 1 3
17573 3 1 15 2 1 3
17574 3 1 15 2 1 3
17575 3 1 15 2 1 3
17576 2 1 2 2 2 3 2 14
17577 4 1 1 2 1 3 1 4 1 18
17578 3 1 2 2 1 4 1 44 1 45
17579 3 1 5 2 2 3 1 14
17580 1 1 6 2 1 3 2 14
17581 
17582 3 1 5 2 1 3 1 19
17583 4 1 1 2 4 9 2 13
17584 2 1 1 2 1 3 1 38
17585 4 1 10 2 2 3
17586 2 1 2 2 2 3 1 6
17587 2 1 6 2 1 45
17588 3 1 1 2 1 3 1 4 2 64
17589 3 1 3 3 2 64
17590 3 1 2 2 2 3 1 18
17591 1 1 9 2 3 3
17592 1 1 1 3 5 9 1 12 1 63
17593 6 1 1 3 2 4 1 14
17594 5 1 3 2 2 4 1 14
17595 5 1 6 2 2 3 1 4 1 14
17596 2 1 2 2 7 9 2 10 1 13
17597 2 1 5 2 1 3 2 7
17598 4 1 4 2 3 9 1 11 2 13
17599 3 1 2 2 1 4 6 9 3 10 1 13
17600 4 1 9 2 2 3
17601 1 1 1 2 1 3 2 14 1 30
17602 2 1 3 2 1 3 1 63
17603 3 1 1 22 1 26
17604 4 1 2 2 1 3 1 4 1 8
17605 2 1 7 2 1 3 1 5
17606 3 1 6 2 1 3 1 14 1 35
17607 1 1 14 9 5 10 1 13
17608 3 1 2 2 2 3 1 14
17609 3 1 8 2 2 3 1 42
17610 5 1 2 3 1 8
17611 4 1 4 2 2 3 2 25
17612 2 1 4 3 2 5
17613 2 1 14 2 1 3 1 42
17614 2 1 1 2 2 3 1 27
17615 2 1 7 2 1 3 1 14
17616 1 5 10 9 1 12 1 13
17617 3 1 1 3 4 9 2 13
17618 3 1 1 2 1 45 1 46
17619 4 1 1 4 1 46 1 64
17620 2 1 3 2 1 4 2 14
17621 2 1 3 2 1 21 1 26
17622 4 1 2 2 3 3 1 14
17623 3 1 1 2 1 119
17624 
17625 6 1 3 2 1 3 2 4 1 8
17626 2 1 5 2 1 3 1 35
17627 
17628 2 1 4 2 1 4 1 45
17629 2 1 5 2 1 4 1 27
17630 3 1 3 2 1 3 1 4 2 64
17631 2 1 1 2 3 9 2 11 1 13
17632 1 1 1 2 1 4 5 9 1 10 2 64
17633 1 1 4 2 1 3 4 9 2 12
17634 1 1 6 2 1 3 1 4
17635 3 1 1 2 1 3 1 5 1 26
17636 2 1 9 9 2 10 1 13
17637 1 1 8 2 1 3 2 14
17638 3 1 3 2 4 9 1 12 1 13
17639 4 1 5 2 1 3 1 4 1 14
17640 2 1 12 2 1 3 1 14
17641 3 1 6 2 1 4 1 14
17642 2 1 7 2 1 3 1 14
17643 3 1 5 2 2 3 1 14
17644 2 1 6 2 1 4 1 5 1 14
17645 2 1 5 2 1 3 7 9 3 10
17646 1 1 4 2 1 3 1 104
17647 3 1 2 2 1 3 1 4 2 14
17648 3 1 4 2 1 3 1 4 2 14
17649 3 1 4 2 1 3 1 4 2 14
17650 1 1 4 2 4 9 1 12 1 13
17651 4 1 3 2 2 3 1 4 2 14
17652 4 1 1 2 2 3 1 4 2 14
17653 2 1 3 2 2 3 2 14
17654 1 1 11 2 1 3 2 14
17655 4 1 4 2 2 3 1 4 2 14
17656 4 1 2 2 2 3 1 4 2 14
17657 5 1 1 2 2 3 1 4 1 14
17658 2 1 15 2 2 3
17659 2 1 3 2 2 3 1 8 1 14
17660 4 1 2 3 1 19
17661 4 1 1 2 2 3 1 19
17662 4 1 1 2 2 3 1 19
17663 
17664 
17665 5 1 2 2 1 4 1 26
17666 1 1 3 2 1 6 4 9 1 10 1 13
17667 1 1 6 2 1 3 2 14
17668 1 1 7 2 1 3 2 14
17669 3 1 4 2 2 3 1 18
17670 2 1 2 2 3 9 2 12 1 13
17671 1 1 8 2 1 3 2 14
17672 2 1 6 2 1 3 1 18
17673 2 1 1 2 3 9 1 11 1 13 1 17
17674 4 1 5 2 1 3 1 4 1 14
17675 5 1 3 2 2 3 1 4 1 14
17676 3 1 4 2 1 3 1 77
17677 3 1 5 2 1 3 1 77
17678 
17679 2 1 1 2 1 26 1 44
17680 2 1 8 2 2 3
17681 1 1 7 2 1 3 2 14
17682 2 1 5 2 2 3 2 14
17683 3 1 3 2 2 3 1 42
17684 3 1 14 2 1 3 1 22
17685 2 1 4 2 2 3 2 14
17686 5 9 1 10 1 45 1 51
17687 3 1 3 2 2 3 1 18
17688 2 1 12 2 1 3 1 14
17689 3 1 8 2 1 26
17690 2 1 10 2 1 3 1 14
17691 2 1 1 2 1 4 1 5 5 9 1 10
17692 2 1 6 2 5 9 1 13
17693 3 1 6 2 1 3 1 22
17694 3 1 1 2 1 4 1 45 1 64
17695 1 1 3 2 1 3 1 7
17696 1 1 3 2 1 3 1 45
17697 2 1 13 2 1 3 1 42
17698 2 1 2 2 1 26 1 64
17699 2 1 5 2 2 3
17700 2 1 2 2 2 3 1 6 1 7
17701 2 1 2 2 2 3 1 6 1 7
17702 2 1 10 2 1 3 1 14
17703 2 1 9 2 1 3 1 14
17704 2 1 19 2 1 3 1 14
17705 3 1 2 2 1 3 1 4 1 5 1 14
17706 1 1 8 2 1 3 2 14 1 103
17707 1 1 6 2 1 3 2 14 1 103
17708 3 1 2 2 1 3 1 6
17709 2 1 1 2 2 3 1 14 1 65
17710 3 1 15 2 1 4 1 14
17711 3 1 5 2 1 3 1 25
17712 3 1 9 2 1 3 1 22
17713 3 1 12 2 1 3 1 22
17714 3 1 12 2 1 3 1 22
17715 4 1 2 2 3 3 1 14
17716 3 1 7 2 2 3 1 14
17717 2 1 4 2 1 3 1 4 1 14
17718 5 1 3 2 3 3 1 7
17719 4 1 4 2 1 3 1 4 1 14
17720 4 1 4 2 1 3 1 4 1 14
17721 3 1 4 2 2 3 1 18
17722 1 1 6 2 1 44 1 45
17723 4 1 3 2 2 3 1 4 2 14
17724 2 1 2 2 1 3 1 48
17725 2 1 2 2 1 3 1 7 1 8
17726 5 1 3 2 2 4 1 14
17727 4 1 2 2 1 3 1 4 1 14
17728 2 1 1 2 1 3 1 4 3 64
17729 1 1 4 2 1 3 2 14
17730 2 1 2 2 2 3 2 14
17731 3 1 10 2 2 3 1 42
17732 2 1 2 3 1 14 1 64
17733 5 1 2 2 2 3 1 4 1 14
17734 2 1 5 2 2 3 2 14
17735 7 2 2 3 4 9 2 10
17736 3 1 1 2 2 3 1 42
17737 4 1 2 2 3 3 1 14
17738 4 1 3 2 2 4 2 14
17739 2 1 6 2 1 3 1 35
17740 3 1 2 2 2 3 1 14 1 66
17741 4 1 3 3 1 14 1 66
17742 6 2 2 3 2 14
17743 4 1 2 2 1 4 1 8 1 14
17744 2 1 1 2 4 9 1 10 1 13 1 64
17745 1 1 1 2 1 3 1 5 1 63
17746 2 1 5 2 1 3 1 4 1 8
17747 2 1 2 2 2 3 1 5 1 14
17748 2 2 2 45 2 49
17749 4 1 1 2 1 4 3 9 2 10 1 13
17750 2 1 3 2 1 3 1 4 1 14
17751 3 1 5 2 2 3 1 14
17752 3 1 15 2 1 3 1 22
17753 3 1 3 2 1 3 1 4 1 34
17754 2 1 11 2 1 3 1 42
17755 2 2 1 3 1 46 4 64
17756 3 1 5 2 1 3 1 19
17757 
17758 2 1 4 2 1 3 1 5 1 77
17759 1 1 5 2 5 9 1 13 1 26
17760 4 1 4 2 2 3 1 4
17761 3 2 1 3 1 8 2 24
17762 4 1 9 2 2 3
17763 4 1 10 2 2 3
17764 5 1 4 2 1 3 1 4
17765 5 1 4 2 1 3 1 4
17766 5 1 4 2 1 3 1 4
17767 6 1 2 2 2 3 1 4
17768 6 1 1 2 4 3
17769 6 1 3 2 2 4
17770 5 1 3 2 3 3
17771 2 1 2 2 1 3 1 44
17772 2 1 2 2 2 3 1 5 1 8
17773 8 1 2 3 2 4
17774 6 1 3 2 2 3 1 4
17775 7 1 1 2 3 3 1 4
17776 6 1 3 2 2 3 1 4
17777 7 1 2 2 1 3 2 4
17778 7 1 1 2 3 3 1 4
17779 4 1 2 2 2 3 4 9 2 10
17780 1 1 9 2 1 14 1 101
17781 1 1 5 2 1 3 2 14
17782 3 1 9 2 1 4 1 14
17783 3 1 9 2 1 4 1 14
17784 3 1 6 2 1 26
17785 3 1 15 2 1 3 1 22
17786 3 1 3 2 2 3 1 24
17787 3 1 2 2 1 3 1 4 2 14
17788 1 1 5 2 5 9 1 12 1 70
17789 3 1 3 2 1 3 1 19
17790 2 1 7 2 1 3 1 63
17791 2 1 1 2 2 3 1 27
17792 2 1 4 2 4 9 1 13 1 17
17793 3 1 6 2 1 26
17794 2 1 2 2 4 9 1 13 1 17
17795 4 1 1 2 2 3 1 22
17796 3 1 5 9 1 13 1 26
17797 2 2 10 9 2 13 2 14
17798 3 1 1 2 1 3 1 8 5 9 1 10
17799 6 1 1 2 1 3 2 4 3 9 3 10
17800 5 1 3 2 2 4 3 9 3 10
17801 5 1 2 2 2 3 1 4 3 9 3 10
17802 5 1 3 2 2 4 3 9 3 10
17803 5 1 3 2 2 4 3 9 3 10
17804 6 1 1 2 1 3 2 4 3 9 3 10
17805 1 1 6 2 1 6 4 9 1 10 1 13
17806 5 1 1 2 1 4 2 9 3 10 1 13
17807 5 1 1 2 1 4 2 9 3 10 1 13
17808 1 1 5 2 4 9 1 12 1 13
17809 4 1 1 3 1 4 3 9 1 10 2 12
17810 4 1 2 2 2 9 2 10 2 13
17811 1 1 4 2 1 6 4 9 1 10 1 13
17812 2 1 1 2 2 3 1 6 4 9 2 10
17813 2 1 1 2 2 3 1 6 4 9 2 10
17814 2 1 5 2 2 3 4 9 2 10
17815 5 1 2 3 1 4 3 9 2 10 1 12
17816 4 1 3 2 1 4 3 9 2 10 1 13
17817 1 1 11 2 3 3
17818 1 1 11 2 3 3
17819 5 1 3 3 2 9 3 10 1 12
17820 3 1 1 2 1 3 5 9 1 13
17821 2 1 14 2 4 3
17822 8 1 2 2 2 3 2 4 2 9 4 10
17823 1 1 8 2 1 3 4 9 2 12
17824 2 1 3 2 1 4 2 14
17825 3 1 2 3 1 55
17826 3 1 1 2 1 3 1 56
17827 2 1 8 2 2 3
17828 3 1 5 2 3 3 4 9 2 10
17829 2 1 5 2 1 3 3 9 3 12
17830 2 1 3 2 1 4 2 64
17831 2 1 4 2 1 4 2 64
17832 4 1 1 2 3 3 1 14
17833 4 1 1 2 3 3 1 14
17834 4 1 2 2 1 3 1 4 1 14
17835 3 1 1 2 1 3 1 4 1 6
17836 4 1 5 2 3 3 1 14
17837 1 1 1 2 1 3 1 5 1 63
17838 2 1 1 2 3 9 2 12 1 13
17839 2 1 1 2 3 9 1 11 2 13
17840 1 1 1 3 2 9 2 11 2 12
17841 2 1 1 2 2 3 2 63
17842 4 1 4 2 1 3 1 4 1 14
17843 4 1 3 2 3 3 1 14
17844 4 1 3 2 3 3 1 14
17845 3 1 5 2 2 3 1 14
17846 3 1 5 2 2 3 1 14
17847 3 1 5 2 2 3 1 14
17848 5 1 2 2 2 3 1 4 1 14
17849 5 1 2 2 2 3 1 4 1 14
17850 4 1 4 2 1 3 1 4 1 14
17851 6 1 3 3 1 4 1 14
17852 5 1 2 2 2 3 1 4 1 14
17853 4 1 4 2 1 3 1 4 1 14
17854 3 1 5 2 2 3 1 14
17855 4 1 3 2 1 3 1 4 1 14
17856 3 1 4 2 2 3 1 14
17857 3 1 4 2 2 3 1 14
17858 3 1 4 2 2 3 1 14
17859 3 1 4 2 2 3 1 14
17860 6 1 1 3 2 4 1 14
17861 5 1 1 2 2 3 1 4 1 14
17862 5 1 1 2 2 3 1 4 1 14
17863 5 1 1 2 2 3 1 4 1 14
17864 4 1 3 2 1 3 1 4 1 14
17865 4 1 3 2 1 3 1 4 1 14
17866 4 1 3 2 1 3 1 4 1 14
17867 3 1 4 2 2 3 1 14
17868 3 1 4 2 2 3 1 14
17870 1 1 10 2 3 3
17871 2 1 5 2 1 3 1 18
17872 4 1 2 3 1 6 1 19
17873 2 1 3 2 4 9 1 13 1 17
17874 4 1 1 2 2 4 2 14
17875 3 1 4 2 3 3
17876 4 1 13 2 2 3 2 22
17877 2 1 3 2 1 56
17878 4 1 2 2 1 3 1 4 1 26
17879 3 1 9 2 2 3 1 42
17880 2 1 3 2 2 3 1 19
17881 5 1 3 2 1 3 1 4 1 70
17882 4 1 2 2 2 3 1 4 2 14
17883 4 1 2 2 2 3 1 4 2 14
17884 
17885 3 1 2 2 2 3 1 5
17886 4 1 4 2 2 3 1 4
17887 4 2 2 3 2 64
17888 2 1 6 2 2 3 2 14
17889 3 1 5 2 2 3 1 42
17890 4 1 3 2 1 4 1 8 1 14
17891 4 1 6 2 1 3 1 4 1 14
17892 2 1 1 2 3 9 2 11 1 13
17893 2 1 1 44 1 45 1 46
17894 2 1 3 6
17895 4 1 2 2 2 3 1 70
17896 3 1 5 2 2 3 1 20
17897 
17898 3 1 7 2 2 3 1 14
17899 
17900 1 1 1 2 1 46 1 48 1 64
17901 2 1 10 2 1 3 1 14
17902 1 1 3 2 1 6 1 64
17903 2 1 13 2 1 3 1 42
17904 2 1 3 2 2 3 1 7
17905 3 1 1 3 1 4 4 9 2 12
17906 3 1 2 2 1 3 1 4 4 9 2 10
17907 4 1 2 2 2 4 1 5 1 14
17908 4 1 10 2 2 3
17909 3 1 8 2 1 3 1 22
17910 2 1 6 2 1 3 1 5 1 22
17911 2 1 6 2 4 9 2 10
17912 4 1 2 2 2 3 1 70
17913 6 1 3 2 1 3 2 4 1 8
17914 3 1 7 2 1 4 1 14
17915 3 1 9 2 1 4 1 26 1 27
17916 1 2 5 9 1 12 1 45 1 51
17917 4 1 9 2 3 3 1 64
17918 3 1 5 2 1 4 7 9 3 10
17919 2 1 5 2 4 9 1 13 1 17
17920 2 1 8 2 2 3
17921 1 2 1 3 1 8 1 44 1 51 2 69
17922 3 1 2 3 1 14 1 19
17923 2 3 3 6 2 64
17924 3 6 2 45
17925 4 1 9 2 3 3 1 14
17926 3 2 1 3 1 8 1 44 1 51 2 69
17927 4 1 8 2 2 3
17928 
17929 1 1 7 2 1 3 2 14
17930 2 1 9 2 4 9 1 11 1 13
17931 2 1 12 2 1 3 1 14
17932 2 1 4 2 2 3 2 14
17933 2 1 4 2 2 3 2 14
17934 1 1 6 2 1 3 2 14
17935 2 1 4 2 1 3 1 74 1 77
17936 2 1 4 2 1 3 1 74 1 77
17937 2 1 2 2 1 3 1 74 1 77
17938 3 1 4 2 1 3 1 19
17939 3 1 4 2 2 3 1 42
17940 
17941 2 1 6 2 2 3 2 14
17942 5 1 2 2 3 3 1 4
17943 4 1 4 2 2 3 1 4
17944 3 1 2 2 2 3 1 6 1 8
17945 3 1 3 2 1 3 2 8
17946 4 1 1 2 2 3 2 8
17947 4 1 1 2 2 3 2 8
17948 6 1 2 2 1 3 2 4 1 14
17949 6 1 2 2 1 3 2 4 1 14
17950 6 1 2 2 1 3 2 4 1 14
17951 7 1 1 2 3 4 1 14
17952 4 1 5 2 1 3 1 4 1 14
17953 4 1 3 2 2 3 1 4
17954 2 1 5 2 2 3 2 14
17955 3 1 3 2 2 3 1 20
17956 3 1 3 2 2 3 1 20
17957 4 1 2 2 1 3 1 4 1 20
17958 3 1 8 2 1 4 1 14
17959 3 1 8 2 1 26
17960 3 1 8 2 1 26
17961 3 1 8 2 1 26
17962 6 1 3 2 1 3 2 4 1 14
17963 7 1 2 2 3 4 1 14
17964 2 1 9 2 1 3 1 14
17965 4 1 4 2 4 3
17966 2 1 1 2 2 3 1 14 1 18
17967 3 1 7 2 1 4 1 41
17968 1 44 2 46 1 51
17969 3 1 5 2 1 26
17970 4 1 2 2 2 3 1 25
17971 5 1 1 2 1 3 1 4 1 25
17972 3 1 2 2 4 9 1 12 1 13
17973 2 1 3 2 1 3 5 9 1 12
17974 2 1 6 2 1 3 1 8
17975 2 1 6 2 1 3 1 8
17976 2 1 9 2 2 3 2 14
17977 3 1 8 2 1 4 1 94
17978 3 1 7 2 2 3 1 42
17979 2 1 4 2 1 4 1 27
17980 4 1 2 2 2 4 2 14 1 66
17981 4 1 5 2 2 3 2 8
17982 2 1 10 2 1 3 1 14 1 66
17983 3 1 9 2 1 4 1 41
17984 3 1 10 2 1 4 1 42
17985 3 1 9 2 2 3 1 42
17986 3 1 10 2 1 4 1 94
17987 3 1 11 2 1 3
17988 8 1 3 2 2 3 2 4
17989 7 1 5 2 1 3 2 4
17990 9 1 2 2 1 3 3 4
17991 4 1 9 2 2 3
17992 3 1 7 2 2 3 1 42
17993 2 1 2 2 3 9 2 12 1 13
17994 3 1 13 2 2 3 1 14
17995 3 1 2 2 2 3 1 26
17996 3 1 8 2 2 3 1 42
17997 4 1 6 2 3 3 1 42
17998 2 1 12 2 4 3
17999 3 1 11 2 3 3 1 4
18000 5 1 11 2 3 3
18001 2 1 8 2 3 9 2 12 1 13
18002 7 2 2 3 5 9 1 13
18003 2 1 3 9 1 10 1 13 1 24 1 25 1 57
18004 1 1 2 2 3 9 2 10 2 24 1 26 1 57
18005 1 1 3 9 1 10 1 13 1 24 1 25 1 44 1 57
18006 1 1 3 9 1 10 1 13 1 24 1 25 1 48 1 57
18007 1 1 3 9 1 10 1 13 2 24 1 57
18008 1 1 3 9 1 10 1 13 1 24 1 25 1 57 1 65
18009 3 1 4 9 1 10 1 13 1 25 1 34
18010 3 1 4 9 1 10 1 13 2 25 1 34
18011 2 1 4 9 1 10 1 13 1 25 1 34 1 44
18012 3 1 4 9 2 10 1 26 1 34
18013 3 1 3 2 4 9 2 10 1 26 1 34
18014 1 1 2 2 4 9 2 10 2 24 1 26
18015 1 1 4 9 1 10 1 13 1 24 1 25 1 44
18016 1 1 4 9 1 10 1 13 1 24 1 25 1 48
18017 1 1 4 9 1 10 1 13 1 24 1 25 1 65
18018 1 1 2 2 4 9 2 10 1 24 1 26 1 44
18019 1 1 3 9 2 10 1 13 1 14 1 24 1 64
18020 2 1 3 9 2 10 1 13 1 24 1 25 1 64
18021 1 1 3 9 2 10 1 13 2 24 1 64
18022 1 1 3 9 1 10 1 13 1 24 1 25 1 57 1 74
18023 2 1 4 9 1 10 1 13 1 25 1 34 1 74
18024 1 1 4 9 1 10 1 13 1 24 1 25 1 74
18025 1 1 3 9 2 10 1 13 1 24 1 25 1 64 1 74
18026 3 1 14 2 2 3 1 42
18027 5 1 8 2 1 4 1 19 1 33
18028 
18029 
18030 
18031 1 1 14 2 3 3
18032 2 1 12 2 4 3
18033 1 1 16 2 7 3
18034 1 1 18 2 7 3
18035 1 1 9 2 2 3 1 14
18036 3 1 6 2 2 3 1 42
18037 2 1 14 2 10 9 2 13
18038 
18039 5 1 8 2 3 3 2 4
18040 2 1 15 2 1 3 1 14
18041 2 1 3 2 2 3 1 7
18042 3 1 3 2 1 3 1 4
18043 2 1 4 2 4 3
18044 3 1 4 2 1 4 1 8
18045 2 1 5 2 1 4 2 14
18046 3 1 3 2 1 3 1 4 2 14
18047 4 1 1 2 2 3 1 4 2 14
18048 2 1 4 2 1 3 1 14 1 25
18049 2 1 6 2 1 3 1 24
18050 2 1 6 2 1 3 1 14 1 103
18051 4 1 2 2 4 3
18052 3 1 5 2 1 3 1 4
18053 1 1 3 2 2 3 1 14 2 64
18054 3 1 3 2 2 3 1 4 1 14 2 64
18055 2 1 4 2 2 3 1 32
18056 2 1 4 2 2 3 1 34
18057 3 1 4 2 2 3 1 33
18058 2 1 6 2 2 3 1 32
18059 3 1 8 2 3 3 1 32
18060 2 1 5 2 1 3 1 4 1 14
18061 4 1 2 2 1 4 2 25
18062 
18063 
18064 3 1 6 2 1 3 1 22
18065 3 1 5 2 1 3 1 22
18066 6 1 2 2 1 3 2 4 1 14
18067 2 2 5 9 1 13 2 64
18068 4 1 4 2 3 3 1 14
18069 4 1 5 2 1 3 1 4 1 14
18070 3 1 6 2 2 3 1 14
18071 3 1 6 2 2 3 1 14
18072 3 1 6 2 2 3 1 14
18073 3 1 6 2 2 3 1 14
18074 2 1 5 2 1 3 1 23
18075 2 1 8 2 1 3 1 14
18076 2 1 4 2 1 3 1 21
18077 2 1 4 2 1 3 1 21
18078 4 1 1 2 1 3 1 4 1 21
18079 5 1 16 2 2 3 1 4 1 14
18080 3 1 3 2 2 3 1 21
18081 3 1 3 2 2 3 1 21
18082 2 1 5 2 1 3 1 21
18083 4 1 6 2 1 3 1 4 1 14
18084 4 1 6 2 1 3 1 4 1 14
18085 3 1 3 2 2 3 1 21
18086 3 1 3 2 2 3 1 21
18087 5 1 5 2 2 4 1 14
18088 6 1 3 2 1 3 2 4 1 14
18089 4 1 6 2 1 3 1 4 1 14
18090 4 1 5 2 3 3 1 14
18091 4 1 6 2 1 3 1 4 1 14
18092 6 1 3 2 1 3 2 4 1 14
18093 7 1 2 2 3 4 1 14
18094 3 1 3 2 2 3 1 21
18095 8 1 1 3 3 4 1 14
18096 7 1 1 2 2 3 2 4 1 14
18097 5 1 5 2 2 3 1 4 1 14
18098 6 1 4 2 1 3 2 4 1 14
18099 6 1 4 2 1 3 2 4 1 14
18100 4 1 3 2 2 3 1 22
18101 3 1 6 2 2 3 1 21
18102 4 1 2 2 1 3 1 4 1 21
18103 3 1 10 2 1 4 1 14
18104 5 1 7 2 2 4 1 14
18105 5 1 7 2 2 4 1 14
18106 4 1 22 2 2 3
18107 2 1 7 2 1 3 1 21
18108 5 1 7 2 2 3 1 4 1 14
18109 5 1 7 2 2 3 1 4 1 14
18110 4 1 9 2 1 3 1 4 1 14
18111 3 1 11 2 2 3 1 14
18112 3 1 11 2 2 3 1 14
18113 4 1 11 2 1 3 1 4 1 14
18114 5 1 9 2 2 3 1 4 1 14
18115 5 1 11 2 2 4 1 14
18116 3 1 14 2 1 4 1 14
18117 4 1 4 2 1 3 1 4 1 21
18118 4 1 4 2 1 3 1 4 1 21
18119 6 1 9 2 5 3 1 14
18120 3 1 19 2 1 4 1 14
18121 2 1 8 2 1 3 1 21
18122 3 1 6 2 2 3 1 21
18123 3 1 4 2 2 3 1 21
18124 9 1 1 2 1 3 3 4 1 22
18125 2 1 2 2 1 4 5 9 1 10 1 42
18126 2 1 1 2 1 3 1 38 1 77
18127 2 1 1 2 1 3 5 9 1 13 1 14
18128 4 1 7 2 1 3 1 4 1 14
18129 3 1 2 2 1 3 1 4 2 64
18130 4 1 2 3 1 4 2 64
18131 4 1 1 2 2 3 1 4 2 64
18132 4 1 1 2 2 3 1 4 2 64
18133 1 1 7 2 1 3 2 5
18134 4 1 4 2 2 4 2 5
18135 1 1 9 2 1 3 2 5
18136 4 1 2 2 1 4 1 45
18137 3 1 2 2 3 3 2 14
18138 4 1 3 2 1 3 2 4 1 14
18139 1 1 6 2 2 3 1 14
18140 1 1 2 2 1 5 1 30
18141 
18142 1 4 9 9 2 10 1 11 1 14 1 42
18143 9 9 1 10 1 11 1 13 1 20
18144 3 1 1 2 2 3 1 8
18145 
18146 
18147 
18148 4 1 2 2 1 3 1 4 5 9 1 10
18149 3 1 8 2 1 3 1 77
18150 4 1 2 2 1 3 1 4 5 9 1 10
18151 1 1 9 9 2 10 1 13 1 24
18152 1 1 9 2 4 3 1 24
18153 2 1 13 9 3 10 2 13 1 24
18154 2 1 13 2 7 3 1 24
18155 4 1 2 2 1 3 1 4 5 9 1 10
18156 5 2 2 3 1 14 1 42
18157 1 1 2 2 1 4 10 9 2 10 1 14
18158 2 1 4 2 10 9 2 13
18159 2 1 2 2 1 3 1 14 1 45
18160 1 1 5 2 1 4 5 9 1 10
18161 4 1 2 2 1 3 1 4 5 9 1 10
18162 5 1 1 2 2 4 5 9 1 10
18163 2 1 7 2 1 3 1 4 1 14
18164 4 1 9 2 2 3
18165 4 1 11 2 1 4
18166 4 1 18 2 2 3
18167 3 1 20 2 1 3
18168 4 1 21 2 1 4
18169 4 1 9 2 1 3 1 4 1 14
18170 2 1 4 2 1 3 1 21
18171 2 1 3 2 2 3 1 6
18172 3 1 8 2 1 3 1 22
18173 3 1 9 2 1 3 1 77
18174 3 1 9 2 1 3 1 77
18175 3 1 9 2 1 3 1 77
18176 4 1 7 2 2 3 1 77
18177 6 1 3 2 2 3 1 4 1 22
18178 5 1 5 2 1 3 1 4 1 22
18179 
18180 
18181 4 1 7 2 3 3 1 5 1 77
18182 4 1 3 2 3 3 1 4 4 9 2 10 1 14
18183 1 1 9 9 1 10 1 12 1 13 1 14
18184 4 1 2 2 8 9 2 10 2 13
18185 6 1 2 2 2 4 8 9 4 10
18186 
18187 
18188 5 1 5 2 3 3 3 25
18189 2 1 2 2 1 3 1 4 1 14 2 20
18190 3 1 2 2 2 3 2 14 1 35
18191 4 1 16 2 2 3
18192 4 1 16 2 2 3
18193 5 1 17 2 1 3 1 4
18194 2 1 5 2 5 9 1 13 1 25
18195 3 1 6 2 1 26
18196 2 1 6 2 5 9 1 12 1 26
18197 4 1 7 2 2 3 1 25
18198 3 1 15 2 1 4 1 14
18199 3 1 15 2 1 4 1 14
18200 3 1 15 2 1 4 1 14
18201 1 1 1 2 1 3 1 14 1 44
18202 1 1 1 2 1 3 1 14 1 44
18203 4 1 2 2 2 46
18204 2 1 7 2 1 3 1 64
18205 3 1 5 2 2 3 1 14
18206 3 1 5 2 2 3 1 64
18207 4 1 6 2 1 3 1 4 5 9 1 10
18208 7 1 1 3 2 4 1 7
18209 6 1 3 2 2 4 1 7
18210 6 1 3 2 1 3 2 4 1 5
18211 2 1 10 2 1 3 1 5
18212 2 1 11 2 1 3 1 23
18213 3 1 10 2 1 3 1 77
18214 2 1 11 2 1 3 1 21
18215 3 1 11 2 1 3 1 22
18216 3 1 10 2 1 3 1 22
18217 4 1 11 2 2 3 1 77
18218 3 1 15 2 1 3 1 22
18219 2 1 16 2 1 3 1 21
18220 2 1 1 25 1 45
18221 2 1 18 2 1 3 1 21
18222 4 1 17 2 2 3 1 77
18223 2 1 20 2 1 3 1 21
18224 4 1 5 2 2 3 5 9 1 13
18225 4 1 20 2 1 4 1 77
18226 3 1 21 2 1 3 1 22
18227 4 1 20 2 1 4 1 22
18228 2 1 22 2 1 3 1 21
18229 
18230 7 1 3 2 1 3 2 4 1 22
18231 5 1 7 2 1 3 1 4 1 77
18232 3 1 10 2 1 3 1 77
18233 1 1 23 2 1 3 1 14 1 42
18234 2 1 2 2 1 25 1 45
18235 1 24 1 44 1 45
18236 3 1 6 2 1 3 1 19
18237 5 1 2 2 1 3 1 4 1 19
18238 6 1 4 2 2 4
18239 2 1 9 2 1 3 1 64
18240 2 1 15 2 1 3 1 42
18241 4 1 1 2 2 3 1 8 1 14
18242 
18243 
18244 
18245 
18246 
18247 
18248 
18249 
18250 
18251 
18252 
18253 
18254 
18255 
18256 
18257 
18258 
18259 
18260 
18261 
18262 
18263 
18264 2 1 7 2 1 3 1 64
18265 2 2 4 3 6 64
18266 2 1 1 2 1 3 1 22 1 64
18267 2 1 2 2 1 3 1 22 1 64
18268 3 1 6 2 1 3 1 4
18269 4 1 4 2 2 3 1 4
18270 7 2 2 3 2 64
18271 2 1 9 2 2 3
18272 2 1 10 2 2 3
18273 4 1 6 2 4 3
18274 5 1 5 2 5 3
18275 6 1 4 2 4 3 1 4
18276 6 1 4 2 4 3 1 4
18277 3 1 10 2 3 3
18278 3 1 11 2 1 3 1 4
18279 2 1 4 2 2 3 1 7
18280 2 1 2 3 1 22 2 64
18281 2 1 24 2 2 3
18282 
18283 1 1 9 2 1 3
18284 2 1 13 2 2 3
18285 5 1 8 2 5 3
18286 5 1 2 2 1 3 2 4
18287 5 1 10 2 3 3 1 4
18288 2 1 16 2 2 3
18289 3 1 19 2 3 3
18290 4 1 17 2 4 3
18291 3 1 13 2 1 3 1 77
18292 3 1 13 2 1 3 1 77
18293 3 1 13 2 1 3 1 77
18294 3 1 13 2 1 3 1 77
18295 3 1 13 2 1 3 1 77
18296 3 1 13 2 1 3 1 77
18297 2 1 13 2 1 3 1 21
18298 2 1 13 2 1 3 1 21
18299 2 1 13 2 1 3 1 21
18300 2 1 13 2 1 3 1 21
18301 2 1 13 2 1 3 1 21
18302 2 1 13 2 1 3 1 21
18303 2 1 12 2 1 3 1 21
18304 3 1 4 2 1 3 1 22
18305 2 1 6 2 1 3 1 64
18306 2 1 11 2 1 3 1 42
18307 3 1 11 2 1 3 1 22
18308 2 1 15 2 1 3 1 42
18309 3 1 15 2 1 3 1 22
18310 2 1 12 2 1 3 1 64
18311 2 1 21 2 1 3 1 42
18312 3 1 21 2 1 3 1 22
18313 3 1 1 4 10 9 1 10 1 13
18314 2 1 1 5 1 26
18315 2 1 1 26 1 110
18316 1 1 1 2 3 3 4 64
18317 1 2 1 45 1 49
18318 2 1 2 2 1 26 1 42
18319 4 2 10 9 2 13
18320 2 1 2 2 1 3 1 7 1 14
18321 1 1 1 3 1 21 1 65
18322 2 1 1 2 1 4 1 5 1 21
18323 2 1 1 2 1 4 1 21 1 65
18324 2 1 6 2 1 3 1 14 1 77
18325 2 1 1 2 1 22 1 44 1 46
18326 3 1 2 2 2 3 1 21
18327 1 1 3 2 1 3 1 8 5 9 1 10
18328 1 1 4 2 1 3 5 9 1 13
18329 1 1 4 2 1 3 5 9 1 13
18330 
18331 3 1 5 2 1 26 1 77
18332 3 1 7 2 1 26 1 77
18333 3 1 6 2 1 19 1 26
18334 3 1 1 2 2 3 1 21
18335 3 1 1 4 5 9 1 13 1 14
18336 2 1 1 2 1 3 5 9 1 13 1 14
18337 1 1 4 2 1 3 1 7
18338 1 1 4 2 2 3 1 5
18339 1 1 3 2 1 3 1 8 1 18
18340 2 1 1 2 2 9 3 11 1 13
18341 4 1 6 2 1 3 1 4 5 9 1 12
18342 2 1 1 2 1 3 3 9 3 12
18343 3 1 4 2 1 3 2 9 4 10
18344 4 1 1 2 3 9 2 10 1 13 1 70
18345 4 1 7 2 1 3 1 4 5 9 1 12
18346 2 1 2 2 2 9 2 11 2 13
18347 2 1 2 2 2 9 2 11 2 13
18348 4 1 2 2 1 4 3 9 2 10 1 13
18349 5 1 2 2 1 4 2 9 3 10 1 13
18350 5 1 2 2 1 4 2 9 3 10 1 13
18351 5 1 1 2 3 3 1 4
18352 4 1 2 2 4 3
18353 4 1 2 2 1 3 1 4 5 9 1 12
18354 2 1 6 2 2 3
18355 5 1 1 2 5 3
18356 5 1 2 2 5 3
18357 
18358 1 1 3 2 2 3 3 64
18359 1 1 4 2 2 3 3 64
18360 1 1 2 2 1 3 1 4 4 64
18361 1 1 3 2 1 3 1 4 4 64
18362 1 1 4 2 1 3 1 4 4 64
18363 1 1 9 2 3 3
18364 1 1 3 2 2 3 10 9 2 10 1 14
18365 3 2 1 3 10 9 2 12 1 14
18366 4 1 3 2 1 3 1 4 5 9 1 12
18367 3 1 4 2 1 3 2 77
18368 3 1 2 2 3 3
18369 4 1 2 2 2 3 1 4
18370 3 1 5 2 2 3 1 8
18371 3 1 14 2 1 3 5 9 1 13
18372 2 1 11 2 4 3
18373 2 1 9 2 4 3
18374 2 1 5 2 2 3 1 7
18375 3 1 6 2 3 3
18376 4 1 4 2 4 3
18377 3 1 8 2 1 3 1 4
18378 4 1 8 2 2 3 1 4
18379 3 1 3 2 1 3 1 70
18380 1 1 4 2 1 3 1 7
18381 2 1 1 2 1 3 1 7 1 8
18382 2 1 3 2 2 3 1 7
18383 2 1 4 2 1 3 1 8
18384 3 1 3 2 2 3 1 46
18385 3 1 2 2 4 3 1 14
18386 4 1 2 2 3 3 1 4 1 14
18387 4 1 2 2 3 3 1 46
18388 3 1 3 2 1 3 1 70
18389 4 1 1 2 3 3 1 8
18390 3 1 4 2 1 3 1 70
18391 3 1 3 2 2 3 1 4 1 64
18392 3 1 3 2 2 3 1 8
18393 4 1 2 2 1 3 1 4 1 8
18394 4 1 3 2 2 3 1 70
18395 4 1 4 2 2 3 1 70
18396 4 1 5 2 2 3 1 70
18397 5 1 4 2 1 3 2 4 1 6
18398 2 1 5 2 1 3 1 8
18399 2 1 5 2 1 3 1 8
18400 3 1 4 2 1 3 1 4 1 6
18401 3 1 5 2 1 4 1 8
18402 3 1 6 2 1 3 1 70
18403 3 1 2 2 1 3 1 4 1 6
18404 2 1 4 2 1 3 1 7 1 8
18405 3 1 3 2 3 3 1 7
18406 3 1 4 2 1 3 1 4 1 7
18407 3 1 5 2 1 3 1 4 1 7
18408 4 1 4 2 2 3 1 4 1 7
18409 2 1 4 2 1 4 1 5 1 8
18410 3 1 2 2 1 3 1 4 1 6 1 7
18411 5 1 4 2 4 3 1 8
18412 4 2 1 3 1 6 1 14
18413 5 1 1 2 2 3 1 4 1 8
18414 4 1 2 2 1 3 1 4 1 6 1 8
18415 4 1 2 2 2 3 1 4 1 6 1 7
18416 6 1 1 2 1 3 2 4 1 7 1 8
18417 2 1 3 2 1 3 1 6 1 8
18418 6 1 2 3 2 70
18419 2 1 3 2 1 3 1 7 1 8
18420 3 1 1 3 1 4 1 5 1 6 1 8
18421 3 1 2 2 1 3 1 7 2 8
18422 4 1 1 3 1 4 1 5 2 8
18423 4 1 3 2 2 3 1 7 2 8
18424 2 1 19 2 1 3 1 8
18425 3 1 5 2 1 3 1 4
18426 4 1 3 2 2 3 1 4
18427 6 1 8 2 2 3 2 4
18428 2 1 1 2 1 3 1 6 1 7 1 8
18429 8 2 2 3 2 6
18430 4 2 1 3 1 7 1 21
18431 2 1 2 2 2 3 2 7
18432 3 1 2 2 1 3 1 4 1 19
18433 5 1 3 2 3 3 1 70
18434 1 5 5 9 1 10 1 45
18435 2 1 9 2 1 3 1 5 1 6
18436 2 1 3 2 1 8 5 9 1 12
18437 1 1 3 2 1 3 1 5 5 9 1 12
18438 1 2 1 3 2 14 1 65
18439 2 1 2 2 1 4 2 6
18440 2 1 3 2 4 9 1 11 1 13
18441 2 1 7 2 4 3
18442 3 1 3 2 1 45 1 46
18443 2 1 1 3 1 8 1 19
18444 3 1 3 2 1 3 1 4 1 19
18445 2 1 4 2 1 3 1 8
18446 2 1 4 2 1 3 1 8
18447 4 1 2 2 3 9 1 11 2 13
18448 3 1 2 2 1 3 5 9 1 13
18449 4 1 1 2 3 9 1 11 2 13
18450 5 1 1 2 1 3 1 4 5 9 1 13
18451 2 1 5 2 4 9 1 11 1 13
18452 2 1 17 2 2 3
18453 4 1 3 2 1 3 1 4 5 9 1 12
18454 3 1 5 2 4 9 1 12 1 13
18455 5 1 5 2 2 3 3 9 3 10
18456 2 1 1 4 1 14 2 49
18457 7 1 1 2 2 4 4 9 1 12 1 13
18458 6 1 1 2 1 4 3 9 2 10 1 13
18459 5 1 2 2 1 3 2 9 4 10
18460 4 1 3 2 2 3 4 9 2 10
18461 4 1 3 2 2 3 4 9 2 10
18462 3 1 6 2 1 4 5 9 1 10
18463 2 1 8 2 1 3 5 9 1 12
18464 5 1 6 2 2 3 1 4 5 9 1 10
18465 2 1 19 2 5 9 1 13
18466 
18467 1 2 5 9 1 10 1 14 1 45
18468 4 1 1 2 1 4 5 9 1 13
18469 
18470 2 1 15 2 4 9 1 11 1 13
18471 3 1 2 2 1 3 2 25
18472 1 1 4 9 1 11 1 13 1 64
18473 4 1 6 2 4 9 2 13
18474 1 1 4 2 1 5 5 9 1 13
18475 1 1 2 2 1 5 5 9 1 13
18476 3 1 1 3 1 4 1 14 1 18
18477 4 1 8 2 2 3 1 19
18478 4 1 9 2 2 3 1 19
18479 3 1 6 2 3 3 1 19
18480 3 1 3 2 2 3 1 18
18481 3 1 5 2 2 3 1 14 1 19
18482 2 1 3 2 2 3 1 14 1 18
18483 2 1 5 2 2 3 1 14 1 18
18484 
18485 2 1 6 2 1 3 1 18
18486 2 1 5 2 1 3 1 4 15 9 3 10
18487 2 1 2 2 1 3 1 8 5 9 1 13
18488 4 1 1 2 7 9 4 10 1 13
18489 1 1 18 2 7 3
18490 1 1 18 2 7 3
18491 1 1 8 2 7 9 3 12 2 13
18492 3 2 2 3 10 9 2 10
18493 2 1 6 2 2 4 10 9 2 10
18494 
18495 1 1 9 2 2 3 1 8
18496 11 2 3 3 1 8
18497 2 1 6 2 4 3
18498 4 1 14 2 6 3
18499 2 1 8 2 4 3
18500 8 1 14 2 6 3 2 4
18501 1 1 19 2 5 3
18502 16 2 6 3
18503 2 1 3 2 2 3 1 4
18504 3 1 2 2 3 3 1 4
18505 2 1 3 2 4 3
18506 3 1 3 2 3 3 1 4
18507 1 1 6 2 3 3
18508 3 1 5 2 5 3
18509 3 1 7 2 3 3 1 4
18510 1 1 7 2 3 3
18511 4 1 6 2 6 3
18512 4 1 6 2 6 3
18513 14 2 2 3
18514 2 1 5 2 2 3 1 4
18515 3 1 3 2 3 3 1 4
18516 2 1 6 2 2 3 1 4
18517 3 1 3 2 2 3 1 18
18518 4 1 5 2 6 3
18519 4 1 5 2 6 3
18520 5 1 9 2 5 3 1 4
18521 
18522 
18523 
18524 
18525 1 1 3 2 1 3 2 9 4 12
18526 1 1 4 2 1 3 1 4 4 9 2 12
18527 3 1 6 2 1 3 1 4 2 9 4 10
18528 3 1 5 2 4 3 3 9 3 10
18529 
18530 
18531 
18532 
18533 
18534 3 1 6 2 3 3 1 4 1 7
18535 2 1 10 2 2 3 1 4
18536 2 1 6 2 4 3
18537 1 1 24 2 3 3
18538 2 1 6 2 4 3
18539 2 1 2 3 1 4 20 9 4 10
18540 6 1 3 2 2 3 3 4
18541 6 1 6 2 8 3
18542 4 1 2 2 1 3 1 4 4 9 1 10 1 17
18543 4 1 2 2 1 3 1 4 4 9 1 10 1 17
18544 4 1 2 2 1 3 1 4 4 9 1 10 1 17
18545 6 1 1 2 2 4 3 9 2 10 1 17
18546 
18547 5 1 1 2 2 4 1 31
18548 6 1 1 2 2 4 1 34
18549 6 1 1 2 2 4 1 32
18550 6 1 2 2 2 4 1 32
18551 7 1 1 2 2 4 1 33
18552 7 1 2 2 2 4 1 33
18553 5 1 1 2 2 4 1 5 1 32
18554 
18555 
18556 
18557 
18558 
18559 
18560 7 1 3 2 3 4 1 14
18561 4 1 7 2 1 3 1 4 1 14
18562 3 1 4 2 2 3 1 64
18563 4 1 3 2 4 3
18564 4 1 4 2 1 3 1 46
18565 2 1 4 2 1 3 1 64
18566 2 1 4 2 2 3 2 64
18567 2 1 6 2 2 3 2 64
18568 2 1 3 3 3 64
18569 6 1 6 2 4 3 2 70
18570 
18571 
18572 2 1 4 2 2 3 4 9 2 10 1 70
18573 5 1 1 2 2 3 1 8 2 9 4 10
18574 2 1 4 2 1 4 6 9 4 10
18575 3 1 1 3 1 4 6 9 2 10 2 12
18576 2 1 3 2 2 3 4 9 2 12
18577 2 1 3 2 2 3 4 9 2 12
18578 3 1 2 2 1 3 1 4 4 9 2 12
18579 4 1 1 6 2 9 1 10 1 12 2 13
18580 4 1 2 2 1 3 1 4 7 9 3 10
18581 2 1 5 2 7 9 2 10 1 13
18582 2 1 5 2 7 9 2 10 1 13
18583 2 1 5 2 7 9 2 10 1 13
18584 1 1 8 2 1 6 4 9 1 10 1 13
18585 2 1 12 2 4 3
18586 2 1 7 2 7 9 2 10 1 13
18587 3 1 6 2 1 4 7 9 3 10
18588 2 1 9 2 7 9 2 10 1 13
18589 2 1 9 2 7 9 2 10 1 13
18590 1 1 13 2 4 9 1 12 1 13
18591 2 1 16 2 4 3
18592 1 1 13 2 1 6 4 9 1 10 1 13
18593 1 1 16 2 1 6 4 9 1 10 1 13
18594 2 1 1 2 2 3 5 9 1 13
18595 2 2 5 9 1 12 1 45 1 51
18596 10 9 1 10 1 12 1 45
18597 
18598 2 1 22 2 4 3 2 4
18599 1 1 1 3 1 7 1 14 1 69
18600 1 1 2 2 1 3 1 14 1 44
18601 
18602 
18603 1 1 1 44 1 46 1 51
18604 4 1 2 2 2 3 4 9 2 10 2 77
18605 4 1 4 2 2 3 4 9 2 10 2 77
18606 4 1 4 2 2 3 4 9 2 10 2 77
18607 4 1 4 2 2 3 4 9 2 10 2 77
18608 4 1 4 2 2 3 4 9 2 10 2 77
18609 4 1 4 2 2 3 4 9 2 10 2 77
18610 2 2 1 3 1 8 2 24
18611 2 2 2 3 2 6
18612 2 1 2 2 4 9 2 10 1 24 1 26
18613 2 1 3 2 4 9 2 10 1 24 1 26
18614 1 1 1 2 1 18 1 76 1 77
18615 3 1 2 2 2 3 1 18 1 77
18616 5 1 8 9 1 10 3 13
18617 3 1 5 2 1 4 1 5
18618 4 1 2 2 1 3 1 4 5 9 1 10
18619 2 1 3 2 1 3 1 7 1 8
18620 
18621 
18622 3 1 3 2 1 4 1 5 1 8 1 69
18623 7 1 2 2 2 4 1 8
18624 1 5 1 6 5 9 1 12
18625 3 1 1 2 1 7 1 8
18626 7 1 2 2 2 4 1 7 1 8
18627 2 1 1 6 1 7 1 22
18628 3 1 1 4 1 5 1 8 1 69
18629 5 1 1 4 1 7 1 8 4 9 1 10 1 12
18630 4 1 11 2 2 3 1 8 1 14
18631 2 1 1 2 1 8 1 64
18632 5 1 3 2 1 4 1 8
18633 3 1 2 3 1 5 1 6
18634 3 1 4 2 1 3 1 6
18635 3 1 7 2 1 8
18636 4 1 3 2 1 3 2 8 1 14
18637 4 1 5 2 1 3 1 8
18638 7 1 2 3 1 4 1 8
18639 
18640 2 1 2 2 1 6 1 8 5 9 1 10
18641 3 1 3 2 1 4 1 5 1 6
18642 5 1 1 4 1 7 1 8
18643 2 1 1 2 1 8 1 18
18644 5 1 11 2 3 3 1 8 1 14
18645 1 2 1 6 5 9 1 10 1 51
18646 4 1 2 2 2 8
18647 4 1 1 3 1 6 1 8
18648 4 1 2 2 2 8
18649 3 1 3 2 1 3 1 6
18650 4 1 2 8
18651 2 1 2 2 1 8 5 9 1 10
18652 5 1 1 2 2 3 1 8
18653 4 1 10 2 2 8
18654 3 1 2 2 1 3 1 4 1 6 1 8 1 14
18655 4 1 2 2 2 3 1 4 1 6 1 8 1 14
18656 2 1 1 2 1 5 1 8
18657 3 1 1 2 1 6 3 9 3 10
18658 2 2 1 6 10 9 2 10
18659 
18660 
18661 
18662 
18663 
18664 
18665 
18666 
18667 2 1 1 6 4 9 1 11 1 13
18668 2 1 1 6 3 9 2 11 1 13
18669 2 1 1 6 3 9 2 11 1 13
18670 2 1 1 6 2 9 3 11 1 13
18671 
18672 
18673 2 1 3 2 1 8 1 14 1 77
18674 4 1 1 4 1 8 1 14 1 77
18675 2 1 1 2 1 14 1 69 1 70 1 77
18676 3 1 2 2 1 14 1 70 1 77
18677 3 1 1 2 1 14 1 70 1 77
18678 2 1 1 2 1 3 1 6 5 9 1 10
18679 1 1 4 2 1 6 5 9 1 10 1 66
18680 4 1 3 2 2 3 1 6
18681 
18682 3 1 1 2 1 8 2 69 1 70
18683 1 8 9 9 2 10 1 17 1 107
18684 1 2 1 3 1 8 2 64 2 69
18685 1 1 1 3 1 8 1 64 2 69
18686 1 7 1 8 1 64 2 69
18687 1 1 2 5 1 8 1 66
18688 1 7 1 8 1 64 2 69
18689 1 1 1 2 2 46 1 64
18690 1 1 2 6 5 9 1 10
18691 2 1 1 3 1 6 5 9 1 10
18692 2 1 8 2 1 6
18693 3 1 1 8 1 25
18694 2 1 1 3 2 6 5 9 1 10
18695 2 2 2 46 2 64
18696 2 1 2 2 2 8 2 69
18697 4 1 1 8 3 9 3 10
18698 1 1 1 2 1 6 5 9 1 10 1 66
18699 2 1 12 2 1 6
18700 5 1 1 2 2 3 1 8 1 19
18701 2 1 2 2 1 4 1 6 2 14
18702 1 1 2 2 1 6 1 7 1 14
18703 
18704 3 1 1 3 1 8 5 9 1 10
18706 1 1 1 2 1 8 2 64
18707 1 1 13 2 1 6 1 42
18708 2 1 7 2 1 6
18709 3 1 3 2 1 3 1 6
18710 2 1 1 2 1 3 1 6 1 64
18711 2 1 2 2 1 8 1 64
18712 2 1 3 2 1 8 1 64
18713 3 1 2 8 5 9 1 10
18714 4 1 2 8 4 9 2 10
18715 2 5 3 6
18716 2 5 4 6
18717 2 1 2 2 2 6
18718 1 1 19 2 1 6 1 14
18719 1 1 5 2 1 6 1 64
18720 2 1 10 2 2 6
18721 
18722 2 1 11 2 1 6
18723 2 1 12 2 1 6
18724 4 1 2 2 2 3 1 6
18725 3 1 1 6 4 9 1 10 1 13
18726 
18727 
18728 
18729 
18730 1 1 1 2 1 6 5 9 1 12
18731 4 1 2 2 2 3 1 6
18732 
18733 
18734 
18735 
18736 
18737 2 1 1 7 1 8 5 9 1 10
18738 5 1 1 3 1 4 1 6
18739 2 1 1 2 1 8 7 9 3 10
18740 3 1 1 3 1 6 4 9 2 10
18741 1 1 7 2 1 6 5 9 1 10
18742 1 5 1 6 4 9 1 10 1 11
18743 1 1 7 2 1 5 1 6
18744 4 1 1 2 1 4 1 6
18745 2 1 3 2 2 6
18746 1 1 3 2 1 6 1 64
18747 1 1 4 2 1 6 1 64
18748 1 1 3 2 1 6 1 8
18749 4 1 2 8
18750 1 1 3 2 1 6 1 64
18751 1 1 4 2 1 6 1 64
18752 3 1 1 2 1 6 1 8 1 77
18753 2 1 2 6 1 22
18754 3 1 4 2 1 8
18755 5 1 2 2 1 4 1 8
18756 1 1 1 5 1 6 1 22
18757 3 1 1 6 3 9 3 10
18758 2 1 5 2 1 8 5 9 1 10
18759 1 1 4 2 1 6 1 64
18760 1 1 6 2 1 6 1 64
18761 2 1 4 2 1 3 1 8
18762 4 1 1 4 4 9 2 10 1 70
18763 2 1 2 2 4 9 2 10 1 70
18764 1 1 1 2 1 8 1 63 1 69
18765 2 1 3 2 1 8 5 9 1 10
18766 1 6 5 9 1 10 1 65
18767 4 1 3 2 1 3 1 8
18768 1 1 5 2 1 5 1 6
18769 1 6 1 8 5 9 1 10 2 69
18770 2 1 1 6 1 8 5 9 1 10
18771 2 1 2 2 1 5 1 8
18772 1 1 3 2 1 8 10 9 2 10
18773 2 1 3 2 2 14 1 70
18774 5 1 2 3 1 6 1 46
18775 4 1 1 2 3 3 1 6 1 14
18776 5 1 2 3 1 4 1 6 1 14
18777 5 2 1 5 1 8 1 35 1 69
18778 1 1 5 2 1 3 1 6
18779 1 1 4 2 1 5 1 6
18780 
18781 
18782 
18783 3 1 1 4 1 6 1 69
18784 3 1 1 2 5 9 1 10 1 70
18785 2 2 2 6 2 64
18786 4 1 2 2 1 3 1 8
18787 2 1 1 2 1 8 1 65
18788 
18789 1 5 1 6 4 9 1 10 1 11
18790 3 1 1 2 1 4 1 6 5 9 1 10
18791 3 1 4 2 1 3 1 6 1 19
18792 1 1 4 2 1 6 5 9 1 12
18793 4 1 1 2 2 3 1 6
18794 
18795 1 1 9 2 1 6 1 64
18796 13 2 1 6
18797 4 1 1 2 2 3 1 6
18798 2 1 6 2 1 6
18799 2 1 1 2 1 5 1 8
18800 1 1 7 2 1 3 1 6
18801 
18802 1 1 3 2 1 6 1 26
18803 
18804 
18805 
18806 2 1 2 8 2 24
18807 2 1 1 6 4 9 1 10 1 12
18808 3 1 1 2 1 6 1 8
18809 
18810 3 1 7 2 1 3 1 22
18811 
18812 1 1 6 2 1 6 1 64
18813 3 1 5 2 1 8
18814 2 1 1 2 1 14 1 64 1 70 1 77
18815 1 1 5 2 2 3 1 14
18816 2 1 1 3 1 6 1 64
18817 3 1 3 2 1 3 1 6
18818 4 1 4 2 2 8
18819 1 1 4 2 1 6 1 14
18820 1 1 5 2 1 6 1 64
18821 1 1 4 2 1 6 1 64
18822 3 1 1 2 1 3 1 6 1 45
18823 1 1 1 8 1 51 1 69
18824 4 1 2 3 1 6 1 45
18825 4 1 1 2 1 3 1 6 1 46
18826 3 1 2 2 1 3 1 6 1 45
18827 3 1 2 2 2 3 1 18
18828 3 1 1 2 1 3 1 6 1 7
18829 2 1 3 2 2 3 1 6 1 45
18830 4 1 2 2 2 4 1 6 2 14
18831 3 1 3 2 1 4 1 6 1 44
18832 4 1 4 2 2 4 2 14
18833 2 1 4 2 2 3 1 6 1 45
18834 2 1 1 2 1 6 4 9 2 10 1 70
18835 3 1 8 2 1 8
18836 3 1 4 2 1 4 1 6 1 44
18837 6 1 1 3 1 4 1 6 1 46
18838 1 1 12 2 1 6 1 64
18839 1 1 8 2 1 3 1 6 2 14
18840 2 1 3 2 1 3 1 8
18841 3 1 1 4 1 5 1 8 1 64
18842 3 1 1 4 1 5 1 8 1 63
18843 3 1 1 2 1 4 1 5 1 8 1 63
18844 3 1 1 2 1 6 1 8
18845 3 1 1 2 1 6 1 8
18846 2 1 2 2 1 6 1 7
18847 2 1 2 2 2 8 2 69
18848 3 1 2 2 1 4 1 5 1 8 1 64
18849 3 1 2 2 1 4 1 5 1 8 1 69
18850 2 1 5 2 1 8 1 14
18851 2 1 6 2 1 8 1 42
18852 1 1 1 4 5 9 1 10 1 26 1 64
18853 3 1 5 2 1 6 1 35
18854 3 1 5 2 1 6 1 35
18855 4 1 3 2 2 3 1 8 5 9 1 10
18856 4 1 2 2 2 3 1 8 5 9 1 10
18857 2 1 2 2 1 3 1 6 1 42
18858 2 1 1 6 4 9 2 10
18859 4 1 13 2 1 6 2 9 4 10
18860 3 1 2 2 1 3 1 8 5 9 1 10
18861 2 1 1 2 1 6 1 7 1 77
18862 3 1 1 6 1 8 1 77
18864 4 1 3 2 1 3 1 8
18865 4 1 4 2 1 3 1 8
18866 1 2 1 6 5 9 1 10 1 44
18867 5 1 4 2 1 4 1 8
18868 6 1 2 2 1 3 1 4 1 8
18869 5 1 5 2 1 4 1 8
18870 6 1 3 2 1 3 1 4 1 8
18871 4 1 2 2 1 4 1 8 5 9 1 10
18872 4 1 7 2 1 3 1 4 1 8
18873 
18874 3 1 2 2 1 4 1 8 10 9 2 10
18875 2 1 1 2 1 5 1 8
18876 3 1 2 2 1 6 1 8
18877 4 1 1 2 2 8
18878 3 1 2 2 1 7 1 8
18879 4 1 1 2 1 6 1 70
18880 3 1 3 2 1 6 1 8
18881 3 1 3 2 1 7 1 8
18882 3 1 3 2 1 6 1 8
18883 4 1 2 2 2 8
18884 4 1 1 2 1 3 1 6 1 8
18885 3 1 2 2 1 3 1 6 1 7
18886 4 1 2 2 2 8
18887 5 1 1 2 1 8 1 70
18888 4 1 2 2 1 7 1 70
18889 2 1 5 2 1 6 1 7
18890 3 1 4 2 1 6 1 8
18891 4 1 2 2 1 3 1 5 1 70
18892 4 1 2 2 1 4 1 5 1 8
18893 4 1 4 2 2 8
18894 5 1 1 2 1 3 1 4 2 6
18895 2 1 5 2 1 3 1 5 1 6
18896 3 1 6 2 1 6 1 8
18897 
18898 6 1 1 2 3 3 1 7 1 8
18899 2 1 10 2 2 6
18900 4 1 8 2 2 8
18901 10 1 2 3 2 4 2 8
18902 3 1 13 2 1 6 1 8
18903 4 1 5 2 2 8
18904 7 1 2 4 1 7 1 8
18905 1 1 9 2 1 5 1 6
18906 1 3 1 4 1 8 6 64
18907 1 6 18 9 6 10
18908 2 1 4 2 10 9 2 10 1 70
18909 4 1 6 2 2 8 1 66
18910 1 6 1 41 1 69
18911 
18912 1 2 1 6 1 69 1 94
18913 1 6 1 44 1 94
18914 4 1 3 2 1 3 1 8
18915 5 1 1 2 1 3 1 4 1 6
18916 3 1 5 2 1 3 1 6
18917 4 1 3 2 1 3 1 8
18918 4 1 6 2 1 70
18919 3 1 7 2 1 8
18920 5 1 3 2 2 3 1 8
18921 4 1 6 2 1 3 1 8
18922 3 1 8 2 1 8
18923 7 1 2 2 1 3 2 4 1 6
18924 8 1 2 2 1 3 2 4 1 8
18925 5 1 7 2 1 3 1 4 1 6
18926 2 1 13 2 1 6
18927 3 1 13 2 1 8
18928 3 1 13 2 1 8
18929 3 1 14 2 1 8
18930 7 1 3 3 1 70
18931 2 1 5 2 1 5 1 8
18932 5 1 2 3 1 6 1 8
18933 5 1 7 2 1 8 1 70
18934 1 1 1 2 1 3 1 6 2 27
18935 3 1 2 2 1 3 1 8 1 18
18936 5 1 2 2 1 4 1 8
18937 3 1 1 7 1 8 1 66
18938 4 1 1 4 1 6 1 7
18939 6 1 1 7 2 70
18940 5 1 1 7 1 8 1 70
18941 4 1 2 7 1 70
18942 4 1 1 4 1 7 1 8 5 9 1 10
18943 4 1 1 2 1 7 1 70
18944 1 1 6 2 1 5 1 6
18945 2 1 4 2 1 3 1 5 1 6
18946 3 1 3 2 1 3 1 8 1 14
18947 3 1 2 2 1 6 1 8
18948 2 1 1 6 1 8 5 9 1 10
18949 2 1 1 6 1 8 7 9 3 10
18950 2 1 7 2 1 5 1 8 1 66
18951 3 1 2 3 1 6 1 14
18952 1 1 1 2 1 3 1 6 1 14 1 65
18953 3 1 2 2 1 3 1 8 1 14 1 66
18954 
18955 3 1 4 2 1 8
18956 2 1 9 2 1 3 1 5 1 6
18957 2 1 1 2 1 6 1 22
18958 3 1 22 2 1 3 1 6
18959 2 1 1 5 1 6 1 8
18960 2 1 1 2 1 5 1 6 1 8
18961 1 1 4 2 2 5 1 8
18962 3 1 2 2 1 5 2 8
18963 2 1 1 2 1 8 1 64
18964 1 1 2 2 1 6 1 21
18965 2 1 3 2 1 8 1 14
18966 2 1 4 2 2 3 1 6
18967 2 1 4 2 2 3 1 6
18968 2 1 13 2 1 3 1 6 5 9 1 10
18969 2 1 3 2 1 3 1 8
18970 3 1 3 2 2 3 1 8
18971 4 1 2 2 1 3 1 4 1 8
18972 2 1 4 2 1 3 1 8
18973 2 1 5 2 1 3 1 8
18974 1 1 4 2 1 6 1 8
18975 4 1 3 2 1 3 1 4 1 6 1 8
18976 1 1 13 2 1 8
18977 2 1 7 2 2 8 1 66
18978 3 1 1 3 1 4 3 6
18979 2 1 22 2 2 3
18980 10 2 2 3
18981 2 1 1 2 1 6 4 9 2 10
18982 2 1 1 2 1 6 4 9 2 10
18983 3 1 1 6 3 9 3 10
18984 3 1 1 6 3 9 3 10
18985 1 1 2 2 1 6 5 9 1 12
18986 2 1 2 2 1 6 4 9 2 10
18987 3 1 1 2 1 6 3 9 3 10
18988 4 1 1 8 3 9 3 10
18989 4 1 1 6 2 9 4 10
18990 2 1 3 2 1 8 5 9 1 10
18991 2 1 1 2 1 3 1 6 5 9 1 12
18992 3 1 1 2 1 3 1 8 5 9 1 10
18993 3 1 1 2 1 3 1 8 5 9 1 10
18994 3 1 1 2 1 8 5 9 1 13
18995 4 1 1 4 1 8 5 9 1 10
18996 3 1 1 2 1 6 4 9 1 10 1 13
18997 4 1 1 6 3 9 2 10 1 13
18998 4 1 1 2 1 6 2 9 4 10
18999 4 1 1 2 1 6 3 9 2 10 1 13
19000 4 1 2 2 1 6 2 9 4 10
19001 2 1 5 2 1 8 5 9 1 10
19002 4 1 1 2 2 3 1 8 5 9 1 10
19003 4 1 4 2 1 6 2 9 4 10
19004 3 1 5 2 1 3 1 8 5 9 1 10
19005 3 1 13 2 1 6 3 9 3 10
19006 2 1 18 2 1 8 5 9 1 10
19007 
19008 1 1 1 5 1 8 5 9 1 10
19009 1 2 1 5 1 6 5 9 1 12
19010 2 1 1 6 1 8 5 9 1 10
19011 1 1 1 2 1 5 1 8 5 9 1 10
19012 1 1 2 2 1 6 1 7 5 9 1 10
19013 1 1 1 2 1 5 1 8 5 9 1 12
19014 2 1 1 2 1 3 2 6 5 9 1 10
19015 1 1 3 2 2 6 5 9 1 12
19016 3 1 2 2 1 3 1 6 1 8 5 9 1 10
19017 2 1 3 2 1 3 1 6 1 7 5 9 1 10
19018 3 1 3 2 1 3 1 6 1 8 5 9 1 10
19019 3 1 3 2 1 3 1 6 1 8 5 9 1 12
19020 2 1 2 6 4 9 2 10
19021 1 1 1 5 1 6 4 9 1 10 1 12
19022 2 1 7 2 2 6
19023 2 1 3 2 1 3 2 6 1 7 5 9 1 10
19024 1 1 7 2 4 6 5 9 1 12
19025 4 1 3 2 1 3 1 4 5 9 1 10
19026 4 1 3 2 1 3 1 6 3 9 3 10
19027 2 1 9 2 1 8 5 9 1 10
19028 2 1 1 2 1 8 5 9 1 10 1 66
19029 2 1 1 5 1 6 1 25 1 26
19030 1 1 5 2 3 6 5 9 1 12
19031 1 1 1 2 1 6 4 9 2 10 1 24
19032 2 1 2 2 2 35
19033 1 1 4 2 1 6 4 9 1 10 1 17 1 77
19034 3 1 1 2 1 3 1 6 1 19
19035 4 1 2 2 2 8
19036 1 1 1 8 10 9 1 10 1 12
19037 2 1 1 2 10 9 2 10 1 70
19038 1 1 2 2 1 6 10 9 1 10 1 13
19039 3 1 2 2 1 4 1 8 10 9 2 10
19040 1 6 8 9 2 10 2 11
19041 3 1 2 2 1 8 13 9 4 10 1 13
19042 2 1 12 2 1 8 3 9 3 10
19043 
19044 3 1 2 2 2 3 1 6 1 8 4 9 2 10
19045 2 1 1 2 1 8 7 9 3 10
19046 2 1 16 2 1 8 7 9 3 10
19047 
19048 
19049 
19050 2 1 2 2 1 6 1 7 1 8 4 9 1 10 1 13
19051 3 1 2 2 1 3 1 7 1 8 1 42
19052 4 1 1 3 1 8 1 19
19053 3 1 2 2 1 3 1 6 1 19
19054 
19055 3 1 5 2 1 3 1 6 1 19
19056 3 1 6 2 1 3 1 6 1 19
19057 3 1 7 2 1 3 1 6 1 19
19058 
19059 3 1 8 2 1 3 1 6 1 19
19060 3 1 15 2 1 8 1 19
19061 7 1 1 2 2 4 1 8
19062 7 1 2 2 2 4 1 8
19063 1 1 1 2 1 6 1 64
19064 1 1 2 2 1 6 1 64
19065 2 1 2 2 1 3 1 6 1 64
19066 1 1 19 2 1 6 1 64
19067 3 1 1 2 1 3 1 8 7 9 3 10
19068 2 1 1 6 2 9 2 11 2 13
19069 1 1 1 2 1 8 1 14 1 69
19070 1 1 1 8 1 69 1 90
19071 2 1 2 2 1 8 1 14
19072 4 1 2 2 1 3 1 4 4 9 1 10 1 17
19073 1 1 1 2 1 6 1 42 1 77
19074 1 1 1 2 1 8 4 9 1 10 1 14 1 57 1 77
19075 1 1 1 2 1 8 4 9 1 10 1 14 1 53 1 77
19076 1 1 1 2 1 8 4 9 2 10 1 14 1 24 1 77
19077 1 1 1 2 1 8 5 9 1 10 1 14 1 77
19078 2 1 1 2 1 8 4 9 2 10 1 14 1 77
19079 1 1 1 2 1 8 4 9 2 10 1 14 1 24 1 77
19080 2 1 1 6 1 25 1 77
19081 1 6 1 19 2 24
19082 1 1 1 14 1 18 1 64 1 70
19083 2 1 3 2 1 14 1 69 1 70 1 77
19084 4 1 3 2 1 3 1 14 1 70 1 77
19085 3 1 3 2 1 14 1 70 1 77
19086 4 1 1 2 1 3 1 14 1 70 1 77
19087 1 1 1 2 1 8 1 14 1 74 1 77
19088 2 1 1 2 1 4 1 14 1 76 1 77
19089 3 1 4 2 1 14 1 70 1 77
19090 4 1 2 2 1 3 1 14 1 70 1 77
19091 2 1 1 2 1 14 1 18 1 70 1 77
19092 2 1 1 2 1 14 1 18 1 22 1 70
19093 
19094 3 1 1 4 1 8 1 14 1 18
19095 2 1 1 2 1 8 1 14 1 19
19096 
19097 
19098 
19099 3 1 1 8 1 14 1 99
19100 3 1 6 2 1 8
19101 4 1 5 2 1 3 1 8
19102 7 1 1 2 1 3 1 4 1 70
19103 7 1 1 2 2 4 1 8
19104 7 1 1 3 2 4 1 6
19105 7 1 1 2 1 3 1 4 1 70
19106 5 1 3 2 3 3 1 6
19107 7 1 5 2 2 4 1 8
19108 4 1 10 2 2 3 1 6
19109 1 1 3 2 1 6 1 14
19110 6 1 13 2 3 3 1 8
19111 3 1 5 9 5 10 3 77
19112 1 1 3 2 1 3 4 9 2 12
19113 
19114 5 1 11 2 3 3 1 4
19115 5 1 2 2 1 3 2 4
19116 2 1 2 2 1 3 1 8 1 27
19117 1 1 2 2 1 8 1 27
19118 2 1 1 2 1 3 1 8 1 27
19119 3 1 3 2 1 3 1 22
19120 2 1 3 2 1 3 1 4 3 64
19121 
19122 1 1 3 2 1 18 1 45 1 77
19123 6 1 2 2 2 3 1 4
19124 1 5 9 9 2 10 1 12
19125 4 1 2 2 3 9 2 10 1 13 1 70
19126 4 1 6 2 2 4 4 27
19127 3 1 4 2 2 3 1 63
19128 4 1 1 3 1 8 5 9 1 13
19129 2 1 16 2 2 96
19130 
19131 
19132 
19133 
19134 1 24 1 75 1 76
19135 
19136 3 2 5 9 1 13 2 14
19137 
19138 3 1 6 9 3 10 1 13
19139 1 1 14 2 4 9 2 10 1 24 1 25
19140 4 1 4 2 1 4 1 25
19141 1 1 23 2 1 41
19142 
19143 
19144 2 1 2 2 1 3 1 8 1 77
19145 8 9 3 10 1 24 1 57
19146 
19147 4 1 3 3 3 9 3 10
19148 
19149 6 2 1 3 1 18
19150 1 1 6 2 1 38 1 77
19151 
19152 4 1 4 2 4 3 1 4
19153 4 1 1 2 2 3 1 25
19154 1 1 5 2 1 3 1 8 5 9 1 10
19155 3 1 2 2 2 3 1 21
19156 4 1 2 2 2 3 1 4
19157 1 5 2 6 5 9 1 10
19158 4 1 9 2 1 4 1 22
19159 
19160 
19161 
19162 4 1 3 9 2 13 1 57
19163 
19164 6 1 1 2 2 4 3 9 2 10 1 17
19165 5 2 13 9 4 10 1 13
19166 4 1 1 2 1 3 1 4 1 21
19167 2 1 3 2 1 6 1 8 5 9 1 10
19168 3 1 3 2 1 4 3 9 3 10
19169 1 5 1 6 4 9 1 10 1 11
19170 7 1 3 2 3 4 1 14
19171 2 1 1 2 2 9 2 11 2 13
19172 1 1 1 8 5 9 1 12 1 14 1 77
19173 2 1 2 2 1 8 1 14 1 77
19174 2 1 1 8 1 14 1 77
19175 2 1 1 2 1 7 1 25
19176 3 1 4 2 1 3 1 22
19177 3 1 2 3 1 4 3 14
19178 1 2 1 7 2 27
19179 3 1 3 2 1 3 1 25
19180 2 1 15 2 1 25
19181 2 1 2 2 1 7 1 25
19182 
19183 12 3
19184 
19185 2 1 5 2 2 3 1 4
19186 1 1 3 2 1 6 1 64
19187 
19188 
19189 
19190 8 9 2 11 2 12
19191 1 1 2 2 1 3 2 19
19192 2 1 1 6 1 45
19193 2 44 2 46
19194 3 1 4 2 2 8 1 14
19195 
19196 3 1 4 2 1 8 3 77
19197 1 1 7 2 1 6 1 42
19198 1 1 1 2 1 6 1 63
19199 4 1 2 2 1 3 1 4 1 6 1 42
19200 1 1 4 2 1 6 1 64
19201 
19202 
19203 
19204 
19205 
19206 
19207 
19208 2 1 4 2 1 3 1 6 1 18
19209 7 1 1 2 2 4 1 8
19210 2 1 1 8 1 42
19211 2 5 2 6
19212 1 5 1 6 5 9 1 10
19213 2 1 1 2 1 3 1 5 1 6
19214 2 1 2 2 1 8 1 14
19215 1 6 2 63
19216 5 1 2 2 1 4 1 8
19217 
19218 4 1 1 2 1 4 1 6
19219 
19220 3 1 2 2 1 3 1 6
19221 
19222 
19223 
19224 
19225 
19226 
19227 
19228 
19229 
19230 
19231 
19232 
19233 
19234 
19235 
19236 2 1 1 6 3 9 2 10 1 17 1 25
19237 6 1 1 2 4 3 1 8 1 20
19238 4 1 12 2 1 4 1 96
19239 3 1 1 2 1 4 1 5 1 8 1 64
19240 3 1 1 2 1 4 1 5 1 8 1 69
19241 5 1 1 3 1 4 1 6
19242 5 1 1 2 1 4 1 8
19243 
19244 
19245 
19246 
19247 
19248 
19249 
19250 
19251 
19252 1 1 1 19 1 63
19253 
19254 
19255 3 1 3 2 1 6 1 8
19256 2 1 2 6 4 9 2 10
19257 2 1 1 6 1 66
19258 3 1 1 4 1 5 1 6
19259 1 1 1 8 1 14 1 18
19260 2 1 3 2 1 6 1 77
19261 3 1 2 2 1 8
19262 1 1 1 6 1 65
19263 3 1 1 2 1 3 2 6
19264 1 1 3 2 1 6 1 69
19265 1 1 4 2 1 6 1 69
19266 3 1 1 2 1 3 1 6 1 7
19267 
19268 3 1 13 2 1 34
19269 4 1 11 2 1 35
19270 
19271 
19272 1 1 6 2 1 34
19273 
19274 
19275 
19276 
19277 4 1 7 2 1 35
19278 
19279 
19280 
19281 1 74 1 77
19282 
19283 
19284 
19285 
19286 
19287 
19288 2 1 1 2 1 34 1 38
19289 
19290 
19291 
19292 4 1 1 35
19293 1 1 5 2 1 34
19294 1 1 1 2 1 37
19295 1 1 4 2 1 34
19296 
19297 3 1 7 2 1 34
19298 5 9 1 12 1 37
19299 
19300 
19301 
19302 3 1 5 2 1 34
19303 
19304 
19305 
19306 
19307 
19308 1 37
19309 
19310 
19311 
19312 3 1 6 2 1 34
19313 
19314 1 1 3 2 3 25 1 37
19315 
19316 
19317 
19318 
19319 
19320 
19321 
19322 
19323 
19324 
19325 
19326 
19327 
19328 
19329 1 63
19330 6 1 6 2 2 3 1 35
19331 
19332 
19333 
19334 
19335 
19336 
19337 3 11 2 34
19338 4 1 6 2 1 35
19339 
19340 
19341 
19342 
19343 
19344 
19345 1 1 7 2 1 34
19346 
19347 4 1 7 2 1 35
19348 4 1 9 2 1 35
19349 
19350 1 64
19351 
19352 
19353 
19354 
19355 
19356 3 1 5 2 1 34
19357 
19358 3 1 9 2 1 34
19359 
19360 1 1 9 2 1 34
19361 2 1 3 2 1 38
19362 
19363 1 1 7 2 1 37
19364 
19365 
19366 
19367 
19368 
19369 
19370 
19371 
19373 
19374 
19375 
19376 
19377 
19378 
19379 3 1 1 2 1 39
19380 
19381 
19382 
19383 
19384 
19385 2 1 1 2 1 38
19386 2 1 5 2 1 34 1 38
19387 
19388 3 1 3 2 1 34
19389 
19390 1 74 2 75 1 77
19391 
19392 4 1 8 2 1 35
19393 
19394 3 9 2 34
19395 1 1 3 2 1 37
19396 2 2 2 37
19397 
19398 
19399 
19400 4 1 13 2 1 35
19401 
19402 3 1 1 34
19403 
19404 
19405 3 1 1 4 1 37
19406 6 1 1 2 2 3 1 35
19407 
19408 4 1 15 2 1 35
19409 1 1 8 2 1 34
19410 
19411 
19412 
19413 
19414 
19415 2 9 1 11 2 34
19416 4 1 3 2 1 35
19417 
19418 
19419 6 1 2 3 1 35
19420 1 1 1 37
19421 1 21
19422 
19423 4 1 14 2 1 35
19424 5 9 1 10 1 77
19425 3 1 3 2 1 34
19426 
19427 
19428 
19429 
19430 
19431 
19432 2 1 3 2 1 34 1 38
19433 
19434 
19435 
19436 
19437 2 1 3 2 1 38
19438 2 1 7 2 1 38
19439 1 1 5 2 1 37
19440 3 1 5 2 1 39
19441 
19442 
19443 2 1 6 2 1 38 1 77
19444 
19445 1 1 7 2 4 9 1 39
19446 
19447 
19448 2 1 8 2 1 3 1 35 1 38
19449 2 1 5 2 1 38
19450 3 1 3 2 1 39
19451 2 1 2 2 1 38 1 77
19452 
19454 
19455 
19456 
19457 
19458 3 1 5 2 1 34 1 39
19459 4 9 1 10 1 17 1 77
19460 3 1 13 2 1 34 1 64
19461 1 42 1 51
19462 1 2 1 14 1 29
19463 4 1 3 2 1 35
19464 4 1 11 2 1 35
19465 1 1 1 2 1 29
19466 2 16 2 42
19467 4 1 3 2 1 35 1 64
19468 3 1 1 34
19469 4 1 3 2 1 35
19470 3 1 13 2 1 34
19471 2 1 1 3 1 29
19472 
19473 1 2 2 29
19474 4 1 11 2 1 35
19476 
19477 5 9 1 36
19478 
19479 3 2 2 29
19480 
19481 4 1 7 2 1 35
19482 4 1 11 2 1 35 1 64
19483 
19484 
19485 
19486 
19487 1 37
19488 1 1 1 2 1 37 1 64
19489 4 1 11 2 1 35
19490 3 1 1 34
19491 4 1 3 2 1 35
19492 4 1 11 2 1 35
19493 4 1 7 2 1 35 1 64
19494 
19495 3 1 1 34
19496 4 1 3 2 1 35
19497 
19498 
19499 
19500 4 1 11 2 1 35 1 63
19501 
19502 2 2 2 29
19503 2 28
19504 
19505 1 1 2 2 1 29
19506 4 1 3 2 1 35
19507 
19508 
19509 5 9 1 36
19510 3 1 2 2 1 35
19511 1 1 1 29
19512 4 1 7 2 1 35
19513 
19514 1 28
19515 1 1 1 29
19516 1 14 1 18
19517 1 4 3 14 1 16 2 19 1 42
19518 4 2 2 29
19519 4 2 1 32
19520 1 37
19521 4 1 7 2 1 35 1 63
19522 3 1 1 34 1 64
19523 
19524 1 64
19525 
19526 3 2 1 29 1 30 1 42
19527 2 1 1 2 1 32
19528 1 16 2 29
19529 4 1 3 2 1 35 1 63
19530 3 1 1 34 1 63
19531 
19532 1 64
19533 1 1 3 2 1 37 1 64
19534 
19535 1 1 10 2 1 29
19536 3 9 2 34
19537 1 64
19538 2 1 3 2 4 9 1 10 1 35 1 36 1 77
19539 
19540 
19541 12 9
19542 
19543 
19544 
19545 
19546 2 1 3 2 1 38
19547 
19548 4 1 11 2 1 35
19549 3 1 5 2 1 34 1 64
19550 4 1 3 2 1 35
19551 
19552 2 1 3 2 1 38
19553 
19555 
19556 1 64
19557 
19558 
19559 
19560 
19563 
19564 
19565 
19566 2 1 3 2 1 38
19567 
19568 
19569 1 1 7 2 1 34
19570 
19571 
19572 4 9 2 17
19573 
19574 2 2 6 16 2 32
19575 2 2 2 32
19576 1 1 1 2 1 37
19577 5 9 1 36
19578 8 9 2 10
19579 6 9 6 71
19581 8 9 2 10
19582 16 9 8 10 1 17 3 57
19583 1 1 1 37 1 64
19584 1 2 2 29
19585 12 9 6 10 1 17 3 57
19586 4 1 11 2 1 35
19588 
19589 1 16
19590 2 2 2 32
19591 
19592 5 2 1 32
19593 5 2 2 3 1 32
19594 2 2 4 9 2 10 1 32
19595 3 16
19596 1 16
19597 3 16
19598 2 16
19599 4 1 7 2 1 35
19602 7 2 2 29
19603 8 9 1 17 1 39 1 53
19604 2 2 4 35
19605 4 1 8 2 1 35 1 63
19606 
19607 2 29
19608 4 1 6 2 1 35 1 63
19609 2 29
19610 1 2 4 3 5 14 1 16 1 26
19611 3 16
19612 14 9 8 10 1 17 3 57
19613 4 1 7 2 1 35 1 63
19614 1 64
19615 1 64
19616 1 63
19617 2 1 5 2 1 38 1 64
19618 2 2 2 29
19619 3 2 2 29
19620 5 2 2 29
19621 6 2 2 29
19622 7 2 2 29
19623 8 2 2 29
19624 
19625 1 31 1 95
19626 12 9 6 10 1 11 3 57
19627 
19628 14 9 6 10 1 17 3 57
19629 12 9 5 10 1 12 1 17 3 57
19630 12 9 5 10 1 12 1 17 3 57
19631 14 9 8 10 1 17 3 57
19632 16 9 6 10 1 17 3 57
19633 16 9 8 10 1 17 3 57
19634 1 6 6 9 1 10 1 12 1 17 3 57
19635 16 9 8 10 1 17 3 57
19636 14 9 6 10 1 17 3 57
19637 14 9 10 10 1 17 3 57
19638 2 2 2 32
19639 1 1 1 29 1 30
19640 3 9 2 34
19641 
19642 1 64
19643 11 16
19644 2 1 3 2 1 34 1 38 1 64
19645 2 1 4 9 1 10 1 13 1 14 1 34
19646 3 1 4 9 1 10 1 13 1 25 1 34
19647 3 1 4 9 1 10 1 13 2 25 1 34
19648 2 1 4 9 1 10 1 13 1 25 1 34 1 44
19649 3 1 4 9 2 10 1 26 1 34
19650 3 1 3 2 4 9 2 10 1 26 1 34
19651 2 1 4 9 1 10 1 13 1 25 1 34 1 74
19652 
19653 8 9 2 10 1 11 2 12 3 57
19654 1 1 1 2 1 37
19655 8 9 2 10 2 11 1 17 3 57
19656 8 9 2 10 2 11 1 17 3 57
19657 9 9 2 10 2 11 3 57
19658 8 9 2 10 3 11 3 57
19659 8 9 2 10 3 11 3 57
19660 8 9 2 10 3 11 3 57
19661 8 9 2 10 3 11 3 57
19662 8 9 2 10 3 11 3 57
19663 8 9 2 10 3 11 3 57
19664 9 9 2 10 2 11 3 57
19665 8 9 2 10 2 11 1 17 3 57
19666 8 9 2 10 2 11 1 17 3 57
19667 8 9 2 10 2 11 1 17 3 57
19668 10 9 3 10 1 11 1 12 3 57
19669 11 9 4 10 2 11 3 57
19670 8 9 2 10 3 11 3 57
19671 1 63
19672 2 16
19673 1 64
19674 
19675 1 21
19676 
19677 
19678 3 1 1 34
19679 4 1 3 2 1 35
19680 
19681 
19682 1 74 1 77
19683 3 9 2 34
19684 
19685 
19686 
19687 
19688 1 74 1 77
19689 
19690 1 63
19691 
19692 1 1 3 2 1 37
19693 1 64
19694 
19695 
19696 4 1 7 2 1 35
19697 4 1 11 2 1 35
19698 6 1 1 2 2 3 1 35
19699 6 1 2 3 1 35
19700 3 1 5 2 1 34
19701 3 1 6 2 1 34
19702 3 1 7 2 1 34
19703 4 1 7 2 1 35
19704 4 1 8 2 1 35
19705 4 1 9 2 1 35
19706 4 1 13 2 1 35
19707 4 1 14 2 1 35
19708 4 1 15 2 1 35
19709 6 1 6 2 2 3 1 35
19710 4 1 14 2 1 35
19711 
19712 
19713 3 11 2 34
19714 
19715 
19716 3 11 2 34
19717 
19718 
19719 
19720 1 1 4 2 1 34
19721 1 1 5 2 1 34
19722 1 1 6 2 1 34
19723 1 1 7 2 1 34
19724 
19725 
19726 
19727 
19728 
19729 1 21
19730 4 1 3 2 1 35
19731 
19732 
19733 
19734 
19735 
19736 
19737 
19738 2 1 3 2 1 38
19739 
19740 
19741 
19742 1 1 7 2 1 37
19743 
19744 
19745 3 1 9 2 1 34
19746 
19747 
19748 
19749 
19750 1 21
19751 1 64
19752 1 1 1 2 1 37 1 74 1 77
19753 
19754 1 1 7 2 1 34
19757 1 1 3 2 1 37
19758 
19759 8 1 6 2 2 35
19760 1 1 1 102
19761 
19762 10 9 6 10
19763 1 29 1 42
19765 
19766 3 1 3 2 1 34
19767 
19768 2 1 5 2 1 38
19769 
19770 3 9 2 34
19771 2 1 7 2 1 38
19772 2 1 3 2 1 38
19773 
19774 
19775 
19776 2 1 1 2 1 38
19777 1 1 1 2 1 37
19778 2 1 11 2 1 34
19779 3 1 8 2 2 9 1 17 1 35 3 57
19780 5 2 1 30
19781 8 9 2 10 2 11 1 17 3 57
19782 5 2 2 29
19783 12 9 4 10 1 17 3 57
19784 1 1 13 2 1 29
19785 1 1 5 2 1 3 4 14 1 35 1 42
19786 5 2 3 14 1 35 1 43
19787 4 1 11 2 1 35
19788 1 1 7 2 1 37
19789 
19790 2 1 2 9 1 17 1 39 3 57
19791 10 9 2 10 1 17 3 57
19792 9 9 2 10 1 11 1 17 3 57
19793 8 9 2 10 2 12 1 17 3 57
19794 10 9 3 10 1 12 1 17 3 57
19795 2 2 7 3 8 14 1 16 3 26
19796 4 2 2 9 1 17 1 32 3 57
19797 8 9 2 10 2 11 1 17 3 57
19798 11 9 4 10 1 11 1 17 3 57
19799 1 1 1 37
19800 5 2 4 14 1 18 1 35
19801 1 37
19802 2 29
19803 
19804 1 2 1 14 1 29 1 43
19805 1 2 2 14 1 18 1 29
19806 
19807 3 1 1 2 1 3 1 30 1 77
19808 2 1 5 9 1 13 1 14 1 33
19809 
19810 
19811 2 1 5 2 2 22
19812 1 1 1 3 1 14 1 77
19813 1 1 1 3 1 14 1 77
19814 2 2 7 3 8 14 3 26
19815 1 1 8 2 1 38
19816 
19817 3 1 1 3 8 9 2 10 2 12 2 35
19818 
19819 
19820 
19821 3 32
19822 
19823 
19824 3 1 2 2 4 9 2 10 1 26 1 34
19825 
19826 2 2 1 29 1 30 1 42
19827 1 2 3 3 5 14 1 19
19828 2 1 1 2 4 9 1 10 1 13 1 35 1 38 1 64
19829 
19830 
19831 
19832 2 1 5 9 1 12 2 35 1 38
19833 2 1 2 2 4 9 2 10 1 26 1 34 1 44
19834 
19835 1 1 2 2 10 9 2 10 1 26 1 34
19836 2 2 1 34 2 44
19837 
19838 1 14 1 42
19839 
19840 2 1 4 9 1 10 1 13 1 25 1 34 1 65
19841 
19842 
19843 1 1 11 2 1 38
19844 
19846 1 1 12 2 1 6 1 8 1 34
19847 
19848 4 2 4 35
19849 
19850 2 1 4 9 1 10 1 13 1 25 1 34 1 48
19851 4 3 4 14 1 20 1 42
19852 
19853 
19854 
19855 1 44 1 75
19856 2 1 1 4 1 27
19857 1 1 1 6 5 9 1 10 1 77
19858 
19859 3 1 5 2 2 3 1 4 1 7 1 8
19860 6 3 6 14
19861 1 2 4 3 4 14 1 27
19862 
19863 3 9 1 10 1 42 2 71
19864 1 2 4 3 4 14 1 24 1 26
19865 
19866 2 1 3 2 2 3 1 4 1 7
19867 3 1 15 9 3 10 3 84
19868 1 1 1 2 1 3 2 14
19869 7 2 2 3
19870 3 1 3 2 3 3 1 4
19871 3 1 2 2 3 3
19872 
19873 4 2 2 3 1 114
19874 3 1 2 2 3 3
19875 10 9 2 10 2 76
19876 10 2 2 3 1 114
19877 
19878 3 1 1 2 1 3 1 7 1 8 1 18
19879 
19880 
19881 2 1 3 2 2 25
19882 2 1 1 3 4 9 1 10 1 12 1 18
19883 
19884 
19885 2 1 2 3 1 4 1 8 1 42 2 69
19886 
19887 2 1 5 2 3 25
19888 
19889 
19890 
19891 
19892 
19893 
19894 
19895 
19896 
19897 
19898 
19899 6 1 2 3 2 4 2 103
19900 6 1 2 3 2 4 2 103
19901 1 1 1 5 2 6
19902 1 1 15 2 1 3 5 9 1 13
19903 3 1 2 2 1 3 2 4 1 19
19904 
19905 
19906 1 74 6 75
19907 3 2 1 14 1 24
19908 2 1 1 2 1 6
19909 
19910 
19911 2 1 8 2 4 25
19912 
19913 12 9 4 10 2 13
19914 7 1 2 4 2 9 3 10 1 17
19915 2 1 6 2 1 7 1 77
19916 
19917 
19918 
19919 1 1 1 5 1 6
19920 8 3
19922 
19923 1 2 4 3 4 14 1 24 1 26
19924 
19925 2 1 1 30
19926 1 1 7 2 1 14 2 25
19927 1 6 5 9 1 10 1 42
19928 3 1 1 2 1 4 1 8 1 19
19930 
19931 
19933 2 1 1 3 1 18 1 33 1 95
19934 
19935 
19936 1 3 1 14 2 44
19937 
19938 1 1 10 2 3 6 1 42
19939 1 1 4 2 3 3
19940 
19941 
19943 3 1 4 2 1 3 1 8 1 14
19944 
19945 1 1 1 18 1 33 1 94
19946 1 6 10 9 2 10
19947 
19948 2 2 1 14 1 74 7 75
19949 1 2 1 24 1 74
19950 1 6 5 9 1 10 1 20
19951 
19952 
19953 4 1 8 2 1 3 1 99
19954 
19955 
19956 
19957 
19958 1 1 8 2 3 25 1 100
19959 2 1 2 2 1 3 1 14
19960 1 1 1 6 4 9 1 10 1 17 1 77
19961 1 24 2 74 1 76
19962 1 5 1 100
19963 2 7 4 9
19964 
19965 
19966 4 2 1 6 1 111
19967 2 1 2 3 1 14 1 42 1 77
19968 3 1 2 2 1 3 1 5 1 8
19970 1 1 6 2 4 9 2 10 1 25 1 42
19971 3 1 3 2 3 3 2 4 1 8 2 14 1 35 2 77
19972 
19973 6 3 6 14
19974 1 1 4 2 1 14
19977 1 1 10 2 4 6 1 42
19978 
19979 
19980 2 1 4 2 1 6
19981 1 1 1 6 3 9 2 10 1 17 1 24
19982 1 1 2 2 1 6 1 26
19983 1 1 1 2 1 14 1 101
19984 
19985 1 2 1 5 1 25 1 100
19986 
19987 
19988 
19989 3 9 2 10 1 57 2 64
19991 
19992 
19993 2 1 2 2 1 7 2 25 1 77
19994 
19995 
19996 1 1 1 2 1 14
19997 6 9 3 10 1 11 1 18
19998 6 1 2 4 2 9 3 10 1 17 1 20
19999 2 1 5 2 1 3 2 4 1 7 1 14 1 70 1 77
20000 6 2 2 3 2 35 4 42
20001 2 9 1 36 1 53 2 57
20002 
20003 2 2 1 3 3 23
20004 
20005 
20006 
20007 
20008 
20009 
20010 2 2 7 3 8 14 3 26
20011 
20012 
20013 2 1 3 2 1 3 1 7 1 8
20014 
20015 
20016 
20017 
20018 8 9 4 12
20019 
20020 
20021 3 1 3 2 2 3 2 4 1 14
20022 
20023 
20024 1 1 1 65
20025 2 1 5 2
20026 
20027 
20028 
20029 1 1 11 2 3 3 3 14 1 22 1 26
20030 2 2 4 3 6 14
20031 1 1 15 2 3 3 1 6 3 14 1 22 1 26
20032 2 1 1 2 1 5 5 9 1 10 1 81
20033 
20034 2 1 1 8 1 69
20035 1 1 1 5 2 6
20036 3 1 1 2 1 8
20037 
20038 
20039 3 1 2 2 1 3 1 4 1 8 1 42
20040 1 7 5 9 1 12 1 24
20041 1 1 1 8 5 9 1 10 1 24
20042 1 1 1 8 5 9 1 10 1 24
20043 
20045 2 2 3 3 4 14 1 26
20046 
20047 
20048 
20049 1 1 5 9 1 13 1 24
20050 1 2 4 5 1 81
20051 1 1 2 2 2 5 5 9 1 10 1 81
20052 6 1 2 4 1 6
20053 4 1 2 2 1 3 1 8 1 70
20054 4 1 5 2 2 3 2 4 1 9 3 10 2 17 1 42
20056 9 2 8 9 4 10
20057 1 7
20058 
20059 8 2 8 9 4 12
20060 1 1 3 9 1 10 1 32 2 57
20061 9 9 6 10 1 57
20062 
20063 4 1 2 2 1 4 3 9 3 10 1 25 1 42
20064 9 9 3 10 1 21 1 25
20065 
20066 1 1 1 6 1 44
20067 12 1 2 3 4 4 2 6
20068 1 1 3 2 1 78
20069 4 1 3 2 1 84
20070 6 2 4 27 2 32
20071 2 1 1 8 1 69
20072 6 2 7 3 1 4 1 14
20073 
20074 
20075 3 1 7 2 1 34 1 64
20078 
20079 1 1 1 2 1 37
20080 3 9 2 34
20081 1 1 7 2 1 34
20082 2 1 5 2 1 34 1 38
20083 1 1 12 2 1 42
20084 2 1 5 9 1 13 1 14 1 33
20085 
20086 1 2 1 16 1 30 1 42 1 94
20087 2 1 3 2 1 38
20088 
20089 5 16
20090 2 1 7 2 1 38
20091 
20092 1 1 9 2 1 34
20093 
20094 
20095 
20096 1 28
20097 
20098 
20099 
20100 
20101 3 1 13 2 1 34
20102 1 37
20103 1 1 1 2 1 29
20104 
20105 
20106 2 1 6 2 1 38 1 77
20107 3 1 5 2 1 34
20108 1 1 7 2 1 34 1 74 1 77
20109 1 1 7 2 1 34
20110 4 1 11 2 1 35
20111 
20112 2 16
20114 
20115 3 1 1 3 1 6 8 9 2 10 2 12 2 35 2 42
20116 4 3 4 14 1 16 1 20 1 42
20117 
20118 
20121 3 32
20122 
20123 4 2 4 35
20124 
20125 1 1 8 2 1 38
20126 1 1 11 2 1 38
20127 1 1 11 2 1 38
20128 1 1 11 2 1 38
20129 1 1 12 2 1 6 1 8 1 34
20130 2 1 4 9 1 10 1 13 1 25 1 34 1 48
20131 2 1 4 9 1 10 1 13 1 25 1 34 1 65
20132 3 1 2 2 4 9 2 10 1 26 1 34
20133 2 1 2 2 4 9 2 10 1 26 1 34 1 44
20134 
20135 2 16
20137 
20138 
20139 4 9 1 10 1 17 1 30 1 42
20140 2 1 1 2 4 9 1 13 1 35 1 38 1 53
20141 
20143 2 1 1 3 1 77
20144 1 74 6 75 1 77
20145 4 1 8 2 2 34
20146 
20147 
20148 
20149 1 6 2 77
20150 
20151 
20152 
20154 5 1 3 2 1 3 1 35
20155 4 1 12 2 1 22 1 25 1 35
20156 
20157 1 1 4 2 1 22
20158 
20159 2 1 13 2 1 14 1 34
20160 
20161 2 1 1 2 1 26
20162 
20163 
20165 
20166 
20167 
20169 
20170 
20171 4 9 1 10 1 36 1 77
20172 
20173 
20174 
20175 
20176 
20177 
20178 
20179 1 1 14 2 1 35
20180 1 38 1 77
20181 
20182 
20183 3 2 3 14 1 34
20184 
20185 
20186 3 2 1 22 1 29
20187 1 1 1 28
20188 
20189 
20190 
20191 1 22 1 31
20192 
20193 
20194 2 2 1 6 1 31 1 35 1 74 3 75
20195 1 1 2 2 1 35
20196 5 9 1 12 1 30 1 77
20197 1 1 1 2 1 22
20198 3 1 11 2 1 34
20199 2 1 12 2 1 14 1 25 1 34
20200 
20201 
20202 1 4 1 14 2 22 1 77
20203 
20204 
20206 
20207 4 2 2 37
20208 4 1 5 2 2 34
20209 
20211 4 9 1 10 1 11 1 77
20212 5 9 1 10 1 35
20213 2 1 2 2 1 14 1 34
20214 
20215 3 1 21 2 1 34
20216 5 9 1 10 1 25 1 77
20217 
20218 
20219 2 1 5 2 1 29
20220 1 14
20222 
20223 
20224 
20225 
20226 
20227 1 2 1 22 1 30 1 42
20228 1 1 10 2 1 35
20229 1 42 1 77
20230 1 1 2 2 1 22
20231 
20232 2 1 5 2 1 14 1 34
20233 4 9 1 10 1 25 1 53 1 77
20234 
20235 2 1 1 26
20236 
20237 4 9 1 10 1 57 1 77
20238 
20239 
20240 
20242 1 1 16 2 1 22
20243 
20244 
20245 1 1 10 2 1 22
20246 4 2 1 8 8 9 4 10 1 28
20247 
20248 1 23
20249 1 1 16 2 1 35
20250 1 2 1 14 1 35
20251 
20252 4 1 5 2 1 35
20253 
20254 
20255 
20257 
20258 1 1 3 2 1 22
20259 2 1 17 2 1 14 1 34
20260 
20261 7 1 8 2 3 3 1 35
20262 
20263 2 1 3 2 1 38
20264 
20265 
20266 3 1 6 2 8 3 1 6 1 8 3 14 2 77
20267 
20268 
20269 
20270 
20271 
20272 
20273 
20275 
20276 
20277 
20278 
20279 
20280 
20281 
20282 2 1 15 2 1 14 1 34
20285 
20286 1 1 11 2 1 25
20287 
20288 
20289 
20290 
20291 
20292 3 1 21 2 1 34
20293 
20294 
20295 1 1 15 2 1 22
20296 
20297 4 1 15 2 1 35
20298 
20299 
20300 2 77
20302 
20303 4 1 1 3 1 30
20304 1 1 15 2 1 37
20305 11 2 1 35
20306 3 9 1 10 2 11 1 77
20308 
20310 1 1 1 35
20311 
20312 
20313 
20314 
20315 3 1 1 35 1 42
20316 
20317 2 2 2 22
20318 2 1 1 3 1 22
20319 4 1 7 2 1 35
20320 
20323 9 2 1 35
20324 
20325 
20326 5 1 2 2 1 3 1 35
20327 
20328 
20329 
20330 
20331 3 9 1 10 2 11 1 77
20332 1 22 1 29
20333 
20334 
20335 
20336 
20337 10 2 1 3 1 30
20338 
20339 
20340 
20341 
20342 1 1 5 2 1 22
20343 
20344 
20345 
20346 
20347 
20348 
20349 4 1 4 2 2 34
20350 1 1 9 2 1 22
20351 
20352 1 1 12 2 1 35
20353 2 1 1 2 5 9 1 10 1 32
20354 
20355 
20356 
20357 
20358 
20359 4 1 2 9 1 10 2 13 1 17 1 77
20360 
20361 
20362 
20363 
20364 
20365 
20366 
20367 
20368 
20369 1 1 13 2 1 22
20370 5 1 3 2 1 3 1 35
20371 
20372 
20373 2 1 3 2 1 14 1 34
20374 1 2 2 22
20375 
20376 
20378 4 1 6 2 2 34
20379 
20380 1 14 1 22
20381 
20382 
20383 
20384 4 9 1 39
20385 
20386 1 34
20387 
20388 
20390 
20391 
20392 
20393 
20394 
20395 
20396 
20397 
20398 7 2 1 35
20400 1 1 7 2 1 34
20401 
20402 
20403 
20404 10 9 1 10 1 12 1 29
20405 1 3 2 14 1 19 1 77
20406 4 9 2 10 1 64 1 77
20407 
20408 
20409 
20410 
20411 4 9 2 10 1 42 1 77
20412 
20413 
20414 
20415 
20416 
20418 1 1 1 2 1 35
20419 1 1 11 2 1 37
20420 6 2 3 14 1 34
20421 
20422 4 9 1 10 1 11 1 77
20423 
20425 
20426 
20427 1 2 5 3 6 14 1 77
20428 1 29 1 77
20429 2 35
20430 
20431 2 1 2 2 1 38
20432 1 14 1 77
20433 1 6 1 42 1 77
20434 1 1 11 2 1 22
20435 2 32
20436 4 9 1 10 1 11 1 77
20437 
20438 
20439 
20440 1 1 7 2 1 22
20441 3 2 1 33 1 77
20442 1 9 1 11 2 34 1 57
20443 2 1 7 2 1 14 1 34
20444 
20445 
20446 
20448 
20449 
20450 
20451 
20452 4 1 10 2 1 35
20453 
20454 15 9 1 10 2 12 1 32
20455 
20456 
20457 
20458 5 9 1 10 1 77 1 96
20459 1 1 8 2 1 22
20460 
20461 
20462 
20463 1 1 14 2 1 22
20464 
20465 1 1 12 2 1 22
20467 
20468 
20469 
20471 2 3 2 14 2 77
20473 
20474 2 2 1 30 1 77 1 102
20475 3 1 14 2 5 9 1 12 1 35
20476 
20477 
20479 2 9 2 34 1 57
20480 
20481 2 3 2 14 2 77
20482 4 1 19 2 1 35
20483 3 1 5 2 1 21 1 25 1 35
20484 
20485 4 9 1 10 1 57 1 77
20486 
20487 3 9 1 10 2 57 1 77
20488 
20489 
20490 
20491 1 1 5 2 1 35
20492 
20493 1 1 1 22
20494 2 1 11 2 1 38
20495 
20496 
20497 
20498 4 9 1 10 1 57 1 77
20499 2 1 1 31
20500 
20501 2 3 2 14 2 77
20502 
20503 
20504 
20505 
20506 
20507 1 1 1 3 1 14 1 77
20508 1 1 1 3 1 14 1 77
20511 
20512 1 1 5 2 1 22
20513 1 4 1 14 1 16 2 22 1 77
20514 
20515 
20516 
20518 
20519 1 1 3 2 1 22
20520 4 9 2 10 1 42 1 77
20521 
20522 
20523 
20524 
20525 
20527 2 1 17 2 1 14 1 34 1 64
20528 1 64
20529 
20530 
20531 
20532 1 22 1 29
20533 3 1 21 2 1 34
20534 1 1 7 2 1 22
20535 
20536 
20537 
20538 3 1 11 2 1 34
20539 
20540 
20542 4 9 1 10 1 11 1 77
20543 
20544 
20545 
20546 2 1 3 2 1 14 1 34 1 64
20547 
20548 2 1 5 2 1 14 1 34 1 64
20549 
20550 
20551 
20552 
20553 
20554 
20555 
20556 
20557 
20558 6 2 3 14 1 34
20559 
20560 1 1 7 2 1 34
20562 
20563 
20564 
20566 
20568 
20569 
20570 
20571 12 16
20572 2 1 2 2 1 38
20573 
20574 4 2 2 37
20576 1 1 1 3 1 14 1 77
20577 
20578 
20579 5 1 12 2 1 22 1 35
20580 2 1 3 2 1 14 1 34
20581 7 16
20582 4 1 15 2 1 35 1 63
20584 
20586 
20587 
20588 
20590 2 38 2 42
20591 
20593 2 2 1 6 1 31 1 35 1 74 3 75
20594 
20596 1 1 9 2 1 22
20597 
20598 2 1 7 2 1 14 1 34
20599 4 9 1 10 1 57 1 77
20600 4 9 1 10 1 57 1 77
20601 4 9 1 10 1 57 1 77
20602 4 9 1 10 1 17 1 30 1 42
20603 
20604 
20605 2 1 3 2 1 14 1 34
20607 
20608 
20609 
20610 
20611 
20612 1 74 6 75 1 77
20613 4 1 5 2 1 35 1 63
20614 
20615 4 1 12 2 1 22 1 25 1 35 1 74 1 77
20616 
20617 
20618 
20619 
20620 1 1 15 2 1 22
20621 
20622 
20623 2 1 12 2 1 14 1 25 1 34
20624 2 77
20625 4 1 7 2 1 35 1 64
20626 
20627 
20628 
20629 
20630 1 29 1 77
20631 
20632 3 1 14 2 5 9 1 12 1 35 1 64
20633 4 16
20635 1 1 2 2 1 22
20636 
20637 3 1 5 2 1 21 1 25 1 35
20638 2 16
20639 
20640 1 1 15 2 1 22
20641 
20643 
20644 2 63
20645 
20646 
20647 
20648 
20649 
20650 2 1 1 2 1 6 4 9 1 13 1 35 1 38 2 42 1 53
20652 4 1 6 2 2 34
20653 1 37
20654 
20655 
20656 4 1 15 2 1 35
20657 
20658 6 1 6 22
20659 
20661 3 64
20662 
20663 3 64
20664 
20665 
20666 
20667 
20669 
20670 
20671 
20672 2 63
20673 
20674 
20675 
20676 
20677 2 64
20678 2 64
20679 1 14
20680 1 64
20682 
20683 2 63
20684 
20685 
20686 2 63
20687 2 63
20688 2 64
20689 2 63
20690 2 64
20691 
20692 
20693 
20694 
20695 
20696 2 64
20697 
20698 
20699 
20700 3 63
20701 3 63
20702 2 63
20703 3 63
20704 3 63
20705 3 63
20706 3 63
20707 3 64
20708 3 64
20709 2 63
20710 
20711 
20712 3 63
20713 
20714 
20715 
20716 3 63
20717 1 64
20718 2 64
20719 2 64
20720 2 64
20721 3 64
20722 2 63
20725 6 29
20726 
20728 
20729 
20730 1 38 1 77
20731 2 21
20732 1 1 15 2 1 37
20733 
20734 
20735 
20736 
20738 2 3 2 14 2 77
20739 1 1 1 28
20740 5 9 1 10 1 77 1 96
20741 10 9 2 10 2 77
20742 1 21
20743 
20744 3 1 1 35 1 42
20746 2 1 1 31
20748 
20749 4 1 15 2 1 35
20750 3 1 1 34
20751 4 1 3 2 1 35
20752 4 1 7 2 1 35
20753 4 2 1 8 8 9 4 10 1 28
20756 1 14 1 77
20757 
20759 
20760 
20761 
20762 
20763 
20765 
20766 
20767 
20768 1 63
20769 
20770 5 1 2 2 1 3 1 35 1 63
20771 2 9 2 34 1 57 1 63
20772 10 2 1 3 1 30
20773 5 9 1 10 1 77
20774 
20775 9 2 1 35 1 64
20776 1 34 1 64
20777 2 1 13 2 1 14 1 34 1 64
20778 
20779 7 1 8 2 3 3 1 35 1 64
20780 1 63
20781 1 64
20782 
20783 
20784 
20785 
20786 
20787 
20788 
20789 
20790 1 64
20791 
20792 
20793 
20794 
20795 
20796 10 2 1 3 1 30
20797 
20798 
20799 
20800 
20802 
20803 
20804 
20805 
20806 4 1 3 2 1 35
20807 2 34
20808 
20812 
20813 
20814 
20815 
20816 
20818 
20819 3 64
20820 3 63
20821 
20822 
20823 
20824 6 16
20825 
20827 4 16
20828 6 16
20829 
20830 
20831 
20832 
20833 
20834 
20835 
20836 
20837 
20838 
20839 
20840 4 40
20841 
20842 
20843 
20844 
20845 
20846 
20847 3 16
20848 
20849 
20850 
20851 
20853 
20854 2 1 5 2 1 29
20855 4 9 1 39
20856 
20857 4 29
20858 
20861 2 28
20862 
20864 4 1 7 2 1 35
20865 
20866 
20867 3 1 3 29 3 30 3 64
20868 
20869 
20870 1 1 7 2 1 22
20871 1 1 10 2 1 22
20872 1 1 11 2 1 22
20873 1 1 14 2 1 22
20874 1 34
20875 1 1 9 2 1 22
20876 
20878 7 2 1 35 1 64
20879 6 1 2 34
20880 4 1 19 2 1 35
20881 4 16 2 21
20882 6 1 6 22
20883 7 1 8 2 3 3 1 35
20884 4 1 3 2 1 35
20887 4 9 1 10 1 11 1 77
20888 4 9 1 10 1 11 1 77
20889 3 9 1 10 2 11 1 77
20890 
20892 1 1 2 2 1 35
20893 2 1 1 2 5 9 1 10 1 32
20894 
20895 
20896 
20898 3 2 6 29 3 64
20899 5 9 1 10 1 35
20900 
20901 
20902 1 1 5 2 1 22
20903 1 1 9 2 1 22
20904 1 1 11 2 1 22
20905 4 1 5 2 2 34
20906 
20907 
20908 
20909 
20910 
20911 6 67
20912 
20913 1 16
20914 1 14
20915 
20916 2 14
20917 
20918 
20919 
20920 3 1 21 2 1 34 1 64
20921 
20922 
20923 1 74 1 77
20924 
20925 1 16
20926 4 1 10 2 1 35 1 63
20927 1 9 1 11 2 34 1 57 1 63
20928 
20929 
20930 9 2 1 35 1 63
20931 3 2 1 22 1 29
20932 
20933 2 1 2 2 2 35
20934 4 1 8 2 2 34 2 64
20935 2 1 2 2 2 35
20936 2 1 10 2 2 35
20937 2 1 28 2 2 35
20938 
20939 1 16
20940 9 2 1 35
20941 1 22 1 31
20942 
20943 
20944 1 64
20945 
20947 2 1 11 2 1 38 1 63
20948 1 1 1 22
20949 11 2 1 35
20950 
20951 
20952 
20953 2 64
20955 4 1 1 3 1 30
20956 2 1 15 2 1 14 1 34 1 64
20957 1 1 1 2 1 3 2 14 1 35 1 77
20958 
20960 3 9 1 10 2 11 1 77
20962 2 1 20 2 2 35
20963 2 1 24 2 2 35
20964 
20965 2 1 16 2 2 29
20966 2 1 20 2 2 29
20967 2 1 24 2 2 29
20968 2 1 28 2 2 29
20969 
20970 2 1 20 2 2 35
20972 4 1 2 9 1 10 2 13 1 17 1 77
20973 
20974 
20975 1 63
20976 2 1 11 2 1 38
20978 10 9 1 10 1 12 1 29
20979 15 9 1 10 2 12 1 32
20980 3 2 3 14 1 34
20981 
20982 
20983 2 1 32 2 2 35
20984 
20986 3 1 2 2 1 3 2 14 1 34 1 77
20987 
20988 
20989 
20990 2 1 14 2 2 22
20991 3 1 21 2 1 34 1 74 1 77
20992 3 1 21 2 1 34
20994 5 1 3 2 1 3 1 35 1 63
20995 
20996 2 1 2 2 2 14 1 22 1 34
20997 
20998 
20999 
21000 
21001 
21002 2 1 2 2 1 14 1 34
21003 
21004 
21006 
21007 
21008 
21009 5 1 3 2 1 3 1 35 1 63
21010 2 2 1 30 1 77 1 102
21011 1 1 11 2 1 37
21013 3 9 1 10 2 57 1 77
21014 
21015 2 1 3 2 1 38
21016 
21017 
21018 
21019 
21020 1 14
21021 1 14
21022 1 1 13 2 1 22
21024 
21025 
21026 
21027 
21028 4 9 1 10 1 25 1 53 1 77
21029 3 1 3 29 3 30
21030 
21031 1 6 1 42 1 77
21032 1 1 7 2 1 22
21033 6 21
21034 1 1 3 2 1 22
21035 
21037 1 1 1 2 1 22
21038 6 1 3 2 3 26
21039 2 2 2 22
21041 
21042 2 1 1 3 1 77
21043 4 9 2 10 1 64 1 77
21044 
21046 2 1 10 2 2 22
21047 1 14 1 77
21048 
21050 1 3 2 14 1 19 1 77
21051 1 2 1 22 1 30 1 42
21052 1 2 2 22
21053 
21054 
21055 1 21
21056 1 1 3 2 1 22
21057 1 23
21058 1 23
21059 5 9 1 10 1 25 1 77
21060 2 1 22 2 2 22
21061 
21063 
21064 
21066 
21067 2 1 1 3 1 22
21068 
21069 
21070 5 9 1 10 1 77
21071 
21072 4 9 1 10 1 36 1 77
21073 
21074 6 1 3 26
21075 
21076 1 21
21077 1 21
21078 5 9 1 10 1 77
21079 2 77
21080 2 16 1 21
21081 1 23
21082 3 16 1 21
21083 2 77
21087 3 38 3 77
21091 
21092 
21093 
21094 
21097 
21098 
21099 
21100 
21101 
21102 
21103 
21104 
21105 
21106 
21107 
21108 2 1 2 35
21109 
21110 11 2 1 35 1 64
21111 4 1 4 2 2 34
21112 
21113 
21114 2 1 32 2 2 29
21115 
21116 
21117 
21118 2 35
21119 
21120 8 9 2 10 2 17 2 77
21121 
21122 
21123 
21124 2 1 5 9 1 13 1 14 1 33
21125 
21126 
21127 
21128 
21129 
21130 
21131 
21133 1 6 2 42
21134 4 64
21135 2 1 5 9 1 13 1 14 1 33
21136 
21137 
21138 
21139 
21140 4 1 2 3 1 114
21141 3 1 1 24 1 84
21142 3 1 1 14 1 81
21143 1 23 1 34
21144 1 1 1 23 1 35
21145 1 1 1 2 1 23 1 35
21146 1 1 2 2 1 23 1 35
21147 1 1 1 21 1 35
21148 2 1 1 22 1 35
21149 2 1 1 2 1 22 1 35
21150 1 1 1 14 1 22 1 35
21151 1 2 2 14 1 22 1 35
21152 2 1 1 3 1 14 1 35 1 77
21153 1 1 1 35
21154 1 2 1 14 1 35
21155 1 1 1 35
21156 1 2 1 14 1 35
21157 1 1 1 35
21158 2 9 1 11 1 36 2 57
21159 
21160 
21161 
21162 3 9 1 11 2 57
21163 
21164 
21165 1 6 9 9 2 10 1 53 1 77
21166 
21167 
21168 
21169 1 25 1 74 3 75
21170 3 9 2 17 1 57
21171 4 1 11 2 1 35
21172 
21173 3 1 2 2 2 3 1 4 1 8
21174 4 3 4 14 1 27
21175 
21176 1 1 3 2 1 3 1 77
21177 
21179 2 1 4 2 1 3 1 4 1 14
21180 1 1 1 6 1 20
21181 1 6 4 9 1 10 1 17 1 42
21182 2 1 2 6
21183 2 1 10 2 3 6 1 22
21184 2 1 3 2 1 3 1 14
21185 3 1 6 2 3 3
21186 3 1 6 2 3 3
21187 4 1 2 3 1 6
21188 1 1 2 2 15 9 1 12 2 13
21189 1 1 18 2 1 3 4 9 2 12
21190 5 1 1 2 2 4 1 14
21191 4 1 1 3 1 4 1 14
21192 3 1 2 2 1 4 1 64 2 77
21193 
21194 
21195 10 9 2 10 1 35 1 94
21196 1 1 1 8 1 42 1 69
21197 
21198 2 3 3 45 4 46 1 49
21199 
21200 
21201 
21202 
21203 
21204 1 1 2 2 2 3 1 6 1 42
21205 
21206 1 16
21207 8 1 6 2 6 3
21208 4 1 2 2 2 21 1 81 1 84
21209 
21210 2 1 3 2 2 5 1 6 1 81
21211 
21212 3 1 1 7 4 9 1 10 1 13
21213 3 1 3 2 1 3 1 4 1 8 1 21
21214 
21215 3 1 4 2 1 26
21216 3 1 1 2 2 3 1 14 1 77
21217 
21218 4 1 2 3 2 77
21219 
21220 1 1 2 2 2 5 1 44 1 81
21221 3 2 3 5 4 9 1 10 1 53 1 81
21222 3 1 2 2 1 3 1 81
21223 
21224 2 1 3 2 1 3 1 33
21225 
21226 
21227 8 9 2 10 2 11 2 77
21228 
21229 
21230 
21231 
21232 
21233 6 9 4 10 1 63 1 64
21234 
21235 
21236 
21237 2 1 5 2 1 3 5 9 1 10 1 77
21238 4 1 11 2 1 35
21239 1 1 7 2 1 3 2 14
21240 2 1 1 3 5 9 1 10 1 19 1 66
21241 
21242 1 25 1 74 1 75 1 76
21243 
21244 
21245 12 9 4 10 1 11 3 57
21246 
21247 4 1 2 39
21248 4 1 2 39
21249 4 1 2 39
21250 2 1 2 38
21251 
21252 3 2 1 3 5 9 1 12 1 32
21253 1 1 1 38
21254 12 9 6 10 1 11 3 57
21255 3 9 1 10 1 24 2 53
21256 12 9 6 10 1 17 3 57
21257 
21258 4 1 1 2 1 4 1 22
21259 2 1 2 2 1 25 1 101
21260 2 1 3 2 1 25 1 101
21261 2 1 4 2 1 25 1 101
21262 1 63
21263 1 1 1 7 10 9 1 12 1 13
21264 
21265 
21266 
21267 
21268 
21269 
21270 
21271 
21272 
21273 2 1 3 2 2 9 1 10 1 35 3 57
21274 2 2 2 3 1 6 1 7
21275 8 9 4 10 2 25 2 64
21276 7 9 2 10 3 57
21277 1 1 1 2 1 20 1 108
21278 
21279 2 1 1 2 1 3 1 14 1 22
21280 
21281 1 81
21282 
21283 
21284 
21285 12 1 1 81 4 84
21286 
21287 3 9 1 10 2 57 1 77
21288 2 37
21289 
21290 
21291 
21292 
21293 
21294 
21295 
21296 2 9 2 34 1 57
21297 2 9 2 34 1 57
21298 1 9 1 11 2 34 1 57
21299 1 9 1 11 2 34 1 57
21300 
21301 
21302 
21303 
21304 1 3 5 9 1 10 1 14 1 51 1 56
21305 
21306 
21307 4 9 2 10 1 36 3 57
21308 2 1 8 2 1 3 1 35 1 38 1 64
21309 4 2 1 4 2 44 2 64 2 77
21310 3 1 1 34
21311 1 38 1 74
21312 1 1 12 2 2 6 5 9 1 10 1 96
21313 1 9 5 57
21314 6 57
21315 2 1 1 2 1 3 5 9 1 13 1 14
21316 4 1 1 4 3 9 2 10 1 36
21317 2 8 4 63
21318 4 1 5 10 1 12 2 64
21319 20 9 3 10 1 12 1 81
21320 
21321 16 9 8 10
21322 
21323 5 1 6 9 5 10 1 13
21324 5 1 1 10 5 12 1 18
21325 
21326 
21327 
21328 
21329 8 2 2 8 4 9 4 10 1 70
21330 1 1 13 2 4 9 1 12 1 17
21331 3 1 3 2 2 3 1 4 1 5 1 70
21332 4 1 3 2 2 3 1 4 1 6 1 70
21333 4 1 4 2 2 3 1 4 1 6 1 70
21334 1 1 1 2 4 9 1 10 1 19 1 57 1 77
21335 1 6 9 9 3 10 1 24
21336 1 72
21337 1 1 1 34 1 97
21338 
21339 1 1 5 2 1 34
21340 1 1 7 2 1 34
21341 
21342 
21343 4 9 1 10 1 17 1 77
21344 
21345 
21346 
21347 2 1 1 6 7 9 2 10 1 13 2 57
21348 2 2 7 9 3 10 1 14
21349 
21350 
21351 
21352 
21353 
21354 
21355 2 1 2 2 1 6 1 77
21356 1 1 2 2 1 3 1 6 2 14
21357 3 1 13 2 1 3
21358 3 1 16 2 1 3
21359 3 1 17 2 1 3
21360 3 1 18 2 1 3
21361 3 1 19 2 1 3
21362 3 1 13 2 1 3
21363 3 1 17 2 1 3
21364 3 1 18 2 1 3
21365 3 1 19 2 1 3
21366 1 1 3 2 1 3 1 14 1 18
21367 4 1 4 2 1 24 1 26 1 81
21368 3 1 4 2 1 3 2 24 1 81
21369 3 1 4 2 1 24 1 45 1 81
21370 3 1 3 2 1 3 1 24 1 44 1 81
21371 3 1 3 2 1 6 1 24 1 81
21372 3 1 3 2 1 7 1 24 1 81
21373 4 1 3 2 1 3 1 21 1 25 1 81
21374 4 1 3 2 1 3 1 21 1 25 1 81
21375 3 1 4 2 1 3 1 14 1 24 1 81
21376 3 1 14 2 1 3
21377 1 1 7 2 8 9 4 10 1 22 1 25 1 65
21378 3 1 14 2 1 3
21379 
21380 
21381 1 1 13 2 1 22
21382 2 9 2 10 2 24 2 57
21383 
21384 
21385 
21386 
21387 
21388 2 2 3 9 2 10 1 17 1 19
21389 
21390 
21391 
21392 
21394 4 9 2 10 1 26 1 27 1 42
21395 
21396 2 1
21397 1 9 1 36 4 57
21398 2 1 1 2 1 6 1 22
21399 1 1 1 2 8 9 4 10 1 25 1 26 2 42
21400 1 1 8 2 1 34
21402 3 1 2 2 1 4 1 24
21403 4 9 2 10 6 11
21404 1 2 1 4 5 9 1 13 2 27
21405 
21406 1 1 1 2 1 6 1 42 1 77
21407 2 1 1 2 5 9 1 10 1 19 1 35
21408 
21409 1 6 5 9 1 10 1 24
21410 2 1 2 2 5 9 1 13 1 25
21411 
21412 
21413 
21414 2 9 1 10 3 57 1 64
21415 
21416 3 1 3 2 1 4 1 8
21417 
21418 
21419 4 9 2 12 1 77
21420 4 9 2 10 2 12 2 57
21421 1 72
21422 1 1 5 2 1 37
21423 3 2 1 3 5 9 1 12 1 14 1 35
21424 6 9 3 10 1 36 1 64
21425 7 2 1 3 2 35
21426 
21427 
21428 
21429 
21430 5 1 2 2 1 3 2 26
21431 
21432 1 1 1 77 1 107
21433 14 9 10 10
21434 
21435 
21436 
21437 11 2 1 35 1 63
21438 
21439 
21440 1 1 3 3 4 25
21441 8 2 1 22
21442 
21443 
21444 
21445 
21446 1 1 1 20 1 108
21447 
21448 
21449 
21450 3 2 5 9 1 10 1 24 2 26
21451 
21452 8 1 6 2 2 35
21453 1 16
21454 2 45 2 74
21455 2 76 2 90
21456 
21457 
21459 1 1 1 2 1 22
21460 1 64
21461 
21462 5 10 2 34 3 53 3 64
21463 
21464 4 1 24 2 2 3
21465 
21466 1 6 9 9 2 10 1 53 1 77
21467 2 1 2 2 1 14 1 34
21468 
21469 1 2 1 14 1 18 1 29 1 100
21470 2 1 1 3 1 14 1 45 1 49 1 56
21471 2 1 1 3 1 42
21472 3 1 5 2 1 39
21473 3 1 5 2 1 34 1 39
21474 
21475 3 1 5 2 1 34 1 39 1 64
21476 
21477 1 74 6 75 1 77
21478 1 1 7 2 1 14 1 22
21479 1 6 9 9 2 10 1 53 1 77
21480 1 1 13 2 1 22
21481 
21482 
21483 
21484 
21485 
21486 2 1 5 2 1 14 1 34
21488 
21489 
21490 1 14 1 42 1 105
21491 
21492 1 16
21493 5 1 2 4 1 14 1 16
21494 3 9 1 10 2 11 1 18
21495 9 2 1 5 1 14
21496 2 1 2 38
21497 2 1 3 2 2 3 1 19
21498 2 1 1 2 1 5 1 44 1 81
21499 2 2 1 3 2 5 1 78
21500 1 1 1 2 1 5 10 9 2 10 1 81
21501 2 1 1 2 2 64 1 70
21502 1 1 6 2 1 14 1 22
21503 4 1 2 3 2 8
21504 2 1 4 2 2 22 1 66
21505 4 1 2 2 3 3 1 14 1 19
21506 
21507 1 1 18 2 7 3
21508 2 1 3 2 2 3 1 4 1 8 5 9 1 12
21509 2 1 3 2 2 3 1 4 1 8 5 9 1 10 1 66
21510 2 1 3 2 2 3 1 4 1 6 1 8 5 9 1 10
21511 4 1 9 2 4 3 1 4
21512 3 1 4 2 1 3 1 6
21513 2 1 2 2 2 45
21514 1 6 2 24
21515 
21516 
21517 5 1 5 12 1 53
21518 
21519 3 2 1 25 2 44 2 77
21520 1 1 7 2 4 9 1 39
21521 2 1 2 2 1 3 1 100
21522 
21523 
21524 1 1 2 4 10 9 1 10 1 13 3 27
21525 1 2 1 6 5 9 1 10 1 14
21526 1 1 4 9 1 12 1 36
21527 
21528 
21529 2 1 10 2 1 3 1 42
21530 2 1 10 9 2 10 1 70
21531 2 2 6 3 1 4 8 14 2 26 1 27
21532 1 6 9 9 3 10 1 42 1 77
21533 4 1 16 2 2 3
21534 
21535 
21536 4 1 2 2 3 3 3 9 3 10
21537 3 1 1 4 4 9 1 10 1 12 1 42
21538 
21539 4 1 3 2 1 5 3 8
21540 1 2 5 9 1 13 2 64
21541 
21542 10 2 6 9 6 12
21543 2 1 11 9 6 10 1 13
21544 3 1 1 4 1 19 1 21
21545 1 1 20 2 5 3
21546 2 1 3 9 3 10 2 34 1 77
21547 1 1 3 2 3 27 1 35 1 81 1 103
21548 1 1 5 2 1 22 1 74 2 75
21549 5 75 1 76
21550 4 1 6 2 3 3 1 14
21551 
21552 9 9 4 10 1 17
21553 1 1 1 2 1 14 1 30
21554 5 1 9 2 4 3 1 64
21555 
21556 1 1 3 9 1 12 1 36 1 57
21557 
21558 8 2 1 3 1 64
21559 3 1 2 2 3 3 1 6
21560 1 1 11 9 6 10 1 12
21561 4 2 2 27 1 35 1 84 1 102
21562 
21563 3 1 10 2 7 3 2 4 2 14 1 19
21564 4 9 2 12
21565 
21566 2 1 5 2 1 3 1 4 1 14
21567 1 1 9 2 2 25 1 100
21568 
21569 2 1 2 2 1 4 2 27
21570 3 1 5 2 1 26
21571 3 2 1 8 9 9 3 10
21572 1 2 1 6 10 9 2 13
21573 12 2 2 4 4 27
21574 3 1 1 3 1 25 1 96
21575 
21576 1 1 13 2 1 3 1 6
21577 2 1 11 2 5 9 1 13
21578 12 2 10 9 2 12
21579 1 5 3 9 1 10 1 11 1 17
21580 3 1 1 2 1 4 1 7 1 14 1 77
21581 
21582 4 1 7 2 4 3
21583 2 1 6 2 1 4 2 27
21584 1 1 1 8 2 27
21585 2 1 4 2 1 4 2 27
21586 1 1 4 2 1 7 1 8
21587 1 5 4 9 1 11 1 12
21588 1 8 5 9 1 10 2 69
21589 2 1 1 8 1 64
21590 2 1 1 8 1 64
21591 4 1 1 2 1 4 1 34
21592 2 1 4 2 1 8 1 69
21593 2 1 6 2 2 3 1 4 2 7
21594 1 1 7 2 4 9 1 12 1 13
21595 6 1 4 2 4 3
21596 1 1 7 2 2 3 1 14
21597 1 1 4 9 1 13 1 14 1 17
21598 1 1 4 9 1 11 1 13 1 14
21599 2 1 6 2 4 9 1 12 1 13 1 14
21600 2 1 2 2 4 9 1 12 1 13 1 14
21601 2 1 4 2 4 9 1 12 1 13 1 14
21602 2 1 4 2 1 3 1 14
21603 4 9 1 13 2 42 1 57
21604 4 9 1 13 2 42 1 57
21605 1 1 3 2 1 3 1 7
21606 4 1 1 2 1 3 1 4 1 42
21607 3 6 1 8 1 69
21608 
21609 
21610 1 2 1 8 3 42
21611 1 1 13 2 1 5 4 9 2 10
21612 1 1 15 2 1 5 4 9 2 10
21613 1 1 17 2 1 5 4 9 2 10
21614 3 1 3 2 1 3 1 4 1 8 1 14
21615 4 1 4 2 2 3 4 9 2 10 2 77
21616 2 1 11 2 1 6
21617 2 1 2 2 2 3 1 4 1 6
21618 1 1 6 2 8 9 3 10 1 13
21619 3 1 2 2 2 3 1 64
21620 2 1 1 2 1 3 4 9 2 10 1 42 1 77
21621 3 1 2 2 2 3 1 14
21622 3 1 3 2 1 3 1 22
21623 3 1 13 2 1 3
21624 2 1 5 9 1 13 1 34
21625 2 1 2 2 1 3 1 42
21626 2 1 1 3 5 9 1 13 1 14
21627 4 1 10 2 8 3
21628 2 1 1 3 5 9 1 13 1 21
21629 4 74 2 76
21630 
21631 2 1 1 8 7 9 3 10
21632 
21633 
21634 
21635 
21636 2 66
21637 
21638 4 1 2 2 8 9 4 10 2 35
21639 7 2 1 3 1 8 1 19
21640 4 1 1 4 2 26
21641 5 2 3 25 2 29
21642 
21643 1 2 2 14 1 35 1 94
21644 4 1 1 2 3 3 2 14 1 35
21645 2 9 1 10 1 17 1 42 2 57
21646 4 9 2 10 2 65
21647 2 1 4 2 1 8 5 9 1 10 1 66
21648 4 1 3 2 2 3 1 22
21649 
21650 2 2 4 3 6 21
21651 
21652 9 2 2 3 1 70
21653 
21654 2 1 4 9 1 10 1 19 1 35 1 57
21655 4 1 14 2 4 9 2 13
21656 4 1 12 2 2 3 4 9 2 12
21657 1 1 7 2 1 4 1 5
21658 
21659 1 2 3 3 5 9 1 10 4 14 2 26
21660 2 9 3 57 1 71
21661 
21662 
21663 2 1 2 39
21664 1 2 3 3 3 14 1 77
21665 8 9 2 10 2 11 1 114
21666 1 2 5 3 5 14 1 77
21667 1 2 4 3 4 14 1 77
21669 
21671 2 9 2 10 6 11 2 57
21672 
21673 1 1 11 2 2 6 1 22
21674 1 1 3 2 10 9 1 12 1 13
21675 1 1 4 2 1 74 2 75 1 77
21676 2 1 2 2 1 3 1 8 1 27
21677 2 1 2 2 1 3 1 8 1 27
21678 3 1 3 2 5 3 4 9 2 10
21679 
21680 
21681 5 1 2 2 3 3 1 22
21682 12 1 9 2 3 3 4 4 1 14
21683 2 1 3 2 2 3 2 42
21684 4 1 1 2 1 4 2 26
21685 1 2 4 3 4 14 1 77
21686 
21687 
21688 3 1 1 2 3 3 1 6
21689 
21690 4 1 1 2 1 4 1 7 2 77
21691 2 1 8 2 4 3
21692 3 1 2 2 1 3 1 4 1 118
21693 4 2 4 9 2 12
21694 
21695 5 9 1 13 2 18 1 103
21696 5 9 1 12 2 18 1 104
21697 4 1 2 2 2 8
21698 3 1 3 2 2 3 1 14 1 19
21699 3 1 1 2 2 3 1 14 1 19
21700 3 1 2 2 2 3 1 14 1 19
21701 3 1 4 2 2 3 1 14 1 19
21702 5 1 1 2 2 3 1 4 1 14 1 19
21703 1 2 2 6 4 9 2 10
21704 1 1 1 2 1 6 1 100
21705 2 1 5 2 2 25
21706 1 1 4 2 1 5 2 25
21707 1 1 5 2 1 33 1 77
21708 
21709 
21710 
21711 
21712 1 1 4 2 1 6 1 8
21713 4 1 2 2 2 8
21714 2 1 5 9 1 12 1 19 1 35
21715 1 1 5 9 1 10 1 18 1 35
21716 2 1 5 9 1 10 1 19 1 35
21717 1 1 5 9 1 12 1 18 1 35
21718 3 1 4 9 2 10 1 19 1 35
21719 3 1 4 9 2 10 1 19 1 35
21720 1 1 3 2 5 9 1 12 1 18 1 35
21721 6 2 1 3 1 18 1 34
21722 10 9 1 10 1 12 1 18 1 35
21723 1 1 2 2 5 9 1 12 1 18 1 35
21724 1 1 5 2 3 9 3 12
21725 3 2 1 42 1 102
21726 3 1 4 2 1 4 5 9 1 10
21727 4 1 14 2 2 8
21728 1 1 7 2 1 3 2 14 1 32
21729 1 1 9 2 1 3 2 14 1 32
21730 1 1 13 2 1 3 2 14 1 32
21731 1 1 14 2 1 3 2 14 1 32
21732 1 1 7 2 1 3 2 14 1 103
21733 7 1 1 2 2 3 2 4 1 8
21734 2 1 1 6 1 7
21735 2 1 1 2 1 5 1 8
21736 2 45
21737 3 1 5 2 3 3 2 4 1 7
21738 3 1 1 2 3 3 1 4 1 19
21739 3 1 1 2 1 3 2 6
21740 2 1 3 2 1 3 1 8
21741 1 1 1 2 1 6 1 20
21742 2 1 1 2 1 8 1 64
21743 4 1 3 2 1 4 1 6
21744 2 1 1 4 1 5 1 6 1 14
21745 1 6 5 9 1 10 1 63
21746 2 1 1 8 5 9 1 10
21747 
21748 
21749 3 1 1 2 1 8 1 25 1 77
21750 4 2 1 5 1 6 1 8
21751 2 2 1 6 10 9 2 10 1 77
21752 2 1 1 2 1 6 4 9 2 10 1 77
21753 1 1 1 8 1 44 1 69
21754 1 1 1 8 1 44 1 69
21755 1 1 5 9 1 10 2 66
21756 
21757 4 2 12 3 4 4
21758 
21760 2 1 14 2 2 29
21761 2 1 16 2 2 29
21762 2 1 18 2 2 29
21763 2 1 22 2 2 29
21764 2 1 24 2 2 29
21765 2 1 20 2 2 29
21766 2 1 20 2 2 29
21767 2 1 28 2 2 29
21768 2 1 4 2 2 35
21769 2 1 16 2 2 29
21770 2 29
21771 1 6 8 9 4 10 1 17 3 57
21772 2 1 10 2 2 29
21773 12 9 4 10 1 11 3 57
21774 10 9 2 10 1 11 3 57
21775 
21776 
21777 
21778 9 2 1 3 1 42
21779 1 2 3 3 1 45 5 46
21780 4 1 1 3 1 30
21781 
21782 4 1 2 2 1 3 1 4 4 9 1 10 1 17
21783 
21784 4 1 3 2 2 8
21785 4 1 8 9 2 10 2 13
21786 4 9 2 10 6 11
21788 2 30 2 42 2 103
21789 
21790 2 1 2 3 1 49
21791 2 1 1 2 1 65 1 99 1 103
21792 
21793 2 1 2 2 1 65 1 99 1 103
21794 1 1 15 2 2 3 3 14 1 70 2 77
21795 
21796 
21797 1 1 20 2 1 8
21798 7 1 4 2 1 3 2 4 1 22
21799 2 1 1 6
21800 8 1 2 2 3 4 1 6 1 32
21801 
21802 7 9 3 10 1 25 1 42
21803 7 1 5 2 3 4 1 14
21804 8 9 2 10 2 11
21805 1 1 1 5 2 25
21806 
21807 3 9 1 10 1 42 2 71
21808 
21809 7 2 1 70
21810 
21811 
21812 3 1 8 2 7 3
21813 
21814 
21815 5 1 1 3 2 4 2 27
21816 2 1 3 2 2 3 1 27
21817 
21818 3 1 2 3 1 21
21819 7 9 3 10 1 18
21820 3 2 1 25 2 44
21821 
21822 
21823 2 1 8 2 2 3
21824 
21825 
21826 3 1 1 3 1 65 1 99 1 103
21830 7 16 1 113
21832 4 2 2 29 1 34
21833 1 6 2 27
21834 1 1 1 6 1 25 1 64
21835 1 1 4 2 1 3 1 8 1 14
21836 1 1 10 2 1 14 1 101
21837 2 1 2 2 1 24 1 26
21838 2 64 2 76
21839 1 2 1 24 1 74 1 75
21840 2 1 3 2 2 3 2 64
21841 
21842 5 2 1 5 1 35 1 66
21843 
21844 
21845 1 2 4 3 5 14 1 20
21846 4 1 2 2 2 4 4 27
21847 10 1 2 2 4 4 4 9 2 10
21848 
21850 4 1 7 2 2 3 2 4 2 70
21851 1 1 1 2 1 6 1 24
21852 1 1 2 2 4 9 2 10 1 64
21853 4 1 1 3 1 4 3 9 2 10 1 12
21854 
21855 3 10 3 57 3 64
21856 5 1 13 2 7 3 2 4
21857 3 1 7 2 2 3 1 14
21858 2 1 2 2 1 3 1 20
21859 5 1 1 8 2 9 4 10
21860 2 1 4 2 1 3 1 7 5 9 1 12
21861 
21862 2 2 10 3
21863 1 2 3 3 4 14 1 26 1 76
21864 4 1 1 4 1 22
21865 
21866 3 1 2 2 2 3 1 14
21867 3 1 6 2 2 3 1 14
21868 3 1 3 2 1 4 1 14
21869 2 1 6 2 1 3 1 14
21870 2 1 7 2 1 3 1 14
21871 2 1 3 2 1 3 1 14
21872 1 1 1 44 1 45
21873 2 1 8 2 2 96
21874 
21875 1 1 1 8 10 9 1 10 1 12
21876 
21877 
21878 
21879 6 1 4 2 2 4 1 9 4 10 1 13
21880 6 2 2 3 4 9 2 10
21881 5 2 3 9 2 12 1 13
21882 1 1 4 2 3 27 1 35 1 81 1 103
21883 3 1 2 2 1 4 3 27 1 35 1 81 1 103
21884 2 1 2 3 2 14 2 19
21885 
21886 1 1 5 2 1 14 1 22
21887 2 1 3 2 1 3 2 4 1 7 5 9 1 10
21888 
21889 
21890 2 69 1 70 2 74
21891 
21892 2 1 10 2 1 6
21893 12 9 2 10 3 11 1 13
21894 5 1 1 2 3 4 3 14
21895 
21896 12 9 7 10 1 12
21897 1 1 4 2 1 3 2 64
21898 1 1 1 2 1 4 1 5 2 27
21899 
21900 
21901 1 1 5 2 3 27 1 35 1 81 1 103
21902 
21903 3 1 4 2 1 3 1 22
21904 
21905 1 6 10 9 7 10 1 12
21906 
21907 
21908 
21909 
21910 
21911 2 1 12 2 2 96
21912 
21913 
21914 
21915 
21916 3 1 2 2 1 4 4 9 1 10 1 17
21917 
21918 
21919 3 1 12 2 1 26
21920 4 2 2 3
21921 2 1 14 2 1 6
21922 3 1 10 2 1 3 1 22
21923 3 1 8 2 1 3 1 22
21924 
21925 
21926 
21927 
21928 2 1 2 2 5 9 1 10 1 25 1 26
21929 6 2 2 4 4 27
21930 
21931 2 1 4 9 1 12 1 13 1 14
21932 5 2 2 9 3 11 1 13
21933 
21934 1 6 9 9 2 10 1 11
21935 1 1 2 9 2 11 1 12 1 17
21936 4 1 1 4 4 9 1 10 1 13 1 14
21937 
21938 
21939 
21940 
21941 
21942 
21943 6 2 10 9 2 12
21944 
21945 2 1 2 2 4 9 2 13
21946 4 1 8 2 6 3
21947 
21948 
21949 4 2 2 3 2 26
21950 3 1 5 2 3 3 2 4
21951 3 1 1 4 5 9 1 10 2 66
21952 1 1 8 2 1 74 4 75 1 77
21953 1 1 3 9 2 11 1 13 1 14
21954 2 65 3 66
21955 4 1 5 2 1 3 1 4 1 6 1 8
21956 1 1 12 2 1 33
21957 2 1 6 2 2 96
21958 1 2 2 3 1 6 2 46 1 114
21959 3 1 1 2 1 3 1 6 1 25
21960 2 2 1 4 4 14 2 76
21961 3 2 1 4 4 14 1 45
21962 3 2 1 4 4 14 1 76
21963 3 2 1 4 4 14 1 30
21964 2 2 1 4 4 14 2 30
21965 2 1 4 2 3 3 1 14
21966 
21967 
21968 10 1 6 2 7 3 1 33
21969 1 8 15 9 2 10 1 12
21970 4 1 2 2 1 4 4 9 2 10
21971 
21972 2 2 1 3 1 14 2 65
21973 2 1 2 2 1 3 1 14 1 19
21974 3 1 7 2 1 3 1 22
21975 2 1 12 2 4 9 2 12
21976 2 1 8 2 4 9 2 12
21977 2 74 5 75 2 76
21978 4 1 8 2 2 3 4 9 2 10 2 25
21979 1 1 3 2 4 9 2 10 1 64
21980 
21981 2 1 10 2 2 77
21982 1 1 5 2 1 5 4 9 2 10
21983 1 1 8 2 1 3 1 4
21984 1 1 3 2 1 5 4 9 2 10
21985 2 1 7 2 2 25
21986 2 1 1 2 1 3 1 6 1 14
21987 
21988 4 1 2 3 4 9 2 12
21989 1 1 1 7 9 9 3 10
21990 3 1 1 2 4 9 1 12 1 13
21991 2 1 2 2 2 6 1 70
21992 
21993 1 1 3 2 5 9 1 12 1 32
21994 3 1 1 2 1 3 4 9 2 10 1 32
21995 6 2 2 23
21996 
21997 2 1
21998 2 1 3 2 1 3 1 100
21999 6 1 7 2 4 3 2 4 1 8 1 19 1 65 2 84
22000 4 3 3 14 1 24 1 27
22001 
22002 1 1 14 2 2 6 1 42
22003 
22004 
22006 
22007 
22008 2 1 2 2 2 3 2 42
22009 
22010 1 1 6 9 3 10 1 13 1 24 1 42
22011 2 2 6 3 8 14 1 19 2 26
22012 
22013 
22014 2 1 2 2 2 3 2 42
22015 4 2 1 19
22016 
22017 2 1 18 2 4 3
22018 
22019 3 1 3 2 1 3 2 4 1 77
22020 2 2 4 3 6 21
22021 1 1 3 2 3 3 1 6
22022 
22023 2 9 2 10 1 17 2 24 1 53
22024 
22025 
22026 2 2 1 7 1 27
22027 2 1 2 2 3 3 2 5 1 14
22028 
22029 3 1 1 2 2 3 1 6 1 8
22030 
22031 10 9 7 10 1 12
22032 
22033 3 1 3 2 3 3 1 4
22034 1 1 4 2 1 3 1 4
22035 2 1 1 5 1 8 1 35 1 69
22036 1 8 10 9 2 10 1 42
22037 5 1 11 2 7 3 2 4 1 8 1 23
22038 2 1 1 2 1 8 10 9 1 10 1 13
22039 7 2 1 3 1 8
22040 4 1 4 2 1 3 1 26
22041 4 1 8 2 1 3 1 26
22042 2 1 1 8 4 9 1 10 1 13
22043 
22044 2 1 9 2 2 3 1 70
22045 1 74 1 76 1 90
22046 2 1 13 2 4 9 2 10 1 19
22047 3 1 1 4 1 6 5 9 1 10
22048 
22049 
22050 1 1 3 2 1 6 8 9 4 10 1 24 1 25
22051 2 1 6 2 1 3 1 21
22052 2 1 2 2 8 9 4 10
22053 14 9 14 10
22054 6 1 4 2 8 3
22055 2 1 22 2 4 3
22056 
22057 
22058 
22059 3 1 6 2 5 3
22060 2 1 4 2 1 3 1 14
22061 
22062 5 1 3 2 3 3 2 4 1 6
22063 4 1 3 2 3 3 1 4 1 6 1 8
22064 
22065 2 1 1 2 1 3 4 9 2 10 1 42 1 77
22066 1 1 1 2 1 3 2 14
22067 
22068 
22069 1 1 2 2 2 3 1 6 1 8
22070 
22071 1 1 1 2 1 19 1 75 1 77
22072 1 1 1 2 1 8 1 14 1 75 1 77
22073 15 9 6 10 1 13
22074 2 2 1 3 1 5 1 6 5 9 1 13
22075 1 1 1 2 2 3 1 5 1 6 5 9 1 13
22076 1 1 2 2 1 3 1 5 1 8 5 9 1 13
22077 2 1 2 2 1 3 1 5 5 9 1 13 1 70
22078 2 1 4 2 2 3 1 4
22079 4 1 8 2 1 3 1 8 1 22
22080 4 1 1 2 2 3 1 6 4 9 2 10
22081 13 9 4 10 1 11
22082 2 1 12 2 2 8 10 9 2 10
22083 2 1 3 2 3 3 1 7 1 8 10 9 2 10
22084 10 2 4 3 1 6
22085 4 1 1 2 1 4 1 19 1 22
22086 10 2 2 3 1 5 1 35 1 66
22087 1 1 2 2 5 9 1 10 1 35 1 94
22088 
22089 2 1 2 2 2 6 2 77
22090 
22091 2 1 16 2 2 96
22092 2 1 18 2 2 96
22093 2 1 20 2 2 96
22094 1 1 6 2 13 9 5 10
22095 1 1 5 9 1 10 1 35 1 94
22096 1 1 1 20
22097 3 1 3 2 1 4 1 14
22098 1 5 4 9 1 11 1 12
22099 6 1 14 2 3 3 1 35
22100 1 1 1 20
22101 
22102 2 1 12 2 2 96
22103 2 1 18 2 2 96
22104 
22105 2 1 1 3 5 9 1 13 1 14
22106 2 1 1 8 1 24
22107 2 1 2 2 1 4 2 9 4 12
22108 5 1 5 2 3 3 1 4 2 9 4 10
22109 5 2 2 3 4 9 2 10
22110 5 2 2 3 4 9 2 10
22111 
22112 4 1 6 2 2 26
22113 3 2 1 5 1 14 1 25
22114 3 1 4 2 1 4 1 9 5 12
22115 4 1 4 2 1 4 6 12
22116 
22117 
22118 
22119 1 1 3 2 1 4 1 14 1 27
22120 
22121 2 1 5 2 1 3 1 14
22122 1 74 1 78
22123 3 2 2 9 2 11 2 12
22124 
22125 3 1 1 5 3 25 1 81
22126 
22127 
22128 1 3 2 19 1 24 1 77
22129 3 1 1 2 1 3 4 9 2 10 1 77
22130 4 1 2 2 1 3 2 7 1 8
22131 
22132 
22133 10 9 1 12 1 13 1 14
22134 1 18 1 102
22135 
22136 
22137 1 5 4 9 1 11 1 12
22138 4 1 10 2 8 3 3 4 1 14 1 26 1 27
22139 8 1 4 2 4 4 4 27
22140 6 1 4 2 4 3 1 4
22141 
22142 1 1 4 2 3 3 4 9 2 10
22143 
22144 1 1 1 3 2 18
22145 
22146 10 2 2 109
22147 2 1 4 2 2 3 1 4
22148 
22149 
22150 
22151 2 1 8 2 2 96
22152 4 1 19 2 1 35
22153 
22154 3 1 2 2 2 3 1 21
22155 8 1 8 2 2 3 2 4 2 25
22156 17 2 4 3
22157 2 1 13 2 1 3 1 14
22158 
22159 
22160 2 1 2 2 2 4
22161 6 1 5 2 1 3 2 4 1 7 1 8
22162 10 2 2 26 2 77
22163 3 1 4 2 1 3 1 4 1 42 1 64
22164 
22165 1 5 4 9 1 10 1 53
22166 2 1 3 2 1 3 1 6 1 14
22167 2 1 6 2 3 3 2 4 1 8 1 18 1 19 1 112
22168 
22169 
22170 8 1 8 2 2 3 2 4 2 22
22171 2 1 2 3 2 14 2 77
22172 1 1 10 2 3 3
22173 
22174 
22176 1 2 3 9 1 13 1 14 2 17 1 31
22177 
22178 
22179 3 1 2 2 2 3 1 4 1 8
22180 3 1 8 2 9 3 2 4 4 14 1 19
22181 
22182 6 2 3 14 2 35
22183 
22184 
22185 
22186 
22187 
22188 1 1 6 2 3 3 2 4 3 9 3 10 2 14 1 65
22189 3 9 1 11 1 16 2 17
22190 4 1 4 2 3 3 2 4 1 8
22191 5 1 7 2 2 3 1 4 1 14
22192 
22193 
22194 
22195 6 45
22196 
22197 4 1 3 2 2 3 1 6 2 8
22198 
22199 2 1 5 2 1 3 1 14
22200 
22201 2 1 2 3 2 14 2 77
22202 1 6 8 9 2 10 2 57
22203 
22204 1 1 2 2 1 4 5 9 1 10 2 14
22205 5 1 1 4 1 33
22206 3 1 3 2 2 3 1 4 3 7
22207 3 1 1 4 2 6 1 8
22208 
22209 2 1 1 8 1 69
22210 1 1 11 2 5 3 1 4 3 9 2 10 1 17 1 22
22211 2 1 9 2 6 3 2 4 1 14 1 18
22212 2 1 12 2 5 3 2 4 1 8 1 19 1 22
22213 1 1 14 2 7 9 3 10 1 25
22214 1 1 14 2 7 9 3 10 1 25
22215 6 1 5 2 2 4 1 25
22216 2 1 1 2 1 8 1 64
22217 1 1 5 2 3 27 1 35 1 81 1 103
22218 1 1 1 6 4 9 2 10 1 24
22219 3 1 3 2 2 3 1 8
22220 6 1 5 2 3 3 1 35
22221 2 2 2 6 10 9 2 10
22222 2 6 10 9 2 10 1 114
22223 1 1 1 2 2 6 1 14
22224 2 1 1 2 1 8 1 14 1 77
22225 1 1 2 2 1 6 5 9 1 10 1 77
22226 
22227 1 1 12 2 1 3 1 6 2 14 1 19
22229 1 1 1 6 1 42
22230 1 6 5 9 1 12 1 20
22231 4 1 3 2 2 3 2 9 4 10
22232 
22233 4 9 1 12 1 13 1 64
22234 
22235 4 1 4 2 4 9 2 13
22236 3 2 1 3 2 6 1 35
22237 1 1 3 2 1 3 2 42
22238 2 4 16 9 6 10 2 14
22239 2 4 12 9 6 10 4 11 2 14
22240 3 1 7 2 2 3 1 14
22241 2 2 4 3 2 6
22242 2 1 2 3 2 14
22243 5 1 1 4 7 9 3 10 1 13 1 17
22244 4 1 6 2 3 3 2 4 2 8 1 42
22245 3 1 2 2 1 3 2 4 1 114
22246 1 5 1 6 2 9 1 10 3 11
22247 2 1 6 2 1 3 1 21
22248 
22249 
22250 2 1 1 2 1 3 1 30 1 42
22251 7 1 5 2 1 3 2 4 1 22
22252 6 9
22253 1 2 4 3 4 14 1 24 1 26
22254 3 2 8 9 4 10 2 25 2 42
22255 
22256 5 1 1 4 3 9 3 10 1 70
22257 3 1 1 2 1 4 4 9 2 10 1 64
22258 
22259 1 5 4 9 1 10 1 53
22260 3 1 4 2 2 3 1 21
22261 2 2 4 9 1 10 1 13 1 64
22262 4 1 3 2 1 4 1 8 1 14
22263 3 1 3 2 4 3 1 14
22264 
22265 2 1 1 2 1 3 1 18 1 33 1 94
22266 
22267 
22269 1 1 1 2 1 4 10 9 2 10 1 14
22270 
22271 
22272 1 1 1 2 2 3 3 14
22273 4 1 9 2 3 3 1 18
22274 
22275 
22276 
22277 1 1 15 2 1 3
22278 
22279 3 1 2 2 1 26 1 101
22280 
22281 1 1 1 8 4 9 1 12 1 13 1 24
22282 1 1 2 2 4 9 2 10 1 24 1 70
22283 1 1 2 9 1 10 1 12 1 36 1 57 1 64
22284 2 74 2 75 2 76
22285 
22286 2 1 9 2 3 3 1 4 1 14
22287 
22288 7 2 1 25 2 44
22289 2 1 2 2 2 3 2 64
22290 3 1 11 2 1 8
22291 1 1 2 2 1 8 10 9 2 10
22292 2 1 3 2 1 14 1 18 1 70
22293 1 1 1 14 1 18 1 69 1 70
22294 2 1 2 2 1 14 1 18 1 70
22295 3 1 1 2 1 3 1 14 1 18 1 70
22296 3 1 1 2 1 3 1 14 1 18 1 70
22297 
22298 
22299 3 1 15 2 1 4 1 94
22301 4 2 1 3 2 4 2 9 4 10 2 14 1 19 1 26 1 34
22302 
22303 
22304 2 1 3 2 2 3 1 4 1 8 1 14
22305 2 1 1 2 1 3 1 41
22306 
22307 
22308 5 2 1 4 1 5 1 14 1 66
22309 
22310 2 1 4 2 1 4 1 7
22311 2 1 4 2 1 4 4 9 2 10
22312 4 1 4 2 2 3 1 22
22313 2 1 5 2 2 9 4 10
22314 2 1 2 2 1 27 1 70
22315 5 2 2 9 3 11 1 13
22316 
22317 
22318 
22319 
22320 6 1 2 4 8 9 4 10
22321 
22322 1 1 1 8 1 42 1 69
22323 
22324 
22325 5 1 11 2 7 3 2 4 1 6
22326 
22327 
22328 1 1 7 9 2 10 1 13 1 14
22329 1 1 6 2 1 14 1 22
22330 2 9 2 10 8 11
22331 
22332 
22333 1 1 1 6 9 9 3 10
22334 
22335 
22336 
22337 3 1 3 2 3 3 1 4
22338 4 1 4 2 2 4 1 114
22339 
22340 1 1 25 2 1 63
22341 3 1 2 2 1 35 1 96
22342 2 6 10 9 2 10
22343 
22344 2 1 14 2 2 96
22345 2 1 10 2 2 96
22346 2 1 14 2 2 96
22347 12 2 2 4 10 9 2 10
22348 1 2 2 3 1 14 1 32 1 42
22349 1 1 7 2 4 3 2 4 1 8 5 9 1 10 1 19 1 65 1 77
22350 2 1 10 9 2 10 1 70
22351 2 2 1 3 1 7 5 9 1 10
22352 3 2 9 9 2 10 1 13
22353 1 1 12 2 3 3
22354 
22355 
22356 3 1 5 2 1 3 1 4 1 6 1 70
22357 2 1 1 3 1 14 1 45
22358 2 1 2 2 3 9 1 11 1 13 1 17
22359 2 1 3 2 3 9 1 11 1 13 1 17
22360 2 1 6 2 1 3 1 14
22361 4 1 4 2 5 3 1 8
22362 
22363 
22364 
22365 
22366 
22367 
22368 
22369 3 1 1 2 3 3 2 64
22370 10 2 2 4 4 27
22371 3 1 5 2 2 3 1 18
22372 2 1 11 2 2 3
22373 2 1 1 2 1 8 1 22 1 69
22374 3 1 3 2 2 3 1 14
22376 4 1 1 2 1 4 1 7 1 22
22377 1 64 1 74 1 75 1 76
22378 1 64 1 74 2 76
22379 2 1 5 2 2 3 1 4 1 6
22380 3 1 15 2 1 4 1 42
22381 4 1 1 2 1 3 1 4 1 14
22382 
22383 1 1 1 2 1 45 1 48
22384 3 2 2 3 1 19
22385 
22388 2 1 2 3 2 21
22389 2 1 1 111
22390 2 1 15 2 1 19
22391 2 1 6 2 1 3 1 14
22392 
22393 7 2 1 3 1 21
22394 4 1 5 2 1 3 1 4 1 8 1 70
22395 4 1 5 2 3 3 1 4 1 8
22396 7 1 3 2 2 3 2 4 1 14
22397 7 1 2 4 2 9 3 10 1 17 1 25
22398 3 2 4 9 2 13
22399 2 1 2 2 1 4 2 14
22400 7 1 5 3
22401 
22402 3 1 12 2 1 3 1 25
22403 2 1 7 2 4 3
22404 
22405 
22406 
22407 
22408 8 9 4 10 1 11 1 17
22409 
22410 1 2 8 9 4 10 2 25 2 64
22411 9 1 5 2 2 3 2 4 1 8
22412 
22413 1 1 6 2 1 3 1 4 2 14
22414 4 1 2 2 2 4 4 9 2 10
22415 2 1 5 2 3 9 2 10 1 17
22416 1 2 1 103
22417 2 1 20 2 6 3
22418 
22419 3 1 5 2 1 3
22420 1 1 5 2 1 3 1 4 6 9 4 10
22421 1 2 4 3 4 14 1 77
22422 1 81
22423 2 1 16 2 1 6 1 22
22424 4 1 4 2 6 3 1 4
22425 7 2 4 3
22426 
22427 
22428 8 1 1 3 4 9 8 10 1 14 1 70
22429 7 1 1 2 4 9 8 10 1 14 1 70
22430 4 63 1 81
22431 1 2 1 7 1 75
22432 
22433 
22434 2 1 15 2 1 6 1 22
22435 
22436 1 1 4 9 1 10 1 12 1 18
22437 
22438 1 1 8 2 1 5 4 9 2 10
22439 1 1 9 2 1 5 4 9 2 10
22440 
22441 
22442 
22443 
22444 
22445 1 1 1 2 1 6 9 9 3 10
22446 6 2 2 3 1 6
22447 2 2 2 3 2 14 1 24 1 26
22448 
22449 3 1 5 2 1 3 2 4 1 7
22450 5 2 1 3 1 6 5 9 1 10
22451 
22452 2 1 16 2 4 3
22453 1 1 1 5 5 9 1 13
22454 3 1 1 2 1 4 1 7 2 77
22455 3 1 2 2 1 3 1 4 2 64
22456 1 1 6 2 1 3 1 4 1 6
22457 
22458 4 2 4 3 1 6
22459 2 1 5 2 1 3 1 14
22460 
22461 
22462 
22463 
22464 
22465 
22466 6 67
22467 2 1 7 2 1 4 1 9 4 10 1 13
22468 7 2 1 4 6 9 4 10
22469 4 1 3 2 3 3 2 4 1 8
22470 6 2 4 3 1 70
22471 
22472 
22473 1 1 3 2 1 3 1 4 2 14 1 27
22474 1 14
22475 
22476 1 64
22477 
22478 2 1 7 2 6 6 1 22
22479 
22481 
22482 
22483 
22484 
22485 4 2 12 3 2 6
22486 
22487 1 6 8 9 2 10 2 12
22488 
22489 
22490 8 9 5 10 2 34
22491 4 1 3 2 1 35
22492 
22493 
22494 
22495 
22496 
22497 
22498 
22499 1 8 1 14 1 19 1 114
22500 1 8 1 19 1 42 1 77
22501 1 1 1 2 9 9 2 10 1 13 1 14
22502 2 1 1 4 9 9 3 10 1 14
22503 
22504 4 2 8 9 8 10
22505 1 1 2 2 1 8 8 9 8 10
22506 10 2 1 70
22507 1 2 1 26 1 35
22508 3 2 1 6 4 9 2 10
22509 8 2 2 3 1 70
22510 5 2 1 4 3 9 1 11 2 12
22511 1 1 5 2 1 4 3 9 3 12
22512 4 1 10 2 2 3 2 19 2 103
22513 1 1 7 2 1 5 8 9 4 10
22514 1 1 7 2 1 5 8 9 4 10
22515 
22516 
22517 
22518 
22519 
22520 4 1 4 2 2 34 2 64
22521 
22522 
22523 6 16
22524 
22525 
22526 4 1 10 9 2 10 3 84
22527 
22528 
22529 
22530 
22531 4 2 2 3 1 26 1 104
22532 1 1 1 2 1 8 5 9 1 10 1 21
22533 
22534 
22535 
22536 4 2 1 32
22537 1 1 1 6 7 9 3 10
22538 
22539 2 1 1 4 5 9 1 13 1 14 1 42
22540 1 1 1 95 1 98
22541 1 1 14 2 1 6 1 94
22542 1 1 14 2 1 6 1 94
22543 
22544 8 3 1 6
22545 
22547 
22548 
22549 
22550 2 1 1 19 1 33 1 95
22551 1 6 9 9 2 10 1 11 1 77
22552 1 6 9 9 2 10 1 11 1 77
22553 
22554 1 2 8 9 4 10 2 25 2 42
22555 18 9 5 10 1 12
22556 6 1 1 4 2 104
22557 
22558 
22559 3 1 1 2 1 3 1 6 1 77
22560 16 3
22561 
22562 3 1 3 2 2 3 2 4 1 14
22563 4 1 9 2 3 25 1 84
22564 4 1 5 2 2 8 1 70
22565 1 2 4 9 2 10 1 25 1 35 3 110
22566 1 1 4 2 3 3 4 25
22567 1 1 8 2 3 3 4 25
22568 3 1 8 2 6 3 2 4 1 14 1 19
22569 1 1 6 2 8 9 3 10 1 25 1 57 1 77
22570 
22571 
22572 
22573 4 3 3 6
22574 
22575 4 1 5 2 1 4 2 103
22576 4 1 4 2 1 4 2 103
22577 4 8 8 9
22578 
22579 
22580 
22581 
22582 
22583 
22584 7 9 2 10 3 11
22585 8 9 4 10 2 65 2 77
22586 11 2 1 8 1 24
22587 3 1 5 2 1 3 1 7 2 8
22588 
22589 
22590 
22591 
22592 
22593 
22594 
22595 
22596 
22597 4 1 11 2 1 35
22598 1 2 1 29 1 43 1 100
22599 1 1 1 2 1 3 1 14 1 29 1 42 1 100
22600 
22601 
22602 
22603 
22604 
22605 
22606 
22607 1 1 6 2 1 74 2 75 1 77
22608 1 1 9 2 1 74 2 75 1 77
22609 
22610 
22611 3 1 6 9 3 10 1 13 2 17
22612 
22613 6 1 5 2 4 3 1 77
22614 6 2 2 3 4 9 2 10
22615 3 2 10 9 8 10
22616 1 1 4 2 1 4 1 6 5 9 1 10
22617 5 2 4 3 1 6
22618 6 2 6 3
22619 1 1 4 2 5 9 1 12 1 70
22620 
22621 1 1 3 2 1 4 9 9 3 10
22622 4 16
22623 
22624 
22626 2 1 1 2 1 34 1 38
22627 2 1 3 2 1 34 1 38
22628 1 1 6 2 1 3 1 4 6 9 4 10
22629 1 1 8 2 1 3 1 4 6 9 4 10
22630 
22631 4 9 1 12 1 17 1 18 1 33 1 95
22632 
22633 
22634 4 1 1 2 1 3 1 4 1 8 1 70
22635 
22636 11 9 8 10 1 11
22637 11 9 8 10 1 11
22638 3 1 3 2 2 3 1 4 1 8
22639 4 1 2 46 1 66
22640 12 9 4 10 1 17 3 57
22641 4 2 1 4 3 14 1 74 1 75 1 77
22642 2 1 3 2 1 3 1 8 1 19
22643 1 1 11 2 1 3 1 70
22644 2 1 3 2 1 14 1 34
22645 
22646 
22647 5 1 3 3 1 4 2 64
22648 2 1 11 2 3 25
22649 3 1 4 2 5 3 1 4 1 7
22650 4 1 4 2 1 3 2 4 1 7 1 8
22651 3 1 5 2 2 3 1 4 1 7 1 8
22652 4 1 4 2 3 3 1 8 1 70
22653 3 1 4 2 2 3 1 4 1 8
22654 2 1 15 2 2 6 1 22
22655 3 1 2 2 1 3 2 4 1 6
22656 8 2 4 3
22657 3 1 4 2 1 4 4 9 1 10 1 17
22658 
22659 2 1 4 2 1 3 1 42
22660 2 1 3 2 1 3 1 5
22661 2 1 5 2 1 25 1 101
22662 1 1 1 2 1 6 1 20
22663 3 1 4 2 1 4 1 14
22664 1 1 2 2 1 4 1 14 1 22
22665 
22666 
22667 
22668 1 18 1 42 1 108
22669 
22670 
22671 
22672 
22673 
22674 3 2 1 4 2 24
22675 
22676 2 9 1 10 3 57 1 63
22677 
22678 24 3
22679 
22680 
22681 
22682 5 9 1 10 1 34 1 94
22683 2 1 1 2 1 3 1 14
22684 7 9 3 10 1 42 1 66
22685 8 9 2 10 2 57
22686 
22687 
22688 6 9 3 10 1 57 1 64
22689 
22690 1 1 3 2 1 41 1 77
22691 1 1 1 4 10 9 2 10 1 42
22692 2 1 3 2 1 4 2 26
22693 
22694 
22695 1 1 8 9 3 10 1 57 1 77
22696 4 1 1 4 3 9 2 10 1 17
22697 1 77 1 98
22698 
22699 6 1 2 4 3 9 2 10 1 17
22700 1 1 3 9 1 10 1 34 2 57
22701 
22702 
22703 2 3 2 14 1 16 2 42
22704 
22705 1 1 1 42 1 108
22706 
22707 
22708 
22709 2 9 1 12 1 14 3 57
22710 
22711 
22712 2 4 10 9 2 10 4 27
22713 1 1 1 2 1 4 5 9 1 10 2 24
22714 
22715 3 11 2 34 1 63
22716 3 1 4 2 1 3 1 14 1 24 1 81
22717 
22718 
22719 
22720 4 1 1 3 1 4 1 24
22721 
22722 
22723 
22724 1 4 2 18 1 67
22725 1 1 1 94 2 96
22726 3 9 2 10 2 42 1 53
22727 
22728 
22729 2 1 2 2 1 6 1 77
22730 
22731 2 1 1 2 1 6 1 22
22732 2 1 2 4 10 9 2 10 1 14 1 42
22733 3 1 1 3 2 4 10 9 2 10 1 14 1 42
22734 2 1 5 2 2 4 1 14 1 42
22735 
22736 1 1 1 11 1 12 1 17 3 57
22737 1 1 1 4 5 9 1 10 2 21
22738 
22739 1 15
22740 2 1 11 2 4 6 1 22
22741 
22742 1 1 1 3 1 4 10 9 2 10 1 14 1 42
22743 3 1 1 4 5 9 1 13 1 42
22744 
22745 4 16
22746 1 1 1 2 1 8 1 14 1 18
22747 2 2 1 19 1 27
22748 
22749 
22750 5 2 3 9 1 10 1 33 2 57
22751 3 1 5 2 1 4 4 9 1 10 1 17
22752 1 59
22753 1 64
22754 
22755 
22756 
22757 5 1 1 2 1 3 1 70
22758 
22759 3 9 1 10 1 12 1 32 1 57
22760 1 25 2 75
22761 2 1 1 4 2 21
22762 1 1 2 2 2 9 1 10 1 32 3 57
22763 1 1 1 2 2 9 1 10 1 32 3 57
22764 
22765 6 9 3 10 1 11 1 64
22766 3 2 1 4 4 9 1 10 1 19 1 31 1 53
22767 3 2 1 4 4 9 1 10 1 19 1 31 1 53
22768 
22769 1 1 15 2 1 22
22770 4 1 1 2 1 4 3 9 2 10 1 17
22771 2 1 1 3 1 4 5 9 1 10 1 14 1 42
22772 2 1 14 2 1 6 1 22
22773 1 1 3 2 1 4 1 14 1 27
22774 2 2 8 9 4 10 2 25 2 64
22775 3 1 4 2 1 3 1 22
22776 3 1 1 4 1 19 1 55
22777 
22778 1 46 4 49 1 51
22779 1 3 1 4 1 14 1 55 3 64
22780 2 1 2 4 10 9 1 10 1 12 1 14 1 42
22781 1 1 2 4 15 9 1 10 2 12 1 14 1 42
22782 1 1 1 3 1 4 10 9 1 10 1 12 1 14 1 42
22783 1 1 1 3 1 4 10 9 1 10 1 12 1 14 1 42
22784 1 4 15 9 2 10 1 13 1 77
22785 1 1 1 3 1 4 10 9 2 10 1 77
22786 3 1 1 3 2 4 10 9 2 10 1 77
22787 2 1 1 3 1 4 5 9 1 10 1 77
22788 2 1 2 4 10 9 2 10 1 77
22789 3 1 2 4 5 9 1 10 1 77
22790 2 1 2 4 10 9 1 10 1 12 1 77
22791 1 1 2 4 15 9 1 10 2 12 1 77
22792 2 1 1 4 5 9 1 13 1 77
22793 1 1 15 9 1 10 2 12 1 70
22794 
22795 
22796 
22797 
22798 1 1 1 2 1 22 1 107
22799 2 1 13 2 2 6 1 22
22800 3 1 3 2 1 3 1 4 2 14
22801 2 1 3 2 1 3 1 4 5 9 1 10 2 14
22802 
22803 
22804 1 6 6 9 2 10 4 57
22805 3 1 3 2 1 34
22806 
22807 
22808 
22809 
22810 
22811 
22812 
22813 2 1 8 2 1 3 1 35 1 38
22814 
22815 3 2 2 3 1 6 1 14 1 18
22816 
22817 2 1 3 2 1 38
22818 
22819 2 1 2 2 1 3 1 14
22820 2 1 2 2 1 3 1 14
22821 
22822 
22823 4 1 15 2 1 35 1 64
22825 
22827 
22828 
22829 
22830 4 2 2 3 1 6
22831 3 2 2 3 1 6
22832 3 1 2 2 1 3 1 4 2 64
22833 
22834 1 2 1 35 1 99
22835 2 1 3 2 1 3 1 5 1 77
22836 2 1 3 2 2 3 1 8 1 20
22837 5 2 4 9 2 10 1 70
22838 6 1 2 2 2 70
22839 2 1 1 2 2 3 1 21 1 63
22840 4 1 1 3 1 4 1 21
22841 5 2 1 3 1 5 1 6
22842 4 1 5 2 1 4 1 70
22843 9 2 2 3 2 6
22844 3 1 1 2 1 4 1 5 2 8
22845 4 1 1 2 1 4 1 6 2 8
22846 1 1 9 2 1 25 1 100
22847 3 2 2 7
22848 6 1 8 2 8 3
22849 1 1 7 2 5 9 1 10 1 103
22850 1 1 14 2 5 9 1 10 1 103
22851 7 1 3 2 1 3 2 4 1 7
22852 
22853 
22854 
22855 8 9 2 10 1 17 1 53
22856 2 1 2 2 1 38 1 77
22857 
22858 
22859 
22860 
22861 2 14 8 16
22862 2 1 3 2 1 14 1 34
22864 10 9 2 12 1 76
22865 2 1 1 2 5 9 1 10 1 35 1 77
22866 1 65 1 78
22867 2 1 5 2 4 3 2 7
22868 4 2 1 5 9 9 3 10
22869 6 2 1 5 9 9 3 10
22870 
22871 
22872 18 9 6 10
22873 6 2 9 9 3 10 1 64
22874 8 2 9 9 3 10 1 64
22875 2 1 2 2 1 4 1 27
22876 
22877 
22878 
22879 1 2 4 3 4 14 1 24 1 26
22881 
22882 
22883 
22885 
22886 
22887 
22888 1 2 4 3 5 14 1 20
22889 
22890 1 2 4 3 4 14 1 77
22891 2 1 26 2 2 22
22892 
22894 1 1 1 22
22897 
22898 2 1 18 2 2 22
22899 
22900 
22901 
22902 4 3 2 14 2 77
22903 
22904 5 2 9 3 1 14
22905 6 2 7 3 1 4 1 14
22906 3 1 2 2 1 4 4 9 1 10 1 17
22907 4 1 6 2 4 3 1 4
22908 4 1 6 2 1 4 3 77
22909 6 3 2 4 2 42
22910 1 1 3 2 1 5 1 81
22911 
22912 1 1 1 2 1 22
22913 1 1 1 22
22914 1 1 1 2 1 22
22915 2 1 10 2 4 9 2 12
22916 2 1 14 2 4 9 2 12
22917 
22918 
22919 
22920 2 1 2 2 4 3 1 4
22921 8 9 3 10 1 11 1 64
22922 2 1
22923 3 2 2 25 1 44 1 100
22924 3 2 2 3 1 6 4 9 2 10
22925 
22926 5 9 1 10 1 19 1 41
22927 
22928 
22929 
22930 4 9 2 13 4 27
22931 4 1 8 2 2 34
22932 
22933 1 1 15 2 2 3 1 42
22934 2 1 17 2 1 6 1 22
22935 4 1 5 2 3 3 3 4 1 14
22936 
22937 
22938 1 1 2 2 1 3 2 14
22939 
22940 
22941 
22942 2 1 1 2 1 3 1 7 1 8 1 19
22943 5 1 1 3 2 104
22944 
22946 2 1 17 2 1 8 5 9 1 10
22947 
22948 
22949 
22950 2 1 4 2 8 9 4 10 2 22 2 66
22951 1 6 8 9 2 10 2 57
22952 
22953 
22954 
22955 
22956 
22957 3 10 1 17 1 20 2 24 2 53
22958 1 1 3 2 1 80
22959 1 9 2 10 1 17 2 24 2 53
22960 2 1 12 2 4 3 8 9 4 10
22961 
22962 2 1 4 2 2 96
22963 
22964 
22965 
22966 1 3 1 14 2 19 1 77
22967 
22968 7 1 12 2 5 3
22969 11 9 8 10 1 11
22970 2 2 2 3 2 6 5 9 4 10 1 11
22971 10 9 6 10 1 11 1 53
22972 2 1 9 2 2 8 1 66
22973 1 2 1 5 5 9 1 10 1 66
22974 6 2 1 4 4 9 2 12
22975 1 1 6 2 1 4 3 9 3 12
22976 2 1 4 2 2 3 1 4 6 9 4 10
22977 2 2 8 9 2 12 2 13
22978 2 1 3 2 1 3 1 4 1 8
22979 2 1 2 2 2 3 1 4 1 6
22980 5 2 1 3 1 6 1 8
22981 3 1 1 2 1 3 1 4 2 8
22982 3 1 1 2 3 3 1 4 1 6
22983 3 1 2 2 3 3 2 4
22984 2 1 3 2 3 3 1 8
22985 2 1 3 2 2 3 1 4 1 6
22986 1 1 5 2 1 3 1 4 1 6
22987 3 1 3 2 2 3 1 4 1 8
22988 4 1 2 2 1 3 2 4 1 8
22989 3 1 4 2 2 3 1 4 1 8
22990 3 1 3 2 2 3 1 4 1 6 1 8
22991 7 2 4 3 1 6
22992 3 1 5 2 2 3 1 4 1 8
22993 1 2 10 9 2 10 3 25
22994 3 1 8 2 1 4 4 9 1 10 1 17
22995 5 1 7 2 5 3 1 4 1 70
22996 5 1 8 2 5 3 2 4
22997 4 1 8 2 4 4 2 8
22998 2 2 1 9 1 11 4 12
22999 2 1 4 2 2 3 4 9 2 13
23000 3 1 4 2 4 3 3 9 3 10
23001 1 1 1 2 1 8 1 14 1 76 1 77
23002 1 1 1 2 4 9 2 10 1 19 1 24 1 77
23003 1 1 1 2 4 9 2 10 1 19 1 24 1 77
23004 4 1 5 2 2 3 1 4 1 77
23005 4 1 5 2 2 3 1 4 1 77
23007 
23008 
23009 1 1 2 2 1 3 2 18 1 22
23010 2 1 2 2 1 14 1 18 1 22 1 70
23011 
23012 
23013 2 1 3 3 2 27 1 77
23014 2 1 3 3 2 27 1 77
23015 6 1 4 2 2 4 1 25
23016 4 1 2 2 1 4 1 7
23017 
23018 
23019 1 1 1 6 2 24 1 26
23020 1 1 1 6 2 24 1 26
23021 
23022 
23023 2 2 2 22
23024 5 2 1 111
23025 5 1 11 2 7 3 2 4 1 6
23026 2 2 2 3 1 6 1 114
23027 4 1 7 2 4 3 3 4 1 8 1 19 1 65 1 77
23028 2 1 2 2 2 3 1 6
23029 
23030 6 1 3 2 3 3 2 4 1 14
23031 6 1 3 2 3 3 2 4 1 14
23032 4 1 3 2 3 3 1 4 1 14
23033 
23034 3 1 1 2 1 3 2 104
23035 
23036 
23037 2 1 3 2 3 3 1 14
23038 4 3 1 6 4 14
23039 
23040 2 1 3 2 3 3 1 14
23041 
23042 
23043 2 1 1 2 5 9 1 13
23044 
23045 3 1 3 3
23046 2 1 2 25 1 111
23047 2 1 4 2 2 3 2 14
23048 
23049 2 1 7 2 2 3 1 4
23050 4 1 14 2 4 9 2 13
23051 1 2 4 3 4 46 1 49 1 111
23052 2 3 4 46 1 49 1 114
23053 2 27 2 45
23054 5 1 1 2 5 3
23055 1 1 13 2 3 3 8 9 4 10
23056 2 1 12 2 4 3 8 9 4 10
23057 
23058 
23059 
23060 
23061 2 1 14 2 4 3
23062 4 1 2 2 2 3 1 70
23063 8 2 2 6
23064 5 2 2 3 6 9 4 10
23065 
23066 4 2 1 3 5 9 1 13 1 14
23067 1 1 1 3 4 9 1 13 2 27 1 57
23068 1 1 1 3 4 9 1 13 2 27 1 57
23069 1 1 1 2 1 3 4 9 1 13 2 27 1 57
23070 1 1 1 2 1 3 4 9 1 13 2 27 1 57
23071 2 1 2 3 4 9 1 13 2 27 1 57
23072 2 1 2 3 4 9 1 13 2 27 1 57
23073 2 1 2 2 3 3 2 27 1 102
23074 2 1 2 2 3 3 2 27 1 102
23075 3 1 1 2 3 3 3 25
23076 
23077 
23078 
23079 
23081 
23082 
23084 2 1 1 2 5 9 1 13 2 26
23085 4 2 2 3 2 19
23086 5 2 2 3 2 14
23087 10 2 4 3
23088 3 1 1 2 1 3 2 104
23089 1 1 9 2 4 3 1 35
23090 4 1 10 9 2 10 3 84
23091 2 1 2 45
23092 2 1 2 2 10 9 2 13
23093 2 1 1 2 2 3 2 14
23094 2 1 3 2 2 3 2 14
23095 2 9 3 11 1 12 1 64
23096 2 1 2 2 2 3 1 114
23097 6 45
23098 1 2 4 3 1 6 4 46 1 49
23099 8 2 1 3 1 4 1 42
23100 6 1 2 3 2 4 1 70
23101 2 1 1 2 4 9 1 10 1 13 2 26 1 74
23102 2 1 1 2 4 9 1 10 1 13 2 26 1 74
23103 3 1 2 2 3 3
23104 1 1 8 2 1 3 1 4
23105 4 1 1 2 4 3
23106 
23107 4 1 4 3 2 103
23108 4 1 4 3 2 103
23109 5 1 3 3 1 4 2 103
23110 4 1 1 2 2 3 1 4 2 103
23111 4 1 1 2 2 3 1 4 2 103
23112 4 1 2 3 1 4 2 103
23113 4 1 2 3 1 4 2 103
23114 4 1 1 2 2 3 2 104
23115 3 1 1 2 1 3 2 26
23116 9 2 3 3 1 33
23117 4 1 1 2 4 3
23118 3 1 1 2 1 3 2 26
23119 1 1 5 2 3 3
23120 8 2 1 3 1 4 1 14
23121 
23122 
23123 
23124 
23125 
23126 
23127 
23128 
23129 
23130 
23131 
23132 
23133 2 1 8 2 2 4
23134 8 2 2 6
23135 
23136 3 1 1 4 4 9 1 10 1 71
23137 2 29
23138 4 1 5 2 6 3
23139 
23140 
23141 1 1 1 2 1 8 1 27
23142 
23143 
23144 10 9 2 10 1 116
23145 2 1 6 2 2 32
23146 1 2 4 9 2 10 1 14 1 26 1 27
23147 
23148 
23149 2 1 3 9 1 11 1 13 1 17
23150 1 1 1 3 2 14
23151 12 3
23152 2 1 5 2 2 3
23153 2 1 3 2 3 3 1 14
23155 1 2 6 3 2 77
23156 2 1 4 2 2 3 2 77
23157 
23158 
23159 3 1 4 2 2 3 1 4 1 14
23160 
23161 
23162 2 1 2 3 2 27
23164 
23165 
23166 5 2 1 3 1 74 1 75 1 77
23167 4 9 1 10 1 11 1 74 1 75 1 77
23168 4 9 1 10 1 11 1 74 1 75 1 77
23169 9 9 3 10 1 24 1 103
23170 2 2 3 9 2 10 1 17 1 19
23171 2 1 2 2 2 25
23172 2 2 3 9 3 10 1 19 1 24
23173 1 1 1 94 3 96
23174 
23175 
23176 
23177 
23178 
23179 4 1 3 2 1 4 1 25
23180 
23181 
23182 
23183 2 1 6 2 2 3 2 77
23184 3 1 5 2 1 3 1 4
23185 1 1 6 2 4 9 1 12 1 13
23186 
23187 3 1 2 2 2 3 1 14
23188 
23189 
23190 
23191 2 2 4 9 1 10 1 13 1 64
23192 2 1 2 2 1 76
23193 3 1 6 2 1 26
23195 3 1 1 2 1 33 1 77
23196 3 2 3 5 1 44 1 81
23197 2 2 4 5 1 81
23198 2 1 2 2 2 3 2 64
23200 2 1 1 6 1 25
23201 3 1 3 2 1 39 1 64
23202 
23203 
23204 
23205 3 1 1 34
23206 
23207 1 64
23208 1 1 6 2 1 22
23209 1 1 6 2 1 22
23210 
23211 1 63
23212 
23213 3 1 1 34
23214 
23215 1 63
23216 
23217 
23218 
23219 
23220 
23221 
23222 
23223 1 63
23224 1 1 10 9 2 12 1 34
23225 1 1 10 9 2 12 1 34 1 64
23226 
23227 1 64
23228 2 77
23229 1 63
23230 
23231 1 1 1 28
23232 4 1 19 2 1 35 1 64
23234 1 21
23235 
23236 1 21
23237 
23238 
23239 5 9 1 10 1 77
23240 4 9 1 10 1 17 1 77
23241 
23242 4 1 15 2 1 35
23243 
23244 4 1 5 2 1 35 1 64
23245 
23246 1 14
23247 4 1 3 2 1 35
23248 
23249 1 1 2 2 10 9 2 10 1 26 1 34
23250 3 1 1 2 1 3 1 30 1 77
23251 5 9 1 10 1 77
23252 4 1 19 2 1 35 1 63
23253 2 1 1 31
23254 
23255 1 64
23256 4 1 19 2 1 35
23257 
23258 
23259 3 1 1 14 1 34
23260 
23261 
23262 4 1 3 2 1 14 1 35
23263 
23264 2 1 1 2 1 6 4 9 1 10 1 13 1 35 1 38 2 42 1 64
23265 
23266 
23268 
23269 6 16
23270 
23271 2 1 2 2 1 14 1 34
23272 
23273 
23274 2 2 1 34 2 44
23275 
23276 
23277 
23278 
23279 
23280 
23281 
23282 
23283 3 63
23284 
23285 
23286 1 21
23287 
23288 
23289 
23290 2 21
23291 1 1 1 22
23292 1 1 2 2 1 22
23293 
23294 
23295 1 1 1 2 1 22
23296 1 1 1 22
23297 
23298 1 14
23299 
23300 
23301 
23302 
23303 
23304 
23305 1 63
23306 1 64
23307 
23308 1 63
23309 1 64
23310 
23311 
23312 1 14
23313 
23314 
23315 1 64
23316 1 63
23317 1 63
23318 2 64
23319 
23320 
23321 1 63
23322 1 14 1 18
23324 7 16
23325 
23326 
23327 6 16
23328 
23329 
23330 
23331 2 16
23332 
23333 
23334 
23335 
23336 
23337 
23338 
23339 
23340 
23341 
23342 
23343 
23344 
23345 1 16
23346 
23347 
23348 2 16
23349 
23350 
23351 
23352 5 16
23353 6 16
23354 
23355 
23356 
23357 
23358 1 14 1 16
23359 1 21
23360 1 14
23361 
23362 6 16
23363 2 64
23364 
23365 
23366 
23367 3 64
23368 
23369 1 1 1 22
23370 
23371 
23372 3 63
23373 3 64
23374 
23375 
23377 
23378 
23379 1 23
23380 
23381 1 1 13 2 1 6 1 22
23382 1 14 1 77
23383 3 64
23384 4 1 11 2 1 35
23385 4 1 19 2 1 35
23386 1 1 1 2 1 22
23387 1 1 4 2 1 22
23388 1 74 2 75 1 77
23389 
23390 1 14 1 22
23391 
23392 
23393 
23394 1 23
23395 1 29 1 77
23396 1 1 2 2 1 22
23397 1 1 9 2 1 22
23398 
23399 1 4 1 14 2 22 1 77
23400 
23401 
23402 
23403 
23404 
23405 
23406 
23407 
23408 
23409 
23410 
23411 
23412 
23413 
23414 
23415 
23416 
23417 
23418 
23419 7 16
23420 
23421 
23422 
23423 
23424 
23425 
23426 
23427 
23428 
23429 2 64
23430 2 64
23431 
23432 
23433 6 16
23434 9 16
23435 1 4 1 14 2 22 1 77
23437 1 23
23438 
23439 3 64
23440 
23441 1 74 1 77
23443 2 1 5 9 1 12 2 35 1 38
23444 
23445 
23446 4 1 5 2 2 34 2 64
23447 4 1 6 2 2 34 2 64
23448 
23449 1 16 2 77
23450 
23451 2 1 1 8 5 9 1 10
23452 
23453 7 2 1 22
23454 1 16
23455 4 9 1 10 1 12 1 27
23456 3 1 2 2 1 104
23457 
23458 1 1 4 2 1 22
23459 4 1 11 2 1 35
23460 
23461 
23462 
23463 1 1 15 2 1 37 1 64
23465 
23466 1 6 2 77
23467 1 1 1 28
23468 3 14
23469 
23470 1 14 1 42
23471 
23472 
23473 4 14
23474 
23475 2 16
23476 
23477 
23478 
23479 
23480 6 29
23481 3 64
23482 
23483 2 1 5 2 1 32
23484 
23485 6 2 1 3 1 14
23486 
23487 
23488 
23489 
23490 
23491 
23492 1 63
23493 1 1 1 6 5 9 1 10 1 77
23494 6 1 8 2 2 35
23495 6 1 8 2 2 35 2 64
23496 3 1 11 2 1 34
23497 3 1 17 2 1 34
23498 3 1 16 2 1 34
23499 
23500 
23501 
23502 3 1 8 2 5 9 1 12 1 35
23503 2 1 17 2 1 29
23504 1 4 1 14 2 22 1 42
23505 4 1 23 2 1 35
23506 2 1 5 9 1 12 1 34
23507 
23508 
23509 
23510 2 1 1 2 1 29
23511 2 1 11 2 5 9 1 12 1 34
23512 
23513 3 1 15 2 1 34
23514 2 1 13 2 5 9 1 12 1 34
23515 1 1 3 2 1 35
23516 
23517 
23518 3 1 9 2 1 34
23519 2 22
23520 2 1 9 2 1 29
23521 2 1 13 2 1 29
23522 2 1 7 2 1 29
23523 4 1 22 2 1 35
23524 11 9 4 10 2 34
23525 2 1 5 9 1 12 1 33
23526 4 1 10 2 2 34
23527 3 1 2 2 5 9 1 12 1 35
23528 3 9 1 12 2 17 1 29
23529 
23530 2 1 2 38
23531 
23532 
23533 6 1 12 2 2 35
23534 6 1 14 2 2 35
23535 
23537 
23538 6 1 10 2 2 35
23539 1 24
23541 
23542 
23543 
23544 6 1 9 2 2 35
23545 1 22 1 77
23546 
23547 
23548 
23549 
23550 
23551 2 1 2 2 2 22
23552 
23553 
23554 2 63
23555 
23556 
23557 2 1 8 2 2 22
23558 6 1 6 22
23559 2 1 2 22
23560 2 1 20 2 2 22
23561 2 1 28 2 2 22
23562 2 1 24 2 2 22
23563 2 1 16 2 2 22
23564 1 16
23565 2 1 32 2 2 22
23566 4 9 2 10 2 77
23567 
23568 
23569 3 9 1 10 1 17 1 36 1 77
23570 2 9 1 10 1 25 3 53 1 77
23571 1 14
23572 1 1 1 25
23573 
23574 
23575 
23576 
23577 
23578 3 1 1 4 4 9 2 10 1 77
23579 
23580 3 9 1 10 1 25 2 53 1 77
23581 4 9 1 10 1 53 1 77
23582 1 44 1 77
23583 3 9 1 10 2 17 1 77
23584 
23585 
23586 
23587 
23588 
23589 
23590 
23591 
23592 1 4 2 14 1 19 1 22 1 42
23593 
23594 
23595 5 2 1 29
23596 2 1 15 2 5 9 1 12 1 34
23597 8 1 7 2 4 3 1 35
23598 1 1 1 38
23599 1 1 9 2 1 37
23600 
23601 8 2 2 35
23602 
23603 
23604 5 2 1 3 1 77
23605 4 2 2 35
23606 
23607 6 2 2 35
23608 3 1 3 2 1 34
23609 
23610 4 9 1 10 1 25 1 53 1 77
23611 
23612 4 9 1 10 1 36 1 77
23613 
23614 
23615 4 9 2 10 1 63 1 77
23616 2 1 2 3 3 9 3 10 3 14 1 29
23617 3 1 11 2 1 34
23618 3 1 17 2 1 34
23619 3 1 16 2 1 34 1 64
23620 
23621 
23622 1 64
23623 3 1 8 2 5 9 1 12 1 35
23624 2 1 17 2 1 29
23625 1 4 1 14 2 22 1 42
23626 4 1 23 2 1 35 1 63
23627 2 1 5 9 1 12 1 34 1 64
23628 2 1 5 9 1 12 1 34
23629 
23630 
23631 2 1 1 2 1 29
23632 2 1 11 2 5 9 1 12 1 34 1 64
23633 4 1 23 2 1 35
23634 3 1 11 2 1 34 1 64
23635 
23636 3 1 17 2 1 34 1 64
23637 3 1 15 2 1 34
23638 2 1 11 2 5 9 1 12 1 34
23639 2 1 13 2 5 9 1 12 1 34
23640 1 1 3 2 1 35
23641 
23642 1 64
23643 3 1 9 2 1 34 1 64
23644 2 22
23645 2 1 9 2 1 29
23646 2 1 13 2 1 29
23647 2 1 7 2 1 29
23648 4 1 22 2 1 35 1 64
23649 3 1 8 2 5 9 1 12 1 35 1 64
23650 11 9 4 10 2 34
23651 4 1 23 2 1 35 1 64
23653 4 1 10 2 2 34 2 64
23654 3 1 2 2 5 9 1 12 1 35
23655 3 9 1 12 2 17 1 29
23656 
23657 
23658 2 1 2 38
23659 
23660 6 1 12 2 2 35 2 64
23661 6 1 14 2 2 35 2 64
23662 3 1 15 2 1 34 1 64
23663 
23665 3 1 2 2 1 35
23666 6 1 10 2 2 35 2 64
23667 1 24
23668 2 22
23669 
23670 
23671 
23672 6 1 9 2 2 35 2 64
23673 1 22 1 77
23674 
23675 
23676 
23677 4 9 2 10 2 77
23678 
23679 
23680 3 9 1 10 1 17 1 36 1 77
23681 2 9 1 10 1 25 3 53 1 77
23682 1 14
23683 1 1 1 25
23684 
23685 
23686 
23687 3 1 1 34
23688 
23689 3 1 1 4 4 9 2 10 1 77
23690 
23691 3 9 1 10 1 25 2 53 1 77
23692 4 9 1 10 1 53 1 77
23693 1 44 1 77
23694 3 9 1 10 2 17 1 77
23695 
23696 
23697 2 1 1 34
23698 
23699 
23700 
23701 
23702 2 23
23703 
23704 
23705 1 4 2 14 1 19 1 22 1 42
23706 
23707 5 2 1 29
23708 2 1 15 2 5 9 1 12 1 34
23709 8 1 7 2 4 3 1 35 1 63
23710 1 1 1 38
23711 1 1 9 2 1 37
23712 1 63
23713 8 2 2 35
23714 1 64
23715 
23716 5 2 1 3 1 77
23717 4 2 2 35
23718 4 1 10 2 2 34
23719 1 63
23720 6 2 2 35
23721 3 1 3 2 1 34 1 63
23722 
23723 4 9 1 10 1 25 1 53 1 77
23724 8 9 2 10 2 36 2 77
23725 
23726 
23727 
23728 4 9 2 10 1 63 1 77
23729 2 1 2 3 3 9 3 10 3 14 1 29
23730 
23731 
23732 
23733 1 63
23734 
23735 10 2 1 8 1 24
23736 1 6 5 9 1 10 1 64
23737 
23738 2 1 1 2 2 3 2 64
23739 
23740 1 64
23741 9 2 4 3
23742 
23743 
23744 
23745 
23746 
23747 
23748 8 1 3 2 4 3 1 35
23749 8 1 3 2 4 3 1 35 1 64
23750 3 63
23751 3 63
23753 
23754 4 9 2 10 2 77
23755 4 9 2 10 2 77
23756 2 9 1 10 3 11 1 77
23757 2 1 13 2 1 29
23758 
23759 2 1 4 9 2 10 2 34
23760 2 1 4 9 2 10 2 34
23761 4 1 20 2 1 35
23762 4 1 20 2 1 35
23763 4 1 20 2 1 35 1 63
23764 1 14 1 19 1 30 1 77
23765 4 1 21 2 1 35
23766 2 14 4 16 2 19 2 30 2 77
23767 4 1 21 2 1 35
23768 2 1 1 102
23769 4 1 21 2 1 35 1 63
23770 2 1 1 102
23771 2 1 1 2 1 3 1 77
23772 3 1 9 2 8 3 2 4 2 14 1 22
23773 3 1 17 2 1 34 1 63
23774 
23775 
23776 
23777 
23778 1 63
23779 
23780 4 1 20 2 1 35 1 64
23781 
23782 
23783 
23784 
23785 
23786 
23787 
23788 
23789 
23790 
23791 
23792 
23793 
23794 
23795 
23796 
23797 2 1 5 2 1 38
23798 2 1 4 9 4 10 1 25 1 77
23799 
23800 
23801 
23802 
23803 6 1 3 2 3 3 1 34
23804 6 1 3 2 3 3 1 34
23805 3 1 7 2 1 34
23806 3 1 7 2 1 34
23807 3 1 9 2 1 34
23808 2 1 13 2 1 29
23809 2 1 13 2 1 29 1 64
23810 2 1 13 2 1 29
23811 2 1 13 2 1 29
23812 2 1 13 2 1 29
23813 2 1 17 2 1 29
23814 2 1 17 2 1 29 1 64
23815 2 1 17 2 1 29
23816 2 1 17 2 1 29
23817 6 2 4 5 2 34
23818 6 2 4 5 2 34 2 64
23819 3 1 4 9 2 10 2 34 1 77
23820 3 1 4 9 2 10 2 34 1 77
23821 1 25 2 74 1 75
23822 
23823 
23824 
23825 4 9 2 10 2 77
23826 2 1 1 2 1 3 1 77
23827 3 2 2 22
23828 3 2 2 22
23829 2 1 21 2 1 29
23830 2 1 21 2 1 29
23831 2 1 21 2 1 29
23832 2 1 21 2 1 29 1 64
23833 2 1 21 2 1 29 1 63
23834 2 1 21 2 1 29
23835 2 1 21 2 1 29
23836 
23837 
23838 
23839 1 64
23840 1 63
23841 
23842 3 1 1 25 1 35 1 94
23843 3 1 1 25 1 35 1 94
23844 6 2 6 5 1 6 2 35
23845 6 2 6 5 1 6 2 35 2 64
23846 3 1 1 4 1 77
23847 3 1 1 4 1 77
23848 3 63
23849 1 14 1 19 1 22
23850 1 14 1 19 1 22
23851 
23852 
23853 
23854 
23855 
23856 1 16
23857 
23858 
23859 
23860 
23861 
23862 
23863 
23864 
23865 
23866 2 1 4 9 2 10 2 34
23867 2 1 2 2 1 6 4 9 2 10
23868 1 1 1 6 1 20
23869 4 1 10 2 2 3 4 9 2 10 2 77
23870 1 5 3 24 1 81
23871 
23872 
23873 
23874 
23875 2 9 1 10 3 11 1 77
23877 
23878 1 63
23879 3 1 3 3 2 27 1 31
23880 3 1 3 3 2 27 1 31
23881 3 1 3 3 2 27 1 31
23882 3 1 3 3 2 27 1 31
23883 
23884 
23885 
23886 2 1 3 2 1 32
23887 5 9 1 10 1 22
23888 5 9 1 10 1 22
23889 2 1 1 6 2 35
23890 2 1 1 6 2 35
23891 4 1 3 3 2 27 1 103
23892 4 1 3 3 2 27 1 103
23893 4 1 3 3 2 27 1 103
23894 4 1 3 3 2 27 1 103
23895 3 1 3 3 2 27 1 102
23896 
23897 4 1 1 2 2 3 1 32
23898 4 1 3 2 2 34
23899 4 1 3 2 2 34 2 64
23900 
23901 4 1 7 2 2 34
23902 4 1 7 2 2 34 2 64
23903 
23904 
23905 
23906 
23907 
23908 
23909 
23910 2 1 16 2 1 25 1 35 2 100
23911 2 1 16 2 1 25 1 35 2 100
23912 3 1 1 3 5 9 1 13 1 14 1 34
23913 3 1 1 3 5 9 1 13 1 14 1 34
23914 3 1 2 2 1 3 1 24 1 34
23915 3 1 2 2 1 3 1 24 1 34
23916 3 1 3 3 2 27 1 102
23917 3 1 3 3 2 27 1 102
23918 4 1 3 3 2 27 1 34
23919 4 1 3 3 2 27 1 34 1 63
23920 4 1 3 3 2 27 1 34
23921 4 1 3 3 2 27 1 34 1 63
23922 3 1 4 2 2 3 1 4 1 77
23923 3 1 4 2 2 3 1 4 1 77
23924 3 1 4 2 2 3 1 4 1 77
23925 3 1 4 2 2 3 1 4 1 77
23926 14 2 4 3 2 32
23927 14 2 4 3 2 14 2 18 2 32
23928 
23929 
23930 
23931 
23932 
23933 4 1 23 2 1 35
23934 
23937 
23938 
23939 
23940 1 64
23941 2 1 9 2 5 9 1 12 1 34
23942 2 1 9 2 5 9 1 12 1 34 1 64
23943 
23944 
23945 
23946 
23947 
23948 2 34
23949 4 1 9 2 1 35
23950 4 1 9 2 1 35 1 64
23951 2 1 4 2 1 6 2 35
23952 2 1 4 2 1 6 2 35
23953 
23954 
23955 
23956 
23958 
23959 
23960 
23961 
23962 
23963 
23964 
23965 
23966 
23967 
23968 
23969 
23970 
23971 
23972 
23973 
23974 
23975 
23976 
23977 
23978 
23980 3 1 5 2 1 3 1 14 1 34
23981 3 1 5 2 1 3 1 14 1 34
23982 
23983 
23984 
23985 
23986 2 1 13 2 1 29 1 63
23987 2 1 21 2 1 29
23988 2 1 21 2 1 29
23989 
23990 4 64 1 81
23994 
23995 
23996 
23997 
23998 
23999 
24000 6 1 2 34
24001 
24002 
24003 
24004 
24005 
24006 
24007 
24008 
24009 4 1 3 2 2 34
24011 
24012 
24013 
24014 
24015 
24016 
24017 1 25 1 74 1 75
24018 
24019 
24020 1 74 2 76
24021 2 75 1 76
24022 1 1 1 2 1 74
24023 2 1 1 21 1 31
24024 3 1 2 2 1 32
24025 3 1 2 2 1 21 1 32
24026 2 1 1 2 1 21 1 29
24027 
24028 1 4 2 74 1 75
24029 1 1 1 2 1 74 1 77
24030 2 89
24031 
24032 
24033 
24034 
24035 
24036 1 1 1 25 1 44
24037 
24038 
24039 3 2 1 14 1 74
24040 1 7 1 64 1 74
24041 1 6 2 74
24042 1 64
24043 
24044 
24045 2 1 3 2 1 14 1 26
24046 3 1 2 3 1 14 1 77
24047 
24048 3 1 3 2 2 4 1 29 1 30
24049 2 1 22 2 1 6 1 22
24050 3 1 1 2 1 3 2 24 1 84
24051 
24052 3 1 1 3 1 22 1 25
24053 2 1 1 2 1 38
24054 1 1 5 2 1 37
24055 1 1 3 2 1 37
24056 1 1 1 2 1 37
24057 
24058 
24059 
24060 
24061 
24062 
24063 
24064 
24065 
24066 
24067 
24068 
24069 
24070 
24071 
24072 
24073 2 21
24074 
24075 2 1 12 2 2 22
24076 
24077 
24078 
24079 
24080 
24081 
24082 
24083 
24084 2 2 4 3 6 14 1 16
24085 1 59
24086 
24087 
24088 
24089 
24090 
24091 
24092 
24093 
24094 
24095 
24096 
24097 
24098 5 16
24099 4 16
24100 
24102 1 5 1 20
24103 
24104 
24105 
24106 2 1 1 8 1 44
24107 4 1 5 2 2 4 1 114
24108 3 1 1 14 1 18 1 35
24109 1 1 7 2 1 21 1 34
24110 4 1 7 2 1 35 1 63
24111 4 1 9 2 1 35 1 63
24112 1 1 5 9 1 10 1 26 1 42
24113 6 9 4 10 1 18 1 24
24114 2 1 2 3 2 14 2 77
24115 
24116 
24117 3 1 1 14 1 34 1 77
24118 1 1 1 2 1 22
24119 1 1 1 22
24120 1 23
24121 1 1 2 2 1 21 1 35
24122 
24123 
24124 
24125 
24126 1 1 1 3 2 14 2 19
24127 
24128 
24129 1 29 1 77
24130 1 29 1 77
24131 1 1 5 2 1 34
24132 1 64
24133 
24134 2 1 7 2 2 4 4 14 1 25
24135 
24136 3 16
24137 1 1 3 2 2 32
24138 2 1 3 2 1 22 2 32
24139 1 14 1 19 1 63
24140 
24141 
24142 
24143 4 9 2 10 1 11 1 17 1 77
24144 5 9 2 10 1 17 1 77
24145 
24146 1 14 1 21
24147 
24148 
24149 1 64 1 87
24150 1 63 1 76
24151 
24152 
24153 2 9 3 53 1 71
24154 2 9 2 53 2 71
24155 1 63 1 87
24156 1 63 1 90
24157 1 76 1 90
24158 1 48 1 76
24159 4 8 4 9 2 10
24160 14 9 8 10
24161 14 9 12 10
24162 14 9 16 10
24163 14 9 16 10
24164 14 9 14 10
24165 1 6 10 9 12 10
24166 14 9 10 10
24167 14 9 10 10
24168 4 8 6 9 4 10
24169 14 9 8 10
24170 14 9 8 10
24171 1 6 8 9 6 10
24172 1 6 8 9 6 10
24173 1 6 10 9 8 10
24174 1 6 10 9 7 10 1 12
24175 14 9 10 10
24176 1 6 8 9 5 10 1 12
24177 14 9 8 10
24178 1 6 6 9 3 10 1 12
24179 1 6 8 9 5 10 1 12
24180 1 2 2 6 2 8 4 9 2 10
24181 1 6 8 9 5 10 1 12
24182 1 6 6 9 3 10 1 12
24183 
24184 
24185 
24186 
24187 5 53 1 71
24188 1 9 4 53 1 71
24189 1 9 3 53 2 71
24190 1 9 4 53 1 71
24191 2 49 2 75
24192 3 9 2 53 1 71
24193 1 1 1 2 1 75
24194 
24195 1 75 1 89
24196 3 9 1 10 1 11 1 63 1 71
24197 1 45 1 76
24198 1 3 2 63 1 64
24199 1 4 3 63 1 64
24200 1 2 1 45 2 75
24201 4 9 2 10 4 12
24202 1 44 1 63
24203 1 3 1 63 2 64
24204 1 48 1 63
24205 1 49 2 64
24206 1 51 1 63
24207 1 49 2 63
24208 2 4 6 64
24209 
24210 1 1 1 2 1 3 2 63
24211 3 9 3 10 3 64
24212 5 10 1 17 5 64
24213 1 9 5 10 5 64
24214 3 9 3 10 3 64
24215 2 9 4 10 4 64
24216 1 45 2 63
24217 8 9 4 10 2 12
24218 1 10 1 20 5 71
24219 1 65 1 74
24220 3 2 1 76
24221 1 1 18 2 1 76
24222 1 1 5 2 1 74
24223 
24224 
24225 1 63 1 64 1 75
24226 2 63 1 64 1 76
24227 
24228 1 1 10 2 1 74
24229 1 9 2 53 3 71
24230 1 9 1 53 4 71
24231 1 75 1 87
24232 1 1 3 2 1 48
24233 1 1 7 2 1 48
24234 1 1 11 2 1 48
24235 1 1 9 2 1 48
24236 1 1 13 2 1 48
24237 2 1 12 2 2 103
24238 3 53 3 71
24239 3 53 3 71
24240 8 9 2 10
24241 8 9 2 10
24242 2 1 11 2 1 19
24243 2 1 15 2 1 103
24244 4 53 2 71
24245 
24246 2 63 1 75
24247 1 2 1 3 1 19 1 64
24248 4 53 2 71
24249 2 9 4 53
24250 4 53 2 71
24251 2 53 4 71
24252 3 9 3 53
24253 2 53 4 71
24254 2 53 4 71
24255 3 9 3 71
24256 5 9 1 71
24257 3 9 2 53 1 71
24258 3 9 2 53 1 71
24259 2 5
24260 1 63 2 64 1 76
24261 1 1 17 2 1 76
24262 4 2 1 76
24263 1 63 1 75
24264 
24265 3 63 1 76
24266 1 1 16 2 1 74
24267 1 63 1 64 1 76
24268 1 63 1 89
24269 
24270 1 1 11 2 1 76
24271 1 1 15 2 1 76
24272 1 1 13 2 1 76
24273 1 114
24274 
24275 1 1 16 2 1 76
24276 
24277 6 9
24278 1 5 1 6 1 69
24279 1 37
24280 2 1 8 2 2 103
24281 2 1 10 2 2 103
24282 2 1 16 2 2 103
24283 
24284 2 5
24285 
24286 1 66
24287 
24288 
24289 2 1 4 2 2 3
24290 
24291 2 64
24292 
24293 2 64
24294 
24295 2 64
24296 2 1 3 2 2 3
24298 
24299 4 9 1 10 1 51 1 71
24300 1 1 20 2 1 5
24301 1 1 21 2 1 5
24302 1 1 19 2 1 5
24303 
24304 
24305 
24306 1 4 1 14 2 22 1 77
24307 1 4 1 14 2 22 1 77
24308 2 1 2 3 2 14
24309 3 9 2 10 1 17 2 64
24310 
24311 
24312 2 1 1 2 1 3 1 14 1 77
24313 2 1 1 2 1 3 1 14 1 77
24314 
24315 1 1 1 37
24316 
24317 
24318 1 1 3 2 1 37
24319 2 1 3 2 1 38
24320 
24321 1 1 3 2 1 3 2 14
24322 
24323 2 1 3 2 1 38
24324 
24325 2 1 2 2 1 38
24326 2 1 2 2 1 38
24327 2 1 4 2 2 96
24328 3 1 1 3 1 25 1 101
24329 
24330 
24331 
24332 
24333 1 64
24334 
24335 
24336 
24337 
24338 
24339 
24340 
24341 1 1 3 2 1 14 1 34
24342 
24343 1 1 21 2 3 3
24344 1 1 14 2 7 9 3 10
24345 
24346 
24347 
24348 
24349 
24350 
24351 4 9 1 10 1 18 1 53
24352 2 1 4 9 2 10 1 32
24353 9 9 2 10 1 17 1 25
24354 
24355 
24356 
24357 
24358 
24359 
24360 
24361 
24362 
24363 2 1 5 2 2 3
24364 
24365 
24366 
24367 
24368 2 16
24369 3 1 3 2 2 3 2 4 1 14
24370 
24371 5 1 5 2 1 3 1 4 1 6 2 8 2 14 1 70
24372 
24373 3 2 1 33 1 42
24374 
24375 3 9 1 11 1 36 1 71
24376 3 9 1 11 1 36 1 71
24377 3 9 1 11 1 36 1 71
24378 3 9 1 11 1 36 1 71
24379 3 9 1 11 1 36 1 71
24380 3 9 1 11 1 36 1 71
24381 3 9 1 11 1 36 1 71
24382 
24383 
24384 
24385 9 2 3 3 3 35
24386 4 9 1 10 1 11 1 94
24387 4 9 2 10 1 24 1 63
24388 
24389 
24390 
24391 2 1 2 3 2 42
24392 2 1 2 3 2 42
24393 3 1 3 2 3 3
24394 2 1 1 2 1 38
24395 2 1 1 2 1 38
24396 
24397 8 9 1 10 3 12
24398 
24399 
24400 1 7 2 24
24401 3 1 1 8 1 77
24402 8 2 2 35 4 42
24403 3 9 1 10 1 18 2 53
24404 3 9 1 10 1 18 2 53
24405 
24406 4 9 3 10 1 11 1 24 1 77
24407 3 9 1 10 1 18 2 53
24408 
24409 
24410 
24411 
24412 
24413 2 2 1 8 5 9 1 10
24414 
24415 6 1 1 2 3 25 2 81
24416 
24417 2 9 1 11 3 57
24418 
24419 
24420 3 1 3 2 1 8 1 77
24421 3 1 2 2 1 8 1 77
24422 
24423 
24424 3 1 4 2 1 8 1 77
24425 
24426 
24427 
24428 
24429 
24430 6 1 2 4 2 9 2 10 2 17
24431 5 2 1 4
24432 4 1 1 2 1 3 1 8 1 77
24433 1 21
24434 2 1 2 3 2 21
24435 1 4 1 14 2 22 1 77
24436 
24437 
24438 
24439 
24440 3 9 1 57 2 71
24441 3 9 1 57 2 71
24442 3 9 1 57 2 71
24443 5 18 1 25 5 26
24444 1 1 1 22 1 77
24445 1 1 1 22 1 77
24446 5 18 1 25 5 26
24447 1 1 2 2 2 77
24448 1 1 2 2 2 77
24449 3 1 1 34 1 74 6 75 1 77
24450 4 1 3 2 1 35 1 74 6 75 1 77
24451 4 1 7 2 1 35 1 74 6 75 1 77
24452 
24453 4 1 11 2 1 35 1 74 6 75 1 77
24454 4 1 13 2 1 35
24455 4 1 13 2 1 35 1 64
24456 4 1 19 2 1 35
24457 4 1 19 2 1 35 1 64
24458 4 1 16 2 1 35
24459 4 1 16 2 1 35 1 64
24460 4 2 1 44 1 64
24461 5 2 1 44 1 64
24462 11 2 2 64
24463 12 2 2 64
24464 1 6 3 9 2 10 1 17 1 24 1 42
24465 2 1 2 2 2 3 1 32
24466 1 1 4 2 1 37
24467 1 1 4 2 1 37
24468 4 9 1 10 1 11 1 94
24469 4 9 1 10 1 11 1 94
24470 
24471 
24472 3 9 2 10 1 17 2 64
24473 
24474 3 1 1 2 1 8 1 77
24475 
24476 
24477 
24478 9 9 5 10 1 42
24479 2 1 1 70 1 114
24480 4 9 2 10 1 24 1 63
24481 2 1 3 2 3 3 1 14
24482 6 2 2 3 1 32
24483 3 2 4 9 2 10 1 14 1 26
24484 7 2 2 3 1 14 1 26
24485 2 1 1 19 2 25
24486 
24487 2 1 9 9 1 10 1 12 1 13
24488 
24489 1 2 1 96
24490 
24491 2 1 4 2 2 3
24492 5 9 2 10 1 17 1 77
24493 1 2 1 3 5 9 1 13 1 42
24494 1 1 2 2 1 3 5 9 1 13 1 77
24495 
24496 
24497 5 9 2 10 1 17 1 77
24498 2 1 2 3 1 49
24499 2 19 1 34
24500 
24501 1 2 10 9 2 13
24502 1 2 10 9 2 13
24503 
24504 
24505 
24506 
24507 
24508 6 2 3 3 1 4 1 97
24509 
24510 1 1 1 7 4 9 2 10 1 24
24511 3 1 1 4 5 9 1 10 1 25
24512 
24513 
24514 
24515 3 1 1 4 3 9 1 10 2 17
24516 1 1 3 2 1 19 1 33
24517 
24518 
24519 4 9 1 10 1 18 1 53
24520 4 9 1 10 1 11 1 95
24521 
24522 2 1 1 2 5 9 1 13 1 77
24523 
24524 
24525 2 1 5 2 1 96
24526 3 9 3 10 2 24 1 42
24527 1 7 8 9 2 10 2 11
24528 
24529 2 2 1 3 5 9 1 10 2 14 1 77
24530 1 4 2 46 3 49
24531 1 9 1 36 4 53
24532 
24533 
24534 4 1 3 2 1 24 3 26
24535 2 1 7 2 1 14 1 34 1 64
24536 1 1 10 2 1 42
24539 1 4 3 74 1 75 1 76
24541 
24542 2 64
24543 
24544 1 64
24545 
24546 1 64
24547 
24548 1 64
24549 1 1 1 2 1 5 1 6
24550 
24551 
24552 
24553 
24554 
24555 
24556 
24557 
24558 1 1 5 2 4 9 1 39
24559 1 1 5 2 4 9 1 39
24560 5 2 2 37
24561 5 2 2 37 2 64
24562 2 1 1 4 1 116
24563 1 2 4 3 5 14 1 20
24564 
24565 
24566 
24567 
24569 
24570 1 2 1 27 1 96
24571 
24572 3 1 4 2 1 26 1 101
24573 3 9 1 11 1 17 1 57
24574 1 1 5 2 1 22
24575 
24576 
24577 1 16
24578 
24579 
24580 4 1 1 4 2 77
24581 
24582 2 24 1 39
24583 3 1 3 2 1 3 3 77
24584 
24585 
24586 2 1 1 22 1 34
24588 
24589 1 16
24590 3 1 3 2 1 4 1 18 1 25
24591 
24592 
24593 
24594 
24595 
24596 
24597 
24598 
24599 1 1 6 2 1 34
24600 
24601 
24602 
24603 
24604 
24605 
24606 
24607 
24608 6 2 2 4
24609 
24610 3 1 1 4 1 97
24611 6 2 2 4
24612 4 1 1 3 1 8 1 77
24613 
24614 12 9 1 10 3 11 1 12 1 13
24615 4 3 4 14 1 27
24616 
24617 4 1 2 4 5 9 1 10 1 31
24618 5 1 2 4 5 9 1 10 1 34
24619 6 2 4 3
24620 2 1 5 9 1 13 1 77
24621 2 1 1 2 1 22 1 34
24622 
24623 
24624 10 9 8 12
24625 
24626 4 1 1 4 2 19
24627 3 2 1 6 2 8 1 19
24628 1 1 1 2 1 25 1 94
24629 
24630 
24631 5 2 4 3 1 56
24632 3 1 2 2 1 4 5 9 1 10 1 25
24633 2 1 1 4 1 27 1 96
24634 2 1 10 2 4 3
24635 4 1 5 2 4 3
24636 1 1 4 2 9 9 3 10
24637 1 1 4 2 9 9 3 10
24638 
24639 2 1 2 2 9 9 2 10 1 13
24640 10 9 8 10
24641 
24642 2 1 1 2 1 19 1 25
24643 
24644 
24645 
24646 5 2 2 4 2 6
24647 
24648 
24649 
24650 
24651 
24652 
24653 
24654 
24655 1 3 5 9 1 10 2 24 1 34
24656 4 2 2 3 2 66
24657 
24658 7 2 4 4
24659 1 1 6 2 3 3 1 4 4 25
24660 3 1 1 3 1 34 1 77
24661 4 1 1 4 1 34 1 77
24662 
24663 
24664 7 2 2 3 2 4
24665 7 2 2 3 1 4
24666 
24667 
24668 
24669 12 1 2 3 4 4 2 6
24670 4 1 1 4 5 9 1 10 1 33
24671 4 1 1 3 1 4 5 9 1 10 1 34
24672 8 2 2 3 1 4
24673 
24674 
24675 8 2 2 3 2 4
24676 
24677 
24678 2 1 4 2 2 3 4 9 2 10
24679 
24680 
24681 1 1 6 2 2 34
24682 6 2 3 3 3 35
24683 
24684 
24685 
24686 
24687 
24688 
24689 4 9 1 12 1 14 1 17
24690 3 2 4 3
24691 
24692 
24693 
24694 
24695 2 1 3 2 1 38
24696 
24697 4 9 1 12 1 14 1 17
24698 
24699 
24700 16 9 6 10
24701 16 9 6 10
24702 3 9 1 10 1 20 1 34
24703 
24705 
24706 
24707 
24708 5 2 1 24 1 27 1 34
24709 5 2 1 24 1 27 1 34
24710 3 1 1 4 3 9 1 12 1 13 2 14 1 17 1 32
24711 
24712 3 2 1 14 1 37
24713 3 2 1 14 1 37
24714 
24715 1 16 2 77
24716 
24717 1 1 3 2 3 14 1 19 1 32
24718 
24719 
24720 3 2 3 14 1 18 1 32
24721 3 1 1 2 1 3 2 101
24722 
24723 4 1 7 2 2 3 1 25 2 77
24724 4 1 4 83
24725 1 1 7 2 1 34
24726 2 1 16 2 1 6 2 77
24727 
24728 
24729 2 1 2 2 1 31
24730 2 1 2 2 1 31
24731 
24732 2 1 1 38
24733 2 1 1 38
24734 
24735 
24736 
24737 
24738 2 1 9 2 3 25
24739 
24740 
24741 4 2 2 14 1 31
24742 4 2 2 14 1 31
24744 1 1 2 2 1 25 1 29
24745 
24746 
24747 2 1 4 2 1 6 2 77
24748 2 14
24749 3 1 3 2 1 34
24751 4 1 11 2 1 35
24752 1 1 11 2 1 34
24753 1 1 11 2 1 34
24754 
24755 
24756 
24757 
24758 
24759 
24760 1 64
24761 
24762 
24763 2 1 3 2 1 38
24764 
24765 
24766 1 6 1 42 1 77
24767 1 6 1 42 1 77
24768 1 6 1 42 1 77
24769 
24770 
24771 2 1 1 31
24772 6 16
24773 3 1 2 2 1 32
24774 
24775 1 2 1 3 1 14 2 27
24776 
24777 1 1 2 2 1 37
24778 1 1 2 2 1 37
24779 
24780 9 2 3 3 1 14
24781 1 1 8 2 1 34
24782 1 1 8 2 1 34
24783 
24784 
24785 
24786 
24787 
24788 
24789 
24790 
24791 
24792 
24793 
24794 
24795 5 9 1 12 1 14 1 19 1 32
24796 1 2 1 30 1 42 1 94
24797 1 2 1 16 1 30 1 42 1 94
24798 2 2 2 21 2 22
24799 2 1 1 31
24800 
24801 
24802 
24803 
24804 4 2 1 33 1 42
24805 
24806 
24807 2 1 4 2 1 14 1 34
24808 2 1 4 2 1 14 1 34 1 64
24809 
24810 6 2 1 24 1 34
24811 6 2 1 24 1 34
24812 
24813 2 1 2 2 1 29 1 35
24814 3 2 1 3 1 32 1 42
24815 3 2 1 3 1 32 1 42
24816 
24817 
24818 2 1 10 2 1 6 2 77
24819 6 2 2 22
24820 6 2 2 22
24821 3 2 2 14 1 29
24822 3 2 2 14 1 23 1 29
24823 
24824 1 2 1 20 1 41
24825 
24826 
24827 2 1 1 3 1 6 1 42
24828 1 1 2 2 1 6 1 42
24829 2 1 14 2 1 6 2 77
24830 4 1 8 2 2 3 2 22
24831 4 1 6 2 2 3 2 22
24832 
24833 5 1 9 2 3 3 1 14 1 26
24834 
24835 2 1 2 22
24836 3 1 1 35 1 44
24837 3 1 1 35 1 44
24838 2 1 4 2 2 38
24839 2 1 4 2 2 38
24840 
24841 1 1 13 2 1 34
24842 1 1 13 2 1 34
24843 
24844 
24845 
24846 1 64
24847 1 1 14 2 1 5 4 9 2 10 1 77
24848 4 9 2 10 1 42 1 77
24849 3 2 1 27
24850 
24851 3 1 21 2 1 34
24852 
24853 2 1 6 2 1 3 3 9 2 10 1 17 1 24 1 96
24854 6 16
24855 6 2 1 24 1 34
24856 
24857 
24858 
24859 1 1 2 2 1 22 1 42
24860 
24861 1 64
24862 2 1 3 2 8 9 4 10 2 35
24863 2 1 3 2 8 9 4 10 2 35
24864 3 64
24865 
24866 1 64
24867 2 1 8 2 1 7 1 77
24868 6 1 2 2 2 4 4 9 2 10
24869 
24870 
24871 1 1 6 2 1 35
24872 1 1 6 2 1 35 1 64
24873 6 16
24874 
24875 
24876 
24877 2 2 1 94 1 99
24878 4 1 5 2 1 21 1 35
24879 1 1 4 2 1 8 8 9 4 10 1 34
24880 1 1 4 2 1 8 8 9 4 10 1 34
24881 
24882 3 9 2 34
24883 3 9 1 10 1 11 1 17 1 77
24884 3 9 1 10 1 11 1 17 1 77
24885 2 1 2 2 2 38
24886 2 1 2 2 2 38
24887 1 1 3 2 1 30 1 42
24888 
24889 5 2 3 14 1 35
24890 
24891 
24892 
24893 1 1 4 2 1 7 1 26 1 77
24894 
24897 1 2 1 14 1 35
24898 1 1 1 2 3 9 1 10 1 33 1 42 2 57
24899 1 4 1 14 2 16 2 22 1 77
24900 2 1 2 2 2 7 2 77
24901 7 2 1 24 1 34
24902 
24903 
24904 
24905 
24906 2 64
24907 1 1 7 2 1 34
24908 
24909 
24910 
24911 
24912 
24913 2 64
24914 2 2 2 3 4 14
24915 2 2 2 3 4 14
24916 3 1 2 2 2 4 1 5 1 14 1 26
24917 
24918 
24919 
24920 1 1 2 2 1 14 1 34
24921 
24922 
24923 
24924 
24925 
24926 2 1 3 2 1 14 1 35
24927 
24928 3 9 1 10 1 11 1 17 1 77
24929 3 9 1 10 1 11 1 17 1 77
24930 
24931 4 1 5 2 3 8 1 14
24932 1 2 2 9 1 10 1 25 3 53 1 64
24933 4 1 2 2 1 4 2 7 2 77
24934 
24935 2 1 1 8 4 9 3 10 1 12 1 24 1 77
24936 2 1 2 2 4 9 2 10 1 33 1 94 1 101
24937 6 1 2 4 2 77
24938 3 2 2 14 1 29
24939 2 1 2 3 2 19 2 77
24940 
24941 
24942 
24943 1 1 1 2 1 7 5 9 1 10 1 25 1 77
24944 5 2 1 42 1 103 1 104
24945 
24946 
24947 1 9 2 17 1 53 2 57
24948 
24949 
24950 1 1 3 2 1 37
24951 
24952 
24953 2 1 30 2 2 22
24954 
24955 
24956 
24957 
24958 1 1 3 2 4 9 1 10 1 17 1 77
24959 
24960 
24961 
24962 2 1 3 2 2 7 1 25 2 77
24963 2 1 4 2 2 7 2 25 2 77
24964 2 2 2 3 5 10 4 14 1 36 3 63 2 96
24965 
24966 2 14
24967 
24968 
24969 
24970 
24971 
24972 
24973 
24974 5 1 1 2 1 4 3 9 3 10
24975 5 1 1 2 1 4 3 9 3 10
24976 3 1 2 2 2 3 1 94
24977 3 1 2 2 2 3 1 94
24978 1 1 1 2 1 22 1 37
24979 1 1 1 2 1 22 1 37
24980 3 2 1 18 1 29 1 33 1 94
24981 3 2 1 18 1 29 1 33 1 94
24982 3 1 9 2 8 3 2 4 2 14 1 22
24983 3 1 9 2 8 3 2 4 2 14 1 22
24984 3 1 8 2 9 3 2 4 3 14 1 22
24985 3 1 8 2 9 3 2 4 3 14 1 22
24986 
24987 
24988 
24989 
24990 3 2 1 33 1 42
24991 3 2 1 33 1 42
24992 1 2 1 14 1 30 1 42
24993 1 2 1 14 1 30 1 42
24994 1 2 4 3 5 14 1 16 1 20
24995 2 16
24996 2 2 1 30 2 42
24997 
24998 
24999 5 16
25000 1 2 2 3 3 14 1 77
25001 1 2 2 3 3 14 1 16 1 77
25002 2 2 4 3 6 14 1 16 2 77
25003 
25004 
25005 
25006 
25007 1 14 1 19 1 30 1 77
25008 1 14 1 19 1 30 1 77
25009 1 14 1 19 1 30 1 77
25010 
25011 
25012 
25013 
25014 
25015 
25016 2 2 1 30 1 42 1 77
25017 2 2 1 30 1 42 1 77
25018 2 2 1 30 1 42 1 77
25019 2 3 2 14 1 42 1 77
25020 2 3 2 14 1 42 1 77
25021 1 2 4 3 5 14 1 77
25022 2 2 8 3 10 14 2 77
25023 1 2 4 3 5 14 1 77
25024 2 2 8 3 10 14 2 77
25025 
25026 
25027 
25028 2 2 10 3 12 14 2 77
25029 
25030 4 14 4 19 4 30 4 77
25031 5 9 1 12 1 30 1 77
25032 3 1 6 2 8 3 1 6 1 8 3 14 2 77
25033 3 2 1 33 1 77
25034 
25035 
25036 2 1 1 8 4 9 1 10 1 17 1 33 2 77
25037 2 1 1 8 4 9 1 10 1 17 1 33 2 77
25038 2 3 2 14 2 16 2 77
25039 2 2 1 29 1 30 1 42
25040 1 16
25041 
25042 3 1 9 2 8 3 2 4 2 14 1 22
25043 
25044 
25045 2 1 5 9 1 12 1 33
25046 
25047 
25048 
25049 
25050 2 1 4 2 2 3
25051 2 2 4 3 6 14
25053 
25054 1 1 1 3 1 14 1 29
25055 
25056 4 1 2 2 2 3 1 4
25057 1 1 1 3 1 14 1 30 1 42
25058 
25059 4 3 4 14 1 27
25060 3 1 2 2 1 32
25061 1 1 19 2 2 14 1 34
25062 1 1 19 2 2 14 1 34 1 64
25063 
25064 3 1 15 2 1 34
25065 11 2 1 30
25066 2 1 7 2 2 22
25067 
25068 1 21
25069 4 1 11 2 1 21 1 35
25070 1 1 1 2 2 35
25071 2 1 3 2 2 3 1 29 1 77
25072 2 1 3 2 2 3 1 29 1 77
25073 6 1 2 2 2 4 2 22
25074 
25075 
25076 4 1 1 3 1 4 1 18
25077 5 9 1 10 1 30 1 42
25078 
25079 2 2 7 3 8 14 1 20 2 26
25080 
25081 2 2 7 3 8 14 1 16 1 20 2 26
25082 2 1 1 2 1 29
25083 1 1 17 2 2 14 1 34
25084 1 1 17 2 2 14 1 34 1 64
25085 2 1 1 2 2 3 2 14
25086 4 1 15 2 1 35
25087 
25088 4 2 2 3 2 14
25089 4 2 2 3 2 14
25090 
25091 1 1 1 2 1 6 5 9 1 10
25092 3 1 2 2 3 3 1 19
25093 1 20 1 74
25094 3 2 2 3
25095 
25096 2 2 7 3 8 14 3 26
25097 2 2 7 3 8 14 1 16 3 26
25099 
25100 
25101 
25102 
25103 
25104 2 1 1 2 1 3 1 18 1 33 1 95
25105 
25106 
25107 3 1 2 2 1 3 2 14 1 34 1 77
25108 
25109 
25110 
25112 3 9 2 17 1 57
25113 5 2 1 24 1 27 1 34
25114 1 2 1 14 1 30 1 77
25115 3 1 10 2 1 14 1 30 1 34 1 77
25116 2 3 2 14 2 77
25119 
25120 
25121 1 20 1 75
25123 
25125 
25126 
25127 
25128 
25129 
25130 
25131 
25132 22 9 8 10
25133 
25136 
25137 
25138 
25139 12 2 6 14 3 31
25140 22 9 8 10
25141 
25142 1 20 1 76
25143 
25144 
25145 
25146 
25147 
25148 
25149 
25150 1 49
25151 2 2 1 18 1 33 2 94
25153 3 1 9 2 1 3 1 22
25154 1 1 5 2 4 9 1 39
25155 1 1 5 2 4 9 1 39
25156 2 1 2 2 2 3 1 4 1 18 1 42
25157 2 1 2 2 2 3 1 4 1 18 1 42
25158 2 1 1 2 1 3 1 30 1 77
25159 
25160 2 1 1 2 1 3 1 30 1 77
25162 1 1 1 2 1 7 1 20
25163 
25164 1 1 4 2 3 3
25165 
25166 1 1 1 2 1 107
25167 2 1 3 2 1 38 1 64
25168 1 1 1 2 1 3 1 14 1 55
25169 1 1 1 30 1 77
25170 1 1 1 30 1 77
25171 2 3 2 14 2 77
25172 2 3 2 14 2 77
25174 3 1 1 2 5 9 1 13 1 26
25175 4 1 15 2 1 35
25176 4 1 15 2 1 35
25177 
25179 5 9 1 12 1 18 1 33 1 95
25180 6 2 1 30
25181 2 1 4 2 1 3 1 8
25182 
25183 
25184 3 9 2 34
25185 
25186 
25187 
25188 1 1 7 2 4 9 1 39
25189 1 1 7 2 4 9 1 39
25190 
25191 
25192 1 1 5 9 1 12 1 33 1 42
25193 5 9 1 12 1 30 1 42
25194 5 9 1 12 1 16 1 30 1 42
25195 2 2 1 30 1 42 1 77
25196 
25197 
25198 1 1 3 2 1 37
25199 
25200 
25201 2 1 1 2 1 38
25204 1 74 1 77
25205 
25206 2 1 2 3 2 64
25207 
25208 2 1 4 2 2 3
25209 
25210 3 1 3 2 4 9 2 10 1 32 1 35 1 77
25211 3 1 3 2 4 9 2 10 1 32 1 35 1 77
25212 1 2 1 14 1 30 1 77
25213 1 37
25214 1 9 1 53 4 71
25215 
25216 1 1 11 2 4 25 1 100
25217 1 1 4 9 1 10 1 36 1 77
25218 
25219 
25220 1 1 8 2 2 3 1 34
25221 1 1 8 2 2 3 1 34
25222 1 1 1 3 1 14 1 30 1 42 1 96
25223 
25224 3 1 2 2 1 34
25225 3 1 2 2 1 34
25226 1 1 3 2 1 30 1 42
25227 
25228 
25229 
25230 2 3 2 14 2 77
25234 
25235 2 1 2 3 2 14
25236 
25238 9 9 5 10 1 42
25239 
25240 1 14 1 19 1 30 1 77
25241 
25242 
25243 2 1 5 2 2 3
25244 1 1 7 2 4 9 1 39
25245 5 1 16 2 1 22 1 35
25246 
25247 
25248 
25249 3 1 7 2 1 34
25250 3 1 7 2 1 34
25251 2 1 1 2 1 3 5 9 1 12 1 25
25252 
25253 2 1 12 2 2 96
25254 2 63
25255 1 1 1 3 1 14 1 35
25256 1 1 1 3 1 14 1 23 1 35
25257 4 2 1 5 1 26 1 77
25258 1 1 1 18 1 33 1 95
25259 1 1 1 18 1 33 1 95
25260 3 1 3 2 2 3 2 4 1 23
25261 3 2 1 33 1 77
25262 
25263 4 9 1 10 1 71 1 94
25265 2 1 5 2 2 3
25266 1 1 7 2 1 22
25268 
25269 
25270 1 72
25271 
25272 
25273 
25274 
25275 
25276 4 1 2 2 2 3 1 4
25277 1 2 1 5 5 9 1 10 1 25 1 77
25279 7 2 1 24 1 34
25280 
25281 
25282 2 1 2 2 1 4 2 5 2 77
25283 3 1 1 2 1 21 1 35
25284 3 1 1 2 1 21 1 35
25285 2 64 1 76
25286 2 5 2 6
25287 
25288 1 106
25289 8 9 2 10 2 53
25290 1 1 12 2 1 60
25291 2 9 1 53 3 71
25292 1 45
25293 10 2 4 3
25294 10 2 4 3
25295 9 9 3 10 1 64
25296 
25297 1 7
25298 1 1 4 2 1 32 1 94
25299 1 9 5 53
25300 
25301 2 9 2 53 2 71
25302 
25303 1 74
25304 3 9 2 53 1 71
25305 
25306 3 9 2 34
25307 
25308 
25309 2 2 1 30 2 42
25310 3 1 3 2 1 34
25311 
25312 
25313 1 16 2 21
25314 1 1 6 2 1 48
25315 2 2 1 30 1 42 1 77
25316 2 1 5 2 2 7 3 25 2 77
25317 
25318 1 64
25319 2 1 2 2 1 38
25320 2 1 2 2 1 38
25321 2 1 3 2 2 3 1 4 1 7
25322 1 1 13 2 2 6 1 14
25323 
25324 2 2 1 30 2 77
25325 2 2 1 30 2 77
25326 2 64 2 75 2 76
25327 
25328 1 1 1 2 1 21 1 35
25329 1 1 4 2 1 14 2 34
25330 4 1 2 2 2 3 2 77
25331 
25332 4 1 11 2 1 14 1 35 1 77
25333 4 1 11 2 1 35
25334 4 1 11 2 1 35
25335 4 1 11 2 1 35
25336 2 1 1 2 1 8 1 42
25337 
25338 2 1 3 2 1 14 1 34
25339 
25340 
25341 2 1 17 2 1 38
25342 2 1 17 2 1 38
25343 
25344 
25345 2 1 4 2 1 3 1 4 4 9 2 10 1 14 1 24 1 35
25346 2 1 4 2 1 3 1 4 4 9 2 10 1 14 1 24 1 35
25347 2 1 10 9 2 13
25348 2 1 5 2 2 3
25349 2 1 2 2 1 3 1 14 1 77
25350 3 1 5 2 1 14 1 22 1 34
25351 6 29
25352 1 5 1 74 3 75
25353 1 63
25354 
25355 4 2 2 33 4 42
25356 4 2 1 16 2 33 4 42
25357 
25358 
25359 
25360 
25361 
25362 1 1 2 2 1 75
25363 2 9 1 53 3 71
25364 2 9 1 53 3 71
25365 2 9 2 53 2 71
25366 1 9 2 53 3 71
25367 5 9 1 10
25368 4 9 1 10 1 11
25369 2 9 2 11 1 39
25370 
25371 2 9 2 11 1 39
25372 1 5
25373 1 75
25374 
25375 
25376 
25377 1 9 4 53 1 71
25378 1 69 2 76
25379 2 1 11 2 1 103
25380 1 5 3 69 1 70
25381 1 1 12 2 1 3
25382 1 1 14 2 1 60
25383 
25384 8 9 2 10 2 53
25385 8 9 2 10 2 53
25386 2 9 4 57
25387 2 9 4 57
25388 2 1 1 104
25390 10 9 2 12 1 33 1 42 1 77
25391 
25392 1 1 3 9 1 10 1 33 1 42 2 57
25393 4 1 9 2 7 3 3 4 1 8 1 14 1 26 1 27
25394 
25395 3 1 1 2 1 4 5 9 1 10 1 25
25396 
25397 2 1 1 2 1 3 1 44 1 77
25398 
25399 
25400 
25401 4 2 2 45
25402 
25403 
25404 2 1 3 2 1 38
25405 1 1 8 2 1 14 3 25
25406 1 1 2 2 1 5 1 6
25407 3 1 2 2 3 3
25408 8 2 12 3 2 4
25409 4 1 1 2 4 3
25410 4 1 1 4 5 9 1 10 1 33 1 77
25411 
25412 2 2 4 9 2 10 2 44 2 77
25413 
25414 
25415 2 1 9 2 1 3 1 14
25416 
25417 5 1 2 3 1 32
25418 6 1 5 2 2 3 1 22 1 32
25419 3 1 7 2 1 39
25420 3 1 7 2 1 39
25421 
25422 2 3 2 14 2 42
25423 
25424 
25425 2 1 2 2 2 3
25426 
25427 2 1 2 2 1 8 1 69
25428 2 74 1 75 2 76
25429 2 1 1 2 1 3 3 9 1 10 1 33 1 42 2 57
25430 4 2 1 22 1 42
25431 4 2 1 22 1 42
25432 1 1 1 2 1 7 4 75 1 77
25433 1 1 4 9 2 10 2 25 1 64
25434 8 2 4 4
25435 
25436 
25437 
25438 1 2 3 3 5 14 1 19
25439 1 2 3 3 5 14 1 19
25440 1 2 3 3 5 14 1 19
25441 4 1 4 2 2 3 1 4 1 22
25442 5 2 1 24 1 34
25443 5 2 1 24 1 34
25444 
25445 1 1 1 34 1 38
25446 2 1 1 8 5 9 1 10
25447 2 1 2 3 2 77
25448 2 1 2 3 2 77
25449 
25450 1 1 1 5 2 6
25451 2 1 3 2 4 9 1 13 1 17
25452 1 1 2 2 1 37
25453 1 1 2 2 1 103
25454 2 1 1 2 1 104
25455 
25456 1 1 3 2 1 103
25457 
25458 2 1 1 2 1 3 1 103
25459 2 1 2 2 1 3 1 103
25460 3 1 1 2 1 4 1 103
25461 1 1 4 9 1 10 1 12
25462 1 1 4 9 1 10 1 12
25463 1 1 4 9 1 10 1 12
25464 
25465 
25467 2 1 1 3 1 21 1 45
25468 
25469 
25470 3 1 1 4 3 9 1 10 2 17
25471 
25472 
25473 1 5 1 25 1 74
25474 3 1 1 3 3 9 3 10 1 25 1 64
25475 
25476 9 9 2 10 1 11 1 17 3 57
25477 
25478 
25479 2 1 7 2 4 3 2 4 2 8 1 18 1 21
25480 
25481 2 1 1 2 1 7 4 9 2 10
25482 3 1 3 2 3 3
25484 
25485 
25486 1 9 2 53 3 71
25487 1 9 2 53 3 71
25488 1 9 2 53 3 71
25489 1 76
25490 1 76
25491 
25492 
25493 1 75
25494 1 75
25495 
25496 
25497 
25498 1 55
25499 1 7 1 22
25500 2 5 2 42
25501 
25502 
25503 
25504 4 1 15 2 1 35
25505 1 1 1 2 1 35
25506 
25507 
25508 
25509 
25510 
25511 
25513 2 1 2 2 1 73
25514 
25515 1 1 7 2 1 37
25516 3 1 2 2 1 3 2 4 2 42
25517 1 1 1 2 1 14 1 96
25518 2 1 1 2 1 3 1 26
25519 2 1 1 25 1 101
25520 1 1 5 2 1 37
25521 2 1 5 2 2 3
25522 1 1 4 2 2 3 1 14
25523 3 10 3 71 3 74
25524 1 1 1 34 1 94
25525 
25526 2 1 7 2 3 25 4 77
25527 
25528 1 1 8 2 1 3
25529 6 9 1 10 1 12 4 17 1 19
25530 1 1 9 2 1 3
25531 1 1 10 2 1 3
25532 1 1 12 2 1 3
25533 1 1 14 2 1 3
25534 1 1 15 2 1 3
25535 1 1 16 2 1 3
25536 1 1 17 2 1 3
25537 1 1 19 2 1 3
25538 1 1 20 2 1 3
25539 1 45
25540 1 45
25541 1 49
25542 1 49
25543 1 2 2 76
25544 1 6 1 76
25545 
25546 2 2 1 3 1 76
25547 
25548 
25549 
25550 
25551 
25552 
25553 
25554 
25555 
25556 3 76
25557 
25558 2 9 3 53 1 71
25559 2 9 3 53 1 71
25560 5 9 1 53
25561 
25562 1 74 2 75
25563 1 51
25564 
25565 3 1 9 2 1 34
25566 
25567 1 74 1 75
25568 22 9 8 10
25569 4 9 1 10 1 11
25570 2 6 2 69
25571 2 6 2 69
25572 2 6 2 69
25573 1 1 11 2 1 102
25574 2 1 8 2 1 103
25575 1 1 7 2 1 102
25576 6 1 2 2 2 3 2 4 4 32
25577 2 5 2 6
25578 1 76
25579 1 37
25580 
25581 1 2 2 75
25582 
25583 3 9 3 53
25584 2 2 1 3 1 64
25585 1 1 4 2 1 74 3 75
25586 3 1 1 2 1 4
25587 3 2 8 3
25588 
25589 2 1 14 2 2 103
25590 
25591 3 1 1 2 3 3 3 25
25592 
25593 
25594 2 1 2 2 5 9 1 10 2 35
25595 2 1 2 2 5 9 1 10 2 35 1 63
25596 2 76 2 90
25597 1 29 1 77
25598 
25599 
25600 4 1 10 9 2 10 3 84
25601 
25602 2 1 6 2 2 14 2 33
25603 2 1 6 2 2 14 2 33
25604 1 2 1 63 1 75
25605 3 1 4 2 4 3 1 7 1 8
25606 
25607 
25608 4 2 2 3 2 64
25609 4 1 15 2 1 35
25610 
25611 
25612 
25613 
25614 
25615 
25616 2 1 6 2 1 3 1 14
25617 2 1 6 2 1 3 1 14
25618 
25619 1 1 1 3 1 4 10 9 1 10 1 12 1 77
25620 
25621 
25622 6 2 3 3 1 4 1 77
25623 4 1 17 2 3 3 1 4 1 35 1 77
25624 
25625 
25626 1 18 1 51
25627 
25628 
25629 
25630 
25631 
25632 
25633 3 9 1 10 1 11 1 17 1 18
25634 
25635 6 1 3 2 6 3
25637 
25638 4 1 5 2 2 8 2 9 2 12 2 17
25639 6 9 3 10 1 11 1 77
25640 6 9 3 10 1 11 1 77
25641 7 2 9 3 2 4 1 64
25642 
25643 
25644 2 1 2 2 1 101
25646 
25647 6 9 2 10 2 11 2 36
25648 1 6 4 9 1 10 1 17 1 42
25649 
25650 
25651 20 3
25652 1 74 5 75
25653 1 2 4 3 1 4 5 14 3 26 2 44 1 45
25654 1 74 3 75
25655 1 74 6 75
25656 
25657 9 16
25658 1 1 18 2 1 3
25659 
25660 
25661 4 1 1 2 1 4 1 34 1 77
25662 
25663 1 1 6 2 1 51
25664 1 1 1 2 1 103
25665 
25666 1 1 3 2 1 3 1 6 1 77
25667 1 2 1 19
25668 1 9 1 53 4 71
25669 1 1 9 2 1 60
25670 
25671 1 6 6 9 2 10 2 12
25672 
25673 
25674 
25675 1 14 1 16 1 19 1 30 1 77
25676 1 1 4 2 5 9 1 10 1 70
25677 6 2 12 16 6 27
25678 2 1 7 2 4 3 2 4 1 7 1 8 3 14 1 77
25679 
25680 
25681 
25682 1 1 16 2 1 3
25683 
25684 1 74 7 75
25685 1 74 8 75
25686 1 74 4 75
25687 
25688 
25689 
25690 
25691 
25692 
25693 8 9 4 10 2 12
25694 2 46 1 49
25695 2 2 1 3 1 41
25696 1 113
25697 
25698 1 1 14 2 1 3
25699 1 44
25700 1 1 18 2 1 3
25701 
25702 3 2 1 104
25703 2 2 1 104
25704 2 14 2 18
25705 3 2 1 3 1 64
25706 1 49 1 51
25707 
25708 1 102
25709 5 1 2 2 3 3
25710 1 1 10 2 1 102
25711 1 1 13 2 1 102
25712 1 37
25713 2 1 5 2 1 103
25714 1 1 3 9 1 12 1 39
25715 
25716 1 1 5 2 1 3 1 4
25717 
25718 3 2 2 3
25719 3 9 1 10 1 11 1 63 1 71
25720 6 9 4 10 2 64
25721 1 45 1 69 1 76
25722 1 45 1 69 1 76
25723 1 2 2 6 2 8 4 9 2 10
25724 2 1 7 2 1 104
25725 1 76
25726 1 14
25727 
25728 1 9 3 53 2 71
25729 1 9 3 53 2 71
25730 1 1 1 24
25731 3 1 3 9 3 10 1 77
25732 
25733 
25734 
25735 
25736 
25737 
25738 1 4 2 63 2 64
25739 1 4 1 63 3 64
25740 1 46 3 63
25741 2 1 9 2 1 104
25742 2 43
25743 4 1 4 2 2 3
25744 
25745 1 1 1 103
25746 
25747 
25748 
25749 3 1 3 9 3 10 1 77
25750 
25751 3 1 3 9 3 10 1 77
25752 
25753 
25754 
25755 
25756 
25758 2 20
25759 2 20
25760 8 9 4 10 2 64
25761 8 9 4 10 2 64
25762 
25763 1 1 1 45
25764 8 9 2 10 2 53
25765 1 55
25766 
25767 1 2 1 6
25768 1 2 1 6
25769 1 106
25770 
25771 2 1 9 2 1 103
25772 2 1 13 2 1 103
25773 2 1 7 2 1 103
25774 
25775 1 37
25776 4 1 6 2 1 4
25777 1 1 8 2 1 32 1 94
25778 1 1 4 2 1 51
25779 1 20 1 64 1 66
25780 
25781 2 1 17 2 1 103
25782 
25783 2 1 12 2 1 19
25784 
25785 1 2 1 3 1 19 1 64
25786 3 74 3 77
25787 
25788 2 1 11 2 1 103
25789 2 1 9 2 1 103
25790 1 1 1 49
25791 
25792 1 1 11 2 1 60
25793 4 1 13 2 1 4
25794 1 6 1 69 1 74
25795 3 1 2 2 1 3 1 6
25796 
25797 4 1 11 2 1 35
25798 
25799 
25800 
25801 
25802 
25803 2 1 1 2 2 24 1 84
25804 
25805 4 9 1 10 1 17 1 30 1 42
25806 4 9 1 10 1 17 1 32 1 42
25808 
25809 
25810 2 107 1 108
25811 2 9 2 11 2 17
25812 2 1 1 6 1 24 1 26
25813 2 2 1 3 3 14
25814 4 1 11 2 5 3 1 4 1 7 2 8 1 14
25815 
25816 3 1 21 2 1 34
25817 1 1 7 2 1 35
25818 1 1 7 2 1 35
25819 3 1 1 3 4 9 1 12 1 13 1 42
25820 2 2 4 3
25821 
25823 
25824 1 1 4 2 2 3 1 14
25825 1 1 4 2 1 3 1 5 1 14
25826 
25827 
25828 
25829 
25830 
25831 1 6 6 9 2 10 2 12
25832 5 1 3 2 1 3 1 4
25833 5 1 3 2 1 3 1 4
25834 5 1 2 2 3 3
25835 1 1 5 2 1 102
25836 1 1 6 2 1 102
25837 5 1 3 2 1 3 1 4
25838 5 1 3 2 1 3 1 4
25839 1 20 1 63 1 66
25840 1 45 1 48
25841 6 2 2 3 4 9 2 10
25842 
25843 
25844 
25845 
25846 2 9 2 11 1 39
25847 1 2 1 19 1 45
25848 1 2 1 19 1 45
25849 
25850 
25851 2 1 2 2 2 3 2 14
25853 2 1 1 26
25854 4 2 1 3 1 29
25855 2 1 1 2 2 3 2 64
25856 
25857 1 2 2 75
25858 3 1 3 2 1 3 2 26
25859 
25860 9 9 4 10 1 12 1 14
25861 2 1 2 3 2 77
25862 1 1 9 2 1 102
25863 4 9 1 10 1 11
25864 1 44 1 45
25865 
25866 1 44 1 49
25867 1 8 5 69 1 70
25868 2 9 4 10 4 64
25869 
25870 2 49
25871 1 45 1 51
25872 3 1 3 9 3 10 1 77
25873 2 1 2 2 2 14 1 19 1 22 1 34
25874 4 1 2 2 4 3
25875 2 1 5 2 2 3
25876 2 1 4 2 1 3 1 21
25877 2 63
25878 2 1 1 111
25879 4 3 2 6
25880 1 1 1 75
25881 2 1 6 2 1 103
25882 2 1 6 2 1 103
25883 2 1 6 2 1 103
25884 2 1 7 2 1 103
25885 
25886 3 1 3 9 3 10 1 77
25887 1 1 13 2 1 60
25888 1 2 1 6
25889 1 2 1 6
25890 2 1 4 2 1 103
25891 1 1 8 2 1 74
25892 1 40
25893 1 40
25894 1 6 8 9 8 10
25895 10 2 4 3
25896 10 2 4 3
25897 10 2 4 3
25898 1 1 15 2 1 102
25899 1 1 7 2 1 32 1 94
25900 2 1 3 2 4 3
25901 
25902 2 1 1 2 1 3 1 63
25903 2 1 1 2 2 3 1 6
25904 1 69 2 76
25905 
25906 1 7 1 69 1 76
25907 
25908 2 89
25909 3 2 1 3 1 63
25910 2 89
25911 8 9 2 10 2 53
25912 1 45 1 63 1 64
25913 
25914 
25915 2 8 4 69
25916 2 64 2 66
25917 2 9 3 53 1 71
25918 2 9 3 53 1 71
25919 2 9 3 53 1 71
25920 2 9 2 53 2 71
25921 2 9 2 53 2 71
25922 2 9 2 53 2 71
25923 2 9 2 53 2 71
25924 2 9 1 53 3 71
25925 2 9 1 53 3 71
25926 3 9 1 53 2 71
25927 3 9 2 53 1 71
25928 2 9 2 53 2 71
25929 2 9 2 53 2 71
25930 2 9 2 53 2 71
25931 2 1 3 2 4 3
25932 
25933 7 9 2 10 3 53
25934 7 9 2 10 3 53
25935 7 9 2 10 3 53
25936 
25937 3 9 1 53 2 71
25938 3 1 1 2 1 3 1 45
25939 2 2 1 6 6 9 4 10
25940 3 1 3 9 3 10 1 77
25941 7 9 2 10 3 53
25942 7 9 2 10 3 53
25943 7 9 2 10 3 53
25944 7 9 2 10 3 53
25945 7 9 2 10 3 53
25946 7 9 2 10 3 53
25947 7 9 2 10 3 53
25948 7 9 2 10 3 53
25949 7 9 2 10 3 53
25950 7 9 2 10 3 53
25951 
25952 
25953 
25954 
25955 3 9 1 10 2 11
25956 3 9 1 10 2 11
25957 3 9 1 10 2 11
25958 3 9 1 10 2 11
25959 3 9 1 10 2 11
25960 1 1 3 2 1 32 1 94
25961 2 9 1 53 3 71
25962 
25963 1 1 1 63 2 66
25964 1 1 1 64 2 66
25965 1 1 17 2 1 102
25966 
25967 2 5
25968 1 49 1 63 1 64
25969 1 46 1 63 2 64
25970 1 46 2 63 1 64
25971 2 1 8 2 1 103
25972 
25973 
25974 2 1 17 2 1 103
25975 3 1 3 9 3 12
25976 
25977 1 1 5 2 1 32 1 94
25978 1 9 3 53 2 71
25979 1 9 3 53 2 71
25980 1 9 3 53 2 71
25981 4 1 9 2 1 4
25982 8 9 4 10 2 64
25983 8 9 4 10 2 64
25984 
25985 1 37
25986 
25987 
25988 
25989 1 1 1 76
25990 5 1 1 2 3 3
25991 5 1 1 2 3 3
25992 4 1 4 2 2 3
25993 4 1 4 2 2 3
25994 4 1 4 2 2 3
25995 4 1 4 2 2 3
25996 5 1 3 2 1 3 1 4
25997 5 1 3 2 1 3 1 4
25998 5 1 2 2 3 3
25999 5 1 2 2 3 3
26000 5 1 3 2 1 3 1 4
26001 5 1 3 2 1 3 1 4
26002 5 1 3 2 1 3 1 4
26003 4 1 2 2 2 3
26004 3 9 3 10 3 64
26005 1 1 2 2 1 3 2 63
26006 1 1 15 2 1 60
26007 1 1 17 2 1 60
26008 2 1 1 2 2 3 1 6
26009 
26010 1 1 6 2 1 74
26011 3 1 1 2 1 3 1 45
26012 3 1 1 2 1 3 1 45
26013 1 7 1 64 1 76
26014 7 9 2 10 3 53
26015 8 9 4 10 2 64
26016 4 1 14 2 1 4
26017 1 1 1 2 5 9 1 10 1 77
26018 7 9 2 10 3 53
26019 7 9 2 10 3 53
26020 4 1 4 2 2 3
26021 4 1 2 2 2 3
26022 7 9 2 10 3 53
26023 7 9 2 10 3 53
26024 2 2 1 6 6 9 4 10
26025 8 9 4 10 2 64
26026 8 9 4 10 2 64
26027 2 2 1 6 6 9 4 10
26028 8 9 4 10 2 64
26029 4 1 11 2 1 4
26030 1 1 8 2 1 102
26031 2 1 8 2 1 103
26032 
26033 8 9 4 10 2 64
26034 1 1 6 2 1 75
26035 2 1 1 2 2 3 1 6
26036 4 1 10 2 1 4
26037 4 1 12 2 1 4
26038 4 1 15 2 1 4
26039 1 1 17 2 1 44
26040 1 1 4 2 1 48
26041 1 1 10 2 1 48
26042 1 1 12 2 1 48
26043 1 1 14 2 1 48
26044 1 1 16 2 1 48
26045 1 1 17 2 1 48
26046 1 1 18 2 1 48
26047 1 1 15 2 1 48
26048 2 1 9 2 1 103
26049 1 1 10 2 1 51
26050 1 1 12 2 1 51
26051 1 1 14 2 1 51
26052 1 1 16 2 1 51
26053 1 1 17 2 1 51
26054 1 1 18 2 1 51
26055 1 1 15 2 1 74
26056 1 1 17 2 1 74
26057 1 1 18 2 1 74
26058 1 1 9 2 1 74
26059 1 1 11 2 1 74
26060 1 1 12 2 1 74
26061 1 1 13 2 1 74
26062 1 1 14 2 1 74
26063 1 1 11 2 1 75
26064 1 1 12 2 1 75
26065 1 1 13 2 1 75
26066 1 1 14 2 1 75
26067 1 1 15 2 1 75
26068 1 1 16 2 1 75
26069 1 1 17 2 1 75
26070 1 1 18 2 1 75
26071 1 1 3 2 1 75
26072 1 1 4 2 1 75
26073 1 1 7 2 1 75
26074 1 1 8 2 1 75
26075 1 1 9 2 1 75
26076 1 1 10 2 1 75
26077 2 1 8 2 1 104
26078 2 1 10 2 1 104
26079 2 1 11 2 1 104
26080 2 1 12 2 1 104
26081 2 1 15 2 1 104
26082 2 1 16 2 1 104
26083 2 1 17 2 1 104
26084 1 1 12 2 1 102
26085 1 1 14 2 1 102
26086 1 1 16 2 1 102
26087 1 1 18 2 1 102
26088 2 1 2 2 1 3 1 8
26089 
26090 4 2 2 3 4 9 2 12
26091 2 2 2 3
26092 2 2 2 3
26093 2 1 14 2 1 103
26094 1 2 3 6 2 8
26095 2 1 13 2 1 104
26096 2 1 13 2 1 103
26097 2 1 13 2 1 103
26098 
26099 2 1 12 2 1 103
26100 2 1 12 2 1 103
26101 2 1 12 2 1 103
26102 2 1 15 2 1 103
26103 2 1 15 2 1 103
26104 2 1 15 2 1 103
26105 
26106 2 1 16 2 1 103
26107 2 1 16 2 1 103
26108 2 1 16 2 1 103
26109 2 1 17 2 1 103
26110 2 1 10 2 1 103
26111 2 1 10 2 1 103
26112 2 1 10 2 1 103
26113 2 1 14 2 1 104
26114 2 1 14 2 1 103
26115 2 1 14 2 1 103
26116 1 1 7 2 1 3
26117 2 1 11 2 1 103
26118 
26119 1 2 1 6
26120 1 2 1 6
26121 1 7 1 70
26122 1 37
26123 1 37
26124 1 37
26125 4 2 2 3 4 9 2 12
26126 
26127 1 1 5 9 1 10 1 77
26128 4 8 8 9 8 10
26129 1 14
26130 
26131 3 66
26132 4 66
26133 1 1 1 66
26134 1 24 1 38
26135 
26136 
26137 10 9 12 10
26138 
26139 1 6 10 9 14 10
26140 1 1 4 2 3 3
26141 1 1 4 2 3 3
26142 1 55
26143 
26144 2 1 1 2 1 8 1 64
26145 2 2 1 30 1 77 1 94
26146 2 2 1 30 1 77 1 94
26147 
26148 
26149 
26150 1 1 5 2 1 97
26151 2 1 3 2 2 3
26152 2 1 4 2 2 3
26153 10 9 10 10
26154 
26155 2 1 1 2 1 3 1 5 1 25
26156 
26157 10 9 12 10
26158 10 9 14 10
26159 12 9 16 10
26160 
26161 
26162 1 6 10 9 12 10
26163 1 6 10 9 12 10
26164 1 6 10 9 12 10
26165 1 6 10 9 12 10
26166 12 9 18 10
26167 
26168 10 9 10 10
26169 2 1 3 2 4 3
26170 2 1 3 2 4 3
26171 2 1 3 2 4 3
26172 
26173 1 1 13 2 1 3
26174 2 75
26175 1 75 1 76
26176 8 9 4 10 2 64
26177 
26178 
26179 
26180 
26181 
26182 1 1 11 2 1 3
26183 3 2 2 3
26184 
26185 
26187 
26188 5 66
26190 
26191 3 9 1 10 2 11
26192 4 1 1 6 2 8
26193 2 9 2 53 2 71
26194 10 9 10 10
26195 
26196 
26197 
26198 1 1 4 2 2 3 1 14
26199 
26200 1 1 1 3 1 14 1 30 1 42
26201 3 1 1 4 1 5 1 6
26202 
26203 
26204 1 1 5 2 1 22
26205 4 1 4 2 1 81
26206 
26207 1 2 2 45
26208 1 1 2 2 1 25
26209 4 1 8 2 4 25
26210 2 4 16 9 6 10 2 14
26212 6 2 2 3 2 14
26213 2 2 5 9 1 12 1 22
26214 2 2 5 9 1 12 1 22
26215 1 1 4 2 2 3 1 14
26216 8 1 7 2 4 3 1 35 1 64
26217 2 1 1 2 2 45
26218 2 2 8 9 4 13
26219 10 2 4 3
26220 1 45 1 51 1 76
26221 3 1 2 2 3 3
26222 2 21
26224 2 1 12 2 1 6 1 22
26225 2 3 4 27
26226 4 1 4 25
26227 6 2 3 4
26228 5 1 1 4 4 10 1 18 2 57
26229 2 1 4 2 2 3 1 7
26230 2 1 2 2 3 3 1 4 1 7 1 14
26231 4 2 2 3 1 19
26232 1 1 3 2 2 3 1 18
26233 10 1 4 4 8 9 4 10
26234 3 2 2 3 2 64
26236 2 1 4 2 2 3 1 19
26237 2 1 3 2 2 4 2 14
26238 
26239 
26240 
26241 3 1 3 2 4 3 1 14
26242 4 1 12 2 2 34
26243 4 1 12 2 2 34 2 64
26244 1 23
26245 2 2 2 56
26246 2 1 1 3 1 104
26247 4 1 2 4 5 9 1 10 1 14
26248 1 2 3 3 4 14 1 20
26249 2 1 3 2 2 3 2 42
26250 2 1 6 2 2 3 2 77
26251 
26252 
26253 1 2 2 76
26254 2 1 6 2 2 4 4 9 2 10
26255 3 2 2 3 2 42
26256 3 1 3 3
26257 
26258 
26259 
26260 3 1 4 2 2 3 1 4 1 14
26262 
26263 4 1 1 2 5 25 2 99
26264 
26265 2 2 5 9 1 12 1 29
26266 
26267 1 1 5 2 3 3
26268 1 64 2 74 1 76
26269 3 1 1 2 2 3 1 14
26270 
26271 2 1 1 38
26272 2 1 1 38 1 64
26273 
26274 
26275 1 11 2 36 3 57
26276 4 2 2 3 1 14 1 64
26277 
26278 1 16
26279 1 1 1 14 1 19 1 66
26280 4 1 11 2 1 35 1 74 1 77
26281 
26282 1 1 1 2 1 119
26283 2 1 3 2 3 3 1 7 1 14
26284 4 1 4 2 2 4 6 26 1 27
26285 2 1 1 3 7 9 3 10 1 32 1 101
26286 2 1 1 3 7 9 3 10 1 32 1 101
26287 2 2 2 3 2 5
26288 
26289 1 1 4 2 1 3 1 104
26290 1 1 7 2 1 3 1 4
26291 4 9 1 10 1 14 1 53 1 77
26292 4 9 1 10 1 17 1 64
26293 2 1 8 2 2 3
26294 4 1 1 2 1 3 1 4 1 26 1 27
26295 
26296 
26297 
26298 
26299 
26300 2 2 1 4 10 9 2 12 2 14
26301 
26302 3 1 4 2 2 3 1 4 1 14
26303 
26304 5 2 7 3 1 14
26305 5 2 7 3 1 14
26306 
26307 
26308 6 1 8 2 2 3 2 4 2 8
26309 4 9 1 10 1 11 1 97
26310 5 1 5 2 3 9 1 12 2 13
26311 2 1 6 2 4 9 2 12
26312 2 1 17 2 1 6 1 22
26313 6 2 2 3 1 19
26314 6 2 2 3 1 19
26315 
26316 12 1 2 3 4 4
26317 
26318 
26321 4 1 1 2 1 4 2 26
26322 4 1 1 2 2 3
26323 1 1 5 2 1 3 1 4 1 19
26325 
26326 1 1 1 2 7 3 1 4 1 77
26327 3 2 2 3 2 14
26328 
26329 
26330 
26331 
26332 2 1 6 2 2 3
26333 2 1 1 2 2 3 2 64
26334 
26335 
26336 2 1 9 2 3 6 1 22
26337 
26338 2 1 13 2 1 3 1 6 1 14 1 22
26340 2 1 6 2 2 3
26341 2 1 6 2 2 3
26342 10 2 2 4
26343 1 1 9 2 4 3 1 35
26344 1 1 5 2 2 3 1 14
26345 
26346 2 2 2 3 2 6
26347 3 1 3 2 3 3
26348 
26349 
26350 2 1 20 2 2 35
26352 5 2 2 3 1 19
26353 6 1 4 2 2 3 2 4
26354 2 1 4 2 2 3 1 77
26355 
26356 1 2 1 5 4 75 1 77
26358 2 9 3 11 1 12 1 64
26359 
26360 1 1 1 4 1 14 2 44
26361 1 1 1 2 1 25
26362 1 1 1 2 1 25
26363 6 2 4 3
26364 2 1 8 2 2 3 4 9 2 10
26365 6 1 11 2 8 3 2 4 1 8 1 14
26366 11 9 5 10 1 20
26367 10 9 4 10
26368 3 1 3 2 3 3 1 4
26369 
26370 4 2 1 3 5 9 1 13 1 14
26371 5 2 7 3 1 14
26373 2 1 7 2 2 3 1 4
26375 
26377 3 29 3 42
26378 6 2 2 3 2 14
26379 2 1 2 2 1 3 1 26
26380 1 1 1 6 5 9 1 12 1 77
26381 
26382 2 1 5 2 2 3
26383 2 1 2 2 2 3 2 14
26384 2 1 2 2 3 3 1 6 1 8 1 33 3 42
26385 
26386 2 1 1 8 1 14
26387 
26388 
26389 
26390 
26392 1 1 3 2 2 3 1 26
26393 2 1 4 2 2 3 2 77
26396 
26397 3 1 3 2 3 3
26398 1 1 1 2 1 6 1 69
26399 
26400 2 1 2 2 2 3 1 27 1 77
26401 
26402 
26403 
26404 
26405 2 2 2 7 10 9 2 10
26407 2 1 1 4 1 19 1 22
26408 2 9 2 10 1 11 1 17 2 64
26410 4 9 2 10
26411 2 64
26412 
26413 
26414 
26415 6 2 2 3 1 6
26416 
26417 
26418 
26419 
26420 2 1 1 2 1 8 1 14 1 77
26421 1 1 5 2 3 3 1 4
26423 1 1 7 2 3 3
26424 1 7 5 9 1 10 1 24
26425 1 5 1 6 1 14
26426 9 2 3 3 1 33
26427 9 2 3 3 1 33
26429 
26430 
26431 
26432 1 7 1 14 1 65
26433 5 64
26434 7 2 4 3 1 19 2 35
26435 
26438 
26439 6 2 2 3 1 7
26440 2 1 4 2 2 32
26441 
26442 
26444 4 2 2 7
26445 
26446 
26448 2 1 2 2 2 3 1 6 1 7
26449 
26450 2 2 1 70
26451 
26452 
26453 2 7 1 14
26454 
26456 
26457 
26458 
26459 
26460 2 1 5 2 1 34 1 38 1 64
26461 1 1 15 2 2 14 1 34
26462 1 1 15 2 2 14 1 34 1 64
26463 2 1 2 2 2 3 2 14
26464 1 1 15 2 1 37
26466 
26467 
26468 3 9 2 17 1 57
26470 1 30 1 60 1 77
26471 1 30 1 60 1 77
26472 6 1 1 2 2 4 2 22
26473 
26474 
26475 2 1 1 3 1 30 1 77
26476 2 1 1 3 1 30 1 77
26477 1 1 2 2 1 3 1 14 1 55
26478 1 3 1 14 1 22 1 77
26479 1 3 1 14 1 22 1 77
26480 3 1 1 2 5 9 1 13 1 26
26481 4 1 13 2 1 35
26482 
26483 5 9 1 12 1 18 1 33 1 95
26484 3 1 10 2 1 3 1 22
26485 3 1 2 3 1 4 3 9 1 10 2 12 2 14 1 32 1 101
26486 
26487 3 1 17 2 1 34
26490 3 2 1 14 1 37
26491 
26492 3 1 6 2 1 34
26493 3 1 6 2 1 34
26494 
26495 
26496 
26497 
26498 16 9 6 10
26500 9 9 5 10 1 20
26501 
26502 
26503 2 1 5 2 1 38
26504 3 1 5 2 1 34
26505 3 1 5 2 1 34
26506 1 1 1 8 5 9 1 10 1 18
26507 2 1 8 2 2 96
26508 2 1 1 2 1 29
26509 3 1 3 2 2 3 2 4 1 21
26510 1 2 1 14 1 30 1 77
26511 4 9 1 10 1 71 1 94
26512 
26514 
26515 
26516 
26517 2 1 1 3 1 4 5 9 1 10 2 18
26520 
26521 2 1 4 2 1 14 1 34
26522 
26523 
26524 
26525 2 1 7 2 1 35
26526 2 1 7 2 1 35
26527 
26528 1 64
26529 1 46 1 63 2 75
26530 
26531 2 1 6 2 2 22
26532 
26533 2 1 3 2 1 8 1 42
26534 2 1 3 2 1 14 1 34
26535 2 1 15 2 1 38
26536 2 1 15 2 1 38
26537 
26538 
26539 
26540 
26541 
26542 3 1 3 2 1 14 1 22 1 34
26543 1 1 5 2 1 29
26544 1 5 1 74 7 75
26545 2 1 10 2 4 3
26546 
26547 
26548 
26550 
26551 
26552 2 1 5 2 2 3
26553 
26554 1 2 1 14 1 74 8 75
26555 1 1 6 2 1 14 2 25
26556 4 1 1 2 4 3
26557 4 1 4 2 1 4 2 77
26558 
26559 
26560 6 1 4 2 2 3 1 22 1 32
26561 
26562 
26563 
26564 4 1 2 2 2 3 1 4
26565 2 74 1 75 2 76
26566 2 1 1 3 3 9 1 10 1 33 1 42 2 57
26567 5 2 3 14 1 32
26568 5 2 3 14 1 32
26569 2 1 2 2 2 45
26570 2 2 1 22 1 42
26571 2 2 1 22 1 42
26572 2 2 4 9 2 10 1 24 2 25 1 64
26573 1 1 11 2 1 3 3 4
26574 2 1 1 2 1 38
26575 2 1 1 2 1 38
26576 
26577 4 1 4 2 2 3 1 4 1 77
26578 1 1 7 2 1 34
26579 
26580 
26581 
26582 
26584 
26585 2 1 3 2 2 3
26586 4 1 1 3 5 9 1 10 1 70
26587 
26588 
26589 2 1 1 3 4 9 2 10 1 25 1 64
26590 
26591 3 63
26592 
26593 2 1 12 2 1 35
26594 2 1 12 2 1 35
26596 1 1 4 2 2 3 1 14
26597 2 1 1 25 1 96
26598 2 1 1 25 1 101
26599 
26600 4 9 2 10 2 74
26601 2 1 5 2 1 25 4 77
26602 
26603 1 31 1 95
26604 1 1 7 2 1 74 3 75
26605 2 45 2 74
26606 1 3 2 64 1 75
26607 
26608 
26609 
26610 
26611 6 2 3 3 1 4 1 77
26612 1 1 3 2 1 3 1 4 2 14
26613 3 1 6 2 2 3 1 7 1 8 2 9 2 10 2 17
26614 6 2 7 3 1 4 1 64
26615 
26616 
26617 3 2 1 3 1 6 1 18
26618 
26619 
26620 6 2 8 16 6 27
26621 3 74 3 77
26622 4 1 2 2 1 3 1 35 1 77
26623 2 107 1 108
26624 
26625 1 2 1 3 1 5 2 24
26626 1 1 6 2 1 35
26628 
26629 
26630 
26631 2 1 2 2 2 3 2 25
26632 2 1 4 2 1 3 1 21
26633 2 1 1 8 1 77
26634 4 1 2 2 1 8 1 14 1 34 1 77
26635 1 1 3 2 1 97
26636 3 1 3 2 3 3
26637 
26638 2 1 1 2 1 111
26639 
26640 2 1 1 2 1 3 1 78
26641 1 2 5 9 1 12 1 22
26642 1 2 5 9 1 12 1 22
26643 6 2 2 3 2 64
26644 2 1 1 2 2 45
26645 2 1 6 2 2 3
26646 12 9 6 13
26647 4 2 1 3 1 14 1 45
26648 2 1 10 2 1 6 1 22
26649 
26650 2 1 4 2 3 3 1 4 1 14
26651 3 1 1 2 2 3 1 14
26652 3 1 3 25
26653 4 2 2 3 1 19
26654 10 1 4 2 4 4 8 9 4 10
26655 1 1 3 2 2 3 1 42
26656 2 1 3 2 2 3 1 19
26657 2 1 3 2 2 3 1 19
26658 
26659 
26660 
26661 2 1 4 2 2 3 2 77
26662 
26663 
26664 5 9 1 10 1 35
26665 1 1 5 2 3 3
26666 3 1 3 2 2 3 1 4 3 7
26667 1 11 1 36 4 57
26668 
26669 1 14 1 19 1 65
26670 4 1 7 2 1 35 1 74 1 77
26671 4 9 1 12 1 17 1 30 1 42
26672 
26673 
26674 
26675 3 1 8 2 1 3 1 4 2 26
26676 
26677 2 4 12 9 6 10 4 11 2 14
26678 2 1 8 2 2 3
26679 
26680 3 1 4 2 2 3 1 4 1 14
26681 4 9 1 10 1 57 1 97
26682 
26683 4 1 2 3 2 26
26684 2 16 2 21
26685 1 1 5 2 1 3 1 4 1 19
26686 4 1 1 2 1 3 1 4 1 14
26687 
26689 1 2 7 3 1 4 1 42
26690 
26691 9 2 4 3 1 34
26692 2 2 4 3 1 6
26693 2 1 9 2 3 6 1 22
26694 
26695 1 1 4 2 2 3 1 42
26697 3 2 2 3 4 9 2 10
26698 
26699 2 1 1 2 2 3 2 64
26700 2 1 4 2 2 3 1 77
26702 8 1 2 3 2 4
26703 2 1 8 2 2 3 4 9 2 10
26704 10 9 6 10 1 20 1 24
26705 
26706 8 1 4 26
26707 1 2 1 5 1 74 3 75 1 77
26708 8 9 2 10
26709 2 2 4 3 2 6
26710 
26711 2 1 2 2 2 3 1 27 1 77
26712 
26713 1 1 3 2 2 3 1 26
26714 
26715 
26716 2 1 1 8 1 14
26717 
26718 
26719 
26720 3 2 2 7 10 9 2 10
26721 
26723 3 9 3 10 1 42 2 64
26724 1 9 3 10 1 11 1 17 3 64
26725 4 9 2 10
26726 1 5 1 6 1 14
26727 2 1 13 2 5 9 1 12 1 34
26728 
26729 2 1 11 2 5 9 1 12 1 34
26731 3 1 18 2 1 34
26732 2 6 1 19
26733 3 1 18 2 1 34
26734 1 1 5 2 3 3 1 4
26735 1 7 5 9 1 10 1 14
26736 6 2 2 3 1 6
26737 
26738 1 64
26739 
26740 
26741 4 9 2 10 1 18 1 42
26745 8 2 4 14 2 34
26746 5 9 1 10 1 30 1 42
26748 
26749 4 1 1 2 2 3 1 30 1 77
26750 4 1 1 2 2 3 1 30 1 77
26751 1 70 4 104
26752 1 70 4 104
26753 1 1 6 2 7 3 1 4
26754 1 1 5 2 9 3
26755 1 1 6 2 7 3 1 4
26756 6 2 4 3
26757 
26758 4 2 2 3 1 77
26759 2 1 2 2 1 3 1 65
26760 3 1 2 2 1 21 1 35
26761 3 1 2 2 1 21 1 35
26762 3 1 3 2 2 25 1 34
26763 3 1 3 2 2 25 1 34
26764 1 22 1 42
26765 1 22 1 42
26766 1 14 1 19 1 22
26767 
26768 3 16
26769 1 42 1 77
26770 
26771 
26772 2 2 4 3 5 14 1 31
26773 2 1 2 2 2 3 2 14
26774 2 1 1 2 2 3 2 14
26775 1 1 12 2 3 25 1 100
26776 1 1 11 2 2 25 1 100
26777 1 1 13 2 4 25 1 100
26778 1 1 10 2 1 25 1 100
26779 1 1 1 6 1 42 1 77
26780 3 9 2 17 1 57
26782 3 2 1 33 1 77
26783 
26784 
26785 1 2 1 14 1 30 1 77
26786 3 2 1 29 1 30 1 77
26787 3 1 12 2 1 29 1 30 1 34 1 77
26788 3 2 1 29 1 30 1 77
26789 1 1 1 3 1 14 1 30 1 77
26790 1 1 1 3 1 14 1 30 1 77
26791 2 1 1 3 1 30 1 77
26792 4 1 9 2 1 3 1 14 1 30 1 34 1 77
26793 3 1 9 2 1 34
26794 2 2 4 3 5 14 1 31
26795 
26796 1 1 1 30 1 77
26797 
26798 
26799 2 1 6 2 4 22
26800 6 2 2 21 2 22
26801 2 1 6 2 4 22
26802 
26803 
26804 2 1 1 3 1 35 1 77
26805 2 1 1 3 1 35 1 77
26806 
26807 
26808 
26809 
26810 2 1 2 2 2 3 1 29 1 77
26811 2 1 2 2 2 3 1 29 1 77
26812 
26813 
26814 2 1 1 2 1 3 1 35 1 77
26815 2 1 1 2 1 3 1 35 1 77
26816 
26817 
26818 
26819 
26820 
26821 3 1 2 2 1 14 1 22 1 34
26822 
26823 
26824 
26825 
26826 
26827 
26828 
26829 
26830 
26831 
26832 
26833 
26834 
26835 
26836 
26837 
26838 
26839 
26840 
26841 
26842 
26843 10 16
26844 
26845 
26846 
26847 5 1 2 2 1 4 1 14 1 34 1 77
26848 
26849 6 1 2 4 2 22
26850 4 1 2 3 1 22 1 77
26851 3 9 1 10 1 32 1 42 2 57
26852 2 1 3 2 1 14 1 34
26853 3 1 4 2 1 34
26854 3 1 4 2 1 34
26855 2 1 3 2 1 14 1 34
26856 4 2 2 14 1 31
26857 3 1 3 2 1 34
26858 3 1 3 2 1 34
26859 3 1 3 2 1 34
26860 2 1 2 2 1 14 1 34
26861 2 1 2 2 1 14 1 34
26862 4 1 11 2 1 35
26863 4 1 11 2 1 35
26864 
26865 
26866 2 1 4 2 2 96
26867 
26868 
26869 
26870 
26871 
26872 
26873 1 1 3 2 1 3 1 14 1 55
26874 
26875 1 51 1 77
26876 1 51 1 77
26877 1 6 2 77
26879 1 6 2 77
26880 4 9 2 10 2 77
26881 1 1 2 2 4 9 1 13 1 32 1 53 1 77 1 108
26882 1 1 2 2 4 9 1 13 1 32 1 53 1 77 1 108
26883 1 1 1 2 1 18 1 33 1 95
26884 1 1 3 2 1 18 1 33 1 95
26885 2 2 1 3 1 18 1 35 1 95
26886 2 1 1 2 1 3 1 18 1 33 1 95
26887 
26888 3 1 13 2 1 3 1 6 1 22
26889 2 2 7 3 8 14 1 16 3 26
26890 6 3 5 14 1 20 1 27 1 101
26891 3 2 7 3 8 14 1 20 4 26
26892 
26893 
26894 
26895 
26896 
26897 
26898 
26902 
26903 2 2 1 14 1 28
26904 2 2 1 14 1 21 1 28
26905 1 1 3 2 1 14 1 22 1 28
26906 1 1 5 2 1 14 1 22 1 28
26907 
26908 1 2 1 14 1 74 5 75
26909 1 2 1 14 1 74 6 75
26910 1 2 1 14 1 74 7 75
26911 3 1 21 2 1 34
26912 4 1 20 2 1 35
26913 
26914 
26915 
26916 
26917 
26918 
26919 
26920 
26921 2 1 21 2 1 6 1 22
26922 2 1 20 2 1 6 1 22
26923 2 1 18 2 1 6 1 22
26925 
26926 1 1 1 2 1 6 4 9 1 10 1 53 1 96
26927 
26928 2 1 2 2 1 6 5 9 1 10 1 99
26929 
26931 1 1 4 2 1 37
26932 
26933 
26934 
26935 2 1 1 6 5 9 1 10 1 99
26936 
26937 
26938 4 1 2 2 2 3 1 6 5 9 1 10 1 99
26939 
26940 
26941 1 1 3 2 1 6 4 9 2 10 1 24 1 96
26942 
26943 
26944 1 6 4 9 2 10 1 24 1 97
26945 2 1 6 2 1 6 5 9 1 10 1 99
26946 
26947 
26948 1 1 3 2 1 37
26949 
26950 
26951 
26952 
26953 2 1 4 2 1 6 5 9 1 10 1 99
26954 
26955 2 1 1 3 1 6 4 9 1 10 1 53 1 96
26956 2 1 1 2 1 3 1 6 5 9 1 10 1 96
26957 
26958 1 6 4 9 2 10 1 24 1 95
26959 
26960 
26961 
26962 
26963 
26964 
26965 
26966 
26967 3 2 1 6 5 9 1 10 1 99
26968 
26969 2 1 1 3 1 6 4 9 2 10 1 24 1 96
26970 
26971 1 1 2 2 1 6 4 9 1 10 1 53 1 96
26972 
26973 1 1 1 30 1 77
26974 1 1 1 6 4 9 2 10 1 24 1 96
26975 4 1 7 2 1 35
26976 1 1 1 2 1 6 5 9 1 10 1 96
26977 
26978 1 1 3 2 1 6 4 9 1 10 1 53 1 96
26979 2 1 1 2 1 3 1 6 4 9 1 10 1 53 1 96
26980 1 1 5 2 1 74 3 75
26981 
26982 
26983 2 1 1 2 1 3 1 6 4 9 2 10 1 24 1 96
26984 1 1 5 2 1 34
26985 
26986 
26987 
26988 
26989 
26990 
26991 
26992 
26993 
26994 4 2 1 4 2 35
26995 6 2 1 4 2 35
26996 
26997 
26998 2 2 2 23
26999 6 1 2 2 2 4 2 77
27000 4 1 4 2 2 3 2 77
27001 11 9 5 10 1 42
27002 10 9 6 10 2 24
27003 12 9 10 10 4 24
27004 1 1 1 6 5 9 1 10 1 96
27005 
27006 
27007 2 1 2 2 1 6 4 9 2 10 1 24 1 99
27008 
27009 
27010 
27011 
27012 1 6 5 9 1 10 1 97
27013 
27014 
27015 2 1 1 6 4 9 2 10 1 24 1 99
27016 
27017 
27018 
27019 
27020 
27021 
27022 1 6 4 9 1 10 1 53 1 95
27023 
27024 
27025 
27026 
27027 
27028 1 6 5 9 1 10 1 95
27029 1 1 3 2 1 6 5 9 1 10 1 96
27030 2 1 1 6 4 9 1 10 1 53 1 99
27031 
27032 
27033 1 6 4 9 1 10 1 53 1 97
27034 
27035 
27036 2 1 1 3 1 6 5 9 1 10 1 96
27037 1 1 2 2 1 6 5 9 1 10 1 96
27038 
27039 1 1 1 6 4 9 1 10 1 53 1 96
27040 
27041 
27042 
27043 1 1 2 2 1 6 4 9 2 10 1 24 1 96
27044 
27045 
27046 
27047 
27048 1 1 1 2 1 6 4 9 2 10 1 24 1 96
27049 
27050 
27051 
27052 
27053 
27054 
27055 
27056 
27057 2 1 3 2 1 38
27058 2 1 5 2 1 38
27059 2 1 7 2 1 38
27060 2 1 9 2 1 38
27061 2 1 9 2 1 38
27062 2 1 11 2 1 38
27063 2 1 11 2 1 38
27064 2 1 13 2 1 38
27065 2 1 13 2 1 38
27066 
27067 
27068 
27069 
27070 
27071 
27072 
27073 
27074 
27075 
27076 
27077 
27078 
27079 
27080 
27081 
27082 
27083 
27084 
27085 
27086 
27087 
27088 
27089 
27090 
27091 
27092 
27093 
27094 
27095 
27096 
27097 
27098 
27099 
27100 
27101 4 9 1 10 1 71 1 94
27102 
27103 
27104 
27105 1 74 1 77
27106 
27107 
27108 
27109 
27110 1 64
27111 
27112 
27113 
27114 
27115 
27116 
27117 
27118 
27119 
27120 
27121 
27122 
27125 3 1 1 2 2 3 2 4 1 14 1 19
27126 3 1 2 2 4 3 1 4 1 14
27127 4 1 11 2 1 35
27128 2 1 7 2 1 25 2 77
27129 2 1 11 2 1 25 2 77
27130 2 1 15 2 1 25 2 77
27131 2 1 19 2 1 25 2 77
27132 
27134 
27136 
27137 
27138 
27140 
27142 
27143 3 1 7 2 1 39 1 63
27144 3 1 3 2 1 39
27145 3 1 8 2 1 39
27146 3 1 8 2 1 39 1 63
27147 
27148 1 63
27149 3 1 3 2 1 39
27150 3 1 3 2 1 39
27151 3 1 3 2 1 39
27152 3 1 4 2 1 39
27153 3 1 4 2 1 39
27154 
27155 
27156 
27158 3 1 7 2 1 39
27159 3 1 7 2 1 39
27160 3 1 7 2 1 39
27161 3 1 8 2 1 39
27162 7 9 3 10 1 12 1 57
27163 
27164 3 1 3 2 1 39
27165 3 1 3 2 1 39
27166 
27167 8 9 3 10 1 13 1 42
27168 3 1 7 2 1 39
27169 3 1 7 2 1 39
27170 7 9 4 10 1 12 1 20
27171 
27172 6 9 4 10 1 42 1 64
27173 3 1 3 2 1 39
27174 3 1 1 2 2 3 1 14 1 77
27175 3 1 7 2 1 39
27176 3 1 8 2 1 39
27177 3 1 2 2 2 3 1 14 1 77
27178 3 1 3 2 1 39
27179 3 1 7 2 1 39
27180 3 1 7 2 1 39
27181 2 74 1 75 2 76
27182 2 74 1 75 2 76
27183 2 74 1 75 2 76
27184 2 74 1 75 2 76
27185 
27186 
27187 
27188 2 1 1 3 1 35
27189 2 1 1 3 1 23 1 35
27190 2 1 1 2 1 3 1 35
27191 2 1 1 2 1 3 1 23 1 35
27192 2 1 2 35
27193 1 1 3 2 1 23 1 35
27194 2 1 1 2 1 3 1 35
27195 2 1 1 2 1 3 1 23 1 35
27198 1 46 2 64 1 75 1 90
27199 1 63 2 75 1 76
27200 1 75 1 76 1 90
27201 1 46 1 75 1 90
27202 1 69 1 74 2 76
27203 1 49 2 90
27204 5 9 1 10 1 87
27205 5 9 1 10 1 90
27206 
27207 2 64 1 75 1 76 1 90
27208 4 9 1 10 1 12 2 64
27209 1 1 4 2 1 35
27210 1 1 4 2 1 35 1 64
27211 1 1 3 2 1 35 1 64
27212 1 1 2 2 1 35 1 64
27213 2 74 1 75 2 76
27214 2 74 1 75 2 76
27215 2 74 1 75 2 76
27216 2 74 1 75 2 76
27218 
27219 3 2 3 24 1 25 1 81 1 110
27220 1 1 10 2 4 3 4 14 1 20 1 22
27221 
27222 
27223 
27224 
27225 2 1 3 2 1 25 1 101
27228 
27229 2 1 20 2 2 35
27230 1 1 5 2 2 3 1 14
27231 1 1 5 2 2 3 1 14
27232 2 1 2 2 2 45
27233 3 2 4 9 2 10 1 24 3 25 1 64
27234 2 1 5 2 2 3 1 22
27235 7 1 1 3 2 4 1 22
27236 6 1 1 2 2 4 1 22
27237 2 1 4 2 2 3 1 22
27238 6 1 1 2 2 3 1 4 1 77
27239 6 1 2 2 2 4 1 77
27240 3 1 5 2 1 3 1 4 1 77
27241 4 1 3 2 1 3 1 4 1 21
27242 4 1 1 3 1 4 1 21
27243 2 1 5 2 2 3 1 22
27244 1 1 5 2 1 4 1 21
27245 5 1 1 2 1 3 1 4 1 22
27246 6 1 2 3 1 4 1 77
27247 2 1 4 2 2 3 1 22
27248 6 1 2 2 2 4 1 22
27249 3 1 2 2 1 4 1 21
27250 7 1 1 2 1 3 2 4 1 22
27251 2 1 5 2 1 4 1 22
27252 2 1 6 2 1 4 1 22
27253 3 1 4 2 3 3 1 77
27254 5 1 1 2 1 3 1 4 1 77
27255 7 1 3 2 1 3 2 4 1 77
27256 2 1 5 2 2 3 1 77
27257 5 1 3 2 1 3 1 4 1 22
27258 6 1 1 2 2 4 1 77
27259 7 1 1 3 2 4 1 77
27260 3 1 5 2 1 3 1 4 1 22
27261 6 1 3 2 2 3 1 4 1 77
27262 1 1 4 2 2 3 1 21
27263 7 1 3 2 1 3 2 4 1 22
27264 7 1 1 2 1 3 2 4 1 77
27265 1 1 4 2 2 3 1 21
27266 4 1 2 2 1 4 1 22
27267 4 1 1 2 1 3 1 4 1 21
27268 5 1 1 3 1 4 1 22
27269 5 1 2 2 1 3 1 4 1 77
27270 
27271 
27272 1 2 2 3 2 45 4 46 1 49
27273 2 1 3 2 2 3
27274 
27275 2 1 3 2 2 3 1 7
27276 
27277 
27278 
27279 
27280 
27281 
27282 
27283 1 25 1 74 1 89
27284 
27285 
27286 
27287 
27288 
27289 
27290 
27291 
27292 
27293 
27294 
27295 
27296 
27297 
27298 1 25 1 74 1 90
27299 
27300 
27301 1 25 1 74 1 87
27302 
27303 
27304 2 1 1 3 4 9 2 10 1 25 1 64
27305 
27306 2 1 1 3 4 9 2 10 1 25 1 64
27307 
27308 1 44 1 95
27309 1 1 2 2 1 14 1 101
27310 2 1 2 3 1 114
27311 4 9 2 10 2 74
27318 1 1 1 2 1 14 1 22
27321 
27322 
27323 
27324 1 1 1 2 1 75 1 77
27325 1 1 1 22 1 75
27326 1 1 1 2 1 76 1 77
27327 2 1 5 2 1 3 15 9 3 10 1 84
27328 2 1 2 2 1 3 1 63
27329 
27330 2 1 2 2 1 3 1 25 1 100
27331 1 1 2 2 1 24 2 26
27332 1 1 2 2 1 24 2 26
27333 5 2 5 3 1 64
27334 3 2 1 3 1 14
27337 10 1 2 25 3 81 1 84
27338 
27339 6 2 7 3 1 4 1 64
27340 
27341 
27342 4 2 1 8 1 20
27343 2 1 2 2 2 104
27344 4 1 2 2 1 4 2 104
27345 4 1 2 2 1 4 2 104
27346 3 1 2 2 1 3 2 104
27347 3 2 1 6 1 56
27348 3 1 2 2 1 3 2 104
27349 2 1 3 2 2 3 1 7
27350 2 1 3 2 2 104
27351 4 1 2 2 2 14 1 81 1 84
27352 1 16
27353 
27354 
27355 
27356 2 1 1 2 2 3 2 64
27357 2 1 2 3 2 64
27358 1 1 7 2 3 3
27359 1 1 7 2 3 3
27360 1 1 7 2 3 3
27361 1 1 7 2 3 3
27362 1 1 7 2 3 3
27363 1 1 7 2 3 3
27364 4 1 2 2 1 4 2 26
27365 4 1 2 2 1 4 2 26
27366 2 1 3 2 2 26
27367 4 1 1 2 1 4 2 26
27368 2 1 3 2 2 26
27369 1 1 2 2 1 5 2 26
27370 1 1 2 2 1 5 2 26
27371 2 1 20 2 4 3
27372 1 1 12 2 5 3
27373 12 2 8 3
27374 14 2 6 3
27375 1 1 16 2 3 3 2 9 4 10
27376 1 1 18 2 7 3
27377 18 2 10 3
27378 
27379 1 1 3 2 1 22
27380 1 1 5 2 1 22
27381 1 1 6 2 1 22
27382 1 1 7 2 1 22
27383 1 1 8 2 1 22
27384 1 1 9 2 1 22
27385 
27386 8 9 2 12 2 13
27387 1 1 18 2 7 3
27388 9 2 2 3 10 9 2 12
27389 4 1 5 2 1 3 1 4 2 8 1 14
27390 1 1 11 2 7 9 7 10
27392 1 1 13 2 1 35
27393 2 1 26 2 2 35
27394 4 1 2 2 1 4 1 34 1 77
27395 2 1 2 2 1 14 1 33
27396 2 1 6 2 2 3
27397 2 1 6 2 2 3
27398 6 1 1 2 1 4 1 70
27399 6 1 1 3 1 4 1 8
27400 6 1 1 3 1 4 1 8
27401 2 1 4 2 1 3 1 94
27402 3 1 2 2 2 3 1 94
27403 3 1 2 2 2 3 1 94
27404 
27405 
27406 4 18 4 35
27407 3 18 3 35
27408 4 1 11 2 1 35 1 101
27409 4 1 11 2 1 35 1 101
27410 4 1 13 2 1 35 1 101
27411 4 1 13 2 1 35 1 101
27412 4 1 15 2 1 35 1 101
27413 4 1 15 2 1 35 1 101
27415 2 1 7 2 2 3 1 4
27416 
27417 3 1 1 2 3 3 1 6
27418 
27419 1 1 2 19 1 25 1 74
27420 1 63
27421 
27422 1 1 1 2 1 8 1 14 1 22 1 74
27423 
27424 3 1 1 3 1 14 1 18 1 70
27425 2 1 1 2 1 14 1 18 1 70
27426 
27427 
27428 
27429 
27430 
27431 
27432 3 2 1 14 1 74 3 75
27433 1 42 1 74 4 75
27435 1 1 1 2 1 74 6 75 1 77
27436 
27437 6 45
27438 
27439 2 1 2 2 1 14 1 29 1 34 1 77
27440 3 1 2 2 1 14 1 30 1 34 1 77
27441 2 1 2 2 1 14 1 22 1 29 1 34
27442 4 2 2 30 2 42 2 77
27443 2 1 5 2 1 14 1 33 1 34 1 77
27444 2 1 3 2 2 14 1 30 1 34 1 77
27449 
27450 
27451 
27452 
27453 
27455 
27456 
27457 
27458 
27459 
27460 
27462 
27463 
27464 
27465 
27466 
27467 
27468 4 1 2 2 2 3 2 25 1 101
27469 1 74 1 77
27470 
27471 
27472 
27473 
27474 
27475 
27476 12 9 12 10
27477 
27478 1 1 1 28
27479 
27480 
27481 2 1 1 2 1 3 1 18 1 33 1 95
27482 2 1 1 2 1 3 1 18 1 33 1 95
27483 1 1 2 2 1 18 1 33 1 95
27484 2 1 1 3 1 18 1 33 1 95
27485 2 2 1 3 1 18 1 35 1 95
27486 
27487 
27489 1 2 2 3 1 6 4 9 2 10
27490 6 2 2 4 1 6
27491 4 2 2 4 2 6
27492 2 2 2 4 4 6
27493 4 2 2 4 3 6
27494 6 2 2 4 2 6
27495 9 2 2 4
27496 7 2 2 4 1 6
27497 6 2 2 4 1 6
27498 4 9 2 10 1 24 1 97
27499 4 9 1 10 1 53 1 97
27500 5 2 2 4 10 9 2 10
27501 2 1 1 3 1 8 1 14 1 51
27502 
27503 8 1 10 2 6 8
27504 
27505 
27506 1 1 1 46
27508 1 74 2 75 1 77
27509 
27510 
27511 
27512 2 1 1 8 1 14
27513 3 1 1 14 1 70
27515 
27518 1 1 7 2 3 3
27519 6 1 8 9 4 10 3 84
27520 
27521 
27522 2 2 5 9 1 12 1 35
27523 2 2 5 9 1 12 1 35
27524 1 2 5 9 1 12 1 35
27525 1 2 5 9 1 12 1 35
27526 5 9 1 12 1 35
27527 5 9 1 12 1 35
27528 3 9 1 13 1 14 2 17 1 29
27529 4 9 1 12 1 17 1 29
27530 2 2 4 3 1 6
27531 2 2 6 3
27532 1 1 3 2 3 3 1 6
27533 
27534 
27535 1 1 4 2 3 3 1 6
27536 1 1 3 2 3 3 1 6
27537 1 1 4 2 3 3 1 6
27538 3 2 1 29
27539 3 2 1 29
27540 2 1 3 2 4 3 1 6
27541 2 1 3 2 4 3 1 6
27542 3 2 3 3 1 5 1 6
27543 3 2 3 3 1 5 1 6
27544 4 2 4 3 1 6
27545 
27546 
27547 2 9 1 10 1 11 1 31 2 57
27548 2 9 1 10 1 11 1 31 2 57
27549 
27550 1 11 1 36 4 57
27551 1 11 1 36 4 57
27552 
27553 3 1 6 2 2 8 1 26 1 27
27554 1 1 10 2 1 26 1 27
27555 4 2 1 6 5 9 1 10 1 26 1 27
27556 2 1 8 2 5 6 1 22
27557 2 1 12 2 3 6 1 22
27558 
27559 
27560 3 1 1 2 2 3 1 14
27561 
27562 3 9 2 10 1 11 2 109
27563 2 1 9 2 3 6 1 22
27564 2 1 9 2 3 6 1 22
27565 2 1 9 2 3 6 1 22
27566 2 1 9 2 3 6 1 22
27567 2 1 9 2 3 6 1 22
27568 1 2 1 5 2 75 1 77
27569 4 9 1 10 1 36 1 94
27570 4 9 1 10 1 36 1 94
27571 4 9 1 10 1 36 1 94
27572 2 1 7 2 2 3 1 4
27573 2 1 7 2 2 3 1 4
27574 2 1 7 2 2 3 1 4
27575 2 1 7 2 2 3 1 4
27576 2 1 7 2 2 3 1 4
27577 2 1 7 2 2 3 1 4
27578 2 1 7 2 2 3 1 4
27579 2 1 7 2 2 3 1 4
27580 2 1 7 2 2 3 1 4
27581 2 1 7 2 2 3 1 4
27582 4 1 3 2 1 35 1 74 1 77
27583 3 1 1 34 1 74 1 77
27584 1 74 1 77
27585 1 74 1 77
27586 1 74 1 77
27587 1 74 1 77
27602 4 3 4 14 1 20 1 77
27603 4 3 4 14 1 20 1 77
27604 4 3 4 14 1 20 1 77
27605 4 3 4 14 1 20 1 77
27606 5 9 1 12 1 22
27607 5 9 1 12 1 22
27609 1 1 1 3 1 4 10 9 1 10 1 12 1 77
27610 2 1 3 2 4 3
27611 2 1 1 2 1 6 1 77
27612 4 1 4 2 1 3 2 4 1 14
27613 
27614 
27615 3 1 5 2 1 3 1 22
27616 2 2 4 9 2 10 1 29
27617 2 2 4 9 2 10 1 29
27618 3 1 1 2 1 4 1 26
27619 2 1 2 2 1 3 1 14
27620 2 1 2 2 1 3 1 14
27621 2 1 7 2 4 3
27622 8 1 10 9 4 10 4 13
27623 2 1 20 2 4 3
27624 6 9 2 10 2 13 2 14
27625 5 2 1 3 1 5 1 6
27626 
27627 1 1 1 2 1 78
27628 4 2 1 3 1 14 1 45
27629 6 1 1 2 3 3 1 4 1 14
27630 1 1 4 2 11 9 7 10
27631 10 9 2 10 2 64 1 70
27632 10 9 2 10 2 64 1 70
27633 2 1 6 2 2 3
27634 1 1 2 2 1 97
27635 
27636 
27637 1 16
27638 3 1 3 2 4 3 1 14
27639 1 1 1 3 5 9 1 13 2 64
27640 1 1 7 2 3 3
27641 1 1 3 2 1 3 1 4 2 14
27642 2 1 2 2 1 4 10 9 2 10
27643 2 1 20 2 4 3
27644 3 1 4 2 1 3 1 22
27645 8 2 2 3 2 14
27646 1 1 8 2 3 3
27647 1 1 8 2 3 3
27648 4 1 18 2 2 3
27649 5 1 4 2 1 3 1 4
27650 2 1 3 2 2 3 2 64
27651 2 1 13 2 1 3 1 42
27652 3 1 3 2 2 3 1 18
27653 4 1 1 4 1 19 1 22
27654 2 1 3 2 1 3 1 7 1 8
27655 6 2 2 3 1 6
27656 2 1 2 2 1 3 1 42
27657 2 1 1 2 1 3 1 63
27658 2 1 2 2 1 3 1 42
27659 1 2 1 14 1 27 1 99
27660 4 1 1 2 2 3 1 25 1 101
27661 4 1 2 3 1 25 1 101
27662 
27664 
27665 
27666 3 2 2 14 1 29
27667 
27670 4 1 1 2 1 3 1 4 1 26 1 27
27671 3 1 2 2 1 4 1 26 1 27
27672 3 1 2 2 1 4 1 26 1 27
27673 4 1 2 3 2 26
27674 4 1 1 3 1 4 1 26 1 27
27675 3 1 5 2 3 3 2 4
27676 3 1 5 2 3 3 2 4
27677 4 3 4 14 1 111
27678 2 1 6 2 2 3
27679 3 1 4 2 3 3
27680 3 1 4 2 3 3
27681 1 1 5 2 3 3
27682 1 1 5 2 3 3
27683 
27684 2 1 9 2 2 3 4 9 2 10
27685 2 1 5 2 2 3 4 9 2 10
27686 3 1 3 2 3 3
27687 3 1 3 2 3 3
27688 2 1 2 2 4 3 2 42
27689 
27690 
27691 5 1 3 3 2 25 1 101
27692 
27693 
27694 
27695 
27696 1 1 8 2 1 3 1 4
27697 
27698 
27699 
27700 2 1 2 2 2 3 1 77
27701 2 1 2 2 2 3 1 77
27702 2 1 3 2 2 3 1 77
27703 2 1 3 2 2 3 1 77
27704 1 1 1 2 1 3 5 9 1 13 1 77
27705 1 1 1 2 1 3 5 9 1 13 1 77
27706 1 2 10 9 2 13 1 77
27707 1 2 10 9 2 13 1 77
27708 6 1 1 2 2 3 2 4 1 77
27709 6 1 1 2 2 3 2 4 1 77
27710 2 1 1 2 2 3 1 77
27711 2 1 1 2 2 3 1 77
27712 3 1 2 3 1 26 1 27
27713 2 1 1 2 5 9 1 13 2 26
27714 2 1 2 2 2 26 1 27
27715 2 1 2 2 2 26 1 27
27716 2 1 4 2 1 25 2 26
27717 2 1 3 2 1 26 1 104
27718 3 1 3 2 1 4 2 26 1 65
27719 1 1 4 2 2 26 1 74
27720 4 1 3 2 1 4 2 26
27721 2 1 4 2 2 26
27722 2 1 3 2 2 26
27723 1 1 3 2 1 3 1 24 1 26
27724 4 1 3 2 1 4 1 26 1 104
27725 2 1 3 2 1 3 1 26 1 77
27726 2 1 3 2 1 3 1 26 1 77
27727 4 1 3 2 1 3 1 4 1 26 1 77
27728 4 1 3 2 1 3 1 4 1 26 1 77
27729 2 1 2 2 2 3 1 27 1 77
27730 2 1 2 2 2 3 1 27 1 77
27731 1 1 7 2 1 3 1 4
27732 1 1 6 2 3 3
27733 2 1 5 2 2 3
27734 2 1 7 2 2 3
27735 4 1 3 2 2 3 1 4
27736 4 1 3 2 2 3 1 4
27737 4 1 4 2 4 3
27738 3 1 6 2 3 3
27739 2 1 7 2 2 3
27740 2 1 8 2 2 3
27741 2 1 8 2 2 3
27742 4 1 2 2 4 3
27743 
27744 
27745 
27746 
27747 
27748 
27749 
27750 
27751 
27752 
27753 
27754 
27755 
27756 
27757 
27758 1 3 1 64 2 75 3 76
27759 1 1 2 3 2 64 1 74 2 75
27760 1 1 1 6 1 74 2 75
27761 2 1 2 2 2 74 4 75 1 81
27762 
27763 
27764 1 1 1 4 1 14 1 19 2 74 4 75
27765 5 9 1 13 1 14 1 74 2 75
27766 2 1 1 4 1 14 1 74 2 75
27767 1 1 1 2 1 3 1 14 1 74 2 75
27768 5 2 2 3 2 14
27770 
27771 
27772 
27773 2 1 5 2 4 3 1 4
27774 2 1 5 2 4 3 1 4
27775 1 1 4 2 2 3 1 14
27776 5 2 2 3 2 21
27777 3 2 2 3 2 42
27778 
27779 
27780 1 1 7 2 3 3
27781 1 1 7 2 3 3
27782 2 1 6 2 2 3
27783 1 1 8 2 3 3
27784 1 1 8 2 3 3
27785 6 1 2 2 2 3 2 4 1 19
27786 6 1 2 2 2 3 2 4 1 19
27787 5 1 2 2 3 3 1 4 1 19
27788 5 1 2 2 3 3 1 4 1 19
27789 4 1 3 2 2 3 1 4 1 19
27790 4 1 3 2 2 3 1 4 1 19
27791 6 1 1 2 2 4 2 26
27792 6 1 1 2 2 4 2 26
27793 4 1 2 2 1 4 2 26
27794 4 1 2 2 1 4 2 26
27795 2 1 2 2 2 26
27796 2 1 2 2 2 26
27797 2 1 2 2 2 26
27798 2 1 2 2 2 26
27799 
27800 
27801 
27802 
27803 
27804 
27805 
27806 
27807 
27808 
27809 1 3 5 9 6 10 1 12 5 14 1 26
27810 
27811 2 14
27812 1 74 2 76
27813 
27814 1 74 2 76
27815 
27816 2 75 1 76
27817 
27818 1 1 1 75 1 76
27819 
27820 1 75 2 76
27821 1 74 1 75 2 76
27822 2 74 2 76
27823 2 74 2 76
27824 1 74 1 75 2 76
27825 1 75 2 76
27826 
27827 
27828 
27829 
27830 2 74 1 75 2 76
27831 1 4 2 74 2 75
27832 1 75 2 76
27833 1 46 1 74 1 75
27834 
27835 1 69 1 74 2 76
27836 1 69 1 74 2 76
27837 1 64 2 75 1 76
27838 
27839 
27840 
27841 
27842 
27843 
27844 
27845 
27846 
27847 
27848 
27849 
27850 
27851 1 1 1 38
27852 1 1 1 38
27853 1 37
27854 3 16 3 74 3 77
27855 3 16 3 74 3 77
27856 3 16 3 74 3 77
27857 3 16 3 74 3 77
27858 3 16 3 74 3 77
27859 18 2 3 74 3 77 3 96
27860 18 2 3 74 3 77 3 96
27861 18 2 3 74 3 77 3 96
27862 18 2 3 74 3 77 3 96
27863 18 2 3 74 3 77 3 96
27864 1 14 2 16
27865 2 1 1 4 4 9 6 10 2 17 4 64
27866 2 2 1 5 1 14 1 101
27867 
27868 10 16
27869 2 37 2 64
27870 2 37 2 64
27871 2 37 2 64
27872 2 37 2 64
27873 4 16
27874 4 2 9 16 2 30 2 42 2 77
27875 
27876 
27877 
27878 
27879 
27880 3 14 6 29 6 77
27881 8 16
27882 
27883 
27884 2 16
27885 2 16
27886 2 16
27887 2 16
27888 8 9 2 36 2 53 2 64
27889 8 9 2 36 2 53 2 64
27890 8 9 2 36 2 53 2 64
27891 8 9 2 36 2 53 2 64
27892 8 9 2 36 2 53 2 64
27893 10 9 2 36 2 64
27894 10 9 2 36 2 64
27895 10 9 2 36 2 64
27896 10 9 2 36 2 64
27897 10 9 2 36 2 64
27898 4 14 1 16
27899 
27900 
27902 6 1 2 4 2 9 2 10 2 57
27903 3 1 2 16 2 29 3 30 5 42
27904 6 16
27905 
27906 
27907 
27908 
27909 
27910 
27911 2 2 4 35
27912 
27913 4 2 1 16 8 35
27914 
27915 
27916 
27917 
27918 4 16
27919 
27920 4 16
27921 
27922 
27923 4 1 2 2 2 3 1 16 2 30 2 42
27924 2 64
27925 2 64
27926 2 64
27927 2 64
27928 4 64
27929 3 63
27930 3 63
27931 3 63
27932 2 1 1 3 1 16 1 30 1 42
27933 2 2 1 16 1 30 1 42 1 102
27934 7 16
27936 
27937 
27938 
27945 2 1 2 2 14 3 4 4 2 77
27946 2 1 18 3 2 4 2 77
27949 3 1 7 2 5 9 1 12 1 25 2 34
27950 3 1 7 2 5 9 1 12 1 25 2 34 2 64
27951 4 1 7 2 3 25 2 34
27952 4 1 7 2 3 25 2 34 2 64
27953 5 1 4 2 1 5 1 25 2 35
27954 5 1 4 2 1 5 1 25 2 35 2 64
27955 4 1 9 2 1 25 2 34
27956 4 1 9 2 1 25 2 34 2 64
27957 4 1 9 2 1 25 2 34
27958 4 1 9 2 1 25 2 34 2 64
27959 4 1 9 2 3 25 2 34
27960 4 1 9 2 3 25 2 34 2 64
27961 4 1 9 2 2 25 2 34
27962 4 1 9 2 2 25 2 34 2 64
27964 5 1 6 2 1 5 1 25 2 35
27965 5 1 6 2 1 5 1 25 2 35 2 64
27966 3 1 9 2 5 9 1 12 1 25 2 34
27967 3 1 9 2 5 9 1 12 1 25 2 34 2 64
27968 4 1 7 2 2 25 2 34
27970 4 1 7 2 2 25 2 34 2 64
27972 4 1 7 2 3 25 2 34
27973 4 1 7 2 3 25 2 34 2 64
27976 3 1 7 2 5 9 1 12 1 25 2 34
27977 4 1 7 2 3 25 2 34
27978 5 1 4 2 1 5 1 25 2 35
27979 4 1 9 2 1 25 2 34
27980 4 1 9 2 1 25 2 34
27981 4 1 9 2 3 25 2 34
27982 4 1 9 2 2 25 2 34
27983 5 1 6 2 1 5 1 25 2 35
27984 3 1 9 2 5 9 1 12 1 25 2 34
27985 4 1 7 2 2 25 2 34
27986 4 1 7 2 3 25 2 34
27987 1 2 3 3 1 45 5 46
27988 1 2 2 3 2 45 4 46 1 49
27993 
27994 
27995 2 1 28 2 2 35
27996 
27997 3 2 2 35
27998 
27999 3 2 2 35
28000 1 1 5 9 1 12 1 30
28002 
28004 3 1 13 2 1 3
28005 4 9 1 12 1 17 1 30 1 42
28008 2 1 6 2 2 35
28009 2 1 6 2 2 35
28011 2 34
28012 
28013 
28017 2 1 6 2 2 35
28019 
28020 4 3 3 14 1 42 1 77
28021 
28027 
28028 1 63
28029 1 64
28030 
28031 2 1 28 2 2 29
28032 2 1 24 2 2 29
28033 2 1 20 2 2 29
28034 2 1 16 2 2 29
28035 2 1 12 2 2 29
28036 2 1 8 2 2 29
28037 1 1 15 2 1 35
28038 2 1 30 2 2 35
28039 2 1 28 2 2 35
28040 2 1 28 2 2 35
28041 2 1 28 2 2 35
28042 2 1 28 2 2 35
28043 2 9 1 17 3 57
28044 2 9 1 11 3 57
28045 1 1 5 2 3 3
28046 1 1 5 2 3 3
28047 
28048 6 16
28049 
28050 6 16
28051 4 1 7 2 1 35
28052 4 1 9 2 1 35
28053 4 1 5 2 1 35
28054 4 1 7 2 1 35
28055 4 1 3 2 1 35
28056 4 1 5 2 1 35
28057 2 1 2 3 2 42
28058 4 1 5 2 1 35
28059 4 1 7 2 1 35
28060 4 1 9 2 1 35
28061 4 1 9 2 1 35
28062 2 2 2 3 1 4 5 14 1 26
28063 2 1 2 3 1 14 1 64
28064 2 1 2 3 1 14 1 64
28065 3 1 6 2 1 3
28066 3 1 6 2 1 3
28067 2 1 6 2 1 3 1 5
28068 2 1 4 2 1 3 1 42
28069 2 1 1 2 1 111
28070 2 1 1 2 2 3 2 14
28071 2 1 1 2 2 3 2 14
28072 3 1 1 2 1 4 1 14 1 66
28073 3 1 1 2 1 4 1 6 1 14
28074 2 1 1 3 1 14 1 45
28075 10 2 2 3 1 70
28076 7 2 2 3 1 19 1 70
28077 
28078 6 1 3 2 3 3 2 4 1 14
28079 6 1 3 2 3 3 2 4 1 14
28080 6 1 3 2 3 3 2 4 1 14
28081 6 1 3 2 3 3 2 4 1 14
28082 2 1 1 2 4 9 1 10 1 13 2 26 1 64
28083 2 1 1 2 4 9 1 13 2 26 1 71
28084 2 1 1 3 1 14 1 45
28085 3 1 3 2 4 3 1 14
28086 3 1 3 2 4 3 1 14
28087 4 1 3 2 3 3 1 4 1 14
28088 2 1 4 2 3 3 1 14
28089 2 1 4 2 3 3 1 14
28090 2 1 4 2 3 3 1 14
28091 2 1 4 2 3 3 1 14
28092 3 1 2 2 3 3 2 27 1 102
28094 3 1 2 2 3 3 2 27 1 102
28097 1 1 3 2 3 3 2 64 1 77
28098 1 1 3 2 3 3 2 64 1 77
28099 3 1 3 2 3 3 1 4 2 64
28100 3 1 3 2 3 3 1 4 2 64
28101 1 1 3 2 3 3 2 64
28102 1 1 3 2 3 3 2 64
28103 2 1 3 2 2 104
28104 2 1 2 2 2 104
28105 3 1 2 2 1 3 2 104
28106 5 1 1 2 1 3 1 4 2 104
28107 5 1 1 2 5 3
28108 6 1 6 3
28109 6 1 6 3
28110 6 1 6 3
28111 6 1 6 3
28112 2 1 6 2 1 3 1 42
28113 2 1 5 2 1 3 1 42
28114 2 1 4 2 1 3 1 42
28115 2 1 3 2 1 3 1 42
28116 3 1 7 2 3 3
28117 3 1 7 2 3 3
28118 3 1 7 2 3 3
28119 3 1 7 2 3 3
28120 3 1 3 2 3 3
28121 3 1 3 2 3 3
28122 2 1 8 2 1 3 1 14
28123 3 1 8 2 1 3 1 77
28124 3 1 6 2 1 3 1 77
28125 2 1 12 2 2 35
28126 2 1 9 2 1 3 1 64
28127 2 1 8 2 1 3 1 64
28128 2 1 7 2 1 3 1 64
28129 2 1 6 2 1 3 1 64
28130 2 1 6 2 1 3 1 64
28131 1 1 6 2 3 3
28132 1 1 6 2 3 3
28133 1 1 6 2 3 3
28134 1 1 6 2 3 3
28135 1 1 6 2 3 3
28137 1 1 6 2 3 3
28138 1 1 6 2 3 3
28139 1 1 6 2 3 3
28140 1 1 6 2 3 3
28141 1 1 6 2 3 3
28142 1 1 6 2 3 3
28143 3 1 4 2 1 3 1 22
28144 3 1 7 2 1 3 1 77
28145 2 1 6 2 1 3 1 42
28146 2 1 5 2 1 3 1 42
28147 3 1 3 2 2 3 1 42
28148 2 1 5 2 1 3 1 42
28149 3 1 2 2 2 3 1 42
28150 2 1 4 2 1 3 1 42
28151 3 1 2 2 2 3 1 42
28152 3 1 5 2 1 3
28153 2 1 7 2 1 3 1 64
28154 2 1 7 2 1 3 1 64
28155 2 1 6 2 1 3 1 64
28156 2 1 6 2 1 3 1 64
28157 2 1 5 2 1 3 1 64
28158 2 1 3 2 1 3 1 64
28159 2 1 4 2 1 3 1 41
28160 2 1 3 2 1 3 1 41
28161 2 1 5 2 1 3 1 29
28162 2 1 4 2 1 3 1 29
28163 2 1 3 2 1 3 1 29
28164 2 1 2 2 1 3 1 29
28165 2 1 6 2 1 3 1 42
28166 2 1 4 2 1 3 1 42
28167 2 1 3 2 1 3 1 42
28168 3 1 6 2 1 3 1 77
28169 9 1 1 3 3 4 2 26
28170 9 1 1 3 3 4 2 26
28171 8 1 2 3 2 4 2 26
28172 8 1 2 3 2 4 2 26
28173 7 1 1 2 1 3 2 4 2 26
28174 7 1 1 2 1 3 2 4 2 26
28175 7 1 1 3 2 4 2 26
28176 7 1 1 3 2 4 2 26
28177 7 1 3 3 1 4 2 26
28178 7 1 3 3 1 4 2 26
28179 6 1 4 3 2 26
28180 6 1 4 3 2 26
28181 5 1 1 2 3 3 2 26
28182 5 1 1 2 3 3 2 26
28183 5 1 2 2 1 3 1 4 2 26
28184 5 1 2 2 1 3 1 4 2 26
28185 3 1 2 2 1 3 2 26
28186 3 1 2 2 1 3 2 26
28187 2 1 5 9 1 13 2 26
28188 2 1 5 9 1 13 2 26
28189 5 1 1 3 1 4 2 26
28190 5 1 1 3 1 4 2 26
28191 4 1 2 3 2 26
28192 4 1 2 3 2 26
28193 3 1 1 2 1 3 2 26
28194 3 1 1 2 1 3 2 26
28195 3 1 1 3 2 26
28196 3 1 1 3 2 26
28197 2 1 6 2 4 3
28198 2 1 6 2 4 3
28199 
28200 
28201 
28202 
28203 2 1 6 2 4 3
28204 
28205 2 1 6 2 4 3
28206 2 1 6 2 4 3
28207 
28208 2 1 6 2 4 3
28209 
28210 
28211 2 1 6 2 4 3
28212 
28213 2 1 6 2 4 3
28214 2 1 6 2 4 3
28215 
28216 2 1 6 2 4 3
28217 2 1 6 2 4 3
28218 2 1 6 2 4 3
28219 2 1 6 2 4 3
28220 2 1 6 2 4 3
28222 
28223 
28224 3 1 5 2 5 3
28225 
28226 
28227 
28228 
28229 
28230 
28231 3 1 5 2 5 3
28232 3 1 5 2 5 3
28233 3 1 5 2 5 3
28234 3 1 5 2 5 3
28235 3 1 5 2 5 3
28236 3 1 5 2 5 3
28237 3 1 5 2 5 3
28238 3 1 5 2 5 3
28239 3 1 5 2 5 3
28240 3 1 5 2 5 3
28241 3 1 5 2 5 3
28242 3 1 5 2 5 3
28243 3 1 5 2 5 3
28244 3 1 5 2 5 3
28245 3 1 5 2 5 3
28246 5 2 2 37
28247 3 2 2 37
28248 3 2 2 37
28249 2 2 1 14 1 23 1 28
28250 1 1 2 2 1 14 1 22 1 28
28251 2 1 2 2 1 3 1 14 1 28 1 77
28252 1 1 4 2 1 14 1 22 1 28
28253 4 1 2 2 3 3 3 9 3 10
28254 
28255 
28256 
28257 3 1 21 2 1 34
28258 
28259 5 1 18 2 1 4 1 34 2 35
28260 5 1 18 2 1 4 1 34 2 35
28261 5 1 18 2 1 4 1 34 2 35
28262 
28263 4 2 12 16 2 30 4 42
28264 5 16
28265 5 16
28266 12 9 3 10 2 16 3 17 3 77
28267 12 9 3 10 2 16 3 17 3 77
28268 12 9 3 10 2 16 3 17 3 77
28269 12 9 3 10 2 16 3 17 3 77
28270 12 9 3 10 2 16 3 17 3 77
28271 12 9 3 10 1 16 3 17 3 77
28272 12 9 3 10 1 16 3 17 3 77
28273 12 9 3 10 1 16 3 17 3 77
28274 12 9 3 10 1 16 3 17 3 77
28275 12 9 3 10 1 16 3 17 3 77
28276 12 9 3 10 1 16 3 17 3 77
28277 12 9 3 10 1 16 3 17 3 77
28278 12 9 3 10 1 16 3 17 3 77
28279 12 9 3 10 1 16 3 17 3 77
28280 
28281 
28282 
28283 
28284 
28285 
28286 
28287 
28290 8 9 2 39 2 64
28291 8 9 2 39 2 64
28292 8 9 2 39 2 64
28293 3 16
28294 2 1 2 30 2 77
28295 
28296 
28297 
28302 
28303 
28304 
28305 
28306 
28307 
28308 
28309 
28310 4 16
28311 7 16
28312 14 16
28313 
28314 2 3 2 14 2 77
28315 
28316 
28317 
28318 
28319 
28320 
28321 
28322 
28323 
28324 4 2 4 3 4 14 2 42
28325 4 2 2 3 2 14
28326 4 35
28333 
28334 
28335 6 2 4 16 6 27
28336 6 2 6 16 6 27
28337 1 16
28338 4 16
28339 3 9 1 10 2 53 1 77
28340 22 9 6 10 4 39 12 53 6 77
28341 22 9 6 10 4 39 12 53 6 77
28342 22 9 6 10 4 39 12 53 6 77
28343 
28344 
28345 1 2 1 14 1 18 1 33 1 95
28346 
28347 
28348 
28349 1 39 2 77
28350 7 16 2 39 4 77
28351 7 16 2 39 4 77
28352 4 16 2 21
28353 3 9 1 10 1 53 1 71 1 77
28354 22 9 6 10 4 39 6 53 6 71 6 77
28355 22 9 6 10 4 39 6 53 6 71 6 77
28356 22 9 6 10 4 39 6 53 6 71 6 77
28357 3 1 8 9 3 10 1 13
28358 3 1 8 9 3 10 1 13
28359 3 1 8 9 3 10 1 13
28360 3 1 8 9 3 10 1 13
28361 4 1 1 2 1 4 8 9 4 10
28362 4 1 1 2 1 4 8 9 4 10
28363 4 1 3 2 1 4 8 9 4 10
28364 3 1 2 2 8 9 3 10 1 13
28365 
28366 
28367 
28368 
28369 
28370 
28371 
28372 
28373 
28374 2 1 9 2 1 29 1 64
28375 4 14
28377 
28378 
28379 
28380 
28381 
28386 6 67
28387 6 67
28388 
28389 
28390 3 14 3 16
28391 
28392 
28393 
28394 24 1 16 9 6 10 12 13 6 17 4 39 6 77
28395 24 1 16 9 6 10 12 13 6 17 4 39 6 77
28396 24 1 16 9 6 10 12 13 6 17 4 39 6 77
28397 24 1 16 9 6 10 12 13 6 17 4 39 6 77
28398 6 16
28399 8 9 2 10 2 17 2 77
28402 
28403 
28405 4 9 1 39 2 64
28406 8 9 2 39 2 64
28407 2 1 6 2 4 3
28408 2 1 6 2 4 3
28409 1 1 6 2 3 3
28410 1 1 6 2 3 3
28411 
28412 
28413 1 1 4 9 1 10 1 17 1 77
28414 1 1 7 2 1 34
28415 
28417 
28418 
28419 
28420 
28421 
28426 
28429 3 1 3 2 1 3 1 4 1 5 1 14
28430 2 2 9 9 3 10 1 26 1 28 1 74
28431 2 2 9 9 3 10 1 26 1 28 1 74
28432 
28433 3 16
28434 3 1 7 2 4 3 3 4 1 8 2 14 1 19
28435 
28436 3 9 2 34 1 64
28437 2 1 1 38
28438 2 1 1 38
28439 
28440 2 1 3 2 1 38 1 64
28441 1 1 7 2 1 34
28442 1 1 9 2 1 34
28443 1 1 11 2 1 34
28444 2 1 1 2 1 38 1 64
28445 
28446 2 1 1 2 1 38 1 64
28447 2 1 2 2 1 38
28448 2 1 2 2 1 38 1 64
28449 1 1 5 2 1 34
28450 1 1 6 2 1 34
28451 9 9 5 10 1 64
28452 
28453 
28454 2 14 8 16
28455 1 1 1 3 1 14 1 30 1 42
28456 1 1 4 9 1 10 1 32 1 57
28457 1 2 4 9 1 10 1 21 1 32 1 57
28459 
28460 
28461 
28462 
28463 3 1 1 3 4 9 1 12 1 13 1 77
28464 3 1 1 3 4 9 1 12 1 13 1 77
28465 
28466 
28467 
28468 
28469 2 1 1 2 1 38
28470 2 1 2 2 1 38
28471 2 1 4 2 1 38
28472 2 1 4 2 1 38
28473 2 1 6 2 1 38
28474 2 1 6 2 1 38
28475 2 1 8 2 1 38
28476 2 1 8 2 1 38
28477 1 1 1 2 1 5 1 38
28478 1 1 1 2 1 5 1 38
28479 1 1 2 2 1 37 1 64
28480 1 2 4 9 1 10 1 25 1 53 1 64
28481 1 1 4 9 1 10 1 71 1 77
28482 1 1 4 9 1 10 1 53 1 77
28484 1 72
28485 1 72 1 74 1 77
28486 1 72
28487 1 1 4 9 2 10 1 64 1 77
28488 1 85
28489 1 74 1 77 1 85
28490 1 85
28491 1 1 1 97
28492 1 1 1 74 1 77 1 97
28493 4 2 1 14 1 33
28494 
28495 
28496 
28497 
28498 
28499 
28500 
28501 
28502 
28503 
28504 1 1 8 2 1 35
28505 1 1 8 2 1 35
28506 4 1 4 5 4 84
28507 3 1 4 2 1 3 4 77
28508 3 1 6 2 1 3 4 77
28509 3 1 3 19 3 35
28510 3 19 3 35 3 44
28511 
28512 
28513 
28514 
28515 2 1 1 102 1 104
28516 1 1 1 102 1 103
28517 
28518 3 1 1 3 1 14 1 35
28519 
28520 
28521 
28522 1 1 5 2 1 37
28523 1 1 7 2 1 37
28524 2 1 3 2 1 38
28525 2 1 7 2 1 38
28526 2 1 7 2 1 38
28527 2 1 7 2 1 38
28528 
28529 
28530 
28531 3 1 12 2 1 34
28532 3 1 12 2 1 34 1 64
28533 
28534 
28535 1 1 3 2 1 37
28536 2 1 5 2 1 38
28537 2 1 5 2 1 38
28538 5 2 1 24 1 34
28539 
28540 5 9 1 10 1 24 1 77
28541 
28542 4 2 1 4 1 31 2 35
28543 
28545 
28546 
28547 
28548 1 1 2 2 1 35
28549 4 2 1 4 1 31 2 35
28550 
28551 
28552 2 1 2 2 1 18 1 33 2 77
28553 
28554 1 7 1 69 1 74
28555 1 63
28556 
28557 
28558 
28559 
28560 
28561 
28562 
28563 
28564 
28565 
28566 
28567 3 1 1 2 3 3 1 4 1 8 1 14
28568 
28569 
28570 
28571 
28572 
28573 
28574 
28575 
28576 1 1 10 2 1 77 1 98
28577 1 1 10 2 1 77 1 98
28578 
28579 1 1 6 2 3 3 1 4 1 30
28580 
28581 1 2 5 9 1 13 1 30
28582 4 9 1 10 1 12 1 33 1 42
28583 
28584 
28585 
28586 
28587 
28588 
28589 
28590 
28591 
28592 
28593 
28594 
28595 
28596 
28597 
28598 
28599 
28600 
28601 
28602 
28603 1 1 1 3 1 14 1 77
28604 5 9 1 10 1 77
28605 1 14 1 22
28606 
28607 1 1 8 2 4 3 2 4 1 8 1 14 1 19 1 65
28608 3 1 5 2 3 3 3 4 2 8 1 18 1 19 1 21
28609 2 1 1 5 1 32
28610 2 1 1 5 1 32
28611 2 1 2 2 1 31
28612 2 1 2 2 1 31
28613 2 1 2 2 1 31
28614 3 1 3 2 1 32
28615 3 1 3 2 1 32
28616 2 1 4 2 1 31
28617 2 1 4 2 1 31
28618 2 2 2 5 1 31
28619 2 2 2 5 1 31
28620 2 1 2 2 1 5 1 32
28621 2 1 2 2 1 5 1 32
28622 
28623 2 1 6 2 3 3 2 4 1 8 2 19
28624 1 2 2 42 1 104
28625 4 9 1 10 1 51 1 71
28626 3 16
28627 3 1 3 2 1 35 1 96
28628 
28629 
28630 
28631 
28632 
28633 
28634 
28635 1 1 5 9 1 12 1 14 1 18 1 70
28636 4 2 1 3 1 8
28637 2 1 1 2 4 9 1 13 2 26 1 71
28638 1 1 7 2 1 34
28639 
28640 2 1 7 2 1 3 1 14 1 34 1 77
28641 4 2 1 3 1 77
28642 2 1 6 2 1 3 1 14 1 34 1 77
28643 6 2 2 37
28644 6 2 2 37
28645 
28646 2 1 9 2 1 25 2 77
28647 2 1 13 2 1 25 2 77
28648 2 1 17 2 1 25 2 77
28649 2 2 2 37
28650 
28651 
28652 
28653 
28654 
28655 
28656 1 2 2 3 2 4 1 44 3 45 1 48
28657 1 2 1 3 2 4 3 44 3 45
28658 1 2 2 3 2 4 1 44 2 45 2 49
28659 1 1 1 3 2 4 4 45 2 48
28660 1 2 1 3 2 4 3 44 2 45 1 49
28661 1 2 2 3 2 4 2 45 3 49
28662 1 3 2 4 3 44 3 45 1 49
28663 1 2 1 3 2 4 2 44 2 45 2 49
28664 1 2 1 3 2 4 2 44 2 45 2 49
28665 1 3 2 4 2 44 4 45 1 48
28666 1 3 2 4 1 44 4 45 2 48
28667 1 3 2 4 1 44 4 45 2 48
28668 1 2 1 3 2 4 1 44 1 45 2 48 2 49
28669 1 1 2 2 1 3 2 4 1 45 2 48 1 49
28670 1 1 2 2 1 3 2 4 1 44 3 49
28671 1 3 2 4 3 44 4 45
28672 1 3 2 4 2 44 4 45 1 48
28673 1 2 1 3 2 4 2 44 3 45 1 48
28674 2 2 1 3 2 4 1 44 1 45 2 48 1 49
28675 1 1 1 2 1 3 2 4 1 45 2 48 2 49
28676 2 2 1 3 2 4 1 44 2 48 2 49
28677 1 1 6 2 1 27 1 34
28678 1 1 6 2 1 27 1 34
28679 
28680 
28681 
28682 
28683 
28684 
28685 
28686 
28687 
28688 
28689 
28690 
28691 
28692 
28693 
28694 
28695 
28696 
28697 
28698 
28699 2 64
28700 
28701 2 64
28702 
28703 2 64
28704 5 9 2 10 1 36 1 77
28705 5 9 3 10 1 42 1 77
28706 4 9 2 10 2 17 1 77
28707 3 9 2 10 1 11 2 17 1 77
28708 
28709 
28710 
28711 
28712 
28713 
28714 
28715 
28716 
28717 
28718 
28719 
28720 
28721 5 9 1 12 1 35 1 77
28722 5 9 1 12 1 35 1 77
28723 
28724 
28725 
28726 
28727 
28728 
28729 
28730 
28731 
28732 
28733 1 64
28734 
28735 
28736 
28737 
28738 
28739 
28740 2 1 2 2 1 21 1 26
28741 4 14
28742 
28743 5 9 5 10 1 64 1 114
28744 1 4 1 24 3 74 2 75
28745 
28746 1 2 3 3 4 14 1 20
28747 18 9 6 10
28748 22 9 8 10
28749 
28750 
28751 1 1 4 2 1 3 2 42
28752 
28753 
28754 
28755 
28756 2 1 2 2 1 14 1 34
28757 
28758 1 2 2 3 1 14 1 32 1 42
28759 1 1 1 3 1 14 1 77
28760 
28761 4 1 11 2 1 35
28762 4 1 11 2 1 35
28763 2 1 1 2 1 38
28764 
28765 
28766 
28767 
28768 
28769 
28770 
28771 
28772 
28773 
28774 
28775 
28776 
28777 
28778 
28779 
28780 7 81
28781 4 81
28782 5 81
28783 3 81
28784 
28785 
28786 
28787 1 64
28788 
28789 1 64
28790 
28791 1 64
28792 
28793 1 64
28794 
28795 1 64
28796 
28797 1 64
28798 
28799 1 64
28800 
28801 
28802 
28803 
28804 
28805 
28806 
28807 
28808 
28809 
28810 
28811 2 1 3 2 1 38
28812 2 1 3 2 1 38
28813 
28814 
28815 
28816 
28817 2 1 1 19 1 22
28818 4 1 6 2 1 35
28819 
28820 
28821 
28822 
28823 
28824 
28825 
28826 
28827 
28828 
28829 
28830 
28831 
28832 
28833 1 21
28834 
28835 
28836 
28837 
28838 
28839 
28840 
28841 
28842 
28843 
28844 2 2 1 14 1 74 5 75
28845 
28846 1 63
28847 
28848 
28849 
28850 
28851 
28852 
28853 1 14 1 63
28854 
28855 2 1 1 2 1 14 1 26
28856 2 1 2 2 1 14 1 26
28857 2 1 3 2 1 14 1 26
28858 
28859 2 1 2 2 1 14 1 26
28860 2 1 3 2 1 14 1 26
28861 2 1 4 2 1 14 1 26
28862 2 1 5 2 1 14 1 26
28863 2 1 6 2 1 14 1 26
28864 3 1 2 2 1 14 2 26
28865 3 1 3 2 1 14 2 26
28866 3 1 4 2 1 14 2 26
28867 3 1 4 2 1 14 2 26
28868 2 1 7 2 1 14 1 26
28869 3 1 5 2 1 14 2 26
28870 
28871 
28872 3 1 6 2 1 14 2 26
28873 3 1 10 2 1 14 2 26
28874 3 1 11 2 1 14 2 26
28875 
28876 
28877 3 1 12 2 1 14 2 26
28878 4 1 3 2 1 14 3 26
28879 4 1 4 2 1 14 3 26
28880 4 1 5 2 1 14 3 26
28881 4 1 6 2 1 14 3 26
28882 4 1 7 2 1 14 3 26
28883 4 1 8 2 1 14 3 26
28884 4 1 15 2 1 14 3 26
28885 4 1 16 2 1 14 3 26
28886 4 1 17 2 1 14 3 26
28887 
28888 
28889 4 1 4 2 1 4 4 77
28890 4 1 6 2 1 4 4 77
28891 2 1 5 2 1 38
28892 2 1 2 19 1 25
28893 2 1 3 2 1 19 1 22
28894 2 1 20 2 2 35
28895 10 16
28896 12 16
28897 2 1 4 2 2 3 2 14 2 35
28898 4 1 8 2 4 3 4 14 4 35
28899 
28900 2 1 19 2 1 6
28901 6 1 1 2 3 3 1 4 2 8 1 65 1 77
28902 2 1 19 2 1 6
28906 
28907 
28908 
28909 1 1 1 3 1 14 1 77
28910 1 1 1 3 1 14 1 77
28911 2 1 2 2 1 14 1 21 1 34
28912 3 1 2 2 1 22 1 35 1 42
28913 3 1 2 2 1 22 1 35 1 42
28914 6 1 2 34 4 64
28915 3 1 3 2 1 22 1 35 1 42
28916 3 1 3 2 1 22 1 35 1 42
28917 1 1 3 9 1 10 1 34 1 77
28918 4 9 2 10 1 22
28919 
28920 
28921 8 1 4 2 3 4 2 77
28922 8 1 4 2 3 4 2 77
28923 7 1 2 2 1 3 2 4 2 77
28924 
28925 
28926 4 9 8 10 2 25 6 64
28927 
28928 
28929 
28930 3 16
28931 2 15
28932 1 1 2 2 1 37
28933 1 1 4 2 1 37
28934 
28935 2 1 2 2 1 7 1 25 1 77
28936 6 1 7 2 2 3 1 35
28937 6 1 7 2 2 3 1 35 1 64
28938 6 1 7 2 2 3 1 35
28939 6 1 7 2 2 3 1 35 1 64
28940 
28941 
28942 
28943 
28944 
28945 
28946 1 63
28947 
28948 3 1 2 2 1 32
28949 
28950 
28951 3 2 3 9 8 10 1 13 4 24 1 34
28952 
28953 1 1 3 2 1 37
28954 
28955 1 64
28956 
28957 
28958 
28959 
28960 
28961 20 2 2 34
28962 20 2 2 34
28963 3 1 1 2 1 25 1 32
28964 3 1 1 2 1 25 1 32
28967 2 1 3 2 1 38
28968 7 2 1 24 1 34
28969 1 1 8 2 1 34
28970 3 1 21 2 1 34
28971 
28972 
28973 
28974 3 1 22 2 1 34
28975 3 1 22 2 1 34
28976 
28977 2 1 1 14 1 26
28978 2 1 1 3 1 14 1 25
28979 2 1 2 2 1 14 1 26
28980 3 1 1 14 2 26
28981 3 1 1 2 1 14 2 26
28982 3 1 2 2 1 14 2 26
28983 4 1 1 14 3 26
28984 4 1 1 2 1 14 3 26
28985 4 1 2 2 1 14 3 26
28986 6 16
28987 14 16
28988 4 9 2 10 1 24 1 25 1 94 1 101
28989 2 1 2 24 1 84
28990 4 1 3 25 1 81
28991 
28992 1 18 1 33 1 42 1 60
28993 
28994 7 16
28995 
28996 
28997 
28998 
28999 
29000 
29001 
29002 
29003 
29004 
29005 
29006 
29007 
29008 
29009 
29010 
29011 
29012 
29013 
29014 
29015 
29016 
29017 
29018 
29019 
29020 
29021 
29022 
29023 
29024 
29025 
29026 
29027 
29028 1 1 2 2 1 22
29029 1 1 4 2 1 22
29030 1 1 6 2 1 22
29031 1 1 7 2 1 22
29032 1 1 8 2 1 22
29033 2 2 1 32 1 103
29034 3 2 1 33 1 77
29035 
29036 
29037 
29038 
29039 
29040 
29041 2 2 8 3 10 14 4 16 2 77
29052 
29053 
29054 
29055 1 1 6 2 1 34 1 64
29056 1 1 7 2 1 34 1 64
29057 1 1 8 2 1 34 1 64
29058 4 74 2 75 2 76
29059 
29060 
29061 
29062 1 1 11 2 1 22 1 34
29063 1 1 11 2 1 22 1 34
29064 
29065 2 2 1 14 1 37
29066 2 2 1 14 1 37
29067 
29068 
29069 
29070 
29071 
29072 
29073 1 81
29074 
29075 
29076 1 81
29077 
29078 
29079 
29080 
29081 1 81
29082 
29083 
29084 
29085 1 2 4 9 1 10 1 11 1 14 1 101
29086 4 9 1 10 1 57 1 94
29087 4 9 1 10 1 57 1 94
29088 1 1 6 2 1 34
29089 
29090 1 3 5 9 6 10 1 12 5 14 1 16 1 26
29091 
29092 1 1 9 2 2 35
29093 1 1 9 2 2 35
29094 
29095 
29096 1 1 6 2 1 32
29097 1 1 6 2 1 32
29098 
29099 3 9 2 34
29100 
29101 
29102 
29103 
29104 
29105 
29106 
29107 
29108 1 2 2 3 4 14 1 70 1 77
29109 1 64
29110 3 2 1 14 1 30 1 74 5 75 1 77
29111 3 2 1 14 1 30 1 74 5 75 1 77
29112 1 1 2 2 1 30 1 74 5 75 1 77
29113 1 1 2 2 1 30 1 74 5 75 1 77
29114 3 2 1 14 1 30 1 74 5 75 1 77
29115 3 2 1 14 1 30 1 74 5 75 1 77
29116 1 1 2 2 1 30 1 74 5 75 1 77
29117 1 1 2 2 1 30 1 74 5 75 1 77
29118 1 1 12 2 1 14 1 30 1 77
29119 1 1 12 2 1 14 1 30 1 77
29120 1 1 12 2 1 14 1 30 1 77
29121 1 1 12 2 1 14 1 30 1 77
29122 2 1 11 2 1 30 1 77
29123 2 1 11 2 1 30 1 77
29124 2 1 11 2 1 30 1 77
29125 2 1 11 2 1 30 1 77
29126 1 1 10 2 1 27 1 34
29127 1 1 10 2 1 27 1 34
29128 1 1 4 2 1 27 1 34
29129 1 1 4 2 1 27 1 34
29130 1 1 6 2 1 27 1 34
29131 1 1 12 2 1 27 1 34
29132 1 1 12 2 1 27 1 34
29133 
29134 1 16
29135 
29136 
29139 
29140 1 74 1 77
29141 
29142 
29143 
29144 
29145 1 1 1 22
29146 1 1 1 22
29147 1 74 6 75 1 77
29151 
29153 
29154 
29155 
29156 
29157 
29158 
29159 
29160 
29161 5 1 7 2 3 3 2 4 2 8 1 77
29162 
29163 
29164 
29165 4 1 11 2 1 35
29166 
29167 
29168 
29169 
29170 3 1 3 2 1 3 2 9 4 10
29171 4 9 1 10 6 11 1 12
29172 
29173 
29174 
29175 
29176 
29177 
29178 
29179 7 2 1 3 1 96
29181 
29182 
29183 
29184 
29185 
29186 
29187 
29188 
29189 
29190 1 85
29191 7 2 1 3 1 96
29192 7 2 1 3 1 96
29193 1 85
29194 4 1 10 2 2 3 4 9 2 10 2 77
29195 2 2 1 14 1 35
29196 2 2 1 14 1 23 1 35
29197 
29198 1 1 2 2 1 3 2 5 2 77
29199 3 1 2 2 1 3 2 7 2 77
29200 
29201 
29202 
29203 3 2 1 3 1 42
29204 2 1 1 8 1 14 1 77
29205 1 2 1 18 1 20
29206 5 1 7 2 3 3 2 4 1 8 1 42
29207 1 3 1 14 1 19 1 77
29208 
29210 1 1 6 2 1 34
29211 1 1 6 2 1 34
29212 1 1 4 2 1 27 1 34
29213 
29214 
29215 1 1 10 2 1 27 1 34
29216 1 1 8 2 1 27 1 34
29217 
29218 1 1 8 2 1 27 1 34
29219 
29220 1 1 6 2 1 27 1 34
29221 1 1 4 2 1 27 1 34
29222 1 1 12 2 1 34
29223 1 1 12 2 1 34
29224 1 1 10 2 1 34
29225 1 1 10 2 1 34
29226 1 1 11 2 1 34
29227 1 1 9 2 1 34
29228 1 1 8 2 1 34
29229 1 1 6 2 1 34
29230 1 1 7 2 1 34
29231 1 1 5 2 1 34
29232 3 9 1 21 2 34
29233 1 1 1 6 2 9 4 10 3 24
29234 
29235 2 1 2 2 1 6 1 22
29236 
29237 1 2 4 3 5 14 1 77
29238 
29239 
29240 1 1 1 2 1 42 1 77
29241 1 1 1 42 1 77
29242 1 21
29243 1 21
29244 
29245 
29246 
29247 
29248 
29249 2 1 12 2 1 3 1 14 2 22
29250 2 1 16 2 1 3 1 14 2 22
29251 1 1 7 2 1 3 2 14 1 22
29252 
29253 
29254 
29255 
29256 2 1 1 2 1 4 1 14 1 26 1 27
29257 
29258 2 1 11 2 4 3
29259 2 1 13 2 4 3
29260 2 1 2 2 2 9 2 10 1 24 1 35 1 36 1 53 1 96
29261 2 1 2 2 2 9 2 10 1 24 1 35 1 36 1 53 1 96
29262 
29263 
29264 7 2 2 24 5 25
29265 2 3 4 32
29266 
29267 
29268 
29269 
29270 
29271 
29272 
29273 2 1 5 2 1 14 1 34
29274 2 1 5 2 1 14 1 34
29275 3 9 2 34
29276 1 1 3 2 1 37
29277 4 2 1 34 1 41
29278 4 2 1 34 1 41
29279 1 37 1 41
29280 1 37 1 41
29281 
29282 
29283 
29284 1 1 8 2 1 34
29285 1 1 10 2 1 34
29286 
29287 2 1 2 2 2 14 1 34 1 77
29288 2 1 2 2 2 3 3 14 1 34 1 42 1 77
29289 2 1 2 2 1 4 4 14 2 19 1 34 1 77
29290 2 1 2 2 4 9 1 10 1 14 1 17 1 34 1 77
29293 2 1 2 2 1 14 1 34
29294 
29295 
29296 
29297 
29298 
29299 
29300 
29301 3 1 6 2 4 3 3 4 1 8 1 14 1 18 1 19
29302 
29303 
29304 
29305 1 1 9 2 1 35
29306 2 1 18 2 2 35
29307 
29308 2 2 1 14 1 21 1 35
29309 2 2 1 14 1 35 1 74 1 77
29310 4 1 2 5 1 81 1 84
29311 
29312 
29313 3 2 1 6 15 9 2 10 1 13 2 35
29314 
29315 
29316 4 9 2 10 1 24 1 94
29317 4 9 2 10 1 24 1 94
29318 4 9 2 10 1 24 1 94
29319 
29320 
29321 
29322 
29323 
29324 
29325 
29326 
29327 1 24 1 107
29328 1 24 1 107
29329 
29330 
29331 1 1 3 2 1 5 2 25 1 77
29332 4 9 1 10 1 19 1 34 1 53 1 119
29333 3 9 1 10 2 11 1 25 1 26 1 96
29334 
29335 4 2 1 6 8 9 4 10 1 34 1 70
29336 1 1 4 2 1 3 1 22
29337 1 1 7 2 1 3 1 22
29338 1 1 7 2 1 3 1 22
29339 1 1 8 2 1 3 1 22
29340 
29341 1 64
29342 1 1 8 2 1 3 1 22
29343 
29344 1 64
29345 
29346 
29347 
29348 
29349 2 2 1 30 1 42 1 94
29350 
29351 
29352 
29353 
29354 
29355 
29356 
29357 
29358 
29359 
29360 
29361 
29362 
29363 
29365 3 2 1 94
29366 3 2 1 23 1 94
29367 3 2 1 21 1 94
29368 1 1 6 2 1 22 1 94
29369 5 2 1 94
29370 5 2 1 23 1 94
29371 5 2 1 21 1 94
29372 1 1 8 2 1 22 1 94
29373 3 9 2 10 1 11 1 19 1 27
29374 
29375 
29376 6 9 2 10 4 53
29378 3 2 2 5 1 25 2 77
29379 1 1 4 9 1 10 1 30 1 53
29380 1 3 2 14 1 19 1 42
29381 1 1 2 2 1 3 2 42
29382 1 1 2 2 1 3 2 42
29383 1 1 1 2 1 3 2 42
29384 1 1 1 2 1 3 2 42
29385 1 1 1 4 2 14 1 19 1 42
29386 1 1 1 4 2 14 1 19 1 42
29387 2 1 2 2 1 34 1 41
29388 2 1 2 2 1 34 1 41
29389 2 2 1 37 1 41
29390 2 2 1 37 1 41
29391 1 4 15 9 3 10 1 14 1 19
29392 10 9 1 10 1 13 1 14 1 19
29393 2 29
29394 1 1 7 2 1 34 1 64
29395 3 1 1 35 1 42
29396 3 1 1 4 5 9 1 12 1 33 1 42 1 77
29397 
29398 3 9 2 10 1 11 2 77
29399 6 9 4 10 2 11 1 16 4 77
29400 3 9 2 10 1 11 1 16 2 77
29401 
29402 1 6 2 77
29403 1 6 2 77
29404 1 1 2 2 1 14 1 30
29405 1 1 2 2 1 14 1 30
29406 2 1 4 2 1 30
29407 1 1 4 9 1 10 1 30 1 53
29408 2 1 5 2 1 30
29409 2 1 5 2 1 30
29410 2 1 4 2 1 30
29411 1 1 4 9 1 10 1 30 1 71
29412 2 1 3 2 1 30
29413 2 1 3 2 1 30
29414 2 1 6 2 1 30
29415 1 1 4 9 1 10 1 30 1 71
29416 2 1 6 2 1 30
29417 
29418 9 9 3 10 1 14 1 19 1 25
29419 
29420 
29421 
29422 
29423 
29424 2 1 4 2 1 3 1 14
29425 1 2 1 3 2 14 1 44
29426 1 2 1 3 2 14 1 44
29427 2 1 6 2 1 3 1 14
29428 3 1 2 2 1 103
29429 3 1 2 2 1 103
29430 
29431 
29432 
29433 
29434 
29435 
29436 
29437 
29438 
29439 1 1 4 2 1 14 1 32
29440 
29441 
29442 
29443 
29444 
29445 
29446 
29447 1 1 10 2 1 34
29448 1 1 10 2 1 34
29449 3 1 15 2 4 9 1 10 1 17 1 34 1 77
29450 2 1 2 2 1 38
29451 
29452 
29453 
29454 
29455 
29456 
29457 1 1 7 2 1 14
29458 1 1 8 2 1 14
29459 1 1 6 2 1 14
29460 1 1 5 2 1 14
29461 
29463 1 1 5 2 1 3
29464 1 1 8 2 4 3 5 14 1 32
29465 4 1 8 2 5 3 4 9 1 12 1 13 5 14 1 32 1 42
29466 2 9 2 10 2 24 1 36 1 53
29467 2 9 2 10 2 24 1 53 1 57
29468 3 1 6 2 3 74 3 84
29469 
29470 
29471 
29472 
29473 
29474 1 64
29475 
29476 
29477 
29478 
29479 
29480 
29481 1 1 4 2 1 22
29482 1 1 6 2 1 22
29483 
29484 6 2 1 4 1 29 1 42
29485 
29486 
29487 
29488 
29489 
29490 1 64
29491 
29492 1 64
29493 
29494 
29495 
29496 1 64
29497 
29498 
29499 1 64
29500 
29501 1 64
29502 
29503 
29504 
29505 1 1 4 2 10 9 2 12 1 35
29506 1 1 1 3 10 9 2 12 1 34
29507 2 1 1 3 5 9 1 12 1 35 1 65
29508 2 1 2 3 2 14 5 16 2 77
29509 1 2 1 3 1 19 1 34 1 38
29510 5 1 2 3 3 9 3 10 2 25
29511 13 9 2 10 1 11 2 12 2 25
29512 5 1 3 9 3 10 2 26
29513 3 1 4 2 3 9 3 10 2 25
29514 3 1 4 2 3 9 3 10 2 22
29515 7 1 2 4 3 9 3 10 2 77
29516 
29517 
29518 2 24
29519 2 1 2 25
29520 
29521 4 1 3 2 2 3 2 4 1 7 1 77
29523 1 1 1 2 1 14 1 22 1 35
29525 
29526 
29527 
29528 
29529 
29530 3 1 9 2 1 34
29531 
29532 
29533 
29534 
29535 
29536 
29537 3 1 9 2 1 34
29538 3 1 9 2 1 34
29539 
29540 
29541 3 1 9 2 1 34
29542 3 1 5 2 1 3 1 7 1 77
29543 3 1 1 4 3 9 1 12 1 13 2 14 1 17 1 29
29544 6 1 2 4 6 9 2 12 2 13 4 14 2 17 2 29
29545 
29546 
29547 
29548 
29549 10 9 2 10 1 22
29550 10 9 2 12 1 77
29551 
29552 
29553 
29554 
29555 
29556 
29557 
29558 
29559 
29560 
29561 2 64
29562 
29563 2 64
29564 
29565 2 64
29566 
29567 2 64
29568 
29569 
29570 3 1 3 25 1 80
29571 3 1 3 2 2 25 1 60 1 84
29572 2 2 8 3 10 14 4 16 2 77
29573 
29574 
29575 
29576 
29577 
29578 1 1 4 3 4 14 1 20
29579 1 2 1 19 1 33 1 77
29580 1 2 1 19 1 33 1 77
29581 3 1 1 3 4 9 1 12 1 13 2 16 1 77
29582 1 2 2 14 1 19
29583 
29584 1 1 9 2 1 16 1 35 1 64
29585 4 2 2 25 2 95
29586 1 1 1 30 1 77
29587 
29588 3 1 14 2 1 34
29589 3 1 14 2 1 34
29590 3 1 11 2 1 34
29591 3 1 11 2 1 34
29592 3 1 10 2 1 34
29593 3 1 10 2 1 34
29594 4 2 2 14 1 23 1 31
29595 
29596 1 41 1 42
29597 4 1 11 2 1 23 1 35
29598 1 41 1 77
29599 4 1 11 2 1 35 1 41 1 77
29600 
29601 8 1 22 2 2 35 2 77
29604 
29605 
29606 
29607 
29608 
29609 
29610 
29611 
29612 
29613 
29614 3 1 4 2 1 34
29615 1 1 7 2 1 34
29616 3 1 4 2 1 34
29617 
29618 1 64
29619 
29620 
29621 
29622 
29623 
29624 
29625 
29626 
29627 
29628 
29629 
29630 
29631 
29632 
29633 
29634 
29635 
29636 
29637 
29638 
29639 
29640 
29641 
29642 
29643 
29644 
29645 
29646 
29647 
29648 
29649 
29650 
29651 
29652 
29653 
29654 1 81
29655 3 81
29656 2 81
29657 1 81
29658 
29659 
29660 
29661 
29662 
29663 1 1 6 2 1 34
29664 1 1 5 2 4 9 1 39
29665 
29666 
29667 
29668 
29669 
29670 2 1 3 2 1 38
29671 
29672 1 1 1 30 1 77
29673 1 1 1 30 1 77
29674 1 1 1 30 1 77
29675 2 1 7 2 4 3 2 4 1 8 2 19 1 21
29676 
29677 
29678 
29679 1 72
29680 
29684 1 1 20 2 1 6 1 42
29685 1 1 16 2 1 6 1 42
29686 
29687 
29688 1 1 2 2 5 9 1 12 1 14 1 34
29689 1 1 2 2 5 9 1 12 1 14 1 34
29690 2 1 8 2 1 14 1 26
29691 3 1 16 2 1 14 2 26
29692 2 1 9 2 1 14 1 26
29693 3 1 17 2 1 14 2 26
29694 2 1 10 2 1 14 1 26
29695 3 1 18 2 1 14 2 26
29696 1 2 1 3 5 9 1 12 1 14 1 24
29697 1 1 2 2 10 9 2 12 1 14 2 26
29698 1 1 2 2 5 9 1 12 1 14 1 26
29699 1 1 3 2 10 9 2 12 1 14 2 26
29700 1 1 3 2 5 9 1 12 1 14 1 26
29701 1 1 4 2 10 9 2 12 1 14 2 26
29702 
29703 
29704 
29705 
29706 
29707 
29708 
29709 
29710 
29711 
29712 
29713 10 16 5 64
29714 10 16 5 64
29715 
29716 
29717 4 2 1 33 1 38
29718 
29719 
29720 
29721 
29722 2 1 3 2 1 38
29723 1 2 1 14 1 29
29724 3 2 2 14 1 32
29725 2 2 1 14 2 35
29726 2 2 2 25 2 29
29727 
29728 
29729 
29730 
29731 
29732 1 63
29733 1 2 1 14 1 30 1 77
29734 1 2 1 14 1 30 1 77
29735 1 2 1 14 1 30 1 77
29736 
29737 
29738 
29739 
29740 
29741 
29742 
29743 
29744 
29745 1 18 1 77
29746 1 18 1 77
29747 4 9 2 10 1 18 1 64
29748 4 9 2 10 1 18 1 64
29749 4 1 20 2 2 34
29750 4 1 20 2 2 34 2 64
29751 
29752 2 64
29753 4 14
29754 4 14
29755 4 14
29756 3 1 9 2 8 3 2 4 3 14 1 19
29757 1 1 7 2 1 34 1 63
29758 
29759 
29760 
29761 3 1 1 3 1 14 1 22 1 35
29762 
29763 
29764 
29765 
29766 
29767 1 1 13 2 1 4 2 35
29768 1 1 15 2 1 4 2 35
29769 1 1 7 2 1 4 2 35
29770 1 1 9 2 1 4 2 35
29773 
29774 3 9 3 10 1 42 1 114
29775 10 9 4 10 1 34
29776 
29777 
29778 3 1 13 2 1 3 2 22
29779 4 9 1 10 1 53 1 63
29780 
29781 
29782 
29783 
29784 
29785 1 1 1 3 1 14 1 77
29786 
29787 
29788 2 1 4 2 1 14 1 34
29789 
29790 2 1 4 2 1 14 1 34
29791 3 1 3 2 1 24 1 35
29792 3 1 3 2 1 24 1 35
29793 3 1 3 2 1 24 1 35
29794 3 1 3 2 1 24 1 35
29795 9 1 7 2 1 34 1 81 3 84
29796 9 1 7 2 1 21 1 34 1 81 3 84
29797 9 1 7 2 1 34 1 81 3 84
29798 1 64
29799 
29800 
29801 
29802 
29803 
29804 4 1 1 2 2 3 1 4 2 14 2 34 1 35
29805 4 1 1 2 2 3 1 4 2 14 2 34 1 35
29806 1 1 16 2 1 14 1 22 1 35
29807 1 1 19 2 2 14 1 22 1 29
29808 2 1 9 2 1 19 1 35 1 38
29809 
29810 
29811 2 1 1 3 1 30 1 77
29812 3 1 3 2 1 3 1 14 1 35
29813 
29814 
29815 
29816 
29817 
29818 
29819 
29820 
29821 
29822 
29823 
29824 
29825 1 1 1 24 2 25
29826 1 1 1 24 3 25
29827 2 1 1 2 1 3 1 4 1 14 1 77
29828 
29829 
29830 
29831 
29832 4 9 1 10 1 53 1 74
29833 4 9 1 10 1 71 1 74
29834 9 2 1 41 1 42
29835 
29836 
29838 
29839 
29840 
29841 
29842 1 1 14 2 4 9 1 12 1 17 1 96
29843 1 1 12 2 4 9 1 12 1 17 1 96
29844 1 1 10 2 4 9 1 12 1 17 1 96
29845 1 1 8 2 4 9 1 12 1 17 1 96
29846 2 2 1 30 1 42 1 77
29847 2 2 1 30 1 42 1 77
29848 1 1 1 30 1 42
29849 2 1 1 2 1 30 1 77
29850 2 1 1 2 1 30 1 77
29851 3 2 1 4 4 14 2 22 3 35 1 77
29852 
29853 1 1 1 2 4 9 1 13 1 14 1 17 1 29
29854 1 1 1 2 4 9 1 13 1 14 1 17 1 29
29855 
29856 
29857 
29860 2 1 3 2 1 34 1 42
29861 2 1 3 2 1 34 1 42
29862 
29863 2 1 1 2 1 3 1 30 1 77
29864 2 1 1 2 1 3 1 30 1 77
29865 2 1 1 2 1 3 1 30 1 77
29866 2 1 1 3 1 30 1 77
29867 
29868 
29869 
29870 
29871 3 9 2 34
29872 
29873 3 1 3 2 3 3 1 4
29874 
29875 
29876 
29877 
29878 
29879 
29882 
29883 
29885 
29886 
29887 
29888 
29889 
29890 2 1 2 2 1 102
29891 2 1 2 2 1 102
29892 
29893 
29894 
29895 2 1 7 2 1 6
29896 2 1 8 2 1 6
29897 2 1 8 2 1 6
29898 2 1 8 2 1 6
29899 2 1 7 2 1 6
29900 2 1 7 2 1 6
29901 2 1 7 2 1 6
29902 2 1 7 2 1 6
29903 2 1 7 2 1 6
29904 2 1 8 2 1 6
29905 2 1 8 2 1 6
29906 2 1 8 2 1 6
29907 2 1 7 2 1 6
29908 2 1 7 2 1 6
29909 
29910 
29911 1 1 5 2 1 34 1 64
29912 
29913 
29914 
29915 
29916 
29917 
29918 
29919 
29920 
29921 
29922 
29923 
29924 
29925 1 1 1 22
29926 1 1 1 22
29927 1 1 3 2 4 9 1 10 1 13 1 14 1 77
29928 1 1 3 2 4 9 1 10 1 13 1 14 1 77
29929 4 1 4 2 2 29 1 81 1 84
29930 6 1 4 2 2 29 1 81 2 84
29931 4 1 2 2 4 35 1 81 1 84
29932 4 1 6 2 2 29 2 32 1 81 1 84
29933 6 1 8 2 2 32 1 81 1 84
29934 6 1 10 2 2 30 2 32 1 81 1 84
29935 4 1 6 2 2 29 1 81 1 84
29936 6 1 6 2 2 30 1 81 1 84
29937 
29938 6 1 8 2 4 29 1 81 3 84
29939 5 1 6 2 3 29 1 81 2 84
29940 1 1 9 2 1 34
29941 1 1 9 2 1 34
29942 
29943 
29944 
29945 
29946 
29947 
29948 
29951 
29952 
29953 
29954 
29955 
29956 
29957 
29958 1 2 2 5 1 32 1 43
29959 2 2 2 5 1 32 2 42
29960 3 2 1 14 1 29 2 42
29961 4 2 2 14 1 32 2 42
29962 2 2 1 14 1 29 2 42
29963 6 2 3 14 1 35 2 42
29964 1 2 2 5 1 14 1 18 1 32
29965 4 1 1 4 4 9 2 10 2 25
29966 4 1 1 4 4 9 2 10 2 25
29967 4 1 4 9 2 10 2 25 1 81
29968 4 1 4 9 2 10 2 25 1 81
29969 4 1 4 9 2 10 2 25 1 81
29970 2 1 5 2 2 77
29971 2 1 6 2 2 77
29972 2 1 7 2 2 77
29973 2 1 8 2 2 77
29974 2 1 9 2 2 77
29975 1 1 12 2 1 34
29976 1 1 12 2 1 34
29977 2 1 3 2 1 14 1 34
29978 2 1 2 29
29979 3 2 1 23 1 29
29980 3 2 1 21 1 29
29981 1 1 6 2 1 22 1 29
29982 1 1 7 2 1 22 1 29
29983 1 1 8 2 1 22 1 29
29984 1 1 9 2 1 22 1 29
29985 
29986 1 23
29987 4 9 1 23 1 39
29988 2 1 1 23 1 38
29989 3 1 1 39
29990 3 1 1 23 1 39
29991 5 1 2 3 1 23 1 32
29992 
29993 2 1 7 2 3 25 4 77
29994 2 1 5 2 1 25 4 77
29995 3 1 5 2 1 39
29996 3 1 5 2 1 39
29998 
29999 2 3 2 14 2 42
30000 2 1 1 2 1 38
30001 
30002 
30003 
30004 
30005 3 1 1 2 2 4 1 14 2 27
30006 3 2 1 14 1 26 1 27
30007 1 1 14 2 1 6 1 14 1 22 1 35
30008 1 1 16 2 1 6 2 14 1 22 1 29
30009 
30010 1 1 12 2 2 6 1 42
30011 2 1 3 2 1 38
30012 1 1 7 2 4 9 2 10 1 42
30013 
30014 
30015 
30016 
30017 2 1 11 2 1 6 1 22
30018 7 2 1 29 1 42
30019 1 1 3 2 1 30 1 42
30020 1 1 3 2 1 30 1 42
30021 2 1 3 2 1 38
30022 2 1 12 2 2 35 2 77
30023 2 1 5 2 1 34 1 38
30024 2 1 4 2 1 34 1 38
30025 2 1 4 2 1 34 1 38
30026 2 1 3 2 1 34 1 38
30027 2 16
30028 
30029 
30030 
30031 
30032 
30033 5 9 1 10 1 32 1 42
30034 
30035 2 1 1 2 2 103
30036 
30037 
30038 2 1 1 3 1 30 1 77
30039 1 1 7 2 1 37
30040 
30041 
30042 3 1 7 2 3 3 3 4 1 8 1 14 1 19
30043 
30044 1 1 8 2 1 35
30045 
30046 1 1 3 2 4 9 1 39
30047 1 1 3 2 4 9 1 39
30048 1 1 16 2 1 22
30049 1 1 15 2 1 22
30050 1 1 14 2 1 22
30051 1 1 13 2 1 22
30052 1 1 12 2 1 22
30053 1 1 11 2 1 22
30054 1 1 10 2 1 22
30055 
30056 
30057 
30058 
30059 12 1 4 4 2 9 4 10
30060 10 9 2 12 2 104
30061 10 9 2 12 2 104
30062 
30063 
30064 
30065 
30066 3 1 1 2 1 4 1 26 1 27
30067 3 1 1 2 1 4 1 26 1 27
30068 2 2 4 9 1 11 1 13
30069 2 2 3 9 2 11 1 13
30070 
30072 2 9 2 10 2 11 2 77
30073 3 9 2 10 1 11 2 77
30074 
30075 3 9 2 10 1 11 2 77
30076 2 9 2 10 2 11 2 77
30077 2 1 2 4 10 9 2 10 2 24
30078 4 1 4 2 2 4 2 24
30079 2 1 1 2 1 38
30080 2 1 1 2 1 38
30081 1 1 3 2 4 9 1 39
30082 1 1 3 2 4 9 1 39
30083 
30084 5 9 1 10 1 32 1 94
30085 2 2 3 3 1 4 4 14 1 42
30086 
30087 
30088 
30089 1 2 2 4 4 14 2 74
30090 1 21
30091 2 1 1 102
30092 1 1 3 2 1 37
30093 1 1 9 2 1 37
30094 1 1 11 2 1 37
30095 
30096 
30097 
30098 
30099 
30100 
30101 
30102 
30103 
30104 
30105 
30106 
30107 
30108 
30109 
30110 
30111 
30112 
30113 
30114 2 16
30115 
30116 2 1 1 38
30117 1 1 1 2 1 30 1 77
30118 1 1 1 2 1 30 1 77
30119 1 1 1 2 1 30 1 77
30121 
30122 
30123 
30124 
30125 
30126 
30129 1 1 3 2 1 3 3 14 1 29 1 77
30130 1 1 4 2 1 3 3 14 1 31 1 77
30131 4 2 2 14 1 21 1 31
30132 
30133 
30134 
30135 
30136 
30137 
30138 
30139 
30140 
30141 
30142 3 9 1 36 2 57
30143 3 9 1 36 2 57
30144 3 9 1 36 2 57
30145 1 19 2 42
30146 3 1 5 2 1 4 1 18 1 70
30147 4 1 5 2 1 4 1 6 1 8 1 18 1 70
30148 4 1 5 2 1 3 1 4 1 65 1 70
30153 2 1 2 3 1 22
30154 1 1 2 2 1 3 1 22
30158 1 1 7 2 2 6 1 14
30159 
30160 
30161 
30162 
30163 
30164 
30165 1 1 4 2 1 34
30166 1 1 5 2 1 34
30167 1 1 6 2 1 34
30168 1 1 9 2 1 34
30169 4 1 13 2 1 35
30170 3 1 14 2 1 3 1 22 1 111
30171 2 1 16 2 1 22 1 111
30172 2 1 20 2 1 22 1 111
30173 3 1 18 2 1 3 1 22 1 111
30174 2 1 11 2 1 22 2 111
30175 2 1 13 2 1 22 1 111
30176 3 1 14 2 1 3 1 6 1 22
30177 2 1 14 2 1 22 1 111
30178 3 1 18 2 1 3 1 6 1 22
30179 3 1 13 2 1 3 1 22 1 111
30180 2 1 15 2 1 22 1 111
30181 
30182 
30183 1 1 7 2 1 34
30184 
30185 1 38 1 95
30186 1 38 1 97
30187 
30188 
30189 
30190 
30191 
30192 
30193 7 1 8 2 3 3 1 35 1 63
30194 1 21
30195 2 16 1 21
30196 3 2 2 6 2 8
30197 5 2 2 4 2 6
30198 1 1 2 2 1 3 2 66
30199 
30200 
30201 
30202 3 2 1 29 1 30 1 77
30203 
30204 
30205 4 9 2 10 2 20
30206 
30207 
30208 
30209 
30210 
30211 
30212 1 1 13 2 1 103
30213 1 1 13 2 1 103
30214 3 2 1 29
30215 1 23
30216 
30217 
30218 
30219 
30220 
30221 1 42 1 77
30222 1 16 2 42 2 77
30223 1 16 2 42 2 77
30224 
30225 
30226 2 1 1 3 1 30 1 77
30227 
30228 
30229 1 1 1 2 1 30 1 77
30230 1 1 1 2 1 30 1 77
30231 1 1 4 2 1 22 2 35
30232 
30233 1 16
30234 
30235 
30236 
30237 
30238 
30239 
30240 
30241 
30242 
30243 
30244 
30245 
30246 
30247 
30248 
30249 
30250 
30251 
30252 
30253 3 9 2 10 1 71 1 114
30254 
30255 
30256 1 1 5 2 1 37
30257 1 1 11 2 1 4 2 35
30258 1 1 11 2 1 4 2 35
30259 1 1 11 2 1 4 2 35
30260 1 1 13 2 1 4 2 35
30261 1 1 13 2 1 4 2 35
30262 1 1 15 2 1 4 2 35
30263 1 1 19 2 1 4 2 35
30264 1 1 19 2 1 4 2 35
30265 1 1 9 2 1 4 2 35
30266 1 1 7 2 1 4 2 35
30267 1 1 7 2 1 4 2 35 1 64
30268 1 1 9 2 1 4 2 35 1 64
30269 2 2 3 3 1 4 4 14 1 77
30270 2 2 3 3 1 4 4 14 1 77
30271 2 2 3 3 1 4 4 14 1 77
30272 2 2 3 3 1 4 4 14 1 77
30273 4 9 2 10 2 77
30274 8 9 4 10 1 16 4 77
30275 3 9 1 13 1 14 1 42 1 53 1 71
30276 3 9 1 13 1 14 1 42 1 53 1 71
30277 3 9 1 13 1 14 1 42 1 53 1 71
30278 4 9 1 10 1 13 1 14 1 42 1 63
30279 3 9 1 13 1 14 1 42 1 53 1 71
30280 4 9 1 11 1 13 1 14 1 42
30281 3 9 2 10 1 36 2 77
30282 3 9 2 10 1 16 1 36 2 77
30283 4 9 1 10 1 13 1 14 1 42 1 64
30284 4 9 1 10 1 13 1 14 1 42 1 63
30285 4 9 1 11 1 13 1 14 1 42
30286 4 9 1 13 1 14 1 42 1 53
30287 4 9 1 11 1 13 1 14 1 42
30288 4 9 1 10 1 13 1 14 1 42 1 63
30289 4 9 1 11 1 13 1 14 1 42
30290 3 9 2 10 1 17 2 77
30291 4 9 1 10 1 13 1 14 1 42 1 64
30292 3 9 2 10 1 16 1 17 2 77
30293 4 9 1 10 1 13 1 14 1 42 1 64
30294 4 9 1 10 1 13 1 14 1 42 1 64
30295 4 9 1 11 1 13 1 14 1 42
30296 4 9 1 10 1 13 1 14 1 42 1 64
30297 4 9 1 10 1 13 1 14 1 42 1 64
30298 4 9 1 13 1 14 1 42 1 53
30299 3 9 2 10 1 57 2 77
30300 3 9 2 10 1 16 1 57 2 77
30301 1 1 1 30 1 77
30302 7 9 4 10 1 12 1 64
30303 6 9 5 10 1 12 2 64
30304 
30305 1 14 1 74 2 76
30306 1 14 1 74 2 76
30307 1 14 1 74 2 76
30308 
30309 
30310 
30311 2 1 2 2 1 96
30312 1 1 1 2 1 96
30313 
30314 
30315 
30316 
30317 
30318 
30319 
30320 
30321 1 1 12 2 1 27 1 34
30322 
30323 1 1 11 2 1 25 1 37
30324 1 1 10 2 1 25 1 37
30325 1 1 8 2 1 25 1 37
30326 1 1 6 2 1 25 1 37
30327 1 1 5 2 1 25 1 37
30328 
30329 
30330 3 1 18 2 1 34
30331 1 1 15 2 1 37
30332 1 1 11 2 1 37
30333 1 1 11 2 1 25 1 37
30334 1 1 10 2 1 25 1 37
30335 1 1 8 2 1 25 1 37
30336 1 1 6 2 1 25 1 37
30337 1 1 5 2 1 25 1 37
30338 
30339 
30340 1 19 1 34 1 98
30341 
30342 
30343 1 6 2 42
30344 
30345 1 1 2 2 1 3 2 14
30346 1 1 4 2 1 3 2 14
30347 
30348 
30349 9 2 2 14 3 25
30350 
30351 
30352 1 1 5 9 1 12 1 31
30353 2 1 5 9 1 12 1 22 1 31
30354 2 1 3 2 5 9 1 12 1 22 1 31
30355 5 9 1 10 1 28
30356 1 1 3 2 5 9 1 10 1 22 1 28
30358 1 1 1 25 1 29
30359 1 1 6 2 1 34 1 64
30360 1 1 8 2 1 34 1 64
30361 
30362 
30363 
30364 
30365 1 1 1 5 1 19 1 22
30366 
30367 
30368 
30369 
30370 
30371 
30372 
30373 
30374 
30375 
30376 
30377 
30378 
30379 
30380 
30381 
30382 
30383 
30384 
30385 
30386 
30387 
30388 
30389 1 6 2 42
30390 2 3 2 14 2 42
30391 1 2 1 30 1 77 1 94
30392 1 2 1 30 1 77 1 94
30393 2 2 1 30 1 77 1 94
30394 1 1 1 6 1 41
30395 
30396 
30397 
30398 
30399 
30400 
30401 
30402 
30403 
30404 
30405 
30406 
30407 
30408 
30409 
30410 1 1 6 2 1 34
30411 
30412 1 1 7 2 1 22
30413 6 2 2 24 2 25 2 77
30414 2 1 6 2 4 25 2 77
30415 2 1 10 2 4 25 2 77
30416 
30417 2 64
30418 
30420 1 3 2 14 1 19 1 42
30421 1 21 1 85
30422 1 1 1 22 1 85
30423 1 1 1 2 1 22 1 85
30424 1 23 1 85
30425 1 1 3 2 1 22 1 85
30426 1 1 2 2 1 22 1 85
30427 
30428 2 16
30429 
30430 1 1 5 9 1 12 1 14 1 18 1 34
30432 4 2 3 3 10 9 2 10 1 14 1 19 1 34
30434 
30435 1 4 1 74 2 75
30436 6 16 2 64
30437 
30438 
30439 
30440 
30441 1 64
30442 1 64
30443 2 1 1 2 1 3 1 30 1 77
30444 2 1 1 2 1 3 1 30 1 77
30445 1 1 2 2 1 29 1 30
30446 1 1 2 2 1 3 2 29
30447 
30448 
30449 
30450 2 1 2 2 1 14 1 22 1 34 1 42
30451 1 64
30452 
30453 
30454 2 1 3 2 2 25 2 34 2 38
30455 2 1 3 2 2 25 2 34 2 38
30456 
30457 
30458 
30459 
30460 
30461 
30462 
30463 
30464 
30465 
30466 
30467 
30468 
30469 
30470 
30471 
30472 
30473 2 1 2 2 1 25 1 34 1 38
30474 2 1 2 2 1 25 1 34 1 38
30475 
30476 
30477 
30478 
30479 
30480 
30481 
30482 
30483 
30484 
30485 
30486 5 1 2 2 2 3 1 4 5 9 1 10
30487 
30488 
30489 
30490 
30491 
30492 
30493 
30494 
30495 2 1 2 2 2 25
30496 
30498 
30499 1 1 1 2 1 37
30500 1 2 4 3 5 14 1 20
30501 
30502 
30503 1 1 6 2 5 3 3 4 1 7 1 14 1 42 1 77
30504 
30505 4 2 1 5 1 27 1 34
30506 4 2 1 5 1 27 1 34
30507 3 2 5 9 1 12 1 27 1 34
30509 1 2 1 30 1 77 1 94
30510 1 29 1 77
30511 3 2 1 33 1 77
30512 1 1 1 30 1 77
30513 1 2 1 14 1 30 1 77
30514 3 2 5 9 1 12 1 27 1 34
30515 
30516 
30517 
30518 2 1 1 2 2 25
30519 1 1 1 2 1 4 1 33 1 35 1 42
30520 2 2 1 30 1 32 1 42 1 94
30521 
30522 
30523 
30524 1 4 1 14 2 22 1 77
30525 
30526 
30527 
30528 4 1 1 2 4 3 2 14 3 25
30529 
30530 8 9 1 10 1 12 2 17
30531 1 1 1 4 13 9 3 10 2 17
30532 1 1 8 9 1 10 1 13 2 17
30533 
30534 3 1 1 4 1 32 2 34
30535 3 1 1 4 1 32 2 34
30536 3 1 1 4 1 32 2 34
30537 
30538 1 1 9 2 4 3 5 14 1 98
30539 1 1 5 2 1 34
30540 1 1 7 2 1 34
30541 1 2 1 94 1 95
30542 1 1 4 2 1 3 2 42
30543 
30544 
30545 3 1 4 2 1 3 1 8 1 14
30546 1 2 4 9 1 13 1 14 1 17 1 31
30547 1 1 4 9 1 13 1 14 1 17 1 30
30548 1 1 2 3 4 9 1 13 3 14 1 17 1 30 2 42
30549 
30550 
30551 
30552 4 1 5 2 1 35
30553 
30554 
30555 
30556 
30557 
30558 
30559 
30560 
30561 
30562 
30563 2 29
30564 
30565 
30566 
30567 
30568 3 1 9 2 3 22
30569 3 1 6 2 3 22
30570 
30571 
30572 
30573 
30574 
30575 
30576 
30577 1 1 7 2 1 39 1 77
30578 1 1 7 2 1 39 1 77
30579 1 1 9 2 1 39 1 77
30580 1 1 9 2 1 39 1 77
30581 1 1 9 2 1 39 1 77 1 96
30582 1 1 9 2 1 39 1 77 1 96
30583 2 1 7 2 2 22
30584 2 1 9 2 2 22
30585 2 1 9 2 2 22
30586 2 1 11 2 2 22
30587 1 1 5 9 1 12 1 19
30588 1 1 1 2 5 9 1 12 1 19
30589 1 1 1 2 5 9 1 12 1 19
30590 1 1 2 2 5 9 1 12 1 19
30591 1 1 1 3 1 14 1 107
30592 1 1 1 2 1 3 1 14 1 107
30593 1 1 4 2 1 19 1 107
30594 1 1 1 25 1 107
30595 1 1 2 2 1 19 1 107
30596 1 1 3 2 1 77 1 107
30597 1 1 2 2 1 77 1 107
30598 1 1 6 2 1 77 1 107
30599 1 1 4 2 1 77 1 107
30600 1 1 5 2 1 77 1 107
30601 1 1 2 2 1 3 1 14 1 107
30602 1 1 6 2 1 107
30603 1 1 1 19 1 107
30604 1 1 1 2 1 19 1 107
30605 
30606 1 1 3 2 1 19 1 107
30607 2 64 1 108
30608 5 9 1 12 1 107
30609 
30610 
30611 4 46 1 49
30612 
30613 2 1 4 2 2 3 2 77
30614 
30615 
30616 3 9 2 11 1 57
30617 8 1 1 2 2 4 1 25 2 26
30618 2 1 5 9 1 13 1 101
30619 2 1 1 35 1 60
30620 5 1 1 2 1 4 1 26 1 101
30621 3 1 2 2 1 21 2 26
30622 2 1 2 2 1 35 1 60
30623 6 1 2 4 1 25 1 101
30624 4 1 3 2 2 26 1 101
30625 2 1 11 2 1 6
30626 1 1 7 2 4 9 1 12 1 13
30627 
30628 4 1 2 3 1 35 1 60
30629 6 2 1 14 1 26 1 27
30630 2 1 1 3 1 5 4 9 1 10 1 12
30631 
30632 
30633 1 1 2 9 3 11 1 12
30634 2 1 16 2 1 6
30635 2 1 16 2 1 6
30636 2 1 8 9 4 12
30637 
30638 2 1 1 2 1 4 1 14 1 26 1 27
30639 2 1 1 2 1 3 1 21 1 25
30640 1 1 10 2 1 3 2 64
30641 
30642 
30643 6 1 6 2 4 25 2 84 2 103
30644 3 1 10 2 1 3
30645 
30646 5 1 1 3 1 4 1 25 1 101
30647 2 1 6 9 2 10 2 12
30648 3 9 1 10 2 53 1 109
30649 6 2 2 3 2 14
30650 1 2 1 5 1 25 1 110
30651 4 2 2 25 2 35
30652 2 1 11 2 1 3 1 14
30653 1 1 1 2 1 5 1 101
30654 5 1 1 2 5 3 2 14 4 25
30655 3 14
30656 1 6 8 9 4 10 2 24
30657 1 1 4 2 2 25 1 100
30658 1 1 4 2 4 25 1 100
30659 1 1 1 3 1 5 1 42 1 77
30660 
30661 
30662 4 1 2 2 2 26 1 101
30663 3 2 1 14 1 20
30664 2 1 2 2 4 3 2 8
30665 2 1 5 2 1 3 1 5
30666 
30667 2 1 11 2 1 3 1 14
30668 1 1 5 2 2 3 1 14
30669 4 2 6 24 2 81 2 103
30670 2 1 18 2 1 6 1 22
30671 1 1 1 2 1 3 1 14 1 20
30672 1 1 1 8 1 44 1 69
30673 
30674 
30675 
30676 
30677 4 2 1 24 1 27 1 35
30678 
30679 1 5 1 77
30680 1 5 1 77
30681 
30682 3 1 1 2 1 4 1 102
30683 
30684 1 14 1 19 1 21
30685 1 1 3 2 3 3 1 6
30686 1 1 2 7 4 9 2 10
30687 
30688 
30689 2 1 4 2 1 3 1 20
30690 3 1 2 2 3 9 3 10
30691 1 1 1 22
30692 1 1 3 2 1 3 1 5 1 8
30693 3 1 1 4 1 24 1 77
30694 
30695 2 2 1 24 1 35
30696 2 2 1 24 1 35
30697 2 1 1 2 1 101
30698 3 1 4 9 2 10 1 26
30699 6 2 4 35
30700 
30701 
30702 5 2 3 3 1 42
30703 1 1 9 9 3 12
30704 
30705 
30706 
30707 
30708 
30709 
30710 
30711 
30712 
30713 
30714 
30715 2 1 5 2 1 3 1 20
30716 1 1 4 2 3 25 1 100
30717 3 1 7 2 2 3 3 4 1 5 1 8 1 42
30718 1 1 4 9 1 10 1 12 1 104
30719 2 2 1 3 1 94
30720 5 2 1 14 1 29
30721 6 1 2 4 2 32
30722 3 1 4 2 1 3 2 4 2 109
30723 1 1 1 7 4 9 1 10 1 17
30724 2 2 3 24 1 60 1 81
30725 1 2 1 5 1 26 1 77
30726 1 1 2 2 1 14 1 25
30727 
30728 4 1 2 3 2 4 2 14
30729 5 2 1 3 1 109
30730 6 9 4 10 2 109
30731 2 2 1 20 1 102
30732 3 1 1 4 1 5 1 77
30733 
30734 1 1 2 2 4 9 2 10 1 14 2 77
30735 4 1 1 2 2 4 2 14 1 19
30736 1 1 5 9 1 10 1 25 1 77
30737 3 1 1 3 1 101
30738 3 2 1 27 2 35
30739 3 2 1 29 1 41
30740 2 1 15 2 1 7 1 77
30741 2 2 3 24 1 44 1 81
30742 2 1 5 2 1 3 1 20
30743 1 2 1 25 2 29
30744 3 1 4 2 2 25 1 84 1 110
30745 1 1 1 22 1 60
30746 3 1 1 5 6 25 1 81
30747 
30748 5 2 1 3 1 42
30749 2 2 4 9 2 10 1 14 1 42 1 77
30750 
30751 4 2 2 14 1 19
30752 
30753 
30754 
30755 2 1 14 2 3 9 2 12 1 17
30756 4 1 5 2 2 3 2 4 3 9 3 10 1 29
30757 1 1 4 2 1 104
30758 1 1 4 9 2 10 1 20 1 77
30759 4 2 1 3 1 6 1 14
30760 4 1 5 2 2 3 2 4 3 9 3 10 1 42
30761 3 1 1 4 1 5 4 9 2 10
30762 
30763 3 1 9 2 2 3 2 4 1 7 1 8 2 14
30764 4 1 7 2 2 3 2 4 1 8 1 42 1 70
30765 
30766 3 1 3 2 2 25 1 29 1 84
30767 3 1 2 2 2 25 1 41 1 84
30768 2 1 3 2 1 3 1 20
30769 4 2 4 9 2 10 2 14 2 77
30770 
30771 
30772 2 2 2 5 1 6 2 77
30773 1 2 2 5 1 77
30774 3 9 2 11 1 53
30775 4 2 2 3 2 42
30776 4 2 2 3 2 42
30777 4 9 2 10 2 20
30778 
30779 4 3 2 14 2 27
30780 2 2 1 5 1 14 1 77
30781 2 1 1 2 1 18 3 26
30782 3 9 1 10 2 53 1 74
30783 4 2 1 29 1 94
30785 
30786 4 1 7 2 2 3 2 4 1 8 1 42 1 70
30787 3 9 2 10 1 17 1 18 1 24
30788 1 1 1 6 1 42
30789 1 14 1 18 1 19
30790 
30791 4 1 1 4 1 7 1 77
30792 1 64 1 75 1 76
30793 1 14 1 41
30794 1 1 15 2 1 3 1 6 2 14 1 22
30795 
30796 3 9 1 10 1 53 1 57 1 74
30797 
30798 2 9 3 10 1 17 1 20 2 24
30799 
30800 4 1 10 2 2 3 1 6 2 77
30801 
30802 
30803 1 1 1 3 1 5 1 100
30804 1 1 12 2 3 3
30805 1 1 12 2 3 3
30806 4 1 9 2 2 3 1 32
30807 4 2 2 3 2 27
30808 
30809 4 1 3 2 2 4 2 14 1 77
30810 3 1 2 2 1 4 1 42
30812 
30813 3 1 7 2 2 3 3 4 1 5 1 8 1 42
30814 6 2 2 5 2 77
30815 2 1 4 2 1 3 1 4 1 7 1 14
30816 
30817 
30818 2 1 1 101
30819 3 1 8 2 2 3 2 4 1 7 1 8 1 14 1 20
30820 2 1 1 3 1 26 2 42
30821 2 1 14 2 4 9 2 10 2 77
30822 2 1 2 2 1 7 1 19 2 77
30823 
30824 
30825 1 2 1 25 2 60
30826 2 2 2 5 2 77
30827 
30828 3 1 1 2 1 3 2 101
30829 1 2 3 3 4 14 1 20
30830 
30831 3 1 1 2 1 3 1 25 1 101
30832 1 1 5 9 1 10 1 14 1 26
30833 4 2 1 27 1 35 1 100
30834 2 1 1 25 1 30
30835 4 2 2 29 4 32
30836 1 1 3 21 1 81
30837 
30838 3 1 4 2 1 3 2 4 2 14
30839 3 1 4 2 1 3 2 4 2 14
30840 
30841 4 9 1 11 1 12 1 14
30842 1 2 5 9 1 12 1 14 1 25
30843 
30844 1 1 1 2 1 6 1 21
30845 
30846 
30847 2 1 1 2 1 4 1 7 10 9 2 10
30848 2 1 16 2 4 9 2 10 2 77
30849 4 2 2 3 4 9 2 10 4 14 2 77
30850 8 1 1 2 4 3 1 4 2 77
30851 2 1 1 26 1 35
30852 2 1 1 26 1 35
30853 1 2 1 3 1 14 1 22
30854 1 2 1 3 1 14 1 22
30855 
30856 
30857 6 1 1 2 3 3 1 4 1 14 1 77
30858 1 1 5 9 1 13 1 23
30859 3 1 3 3 1 14 1 42 2 77
30860 
30861 2 1 1 4 8 9 2 10 2 17
30862 2 1 5 9 1 13 1 101
30863 4 1 12 2 2 3 2 25 2 77
30864 4 1 1 4 1 101
30865 
30866 2 2 5 9 1 12 1 14 1 25
30867 2 1 1 3 4 9 2 10 1 25 1 42
30868 2 1 1 3 4 9 2 10 1 25 1 42
30869 2 1 1 3 4 9 2 10 1 25 1 42
30870 
30871 2 64
30872 2 64
30873 2 64
30874 1 1 5 2 1 26
30875 4 2 1 3 1 23
30876 1 1 6 2 1 26
30877 4 2 1 3 1 63
30878 7 2 2 63
30879 8 2 2 63
30880 9 2 2 63
30881 1 1 1 2 2 6 1 21
30882 1 1 2 2 5 9 1 12 1 22
30883 1 1 4 2 1 5 1 22
30884 3 1 4 2 1 3 1 8 1 21
30885 1 1 4 2 5 9 1 12 1 22
30886 2 1 4 2 1 6 1 22
30887 2 1 3 2 1 6 1 22
30888 3 1 4 2 1 3 1 6 1 77
30889 2 1 5 2 1 6 1 22
30890 6 2 1 14 1 27 1 34
30891 6 2 1 14 1 27 1 34
30892 3 1 7 2 1 4 1 60
30893 1 1 1 2 3 21 1 81
30894 8 9 1 10 2 12 1 13 1 14
30895 1 6 8 9 3 10 1 13 1 14
30896 2 2 8 9 2 10 2 13 2 14
30897 2 2 2 3 8 9 4 10 2 14
30898 3 2 8 9 3 10 1 13 1 14
30899 3 2 1 3 8 9 4 10 1 14
30900 
30901 
30902 1 64
30903 1 1 2 2 1 35 1 63
30904 1 63
30905 4 1 2 4 2 77
30906 
30907 3 2 1 3 1 14 1 27
30908 2 1 1 2 2 4 3 27
30909 
30910 
30911 2 1 21 2 1 19
30912 2 1 25 2 1 19
30913 
30914 
30915 2 1 1 2 1 3 1 4 1 14 1 77
30916 
30917 2 1 6 3 2 4 2 77
30918 6 3 2 4 2 42
30919 
30920 
30921 
30922 
30924 
30925 
30926 
30927 
30928 
30929 
30930 
30931 
30932 
30933 4 1 1 2 1 4 2 77
30934 2 1 2 2 1 4 2 77
30935 2 1 3 2 1 4 2 77
30936 4 1 4 2 1 4 2 77
30937 4 1 2 2 1 4 2 77
30938 4 1 2 2 1 4 2 77
30939 2 1 5 2 1 4 2 77
30940 2 1 4 2 1 4 2 77
30941 4 1 3 2 1 4 2 77
30942 1 2 3 3 4 14 1 20
30943 1 1 9 2 1 22 1 65
30944 2 1 4 2 1 66 2 77
30945 4 1 2 3 1 66 2 77
30946 2 1 6 2 1 66 2 77
30947 1 1 1 22 1 65
30948 1 1 1 2 1 22 1 65
30949 2 1 8 2 1 66 2 77
30950 1 1 6 2 1 22 1 65
30951 1 1 2 2 5 9 1 10 1 66 1 77
30952 4 1 4 2 2 3 1 66 2 77
30953 1 1 7 2 1 22 1 65
30954 1 1 3 2 1 22 1 65
30955 1 1 2 2 1 22 1 65
30956 1 1 3 2 5 9 1 10 1 66 1 77
30957 2 1 1 3 1 14 1 77
30958 1 1 1 3 1 14 1 29
30959 
30960 7 2 2 3 1 7
30961 3 1 4 2 1 3 1 4 2 22
30962 3 1 6 2 1 3 1 4 2 22
30963 
30964 
30965 
30966 
30967 
30968 
30969 
30970 
30971 
30972 
30973 
30974 
30975 
30976 2 2 1 25 1 29 1 100
30977 2 2 4 9 2 10 1 34
30978 1 2 3 3 4 14 1 20
30979 
30980 2 1 2 35
30981 2 2 3 29 1 35
30982 1 2 1 14 1 110
30983 1 2 1 14 1 110
30984 2 16
30985 4 1 1 2 1 4 2 22
30986 4 1 2 2 1 4 2 22
30987 3 1 1 3 2 22
30988 4 1 1 4 2 22
30989 2 1 4 2 1 4 2 22
30990 2 1 5 2 1 4 2 22
30991 4 1 2 2 1 4 2 22
30992 2 1 7 2 1 4 2 22
30993 2 1 6 2 1 4 2 22
30994 4 1 3 2 1 4 2 22
30995 4 1 4 2 1 4 2 22
30996 4 1 2 2 1 4 2 22
30997 3 1 3 2 1 3 1 4 2 22
30998 3 1 4 2 1 3 1 4 2 22
30999 3 1 6 2 1 3 1 4 2 22
31000 2 1 7 2 2 3 1 4 2 22
31001 2 1 6 2 2 3 1 4 2 22
31002 3 1 5 2 1 3 1 4 2 22
31003 3 1 6 2 1 3 1 4 2 22
31004 3 1 4 2 1 3 1 4 2 22
31005 2 1 9 2 2 3 1 4 2 22
31006 2 1 8 2 2 3 1 4 2 22
31007 
31008 
31009 1 2 3 3 1 8 3 14 1 42
31010 4 9 2 53
31011 5 9 1 10 1 64
31012 1 25 7 75 1 89
31013 1 25 5 75 1 89
31014 1 25 3 75 1 89
31015 3 9 2 34
31016 8 9 5 10 1 17 1 24 1 77
31017 8 9 4 10 2 17 1 77
31018 1 25 1 74 5 75 1 76
31019 4 1 3 2 1 3 1 4 2 8 1 20
31020 1 1 1 4 1 5 1 14 1 65
31021 1 1 1 2 1 8 1 14 1 65
31022 1 2 1 31 1 41
31023 2 1 4 2 3 34
31024 3 1 21 2 1 34
31025 1 1 3 2 1 37
31026 1 1 1 2 1 37
31027 1 1 2 2 1 37
31028 1 1 4 2 1 37
31029 1 1 5 2 1 37
31030 1 1 4 2 5 9 1 10 1 103
31031 1 1 3 2 5 9 1 10 1 103
31032 3 1 2 35
31033 
31034 2 1 5 2 1 3 1 14 1 34 1 77
31035 
31036 
31039 
31040 
31041 
31042 
31043 3 1 2 2 1 24 1 35
31044 3 1 2 2 1 24 1 35
31045 1 1 8 2 1 99
31046 1 1 2 2 5 9 1 10 1 22
31047 1 1 3 2 5 9 1 10 1 22
31048 1 1 5 9 1 12 1 22
31049 1 1 2 2 5 9 1 12 1 22
31050 1 1 3 2 5 9 1 12 1 22
31051 
31052 
31053 4 1 2 2 2 3 2 103
31054 
31055 
31056 3 1 1 3 1 103
31057 
31058 
31059 
31060 
31061 
31062 1 1 2 2 1 22 1 64
31063 1 1 3 2 1 22 1 64
31064 1 2 5 9 1 12 1 63
31065 1 1 3 2 1 22 1 63
31066 1 1 2 2 1 22 1 63
31067 4 2 1 26 1 64
31068 5 9 1 10 1 14 1 19
31069 
31070 1 64
31071 
31072 
31073 1 64
31074 
31075 
31076 2 64
31077 
31078 
31079 
31080 
31081 
31082 
31083 
31084 
31085 
31086 
31087 
31088 
31089 
31090 
31091 
31092 2 1 12 2 2 22
31093 2 1 20 2 2 22
31094 
31095 
31096 4 1 3 2 1 4 3 22
31097 4 1 6 2 1 4 3 22
31098 4 1 9 2 1 4 3 22
31099 
31100 
31101 
31102 
31103 
31104 4 2 1 4 4 21
31105 4 1 4 2 1 4 4 22
31106 
31107 
31108 
31109 
31110 
31111 2 1 4 2 1 3 1 77
31112 2 1 4 2 1 3 1 77
31113 
31114 
31115 
31116 
31117 3 64
31118 3 64
31119 10 16 5 64
31120 10 16 5 64
31121 10 16 5 64
31122 5 2 1 3 1 28
31123 1 1 7 2 1 3 1 22 1 28
31124 1 1 8 2 1 3 1 22 1 28
31125 1 1 9 2 1 3 1 22 1 28
31126 1 1 10 2 1 3 1 22 1 28
31127 
31128 
31129 1 2 1 14 1 30 1 77
31130 1 2 1 14 1 30 1 77
31131 
31132 
31133 3 1 1 34
31134 1 6 5 9 1 10 1 42
31135 
31136 
31137 
31138 
31139 
31141 
31142 
31143 
31144 
31145 
31146 2 1 7 2 1 4 2 77
31147 1 1 5 2 1 3 1 77
31148 1 1 4 2 1 3 1 77
31149 1 1 6 2 1 3 1 77
31150 2 1 9 2 1 4 2 77
31151 1 1 5 2 1 3 1 77
31152 1 1 7 2 1 3 1 77
31153 1 1 6 2 1 3 1 77
31154 2 1 6 2 1 4 2 77
31155 
31156 1 1 1 2 1 37
31157 2 1 2 2 2 22 1 66
31158 2 1 6 2 2 22 1 66
31159 2 1 8 2 2 22 1 66
31160 2 2 2 21 1 66
31161 2 1 4 2 2 22 1 66
31162 1 1 1 2 1 22 1 65
31163 1 1 2 2 1 22 1 65
31164 1 1 4 2 1 22 1 65
31165 1 1 5 2 1 22 1 65
31166 1 2 1 23 1 65
31167 2 2 2 23 1 66
31168 1 1 3 2 1 22 1 65
31169 2 1 10 2 2 22 1 66
31171 
31172 
31173 
31174 
31175 
31176 
31177 
31178 
31179 6 2 1 4 2 35
31180 6 2 1 4 2 35
31181 1 1 9 2 1 4 2 35
31182 
31183 
31184 
31185 
31186 
31187 6 1 3 2 3 10 3 35
31188 6 1 3 2 3 10 3 35
31189 5 9 1 12 1 28
31190 1 1 5 9 1 12 1 22 1 28
31191 
31192 
31193 4 3 4 14 1 27
31194 
31195 
31196 4 9 2 10 1 18 1 63
31197 2 1 2 2 3 3 1 8 1 77
31198 2 1 2 2 3 3 1 8 1 77
31199 1 2 1 5 1 65 1 77
31200 1 1 1 2 1 7 1 65 1 77
31201 1 1 4 2 1 14 1 29
31202 1 1 4 2 1 14 1 29
31203 1 1 4 2 1 14 1 29 1 74 1 77
31204 
31205 
31206 
31207 
31208 
31209 
31210 4 1 2 2 2 3 2 22
31211 4 9 2 10 1 21 1 24
31212 1 1 9 2 1 34 1 64
31213 
31214 1 1 5 2 1 37
31215 
31216 
31217 
31218 1 1 1 5 1 22
31219 1 1 1 2 1 5 1 22
31220 1 1 2 2 1 5 1 22
31221 1 1 3 2 1 5 1 22
31222 1 1 4 2 1 5 1 22
31223 1 1 8 2 1 5 1 22
31224 1 1 9 2 1 5 1 22
31225 1 1 10 2 1 5 1 22
31226 2 2 2 5 2 22
31227 2 1 7 2 1 3 1 5 2 77
31228 2 1 8 2 1 6 2 77
31229 3 1 4 2 1 8 2 77
31230 2 1 1 2 1 3 1 5 2 77
31231 6 16
31232 
31233 2 1 4 2 1 6 1 77
31234 2 1 3 2 1 3 1 5 2 77
31235 2 1 5 2 1 3 1 5 2 77
31236 1 1 2 2 1 5 1 22
31237 4 1 2 2 2 3 1 6 2 77
31238 2 1 8 2 1 6 2 77
31239 4 1 4 2 2 3 1 6 2 77
31240 2 1 4 2 1 6 2 77
31241 4 1 2 2 2 3 1 6 2 77
31242 4 1 4 2 2 3 1 6 2 77
31243 3 1 4 2 1 8 2 77
31244 3 1 1 3 1 22 1 77
31245 3 1 3 2 1 3 2 77
31246 3 1 5 2 1 3 2 77
31247 
31248 
31249 
31250 
31251 
31252 1 1 6 9 3 10 1 12 1 24 1 96
31253 
31254 
31255 
31256 3 1 2 2 5 9 1 10 1 25 1 84
31257 2 1 1 2 5 9 1 10 1 24 1 84
31258 
31259 1 2 1 14 1 74 3 75
31260 1 64
31261 
31262 3 1 5 2 2 3 1 14 1 77
31263 
31264 
31265 
31266 
31267 
31268 
31269 
31270 
31271 
31272 
31273 
31274 3 9 3 10 1 20 2 24
31275 1 6 4 9 2 10 1 20 1 24
31276 
31277 
31278 
31279 
31280 
31281 
31282 
31283 1 1 4 9 1 10 1 57 1 77
31284 
31285 1 1 4 9 2 10 1 31 1 77
31286 5 2 4 3 1 30
31287 6 2 3 3 1 4 1 109
31288 
31289 
31290 3 1 7 2 2 25 1 26
31291 
31292 
31293 
31294 
31295 1 1 3 2 1 51 1 77
31296 
31297 
31298 1 1 2 2 1 51 1 77
31299 1 1 3 2 1 48 1 77
31300 1 1 2 2 1 48 1 77
31301 
31302 3 1 4 2 2 25 1 26
31303 
31304 
31305 5 1 3 2 1 4 2 6 2 8 1 42 1 70
31306 
31307 
31308 
31309 
31310 
31311 
31312 
31313 
31314 
31315 
31316 
31317 
31318 
31319 
31320 
31321 
31322 
31323 
31324 
31325 
31326 
31327 
31328 
31329 
31330 
31331 
31332 
31333 
31334 
31335 
31336 
31337 
31338 
31339 
31340 
31341 
31342 
31343 
31344 
31345 
31346 
31347 
31348 
31349 
31350 
31351 
31352 
31353 
31354 
31355 
31356 
31357 
31358 
31359 
31360 
31361 
31362 
31363 
31364 
31365 
31366 
31367 
31368 
31369 
31370 
31371 
31372 
31373 
31374 
31375 
31376 
31377 
31378 
31379 
31380 2 1 7 2 4 3 2 4 1 8 1 19 1 21
31381 
31382 
31383 
31384 
31385 
31386 
31387 
31388 
31389 1 1 2 2 1 14 1 22 1 35
31390 1 1 4 2 1 14 1 22 1 35
31391 1 1 6 2 2 14 1 22 1 29
31392 1 1 3 2 1 14 1 22 1 35
31393 1 1 4 9 2 10 1 34 1 42
31394 4 9 2 10 1 31 1 42
31395 
31396 1 1 8 9 2 10 1 13 1 42 1 71
31397 1 1 2 2 1 14 1 31
31398 1 1 2 2 1 14 1 21 1 31
31399 2 1 2 2 1 14 1 22 1 31
31400 2 1 4 2 1 14 1 22 1 31
31401 2 1 3 2 1 14 1 22 1 31
31402 2 1 5 2 1 14 1 22 1 31
31404 1 29 1 77
31405 1 1 2 2 1 4 1 32 1 77
31406 1 1 2 2 1 4 1 32 1 77
31407 1 1 2 2 1 4 1 32 1 42
31408 
31409 
31410 1 6 2 74
31411 
31412 
31413 
31414 
31415 
31416 
31417 
31418 
31420 
31421 1 1 1 2 1 19 1 33
31422 
31423 3 1 5 9 1 10 1 32 1 81
31424 
31425 
31426 3 1 5 9 1 10 1 81
31427 
31428 
31429 2 2 7 3 8 14 3 26
31430 2 2 7 3 8 14 2 16 3 26
31431 3 2 3 9 1 10 1 30 1 32 1 42 2 57
31432 1 16
31433 
31434 
31435 
31436 
31437 
31439 2 14 2 19 2 22 2 35
31440 2 14 2 19 2 22 2 35
31441 2 14 2 16 2 19 2 22 2 35
31442 2 1 2 2 2 3 1 29 1 42
31444 
31445 
31446 
31447 
31448 2 64
31449 7 9 2 10 1 12 1 14
31450 7 9 2 10 1 12 1 14
31451 
31452 
31453 
31454 1 16
31455 
31456 
31457 
31458 
31459 1 30 1 42 1 60
31461 1 16 1 30 1 42 1 60
31462 
31463 
31464 
31465 
31466 1 30 1 42 1 60
31467 4 22 2 35
31468 1 16 4 22 2 35
31469 
31470 3 1 18 2 1 34 1 64
31471 
31472 
31473 4 1 23 2 1 35
31474 4 1 23 2 1 35 1 64
31475 1 64
31476 2 64
31477 4 1 19 2 1 35
31478 4 1 19 2 1 35 1 64
31479 6 9 3 10 1 11 1 18
31480 6 9 3 10 1 11 1 18
31481 3 1 1 2 1 99
31482 1 1 5 9 1 10 1 30 1 77
31483 1 1 5 9 1 10 1 30 1 77
31484 1 1 16 2 1 22 1 42
31485 1 1 8 2 1 22 1 42
31486 1 1 22 2 1 22 1 42
31487 1 1 7 2 1 6 1 42 1 77
31488 1 1 11 2 1 6 1 42 1 77
31489 1 1 15 2 1 6 1 42 1 77
31490 1 1 21 2 1 6 1 42 1 77
31491 1 1 8 2 1 7 1 42 1 77
31492 1 1 7 2 1 7 1 22 1 42
31493 1 1 12 2 1 7 1 42 1 77
31494 1 1 11 2 1 7 1 22 1 42
31495 1 1 16 2 1 7 1 42 1 77
31496 1 1 15 2 1 7 1 22 1 42
31497 
31498 
31499 3 2 1 14 1 35 1 96
31500 1 2 2 14 1 19 1 32
31501 9 2 1 4 5 9 1 10 1 35
31502 4 1 6 2 1 3 1 4 4 9 2 10 1 35
31503 2 2 7 3 8 14 2 26 1 77
31504 2 2 7 3 8 14 2 26 1 77
31505 
31506 
31507 4 1 1 35
31508 3 1 15 2 1 34
31509 
31510 
31511 
31512 
31513 
31514 
31515 
31516 
31517 
31518 
31519 
31520 
31521 
31522 1 2 3 3 4 14 1 18 1 20 1 33
31523 
31524 4 1 10 2 2 3 2 22
31525 1 6 4 9 1 10 1 17 1 42
31526 5 2 4 3 1 76
31527 1 23
31528 5 2 5 3 1 63
31529 3 1 9 2 1 34
31530 
31531 3 2 1 4 3 14 1 32 1 77
31532 3 1 3 2 1 4 3 14 1 32 1 34 1 77
31533 4 1 6 2 1 4 3 14 1 32 1 35 1 77
31534 4 1 14 2 1 4 3 14 1 32 1 35 1 77
31535 2 1 5 2 1 4 4 14 1 32 1 34 1 77
31536 5 2 5 3 1 97
31537 3 2 2 14 2 29 1 77
31538 
31539 4 3 3 14 1 24 1 27
31540 1 2 2 3 1 14 1 32 1 42
31541 
31542 
31543 
31544 
31545 2 64
31546 
31547 1 1 4 9 2 10 1 25 1 94
31548 1 81
31549 1 81
31550 1 81
31551 
31552 
31553 
31554 
31555 
31556 
31557 4 3 3 14 1 24 1 27
31558 
31559 1 16
31560 4 2 4 35
31561 6 2 4 35
31562 4 2 4 35
31563 5 2 5 35
31564 
31565 
31566 
31567 
31568 5 16
31569 1 3 1 6 6 9 1 10 1 12 4 17 1 42 1 77
31570 
31571 
31572 
31573 
31574 
31575 2 42
31576 1 1 10 2 1 3 1 35
31577 1 1 10 2 1 3 1 35
31578 1 1 12 2 1 3 1 35
31579 1 1 12 2 1 3 1 35
31580 
31581 
31582 
31583 
31584 
31585 
31586 
31587 
31588 
31589 
31590 1 1 1 24 4 25
31591 2 2 1 30 1 42 1 77
31592 2 2 1 30 1 42 1 77
31593 1 2 1 3 1 14 1 94 1 99
31594 
31595 
31596 
31597 
31598 
31599 
31600 
31601 
31602 
31603 
31604 
31605 
31606 2 16
31607 
31608 1 1 7 2 1 34
31609 
31610 4 9 1 10 1 19 1 27 1 35 1 36
31611 
31612 
31613 
31614 1 64
31615 1 1 1 3 1 14 1 30 1 77
31616 1 1 1 3 1 14 1 30 1 77
31617 1 1 1 3 1 14 1 30 1 77
31618 1 1 5 2 1 34
31619 2 1 2 2 1 14 1 34
31620 2 1 2 2 1 14 1 34
31621 1 74 3 75 1 77
31622 2 1 1 2 1 38 1 74 3 75 1 77
31623 1 1 7 2 1 34
31624 
31625 
31626 
31627 
31628 
31629 
31630 
31631 
31632 
31633 
31634 
31635 
31636 
31637 
31638 4 1 1 2 1 4 2 34 1 35
31639 4 1 1 2 1 4 2 34 1 35
31640 
31641 
31642 
31643 
31644 
31645 
31646 
31647 
31648 
31649 1 1 8 2 1 34
31650 3 1 1 4 2 9 1 12 1 14 1 19 1 33 3 71 1 77
31651 
31652 
31653 4 1 21 2 2 34
31654 4 1 22 2 2 34
31655 4 1 21 2 2 34 2 64
31656 4 1 22 2 2 34 2 64
31657 
31658 1 2 1 6 2 9 4 10 2 14 2 24
31659 3 9 1 10 2 11 1 20
31660 1 5 3 9 2 10 1 17 1 24
31661 1 2 1 6 4 9 2 10 2 14
31662 1 1 3 9 1 10 1 12 1 17 1 24
31663 2 9 2 10 1 11 1 17 2 24
31664 2 9 3 10 1 12 2 14 2 24
31665 1 6 3 9 2 10 1 17 1 20 1 24
31666 1 1 1 6 3 9 2 10 1 17 1 24
31667 1 5 2 9 3 10 1 17 2 24
31668 2 9 2 10 1 12 1 17 1 20 2 24
31669 1 1 2 9 2 10 1 12 1 17 2 24
31670 1 6 2 9 3 10 1 17 1 20 2 24
31671 1 1 1 6 2 9 3 10 1 17 2 24
31672 
31673 1 1 1 6 3 9 2 10 1 17 1 24
31674 6 9 2 10 1 11 1 17
31675 1 2 1 19 1 27
31676 1 2 1 6 3 9 3 10 2 14 1 24
31677 2 9 3 10 1 17 1 18 2 24
31678 
31679 4 1 11 2 1 4 4 77
31680 1 1 9 2 5 9 1 12 1 22
31681 
31682 4 9 1 10 1 44 1 53
31683 3 1 11 2 1 4 1 14 3 77
31684 9 2 2 3 2 32
31685 3 2 1 14 1 99
31686 4 3 2 24 2 27
31687 3 1 1 4 1 19 1 24
31688 2 2 5 9 1 12 1 38
31689 1 29 1 38
31690 1 2 1 24 1 64
31691 3 1 1 2 1 3 1 101
31692 4 1 2 3 2 25 1 101
31693 4 1 2 2 1 3 1 4 1 42
31694 3 1 4 9 2 10 1 99
31695 
31696 
31697 
31698 2 2 2 74
31699 
31700 
31701 
31702 
31703 
31704 
31705 1 1 9 2 1 6 1 21
31706 1 1 11 2 1 6 1 21
31707 4 1 5 2 2 3 1 6 1 8 1 65 1 77
31708 1 1 9 2 2 6 1 21
31709 1 1 15 2 1 6 1 21
31710 5 1 5 2 2 3 1 6 1 8 1 77
31711 1 1 10 2 1 6 1 21
31712 1 85
31713 
31714 
31715 
31716 1 1 8 2 4 3 1 35
31717 1 2 1 14 1 74 4 75
31718 2 1 3 2 1 38
31719 2 1 3 2 1 38
31720 2 1 4 2 1 38
31721 2 1 4 2 1 38
31722 2 1 10 2 1 38
31723 2 1 2 2 1 38
31724 2 1 5 2 1 38
31725 2 1 5 2 1 38
31726 2 1 6 2 1 38
31727 
31728 2 1 6 2 1 38
31729 2 1 7 2 1 38
31730 2 1 7 2 1 38
31731 2 1 8 2 1 38
31732 2 1 8 2 1 38
31733 2 1 9 2 1 38
31734 2 1 9 2 1 38
31735 2 1 10 2 1 38
31736 5 1 6 2 7 3 1 4 1 6 1 8 1 14 2 77
31737 3 1 1 2 1 3 1 38
31738 3 1 1 2 1 3 1 38
31739 2 1 6 2 1 3 1 34
31740 2 1 6 2 1 3 1 34
31741 2 1 5 2 1 3 1 34
31742 2 1 5 2 1 3 1 34
31743 
31744 6 1 2 4 6 9 5 10 1 12
31745 
31746 
31747 
31748 
31749 
31750 
31751 
31752 
31753 
31754 
31755 
31756 
31757 
31758 2 1 1 2 4 9 2 10 1 34 1 77
31759 1 21
31760 1 23
31761 1 1 1 3 1 14 1 77
31762 5 9 1 10 1 77
31763 1 1 1 22
31764 1 1 1 2 1 22
31765 1 14 1 22
31766 
31767 1 1 5 2 1 74 5 75
31768 
31769 3 1 1 3 4 9 1 12 1 13 1 77
31770 11 2 1 34 1 37
31771 11 2 1 34 1 37
31772 2 2 1 5 1 24 1 77
31773 1 7 4 9 1 10 1 18 1 57 1 77
31774 
31775 
31776 
31777 
31778 
31779 
31780 
31781 
31782 
31783 1 1 3 2 4 3 5 9 1 10 1 34 2 77
31784 3 2 3 3 1 4 1 6 2 9 4 10 2 21 1 26 1 34
31785 1 6 2 9 3 10 1 17 2 24 1 42
31786 2 1 5 2 1 14 1 34
31787 2 1 6 2 1 14 1 34
31788 2 1 6 2 1 14 1 34
31789 4 2 9 9 1 10 1 13 1 25 2 35 1 42 1 53
31790 3 9 1 17 1 39
31791 3 9 1 17 1 39
31792 3 9 1 17 1 39
31793 3 9 1 17 1 39
31794 3 9 1 17 1 39
31795 2 1 1 4 2 9 1 12 1 14 1 70 3 71 2 77
31796 2 1 1 31
31797 
31798 
31799 1 1 6 2 1 25 1 34
31800 1 1 6 2 1 25 1 34
31801 
31802 
31803 1 1 7 2 1 34
31804 1 1 6 2 1 34
31805 1 1 4 2 1 34
31806 1 1 4 2 1 34
31807 1 1 6 2 1 34
31808 4 1 3 2 1 35
31809 1 1 7 2 1 34
31811 3 1 3 2 2 3 2 4 1 5 1 77
31812 5 9 1 10 1 30 1 42
31813 1 5 4 9 2 10 1 44
31814 2 1 17 2 1 7 1 77
31815 2 1 2 2 1 14 1 34
31816 2 1 4 2 2 77
31817 
31818 
31823 4 9 1 12 1 17 1 18 1 33 1 42
31824 1 1 1 2 4 9 1 12 1 17 1 18 1 33 1 77
31825 5 9 1 12 1 18 1 33 1 42
31826 1 1 1 2 5 9 1 12 1 18 1 33 1 77
31827 9 9 2 12 1 17 1 33 1 42 1 77
31828 
31829 
31830 
31831 
31832 
31833 
31834 
31835 2 9 1 17 3 57
31836 3 1 2 2 1 24 1 35
31837 
31838 1 29 1 77
31839 1 1 5 9 1 12 1 38
31840 1 1 5 9 1 12 1 38 1 64
31841 1 1 5 9 1 12 1 38
31842 1 1 5 9 1 12 1 38
31843 1 1 2 2 4 9 1 13 1 35 1 53 1 77 1 108
31844 
31845 
31846 
31847 
31848 
31849 
31850 
31851 
31852 
31853 
31854 
31855 
31856 2 1 5 2 1 3 2 8 1 20
31857 1 1 27 2 1 14
31858 
31859 1 2 1 18 1 35 1 77
31860 
31863 2 1 6 2 1 3 1 4 1 8 1 14 1 20
31864 
31865 4 9 2 10 1 16 2 77
31866 
31867 
31868 1 1 3 2 1 37
31869 2 1 3 2 1 38
31870 2 1 3 2 1 38
31871 1 1 8 2 1 34
31872 
31873 
31874 3 1 1 29 1 34 1 77
31875 1 8 9 9 2 10 1 53 1 94
31876 1 8 9 9 2 10 1 57 1 94
31877 1 8 9 9 2 10 1 53 1 94
31878 1 6 5 9 1 10 1 94
31879 1 6 4 9 1 10 1 57 1 94
31880 1 6 4 9 1 10 1 57 1 94
31881 1 6 4 9 1 10 1 53 1 94
31882 
31883 
31884 
31885 
31886 
31887 
31888 
31889 
31890 
31891 
31892 
31893 
31894 
31895 
31896 
31897 
31898 
31899 
31900 
31901 
31902 
31903 
31904 
31905 
31906 
31907 
31908 
31909 
31910 
31911 
31912 
31913 4 1 1 4 4 9 2 10 1 77
31914 2 1 6 2 2 3 2 77
31915 
31916 1 1 5 3 1 4 3 14 1 19 3 26 2 31
31917 1 1 5 3 1 4 3 14 5 16 1 19 3 26 2 31
31918 1 1 5 3 1 4 3 14 1 19 3 26 2 31
31919 
31920 1 16
31921 
31922 
31923 
31924 3 9 2 10 1 11 1 42 1 64
31925 3 9 2 10 1 11 1 42 1 64
31926 3 9 2 10 1 11 1 42 1 64
31927 3 9 2 10 1 11 1 42 1 64
31928 3 9 2 10 1 11 1 42 1 64
31929 2 2 5 9 1 10 3 24 1 32 1 81
31930 2 2 2 31
31934 
31935 
31936 
31937 
31938 
31939 
31940 
31941 
31942 
31943 
31944 
31945 
31946 1 1 4 3 4 14 1 26
31947 
31948 
31949 
31950 
31951 
31952 
31953 1 1 7 2 1 74 5 75
31954 
31955 2 1 2 2 6 9 4 10 2 77
31956 2 1 2 2 6 9 4 10 2 77
31957 
31958 2 1 6 2 6 9 4 10 2 77
31959 
31960 2 1 8 2 6 9 4 10 2 77
31961 2 1 8 2 6 9 4 10 2 77
31962 2 1 2 2 6 9 4 10 2 77
31963 2 1 2 2 6 9 4 10 2 77
31964 2 1 4 2 6 9 4 10 2 77
31965 2 1 6 2 6 9 4 10 2 77
31966 2 1 6 2 6 9 4 10 2 77
31967 2 1 6 2 6 9 4 10 2 77
31968 4 1 4 2 2 3 6 9 4 10 2 77
31969 2 1 8 2 6 9 4 10 2 77
31970 2 1 8 2 6 9 4 10 2 77
31971 2 1 10 2 6 9 4 10 2 77
31972 2 1 10 2 6 9 4 10 2 77
31973 
31974 
31975 
31976 
31977 
31978 
31979 2 1 10 2 6 9 4 10 2 77
31980 2 1 10 2 6 9 4 10 2 77
31981 
31982 2 1 12 2 6 9 4 10 2 77
31983 
31984 
31985 6 9 4 10 1 114
31986 
31987 
31988 14 2 2 14 1 19
31989 14 2 1 42 1 44
31990 15 2 1 42 1 64
31991 15 2 1 42 1 63
31992 3 1 1 2 1 4 1 14 1 25 1 66
31993 2 1 1 4 1 14 1 25 1 44 1 66
31994 2 1 2 2 1 3 1 4 1 14 1 25 1 66
31995 1 1 4 9 1 10 1 13 1 14 1 24 1 25 1 66
31996 1 1 4 2 2 3 1 4 1 14 1 25 1 66
31997 2 1 1 2 1 4 1 14 1 25 1 44 1 66
31998 
31999 
32000 
32001 
32002 
32003 
32004 
32005 
32006 2 2 2 3 1 5 1 6 1 20
32007 
32008 2 1 3 2 1 3 1 5 1 6 1 70 2 77
32009 2 1 2 2 2 108
32010 1 1 1 2 2 108
32011 1 1 5 2 1 19 2 108
32012 1 1 1 2 1 18 2 108
32013 2 1 14 2 2 108
32014 2 1 12 2 1 19 2 108
32015 
32016 1 1 7 2 2 108
32017 
32018 
32019 
32020 
32021 
32022 
32023 
32024 
32025 
32026 
32027 
32028 
32029 
32030 
32031 
32032 
32033 
32034 
32035 
32036 
32037 
32038 
32039 
32040 
32041 
32042 
32043 
32044 9 9 6 34
32045 
32046 
32047 
32048 
32049 
32050 
32051 
32052 1 1 1 9 1 12 1 36 1 39 1 53
32053 
32054 
32055 
32056 2 2 7 3 8 14 3 26
32057 1 14 1 77
32058 
32059 
32060 
32061 
32062 
32063 1 14 1 77
32064 
32065 1 14 1 77
32066 
32067 
32068 
32069 
32070 
32071 
32072 4 1 11 2 1 35
32073 
32074 
32075 4 1 11 2 1 35
32076 
32077 2 1 2 2 1 14 1 34
32078 2 1 2 2 1 14 1 34
32079 2 1 2 2 1 14 1 34
32080 
32081 
32082 
32083 4 1 11 2 1 35
32084 
32085 2 1 2 2 1 14 1 34
32086 4 1 11 2 1 35
32087 
32088 
32089 1 1 4 2 1 14 1 23 1 29
32090 1 1 4 2 1 14 1 21 1 29
32091 2 1 4 2 1 14 1 22 1 29
32092 2 1 5 2 1 14 1 22 1 29
32093 2 1 6 2 1 14 1 22 1 29
32094 
32095 
32096 1 1 4 2 4 9 1 10 1 17 1 19
32097 1 1 2 2 4 9 1 10 1 17 1 19
32098 1 1 1 2 4 9 1 10 1 17 1 19
32099 1 1 4 9 1 10 1 17 1 19
32100 
32101 1 63
32102 4 2 2 30
32103 1 16
32104 8 2 2 29 2 42
32105 10 2 2 29 2 42
32106 2 1 1 3 1 29
32107 2 1 1 3 1 29
32108 1 1 4 9 2 10 2 77
32109 1 1 4 9 2 10 2 77
32110 1 1 4 9 2 10 2 77
32111 1 1 4 9 2 10 2 77
32112 1 1 4 9 2 10 2 77
32113 1 1 4 9 2 10 2 77
32114 1 1 1 6 2 77
32115 1 1 1 6 2 77
32116 1 1 1 6 2 77
32117 1 1 1 6 2 77
32118 1 1 2 77
32119 1 1 2 77
32120 1 1 1 22 1 77
32121 1 1 2 22
32122 1 1 2 22
32123 1 1 2 2 2 22
32124 1 1 2 2 2 22
32125 2 1 1 31
32128 
32129 
32130 
32131 
32132 3 1 1 3 1 26 1 107
32133 2 1 1 3 1 26 2 107
32135 3 1 4 2 1 24 1 35
32137 3 1 1 2 1 24 1 35
32138 3 1 5 2 1 34
32145 3 1 1 2 1 24 1 35
32169 3 1 4 2 1 34
32170 3 1 5 2 1 34
32171 3 1 4 2 1 24 1 35
32172 
32173 
32174 
32175 
32176 
32177 
32178 
32179 
32180 
32181 1 1 1 3 1 27 1 96
32182 2 2 1 27 1 96
32183 3 1 1 4 1 5 1 77
32184 
32185 1 64
32186 
32187 
32188 1 64
32189 
32190 1 64
32191 2 1 2 2 1 34 1 41
32194 
32197 2 2 1 37 1 41
32200 2 2 1 37 1 41
32203 2 1 2 2 1 34 1 41
32204 4 2 3 3 1 14
32205 3 1 2 2 2 3 1 4 1 112
32206 3 1 3 2 1 3 1 4 1 8 1 14
32207 
32208 6 2 1 14 1 74 1 75
32209 
32210 
32211 
32212 2 21
32213 2 21
32214 2 21
32215 2 21
32216 2 21
32217 4 9 1 10 1 11 1 41
32218 4 9 1 10 1 11 1 41
32219 
32220 6 9 2 10 4 53
32221 5 9 2 10 5 53
32222 5 9 2 10 5 53
32223 4 9 2 10 6 53
32224 3 9 2 10 7 53
32225 5 9 2 10 5 53
32226 
32227 
32228 
32229 2 1 10 9 10 10 2 19
32230 2 1 2 2 10 9 10 10 2 19
32231 10 9 10 10 2 18
32232 
32233 
32234 
32235 
32236 
32237 
32238 
32239 
32240 
32241 
32242 3 9 1 10 1 24 1 36 1 57
32243 
32244 
32245 
32246 
32247 
32248 
32249 2 1 1 2 1 35 1 96
32250 
32251 
32252 
32253 
32254 
32255 
32256 
32257 
32258 
32259 
32260 
32261 
32262 
32263 
32264 
32265 
32266 
32267 
32268 
32269 
32270 
32271 
32272 
32273 
32274 
32275 
32276 
32277 
32278 
32279 
32280 
32281 
32282 
32283 
32284 
32285 
32286 
32287 
32288 
32289 
32290 1 8 4 9 1 10 2 42 1 53
32291 1 8 4 9 1 10 2 42 1 53
32292 1 8 4 9 2 10 1 24 2 42
32293 1 8 4 9 1 10 2 42 1 57
32294 1 8 4 9 1 10 2 42 1 57
32295 1 8 5 9 1 10 2 42
32296 1 8 4 9 1 10 2 42 1 57
32297 1 8 4 9 1 10 2 42 1 53
32298 1 1 1 8 4 9 2 10 1 34 2 42
32299 1 8 4 9 2 10 2 42 1 64
32300 1 8 4 9 2 10 2 42 1 63
32301 
32302 
32303 
32304 
32305 
32306 
32307 
32308 
32309 
32310 
32311 
32312 
32313 
32314 
32315 
32318 
32319 
32320 
32321 
32330 
32331 
32332 
32333 
32334 
32335 
32336 
32337 
32338 1 6 4 9 1 10 1 42 1 57
32339 1 6 4 9 1 10 1 42 1 57
32340 1 6 4 9 1 10 1 42 1 57
32341 1 6 4 9 2 10 1 24 1 42
32342 1 1 1 6 4 9 2 10 1 34 1 42
32343 1 6 4 9 1 10 1 42 1 53
32344 1 6 4 9 1 10 1 42 1 53
32345 
32346 1 6 4 9 1 10 1 42 1 53
32347 1 6 4 9 2 10 1 42 1 64
32348 1 6 4 9 2 10 1 42 1 63
32349 
32350 
32351 
32352 
32353 
32354 
32355 
32356 
32357 
32358 
32359 
32360 
32361 
32362 
32363 
32364 
32365 
32366 
32367 
32368 
32369 
32370 
32376 
32377 
32378 5 75 1 90
32379 
32380 
32381 
32382 4 75 1 90
32383 8 75 1 90
32384 
32385 
32386 2 75 1 90
32387 3 75 1 90
32388 7 75 1 90
32389 6 75 1 90
32390 
32391 
32395 2 9 6 10 4 17 2 77
32396 2 1 2 4 10 9 2 10 2 24
32397 
32398 
32399 2 1 5 9 1 13 1 14 1 30
32400 2 1 5 9 1 13 1 14 1 30
32401 4 1 1 3 1 4 10 9 1 10 1 12 1 22 1 32
32402 4 1 1 3 1 4 10 9 1 10 1 12 1 22 1 32
32403 6 16
32404 
32405 
32406 1 2 5 9 1 10 1 19 1 35
32407 1 14 1 19 1 30 1 77
32408 4 9 1 12 1 17 1 30 1 77
32409 
32410 2 2 1 30 1 77 1 102
32411 5 9 1 12 1 30 1 77
32412 
32413 
32414 1 2 1 30 1 77 1 94
32415 1 30 1 60 1 77
32416 2 2 1 30 1 77 1 94
32417 
32418 3 2 1 29 1 30 1 77
32419 2 2 1 30 1 77 1 102
32420 1 1 1 3 1 14 1 30 1 77
32421 4 9 1 12 1 17 1 30 1 77
32422 2 2 1 30 1 42 1 77
32423 
32424 3 1 2 2 1 3 1 14 1 34
32425 6 2 1 14 1 34
32426 4 1 3 2 1 3 1 34
32427 6 2 1 3 2 14 1 34
32428 6 2 1 14 1 34
32429 4 1 2 2 1 3 1 34
32430 4 1 2 2 1 3 1 34
32431 4 1 3 2 1 3 1 34
32432 4 1 5 2 1 3 1 34
32433 4 1 5 2 1 3 1 34
32434 4 1 9 2 1 3 1 34
32435 4 1 9 2 1 3 1 34
32436 3 1 2 2 1 3 1 14 1 34
32437 6 2 1 3 2 14 1 34
32438 1 4 10 9 6 10 2 11 2 24 1 77
32439 2 1 2 2 1 38
32440 2 1 2 2 1 38
32441 
32442 
32443 
32444 1 1 1 3 5 9 1 13 2 27
32445 
32446 
32447 
32448 
32449 
32450 
32451 2 2 1 3 3 9 2 10 1 18 1 27 3 35 1 71 1 77
32452 1 1 4 2 2 14 1 22 1 29
32453 1 1 5 2 2 14 1 22 1 29
32454 3 1 3 3 3 14 3 77
32455 
32456 6 16
32457 4 16
32458 1 1 6 2 1 27 1 34 1 64
32459 1 1 7 2 1 27 1 34
32460 1 1 7 2 1 27 1 34 1 64
32461 1 1 5 2 1 27 1 34
32462 1 1 5 2 1 27 1 34 1 64
32463 
32464 
32465 
32466 
32467 
32468 
32469 
32471 2 2 5 9 1 10 2 35
32472 2 2 5 9 1 10 2 35
32473 
32474 2 1 9 2 1 38
32475 3 2 1 14 1 74 5 75
32476 2 1 11 2 1 38
32477 2 1 13 2 1 38
32478 
32479 
32480 
32481 
32482 2 1 5 2 1 3 1 22
32483 5 1 26 2 1 3 1 22 1 34
32484 4 1 34 2 1 6 1 22 1 34
32485 1 1 13 2 1 6 1 22
32486 5 1 32 2 1 6 1 22 1 35
32487 
32488 
32489 6 1 2 4 10 9 2 10 1 70
32490 
32491 
32492 
32493 
32494 
32495 
32496 
32497 
32498 
32499 
32500 1 1 7 2 1 103
32501 
32502 
32503 3 1 6 2 1 4 2 34 1 103
32504 1 1 6 2 1 103
32505 1 1 6 2 1 103
32506 
32507 
32508 
32509 3 1 4 2 1 4 2 34 1 103
32510 3 1 4 2 1 4 2 34 1 103
32511 3 1 6 2 1 4 2 34 1 103
32512 
32513 
32514 1 1 7 2 1 103
32515 
32516 
32517 
32518 
32519 
32520 
32521 
32522 
32523 
32524 
32525 
32526 4 1 7 2 1 35
32527 
32528 
32529 
32530 
32531 
32532 4 1 8 2 1 35
32533 
32534 
32535 
32536 
32537 
32538 
32539 
32540 
32541 
32542 
32543 
32544 
32545 
32546 
32547 
32548 
32549 
32550 
32551 
32552 
32553 
32554 
32555 
32556 
32557 
32558 
32559 
32560 
32561 
32562 
32563 
32564 
32565 
32566 
32567 
32568 
32569 
32570 
32571 
32572 
32573 
32574 
32575 1 2 3 3 3 14 1 77
32576 3 9 2 11 1 12 1 42
32577 3 1 1 2 1 3 1 4 1 19 1 22
32578 
32579 
32580 1 1 3 2 1 37
32581 3 1 1 4 1 25 2 34
32582 3 1 1 4 1 25 2 34
32583 
32584 
32585 
32586 
32587 
32588 
32589 
32590 
32591 
32592 3 64
32593 20 16 11 64
32594 
32595 
32596 
32597 1 1 1 9 1 10 1 12 1 36 1 39 1 64
32598 
32599 
32600 
32601 
32602 
32603 
32604 
32605 2 2 7 9 3 10 1 26 1 31 1 107
32606 3 9 2 36 1 57
32607 
32608 
32609 1 74 4 75 1 77
32610 1 74 5 75 1 77
32611 2 1 2 2 1 14 1 34 1 74 3 75 1 77
32612 2 1 2 2 1 14 1 34 1 74 4 75 1 77
32613 2 1 2 2 1 14 1 34 1 74 5 75 1 77
32614 1 1 5 2 1 34 1 74 1 77
32615 1 1 5 2 1 21 1 34
32616 
32617 1 64
32618 2 2 1 16 1 30 1 42 1 77
32619 
32620 
32621 2 44 1 46 1 64
32622 1 2 1 8 1 14 2 69
32623 1 2 1 8 1 21 2 69
32624 1 8 1 44 2 69
32625 1 2 1 8 1 14 2 69
32626 1 2 1 8 1 21 2 69
32627 1 1 1 6 3 9 2 10 1 17 1 24
32628 3 9 1 10 1 36 1 42 1 53
32629 
32630 2 1 8 2 2 22
32631 4 1 5 2 1 4 4 77
32632 2 16 2 22 2 30 2 42
32633 
32634 
32635 1 1 1 22
32636 1 1 3 2 1 22
32637 2 2 2 22
32638 1 22 1 77
32639 1 2 1 3 1 14 2 27
32640 
32641 
32642 1 64
32643 4 1 20 2 1 35 1 101
32644 4 1 20 2 1 35 1 64 1 101
32645 4 1 18 2 1 35 1 101
32646 4 1 18 2 1 35 1 64 1 101
32647 4 1 16 2 1 35 1 101
32648 4 1 16 2 1 35 1 64 1 101
32649 
32650 1 64
32651 
32652 1 1 7 2 1 37 1 64
32653 1 1 5 2 1 37
32654 2 1 5 2 1 38 1 64
32655 1 1 5 2 1 37 1 64
32656 2 1 7 2 1 38
32657 
32658 
32659 4 2 2 3 1 66
32660 3 1 1 4 1 8
32661 
32662 
32663 2 1 2 2 2 25
32664 5 2 1 30
32665 
32666 4 9 2 10 1 18 1 21
32667 4 9 2 10 1 18 1 21
32668 4 9 2 10 1 18 1 21
32669 5 9 1 12 1 38
32671 10 2 2 3 2 77
32672 11 2 2 3 2 77
32673 10 2 2 3 2 22
32674 11 2 2 3 2 22
32679 
32680 
32681 
32682 
32683 
32684 
32685 
32686 
32687 
32688 2 1 3 2 1 7 1 77
32689 1 2 4 9 1 13 1 14 1 17 1 31
32690 1 2 4 9 1 13 1 14 1 17 1 31
32691 2 1 6 2 1 22 1 25
32692 2 1 3 2 1 22 1 25
32693 2 1 2 2 1 22 1 25
32694 2 1 2 2 1 22 1 25
32695 2 1 5 2 1 22 1 25
32696 2 1 4 2 1 22 1 25
32697 2 1 1 19 2 25
32698 2 1 5 2 1 22 1 25
32699 2 1 6 2 1 22 1 25
32700 2 1 1 2 1 22 1 25
32701 2 1 3 2 1 22 1 25
32702 2 1 4 2 1 22 1 25
32703 2 1 5 2 1 22 1 25
32704 2 1 6 2 1 22 1 25
32705 2 1 7 2 1 22 1 25
32706 2 1 2 2 1 22 1 25
32707 2 1 3 2 1 22 1 25
32708 2 1 4 2 1 22 1 25
32709 2 1 5 2 1 22 1 25
32710 2 1 7 2 1 22 1 25
32711 2 1 8 2 1 22 1 25
32712 2 1 4 2 1 22 1 25
32713 2 1 5 2 1 22 1 25
32714 2 1 7 2 1 22 1 25
32715 2 1 8 2 1 22 1 25
32716 2 1 9 2 1 22 1 25
32717 2 1 4 2 1 22 1 25
32718 2 1 5 2 1 22 1 25
32719 2 1 6 2 1 22 1 25
32720 2 1 7 2 1 22 1 25
32721 2 1 8 2 1 22 1 25
32722 2 1 9 2 1 22 1 25
32723 2 1 10 2 1 22 1 25
32724 2 1 6 2 1 22 1 25
32725 2 1 7 2 1 22 1 25
32726 2 1 8 2 1 22 1 25
32727 2 1 9 2 1 22 1 25
32728 2 1 11 2 1 22 1 25
32729 2 1 6 2 1 22 1 25
32730 2 1 7 2 1 22 1 25
32731 2 1 8 2 1 22 1 25
32732 2 1 9 2 1 22 1 25
32733 2 1 10 2 1 22 1 25
32734 2 1 11 2 1 22 1 25
32735 2 1 3 2 1 22 1 25
32736 2 1 4 2 1 22 1 25
32737 2 1 6 2 1 22 1 25
32738 2 1 7 2 1 22 1 25
32739 2 1 8 2 1 22 1 25
32740 1 1 6 2 1 25 1 41
32741 2 1 10 2 1 22 1 25
32742 2 1 12 2 1 22 1 25
32743 2 1 5 2 1 22 1 25
32744 3 9 2 36 1 57
32745 
32746 1 2 4 3 1 9 5 10 5 14 1 24 1 26 1 77
32747 
32750 3 1 2 2 1 27 1 35 1 81
32751 6 2 2 4 6 14 4 19 6 32 2 42
32752 2 1 12 2 5 9 1 10 1 25 1 34
32753 2 1 12 2 5 9 1 10 1 25 1 34 1 64
32754 1 1 1 30 1 77
32755 
32756 
32757 
32758 
32759 1 1 8 2 1 27 1 34
32760 1 1 1 3 3 9 1 14 2 34 1 77
32761 1 1 3 9 1 22 2 34
32762 2 1 2 2 1 14 1 34 1 74 6 75 1 77
32763 
32764 1 1 1 2 1 97
32765 1 1 1 97
32766 1 1 1 2 1 97
32767 
32768 
32769 
32770 
32771 9 9 4 10 1 11
32772 1 1 2 2 1 3 1 32
32773 1 1 4 9 1 10 1 12 1 33
32774 
32775 
32776 
32777 
32778 
32779 3 1 1 2 1 21 1 35
32780 
32781 
32782 
32783 
32784 
32785 
32786 2 74 6 75 2 76
32787 3 74 4 75 3 76
32788 3 2 1 14 1 37
32789 2 1 3 2 1 3 1 25 1 100
32790 1 1 1 22
32791 1 1 1 3 1 14 1 77
32792 
32793 1 64
32794 1 1 2 2 1 25 1 75
32795 1 2 1 14 1 75 1 103
32796 
32797 
32798 1 74 7 75 1 76
32799 1 74 8 75 1 76
32800 3 74 4 75 3 76
32801 
32802 3 74 4 75 3 76
32803 4 1 1 2 1 22 1 35
32804 3 1 2 2 1 7 1 34 1 77
32805 3 1 8 2 2 3 5 9 1 12 1 14 1 34
32806 3 1 8 2 2 3 5 9 1 12 1 14 1 34
32807 3 1 2 2 1 7 1 34 1 77
32808 2 6 2 42
32809 1 2 1 85 1 110
32810 1 2 1 85 1 110
32811 6 2 1 14 1 34
32812 
32813 
32814 2 1 6 2 5 3 2 4 1 8 2 14 2 19
32815 
32816 4 1 1 2 2 3 1 4 5 9 1 10 1 35 1 38 1 94
32817 
32818 
32819 
32820 
32821 5 9 1 13 1 24 1 42
32822 5 9 1 13 1 24 1 42
32823 5 9 1 13 1 24 1 77
32824 
32825 5 9 1 13 1 24 1 77
32826 
32827 5 9 1 13 1 24 1 77
32828 2 16
32829 3 1 5 2 5 9 1 12 1 35
32830 3 1 5 2 5 9 1 12 1 35
32831 5 9 1 12 1 31
32832 4 1 3 2 2 3 1 4 1 22
32833 2 2 1 4 3 5 1 65
32834 
32835 
32836 
32837 
32838 1 1 4 9 1 10 1 17 1 30 1 77
32839 
32840 
32841 
32842 
32843 3 1 1 9 3 10 2 17 1 77
32844 4 2 3 9 2 10 1 14 1 39 1 53 1 70 1 99
32845 
32846 
32847 
32848 
32849 6 9 6 10 1 19 3 21 1 26
32850 12 9 6 10 2 17
32851 12 9 6 10 2 17
32852 12 9 6 10 2 17
32853 17 9 8 10 1 17 1 25
32854 17 9 8 10 1 17 1 25
32855 
32856 
32857 
32858 
32859 
32860 
32861 1 1 1 2 1 6 1 14
32862 
32863 
32864 
32865 6 2 1 4 2 35 1 74 1 77
32866 
32868 1 1 7 2 1 34
32869 
32870 
32871 
32872 
32873 
32874 
32875 
32876 
32877 4 11 2 53
32878 1 19 1 22 1 77
32879 1 19 1 22 1 77
32880 
32881 
32882 
32883 4 9 2 10 2 48
32884 
32885 1 2 4 9 1 12 1 17 1 18
32886 3 9 3 10 1 20 1 21 1 24
32887 1 5 3 9 3 10 1 21 1 24 1 56 1 77
32888 
32889 
32890 2 2 3 3 5 14
32891 
32892 
32893 
32894 
32895 
32896 
32897 
32898 2 1 3 2 10 9 1 10 1 13 1 35 1 77
32899 2 2 4 9 1 12 1 35 1 53 1 108
32900 
32901 10 2 1 29 1 42
32902 1 5 1 6 1 69
32903 
32904 7 1 2 4 2 9 2 10 1 12 1 17
32905 4 1 1 4 3 9 1 10 1 12 1 17
32906 7 1 2 4 2 9 2 10 1 12 1 17
32907 7 1 2 4 2 9 2 10 1 12 1 17
32908 5 1 1 4 2 9 3 10 1 17
32909 4 1 1 4 3 9 1 10 1 12 1 17
32910 1 1 1 8 1 44 1 69
32911 1 1 1 2 1 6 1 20
32912 
32913 
32914 
32915 
32917 
32918 
32919 
32920 1 6 3 9 1 10 2 17 1 42
32921 1 5 1 14 1 96
32922 
32923 
32924 6 2 1 4 1 21 2 35
32925 6 2 1 4 2 35
32926 6 2 1 4 2 35
32927 1 1 4 2 1 27 1 34
32928 1 1 12 2 1 27 1 34
32929 4 1 19 2 1 35
32930 
32931 
32932 
32933 1 1 2 2 1 30 1 42 1 96
32934 
32935 
32936 
32937 
32938 
32939 
32940 
32941 
32942 1 16
32943 
32944 
32945 
32946 2 1 1 3 1 97
32947 2 1 1 20 1 33
32948 2 1 1 2 1 96
32949 3 2 1 94
32950 1 85
32951 
32952 
32953 
32954 2 1 3 2 10 9 1 10 1 13 1 35 1 77
32955 2 2 4 9 1 12 1 35 1 53 1 108
32959 
32960 
32961 
32962 2 1 3 2 1 22 1 35
32963 24 16
32964 24 16
32965 24 16
32966 
32967 
32968 3 1 1 2 1 4 1 19 1 35
32969 
32970 2 1 6 2 4 3 3 4 1 8 2 14 1 18 1 19
32971 
32972 1 64 1 78
32973 
32974 
32975 1 23
32976 1 1 6 2 1 34
32977 
32978 3 2 1 22 1 42
32979 
32980 1 1 8 2 1 22 1 34 1 42
32981 1 64
32982 1 74 1 77
32983 
32984 1 2 1 6 1 19
32985 1 1 1 49 1 76
32986 5 2 1 75
32987 1 6 2 27
32988 1 1 2 2 1 3 1 77
32989 2 2 1 6 1 27
32990 2 1 1 4 1 6
32991 
32992 
32993 
32994 
32995 
32996 
32997 1 1 1 8 1 22
32998 
32999 
33000 
33001 
33002 
33003 
33004 1 24 1 78
33005 
33006 1 19 1 27
33007 1 1 1 7 1 8
33008 
33009 
33010 
33011 
33012 
33013 
33014 1 5 1 78
33015 3 1 1 3 2 25
33016 2 14
33017 2 1 8 2 1 22 1 34
33018 
33019 
33020 1 4 3 14 2 19 1 42
33021 
33022 1 1 3 9 2 10 1 17 1 24 1 77
33023 1 25 6 75
33024 1 1 1 74 5 75 1 77
33025 1 1 1 2 6 75 1 77
33026 1 63 2 74 1 75 1 76
33027 
33028 
33029 
33030 
33031 1 1 4 75 1 77
33032 2 1 1 4 1 14 4 75
33033 2 75 2 90
33034 1 2 4 75 1 100
33035 
33036 1 2 2 25 8 75
33037 1 25 1 74 7 75 1 76
33038 
33039 1 1 4 2 1 25 1 29
33040 1 64
33041 
33042 1 63
33043 
33044 
33045 
33046 
33047 
33048 
33049 
33050 
33051 
33052 1 2 1 22 1 94
33053 1 1 1 19 1 22
33054 1 22 1 32 1 42
33055 1 22 1 32 1 77
33056 3 1 1 4 1 77
33057 1 1 1 19 1 22
33058 1 2 1 22 1 94
33059 2 1 1 3 1 77
33060 1 22 1 32 1 77
33061 1 22 1 32 1 42
33062 2 21
33063 1 21
33064 
33065 
33066 
33067 
33068 
33069 2 2 1 14 1 37 1 64
33070 
33071 
33072 
33073 
33074 1 1 8 9 4 10 1 24 1 77
33075 1 1 8 9 4 10 1 18 1 77
33076 3 1 4 2 1 14 1 35
33077 3 1 4 2 1 14 1 35 1 64
33078 
33079 2 16
33080 
33081 
33082 2 1 2 2 1 5 4 9 2 10 1 33 1 101
33083 
33084 
33085 
33086 
33087 2 1 2 2 1 5 4 9 2 10 1 33 1 101
33088 
33089 4 1 11 2 5 9 1 10 1 35 1 77
33090 
33091 
33092 
33093 1 64
33094 
33095 
33096 1 5 1 75
33097 
33098 
33099 
33100 
33101 2 1 6 2 4 3 3 4 1 8 2 14 2 19 1 21
33102 
33103 2 1 6 2 3 3 3 4 1 8 2 14 2 19 1 21 1 76
33104 
33105 
33106 
33107 
33108 
33109 
33110 
33111 
33112 
33113 
33114 
33115 1 64
33116 
33117 
33119 
33120 1 1 3 2 1 21 1 37
33121 
33122 
33123 
33124 
33125 
33126 
33127 
33128 
33129 
33130 
33131 
33132 
33133 
33134 1 35 1 42
33135 1 35 1 42
33136 3 2 1 30 1 42
33137 3 2 1 30 1 42
33138 
33139 
33140 
33141 
33142 1 1 1 26 6 75
33143 1 1 1 26 2 74 2 75 2 76
33144 
33145 
33148 
33149 
33150 
33151 1 102
33152 1 102
33153 1 1 4 9 2 10 1 31 1 77
33154 1 1 4 9 1 10 1 34 1 53
33155 1 1 4 9 1 10 1 34 1 53
33156 2 1 2 2 1 39 2 77
33157 1 1 4 9 1 10 1 34 1 36
33158 1 1 4 9 1 10 1 34 1 36
33159 4 9 2 10 1 20 1 31
33160 2 1 4 9 2 10 1 34 1 77
33161 1 1 4 9 2 10 1 34 1 64
33162 2 1 4 9 2 10 1 34 1 77
33163 3 1 3 9 3 10 1 34
33164 1 1 3 9 1 10 1 34 2 53
33165 1 1 4 9 2 10 1 24 1 34
33169 
33170 
33171 
33172 
33174 
33175 
33176 
33177 
33178 
33179 
33180 1 1 1 2 1 7 1 14
33181 4 2 1 4 1 14 1 65
33275 1 25 1 74
33276 1 25 1 74
33277 
33278 1 2 1 14 1 107
33279 
33280 
33281 
33282 
33283 
33284 
33285 
33286 
33287 
33288 
33289 
33290 
33291 
33292 
33293 1 1 8 2 1 3 2 14 1 22
33294 4 1 8 2 4 9 2 10 1 35 1 101
33295 4 1 8 2 4 9 2 10 1 35 1 64 1 101
33296 2 1 2 2 1 19 1 22
33297 3 1 1 3 2 19 1 25
33298 2 1 4 2 1 19 1 22
33299 3 1 2 19 1 26
33300 2 1 5 2 1 19 1 22
33301 3 1 2 2 1 3 1 19 1 22
33302 2 1 6 2 1 19 1 22
33303 2 1 7 2 1 19 1 22
33304 2 1 8 2 1 19 1 22
33305 2 1 9 2 1 19 1 22
33306 5 9 1 12 1 41
33307 
33308 
33309 
33310 
33311 
33312 
33313 6 2 1 34 1 41
33314 6 2 1 34 1 41
33315 2 1 3 2 1 38 1 63
33316 1 23
33317 1 21
33318 1 1 1 27 1 99
33319 1 2 1 27 1 32
33320 3 9 1 23 2 34
33321 1 23
33322 2 1 2 2 1 14 1 23 1 34
33323 3 9 2 34 1 63
33324 1 14 1 77
33325 2 1 1 2 1 3 1 4 2 14 1 22 1 96
33326 4 1 2 2 2 3 2 4 4 14 2 22 2 96
33327 
33328 1 1 5 2 5 3 1 4 3 9 3 10 3 14
33329 
33330 2 2 1 3 1 18 1 77
33331 
33332 
33333 
33334 
33335 1 1 8 2 1 34
33336 
33337 
33338 
33339 
33340 
33341 
33342 
33343 
33344 
33345 2 1 3 2 1 3 1 4 3 14 1 96
33346 6 1 2 4 3 9 2 10 1 17
33347 2 1 2 2 1 14 1 34
33348 
33349 
33350 
33353 
33354 3 2 1 29 1 30 1 42
33355 1 1 6 9 3 10 1 13 1 24 1 77
33356 1 1 6 9 3 10 1 13 1 24 1 77
33359 
33360 1 6 2 42
33361 
33362 
33363 
33364 
33365 3 1 3 2 4 3 1 14
33366 4 1 5 2 1 3 1 4 2 8 1 14
33367 
33368 
33369 2 1 3 4 2 6 9 9 3 10 2 34
33370 4 1 6 4 4 6 18 9 6 10 4 34 4 42 2 77
33372 
33373 
33374 
33375 
33376 
33377 1 1 9 24 4 84
33378 
33379 4 2 2 30
33380 
33381 1 45 1 74 1 76
33382 
33383 
33384 1 2 1 6 5 9 1 10 1 14
33385 1 1 2 2 1 14 1 29
33386 2 1 3 2 1 14 1 22 1 29
33387 1 1 16 2 1 34
33388 1 1 16 2 1 34 1 64
33389 1 1 15 2 1 34
33390 1 1 15 2 1 34 1 64
33391 4 9 1 10 1 17 1 77
33392 1 1 16 2 4 9 1 10 1 17 1 34 1 77
33393 1 1 15 2 4 9 1 10 1 17 1 34 1 77
33394 
33395 
33396 3 2 3 9 1 10 1 16 1 30 1 32 1 42 2 57
33397 
33398 1 1 1 30 1 77
33399 1 1 1 30 1 77
33400 1 1 1 30 1 77
33401 3 2 1 33 1 77
33402 2 78 2 79
33403 
33404 3 1 1 2 1 3 2 25
33405 1 1 1 2 1 3 2 14 1 96
33406 
33407 3 1 15 9 3 10 3 84
33408 3 9 1 10 1 17 1 57 1 77
33409 2 9 1 10 1 17 2 57 1 77
33410 
33411 3 1 1 34
33412 4 1 3 2 1 35
33413 4 1 3 2 3 9 1 10 1 17 1 35 1 57 1 77
33414 4 1 3 2 2 9 1 10 1 17 1 35 2 57 1 77
33415 
33416 
33417 
33418 
33419 
33420 
33421 
33422 
33423 8 2 4 9 2 10 2 14 2 77
33424 
33425 
33426 4 1 1 4 8 9 4 10
33427 1 4 8 9 2 10 2 11 2 74
33429 10 2 4 9 2 10 2 14 2 77
33430 6 2 4 9 2 10 2 14 2 77
33431 4 1 4 2 2 4 4 9 2 10 2 14 2 77
33432 12 2 4 9 2 10 2 14 2 77
33433 2 1 2 2 4 9 1 10 1 35 1 36 1 96
33434 2 1 2 2 4 9 1 10 1 35 1 36 1 96
33435 
33436 
33437 
33438 
33439 
33440 3 1 2 2 1 22 1 29
33441 
33442 1 1 4 2 1 3 1 4 1 42 1 64
33443 1 1 3 2 1 3 1 8 1 42
33444 1 1 4 2 1 3 1 4 1 14 1 42
33445 3 1 3 2 2 3 1 8
33446 4 2 4 9 2 10 1 19 1 34 1 70 1 108
33447 4 2 4 9 2 10 1 19 1 31 1 70 1 108
33448 4 2 1 6 4 9 2 10 1 19 1 31 1 42 1 70 1 77 1 108
33449 
33450 1 16
33451 
33452 2 2 1 24 1 26 1 77
33453 1 27 1 76 1 77
33454 2 1 6 2 5 3 2 4 1 8 1 14 1 18 1 19
33455 2 1 7 2 4 3 2 4 1 8 1 14 2 19
33456 2 1 6 2 5 3 2 4 1 8 1 14 1 18 1 19
33457 
33458 2 1 6 2 3 3 3 4 1 8 3 14 2 19 1 76
33459 2 1 7 2 3 3 3 4 1 8 2 14 2 19
33460 
33461 2 1 6 2 4 3 3 4 1 8 2 14 1 18 1 19
33462 4 2 1 4 2 35
33463 4 2 1 4 1 21 2 35
33464 
33465 
33466 
33467 1 34 2 74
33468 1 1 1 35 2 74
33469 
33470 6 2 1 14 1 27 1 34
33471 
33472 
33473 
33474 
33475 
33476 
33477 
33478 
33479 
33480 
33481 
33482 1 1 4 2 1 27 1 34 1 64
33483 2 3 2 14 2 77
33484 
33485 
33486 5 9 1 12 1 37
33487 
33488 
33489 
33490 
33491 
33492 
33493 
33494 10 16
33495 3 1 1 3 1 6 1 14 1 22 1 35 2 42
33498 
33499 
33500 
33501 1 6 5 9 1 10 1 77
33502 2 1 13 2 1 6 10 9 1 10 1 12 1 34 1 77
33503 1 1 4 2 1 27 1 34
33504 
33505 
33506 
33507 
33508 1 1 4 2 1 14 1 22 1 27 1 34
33509 1 1 5 2 1 14 1 22 1 34
33510 2 1 5 9 1 10 1 24 1 84
33511 3 1 1 5 2 25 1 81
33512 
33513 3 1 1 2 1 4 1 14 1 34
33514 1 1 1 24 5 25
33515 
33516 4 1 3 9 1 11 2 13
33517 3 1 2 9 3 12 1 17 3 34
33518 
33519 
33520 
33521 
33522 
33523 
33524 
33525 
33526 
33527 1 2 1 118
33528 
33529 
33530 
33532 2 1 3 2 2 3 1 22
33533 2 1 3 2 2 3 1 22
33534 2 1 3 2 2 3 1 70 1 77
33535 2 1 3 2 2 3 1 70 1 77
33536 
33537 
33538 
33539 10 16
33540 
33541 2 16
33542 
33543 1 2 4 9 1 10 1 14 1 32 1 57
33544 1 2 4 9 1 10 1 24 1 32 1 57
33545 
33546 4 1 10 2 1 4 3 22
33547 1 1 4 2 1 4 3 21
33548 7 1 4 2 3 3 1 4 3 77
33549 7 1 4 2 3 3 1 4 3 22
33550 10 1 4 2 4 4 3 77
33551 4 1 13 2 1 4 3 22
33552 4 1 7 2 1 4 3 22
33553 4 1 2 2 1 7 1 77 1 84
33554 2 1 3 2 1 7 2 24 1 77 1 84
33555 
33556 
33557 2 1 2 2 1 14 1 34
33558 3 1 18 2 1 34
33560 
33561 
33562 
33563 
33564 
33565 
33566 
33567 
33568 
33569 15 9 9 10 3 64
33570 
33571 
33572 5 1 1 2 1 3 1 4
33573 1 1 6 9 3 10 1 13 1 16 1 24 1 77
33574 1 1 6 9 3 10 1 13 2 16 1 24 1 77
33575 
33576 1 60 1 77
33577 1 60 1 77
33578 
33579 2 1 9 2 1 3 2 14 1 32
33580 2 1 13 2 1 3 2 14 1 32
33581 2 1 17 2 1 3 2 14 1 32
33582 2 1 10 2 1 3 2 14 1 32
33583 2 1 13 2 1 3 2 14 1 32
33584 2 1 17 2 1 3 2 14 1 32
33585 2 1 10 2 1 3 2 14 1 32
33586 2 1 9 2 1 3 2 14 1 32
33587 
33588 
33589 
33590 
33591 
33592 1 21
33593 1 74 1 77
33594 
33595 2 78 1 79
33596 3 78 1 80
33597 2 78 4 79
33598 2 78 5 79
33599 2 78 3 79
33600 3 78 2 81
33601 3 78 3 81
33602 
33603 3 2 2 24 1 32
33604 1 1 5 2 1 30 1 42
33605 
33607 
33608 
33609 3 1 3 2 2 3 2 4 1 14
33610 2 1 1 2 1 3 1 14 1 77
33611 4 1 1 3 1 4 1 14 1 77
33612 
33613 
33614 
33615 
33616 
33617 
33618 2 1 4 2 2 3 2 14 2 35
33619 
33620 
33621 
33622 1 1 3 2 1 37
33623 1 1 7 2 1 34
33624 
33625 3 1 9 2 8 3 2 4 2 14 1 22
33626 3 1 9 2 8 3 2 4 2 14 1 22
33627 
33628 
33629 2 3 2 14 2 77
33630 
33631 
33632 
33633 
33634 6 1 3 3 3 9 3 10 3 96
33635 3 1 6 2 3 9 3 10 3 96
33636 
33637 
33638 
33639 
33640 
33642 2 77
33643 1 16 2 77
33644 
33645 
33646 
33647 
33648 3 1 20 2 1 3 1 22
33649 3 1 18 2 1 3 1 22
33650 
33651 
33652 
33653 2 2 1 3 1 14 2 64
33654 2 2 1 3 1 14 2 64
33655 2 1 4 2 1 14 1 35
33656 3 2 3 3 1 6 1 14
33657 
33658 
33659 
33660 6 9 2 10 2 17
33661 6 9 2 10 2 17
33662 3 9 1 57 2 71
33663 
33664 
33665 
33666 1 2 1 14 1 30 1 77
33667 1 2 1 14 1 30 1 77
33668 1 1 1 24 6 25
33669 1 1 1 24 7 25
33670 1 1 1 3 1 14 1 30 1 77
33671 1 1 1 3 1 14 1 30 1 77
33672 1 1 1 3 1 14 1 30 1 77
33673 
33674 2 16
33675 1 16
33676 1 16
33677 6 2 1 4 1 16 1 29 1 42
33678 5 2 1 31
33679 5 2 1 31
33680 
33681 
33682 
33683 
33684 4 1 5 2 3 3 3 4 1 14
33685 4 1 4 2 1 4 1 5 2 8 1 14
33686 4 1 4 2 1 4 1 5 2 8 1 14
33687 1 100
33688 1 100
33689 1 100
33690 1 100
33691 3 2 1 14 1 25
33692 3 2 1 14 1 25
33693 3 2 1 14 1 25
33694 1 62 1 100
33695 1 10 5 11 1 64
33696 2 1 16 2 1 116
33697 2 1 20 2 1 116
33698 
33699 
33700 
33701 
33702 
33703 2 1 1 2 1 3 1 30 1 42
33704 2 1 7 2 1 4 2 14 1 19 2 77
33705 2 1 6 2 1 4 1 14 2 22 1 42
33706 3 9 1 10 1 42 1 53 1 57
33707 3 9 1 10 1 42 1 53 1 57
33708 
33709 
33710 
33711 
33712 
33713 
33714 
33715 
33716 
33717 
33718 
33719 
33720 
33721 
33722 
33723 
33724 
33725 
33726 
33727 
33728 
33729 
33730 
33731 
33737 
33740 
33741 
33742 
33743 4 1 2 2 2 81
33744 8 1 10 9 2 10 5 84
33745 
33746 
33747 
33748 
33749 4 18 1 25 4 26
33750 
33751 
33752 1 1 1 2 1 74 2 75 1 77
33753 
33754 
33755 
33756 2 3 4 24
33757 2 2 1 73
33758 1 1 2 2 1 99
33759 
33760 1 24 1 97
33761 1 1 1 4 1 24 2 27
33762 1 1 2 2 3 26 1 27
33763 2 1 1 2 1 4 2 24 1 25 1 77
33764 3 9 3 10 3 21
33765 
33766 
33767 
33768 
33769 
33770 
33771 
33772 3 1 5 2 2 3 1 4 1 7 1 8
33773 4 1 4 2 2 3 1 4 2 8
33774 
33775 3 2 7 3 9 14 2 26
33776 3 2 7 3 9 14 2 26
33777 1 1 12 9 6 10 3 24 1 81
33778 4 1 2 2 1 81
33779 3 1 2 2 1 80
33780 3 1 9 2 1 80
33781 3 1 12 2 1 80
33782 3 1 4 9 2 10 1 24 1 81
33783 4 1 3 2 1 81
33784 3 1 4 9 2 10 1 24 1 81
33785 4 1 5 2 1 81
33786 4 1 6 2 1 81
33787 4 1 7 2 1 81
33788 4 1 10 2 1 81
33789 4 1 11 2 1 81
33790 4 1 6 2 1 81
33791 3 1 5 2 1 80
33792 3 1 6 2 1 80
33793 3 1 7 2 1 80
33794 3 1 4 2 1 80
33795 3 1 6 2 1 80
33796 3 1 10 2 1 80
33797 3 1 8 2 1 80
33798 
33799 3 1 5 9 1 10 1 84
33800 4 1 5 2 1 25 1 84
33801 3 1 5 9 1 12 3 25 1 81
33802 4 1 1 2 1 81
33803 
33804 
33805 6 1 3 2 3 3 1 80
33806 1 1 1 2 10 9 2 10 1 80
33807 3 1 2 2 5 9 1 10 2 25 1 77 1 84
33808 5 1 1 2 2 3 1 80
33809 5 1 3 2 2 3 1 80
33810 3 1 9 2 1 80
33811 3 1 11 2 1 80
33812 3 1 4 9 2 10 1 24 1 81
33813 6 1 6 2 3 3 1 80
33814 5 1 4 2 2 3 1 80
33815 4 1 5 2 2 25 1 84
33816 5 1 5 2 2 3 1 80
33817 5 1 2 3 1 80
33818 1 1 12 9 6 10 3 24 1 81
33819 3 1 18 2 1 80
33820 
33821 
33822 3 1 15 2 1 80
33823 3 1 18 2 1 80
33824 3 1 19 2 1 80
33825 3 1 24 2 1 80
33826 1 1 12 9 6 10 3 24 1 81
33827 2 1 8 9 4 10 2 24 1 81
33828 2 1 8 9 4 10 2 24 1 81
33829 
33830 
33831 2 1 8 9 4 10 2 24 1 81
33832 3 1 15 2 1 80
33833 3 1 21 2 1 80
33834 4 1 4 9 2 10 1 84
33835 
33836 
33837 
33838 
33839 
33840 
33841 
33842 
33843 4 10 2 11 4 64
33844 5 10 1 11 5 64
33845 1 1 5 10 1 12 5 64
33846 1 2 1 3 2 9 4 10 1 25 5 64
33847 
33848 1 16
33849 5 2 1 4 2 42
33850 4 2 2 3 2 42
33851 4 2 2 3 2 42
33852 4 2 2 3 2 42
33853 3 9 2 10 1 11 1 114
33854 
33855 
33856 
33857 2 14 2 19
33858 2 1 14 2 1 3 1 14 2 22
33859 
33860 
33861 
33862 
33863 
33864 
33865 2 2 6 3 8 14 1 19 2 26
33866 1 44 1 94
33867 1 51 1 94
33868 1 1 1 2 1 22 1 44
33869 2 2 1 42 1 44
33870 2 1 1 3 1 22 1 44
33871 2 1 1 22 1 45
33872 2 1 2 2 1 45 1 77
33873 1 1 1 14 1 19 1 45
33874 1 2 1 5 1 44 1 77
33875 1 1 4 2 1 22 1 44
33876 2 1 1 2 1 3 1 22 1 44
33877 1 1 3 2 1 22 1 44
33878 1 1 2 2 1 22 1 44
33879 1 1 1 2 1 42 1 45
33880 1 1 1 22 1 44
33881 1 2 1 5 1 51 1 77
33882 2 1 2 2 1 45 1 77
33883 2 1 1 2 1 45 1 77
33884 1 1 3 2 1 22 1 44
33885 1 2 1 5 1 48 1 77
33886 3 1 1 2 1 3 1 45 1 77
33887 2 1 1 2 1 3 1 51 1 77
33888 2 1 1 2 1 3 1 48 1 77
33889 2 1 2 2 1 3 1 48 1 77
33890 3 1 1 3 1 45 1 77
33891 2 1 3 2 1 22 1 45
33892 2 1 3 2 1 45 1 77
33893 2 1 2 2 1 3 1 51 1 77
33894 1 1 2 2 1 22 1 44
33895 3 1 1 2 1 3 1 45 1 77
33896 2 1 1 2 1 3 1 22 1 44
33897 3 1 2 2 1 3 1 45 1 77
33898 2 1 2 2 1 3 1 22 1 44
33899 2 1 3 2 1 45 1 77
33900 2 1 2 2 1 22 1 45
33901 3 1 1 3 1 22 1 45
33902 2 1 4 2 1 45 1 77
33903 3 1 2 2 1 3 1 45 1 77
33904 3 1 1 2 1 3 1 22 1 45
33905 2 1 2 2 1 3 1 22 1 44
33906 3 1 3 2 1 3 1 45 1 77
33907 2 1 3 2 1 3 1 22 1 44
33908 3 1 2 2 1 3 1 22 1 45
33909 3 1 3 2 1 14 1 81
33910 15 9 3 10 1 14 1 81
33911 10 9 2 10 2 14 1 81
33912 2 1 2 2 2 14 1 81
33913 6 1 18 2 1 81 1 84
33914 2 1 6 2 2 14 1 81
33915 6 1 12 2 1 81 1 84
33916 3 1 6 2 1 14 1 81
33917 2 1 4 2 2 14 1 81
33918 3 1 9 2 1 14 1 81
33919 10 9 2 12 2 14 1 81
33920 15 9 3 12 1 14 1 81
33921 
33922 
33923 
33924 
33925 
33926 
33927 
33928 
33929 
33930 2 2 2 3 4 14
33931 
33932 4 1 3 2 1 25 1 84
33933 1 1 6 2 1 37
33934 1 1 6 2 1 37
33935 2 2 1 24 1 37
33936 2 2 1 24 1 37
33937 1 1 2 2 2 25 1 37
33938 1 1 2 2 2 25 1 37
33939 1 1 3 2 3 25 1 37
33940 1 1 8 9 2 10 1 13 1 42 1 71
33941 3 1 3 33
33942 6 1 2 3 2 4 2 9 3 10 1 12 1 27
33943 3 2 3 3 1 4 1 6 2 9 4 10 2 14 1 26 1 34
33944 
33945 
33946 
33947 
33948 
33949 
33950 
33951 
33952 
33953 3 2 1 3 1 4 2 8 2 9 4 10 2 24 1 26 1 34
33954 
33955 4 2 2 3 1 114
33956 
33957 
33958 1 2 3 3 5 14 1 19
33959 
33960 
33961 1 1 4 3 4 14 1 20
33962 
33963 
33964 
33965 
33966 1 2 4 3 5 14 1 20
33967 
33969 4 1 6 2 1 81
33970 4 1 3 2 1 81
33971 4 1 4 2 1 81
33972 4 1 5 2 1 81
33973 4 1 7 2 1 81
33974 4 1 6 2 1 81
33975 4 1 10 2 1 81
33976 4 1 8 2 1 81
33977 4 1 11 2 1 81
33978 4 1 7 2 1 81
33979 4 1 12 2 1 81
33980 4 1 9 2 1 81
33981 4 1 9 2 1 81
33982 4 1 13 2 1 81
33983 4 1 2 2 1 81
33984 2 2 3 3 4 14 1 20
33985 
33986 
33987 
33988 
33989 
33990 
33991 
33992 
33993 
33994 
33995 1 1 7 24 3 84
33996 6 24 2 81
33997 1 1 5 24 2 84
33998 
33999 
34000 
34001 1 10 1 24 5 53
34002 7 2 1 32
34003 
34004 
34005 
34006 1 1 10 2 3 3 4 14 2 26
34007 1 1 12 2 3 3 4 14 2 26
34008 2 1 2 2 1 24 1 26
34009 6 1 1 4 1 84
34010 
34011 1 1 4 2 2 14 1 34
34012 1 1 4 2 2 14 1 34 1 64
34013 5 2 1 14 1 27 1 34
34014 5 2 1 21 1 27 1 34
34015 
34016 3 1 2 2 1 35 1 41
34017 1 1 4 2 1 22 1 27 1 34
34018 6 2 1 14 1 34 1 64
34019 3 1 2 2 1 35 1 41 1 64
34020 1 1 4 2 1 22 1 27 1 34 1 64
34021 5 2 1 14 1 27 1 34 1 64
34022 5 2 1 21 1 27 1 34 1 64
34023 
34024 1 1 3 2 1 3 5 9 1 13
34025 1 1 4 2 1 3 5 9 1 13
34026 1 1 3 2 5 9 1 10 1 70
34027 1 1 2 2 1 3 1 8 5 9 1 10
34028 1 1 5 2 1 8
34029 
34030 
34031 3 9 1 10 1 11 1 12 1 19
34032 2 9 3 10 1 12 1 19 2 24
34033 3 9 2 10 1 12 1 19 1 24
34034 3 2 1 3 1 34 1 38
34035 2 2 3 9 3 10 3 14
34036 
34037 4 1 4 24 3 84
34038 3 1 3 24 2 84
34039 3 1 2 2 3 24 2 84
34040 
34041 
34042 
34043 3 1 8 2 1 32
34044 3 1 8 2 1 32
34045 3 1 8 2 1 32
34046 3 1 8 2 1 32
34047 6 1 12 2 1 3 1 30 1 35 1 77
34048 4 1 11 2 1 35
34049 4 1 11 2 1 35
34050 4 1 13 2 1 30 1 35 1 77 1 102
34051 5 1 11 2 1 3 1 14 1 30 1 35 1 77
34052 6 1 11 2 1 3 1 30 1 35 1 77
34053 
34054 4 1 11 2 1 35
34055 6 1 12 2 1 3 1 30 1 35 1 77
34056 
34057 4 1 11 2 1 35
34058 
34059 4 1 11 2 1 35
34060 
34061 4 1 11 2 1 35
34062 
34063 4 1 11 2 1 35
34064 
34065 4 1 11 2 1 35
34066 
34067 4 1 11 2 1 35
34068 
34069 4 1 11 2 1 35
34070 
34071 4 1 11 2 1 35
34072 
34073 4 1 11 2 1 35
34074 
34075 4 1 11 2 1 35
34077 
34078 4 1 11 2 1 35
34079 
34080 4 1 11 2 1 35
34081 
34082 1 74 1 77
34083 
34084 
34085 4 1 4 2 2 3 1 29 1 77
34086 4 1 4 2 2 3 1 29 1 64 1 77
34087 4 1 4 2 2 3 1 29 1 77
34088 4 1 4 2 2 3 1 29 1 77
34089 
34090 
34091 
34092 
34093 
34094 2 1 3 2 1 3 1 14 1 77
34095 2 1 1 16 1 22 1 34
34096 3 1 1 64 1 81
34097 
34098 
34099 
34100 
34101 
34102 1 34 1 63
34103 
34104 
34105 
34106 1 34
34107 1 34
34108 1 34
34109 1 21
34110 
34111 
34112 
34113 4 81
34114 
34115 1 1 7 2 2 14 1 34
34116 1 1 11 2 2 14 1 34
34117 1 1 13 2 2 14 1 34
34118 1 1 7 2 2 14 1 34 1 64
34119 1 1 13 2 2 14 1 34 1 64
34120 2 1 9 2 2 14 1 35
34121 2 1 9 2 2 14 1 35 1 64
34122 1 1 11 2 2 14 1 34 1 64
34123 1 1 9 2 2 14 1 34
34124 1 1 9 2 2 14 1 34 1 64
34125 6 9 2 10 1 108
34126 
34127 1 64
34128 
34129 1 64
34130 
34131 
34132 
34133 
34134 
34135 
34136 
34137 
34138 2 1 1 2 1 39
34139 1 42 3 69 1 70
34140 1 1 5 9 1 12 1 32
34141 
34142 1 4 1 74 2 75 1 76
34143 1 4 3 74 1 76
34144 3 1 2 2 1 26 1 101
34145 2 1 3 2 1 25 1 101
34146 2 1 4 2 1 25 1 101
34147 4 1 1 4 1 25 1 101
34148 4 1 2 3 1 25 1 101
34149 2 1 4 2 1 25 1 101
34150 3 1 2 2 1 3 1 25 1 101
34151 3 1 3 2 1 26 1 101
34152 2 1 2 2 1 14 1 22 1 29
34153 
34154 
34155 
34156 1 2 4 3 5 14 1 26
34157 1 2 4 3 5 14 1 26
34158 
34159 
34160 
34161 
34162 
34163 6 2 4 3
34164 
34165 
34166 
34167 
34168 
34169 
34170 
34171 3 1 1 10 5 71 1 81
34172 
34173 2 1 2 10 10 71 1 81
34174 3 1 2 10 4 71 1 74 1 81
34175 
34176 4 2 2 4 1 56
34177 5 2 2 4 1 56
34179 6 1 2 2 4 3 3 22
34180 3 1 8 2 1 3 3 22
34181 6 1 2 2 4 3 3 77
34182 9 1 2 2 1 3 3 4 3 77
34183 
34184 
34185 4 2 1 4 1 56
34186 6 2 2 4 1 56
34187 2 1 7 2 1 38 1 64
34188 2 1 3 2 1 38 1 64
34189 
34190 
34191 
34192 
34193 
34194 
34195 
34196 
34197 
34198 
34199 
34204 2 1 1 3 1 25 1 94
34205 2 1 1 2 1 3 1 25 1 94
34206 2 1 1 2 1 111
34207 
34208 1 64
34209 
34210 
34211 1 64
34212 
34213 4 9 1 10 1 17 1 77
34214 3 2 2 9 4 10 3 24 2 35
34215 3 2 2 9 4 10 3 24 2 35
34216 5 9 1 12 1 100
34217 1 1 2 2 1 21 2 25
34219 
34220 
34221 
34222 1 2 2 5 1 25 2 116
34223 
34224 
34225 
34226 1 64
34227 
34228 
34229 6 16
34230 3 9 1 11 1 17 1 53
34231 3 9 1 11 1 17 1 53
34232 2 9 2 11 1 17 1 53
34233 2 9 2 11 1 17 1 53
34234 2 9 2 11 1 17 1 53
34235 1 1 2 9 1 11 1 12 1 17 1 53
34236 2 9 1 11 1 17 2 53
34237 2 9 1 11 1 17 2 53
34238 4 1 1 4 1 9 1 10 1 12 1 17 2 53
34239 1 1 2 2 2 9 1 12 1 17 2 53
34240 1 1 1 2 2 9 1 12 1 17 2 53
34241 1 9 1 11 1 17 3 53
34242 1 11 1 17 4 53
34243 2 11 1 17 3 53
34244 7 9 1 10 1 12 1 17 2 53
34245 6 9 1 10 2 11 1 12 1 17 1 53
34246 
34247 2 1 2 2 1 3 5 9 1 12 1 33 1 42 1 77
34248 
34249 1 6 2 42
34250 1 1 4 9 2 10 1 34 1 42
34251 3 2 10 9 2 10 1 25 2 77
34252 
34253 
34254 
34255 9 9 1 10 1 12 1 17 1 77
34256 
34257 2 1 10 2 4 9 2 10 2 77
34258 1 8 8 9 2 10 2 53 1 69
34259 
34260 2 9 2 11 2 53
34261 4 9 1 10 1 53 1 63
34262 2 1 12 2 5 9 1 10 1 25 1 34
34263 2 1 12 2 5 9 1 10 1 25 1 34
34264 
34265 4 9 1 10 1 36 1 95
34266 
34267 2 1 4 9 2 10 2 77
34268 9 9 3 10 1 25 1 42
34269 1 1 9 2 4 9 1 10 1 17 1 77
34270 1 1 6 2 4 9 1 10 1 17 1 77
34271 1 1 5 2 4 9 1 10 1 17 1 77
34272 
34273 
34274 
34275 
34276 
34277 
34278 1 4 18 9 4 10 1 36 1 57
34279 1 4 18 9 4 10 1 36 1 53
34280 1 4 18 9 5 10 1 36 1 42
34281 1 4 19 9 4 10 1 57
34282 1 4 19 9 4 10 1 36
34283 1 4 19 9 5 10 1 42
34284 1 4 19 9 5 10 1 42
34285 1 4 18 9 4 10 1 11 1 36
34286 1 4 19 9 4 10 1 53
34287 1 4 18 9 4 10 1 36 1 53
34288 
34289 3 1 21 2 1 34 1 64
34290 1 1 2 2 1 3 1 19 1 35 1 94
34291 
34292 
34293 
34294 1 1 1 2 1 6 3 9 1 10 2 17 1 77
34295 1 1 1 2 2 9 1 10 3 17 1 77
34296 1 1 3 2 2 9 1 10 3 17 1 77
34297 1 1 3 9 1 10 2 17 1 77
34298 1 1 1 6 3 9 1 10 2 17 1 77
34299 1 1 1 2 3 9 1 10 2 17 1 77
34300 1 1 3 2 3 9 1 10 2 17 1 77
34301 1 1 5 2 3 9 1 10 2 17 1 77
34302 1 1 2 2 3 9 1 10 2 17 1 77
34303 1 2 3 9 1 12 2 17 1 21
34304 1 1 2 2 1 6 3 9 1 10 2 17 1 77
34305 1 1 7 2 1 6 3 9 1 10 2 17 1 77
34306 1 1 6 2 3 9 1 12 2 17 1 22
34307 1 1 1 2 3 9 1 12 2 17 1 22
34308 1 1 4 2 3 9 1 12 2 17 1 22
34309 
34310 
34311 
34312 
34313 
34314 
34315 
34316 
34317 
34318 
34319 
34320 
34321 
34322 
34323 1 24 1 77
34325 
34326 2 24 2 77
34327 2 24 2 77
34328 
34329 2 24 2 77
34330 
34331 2 24 2 77
34332 1 1 4 2 1 99
34333 2 1 1 2 1 23 1 29
34334 3 1 1 2 1 22 1 29
34335 
34336 
34337 
34338 
34339 1 1 8 2 1 27 1 34
34340 
34341 
34342 
34343 6 2 2 3 2 14
34344 6 2 2 3 2 14
34345 
34346 2 1 2 2 1 22 1 35
34347 4 9 2 10 1 29 1 42
34348 5 1 13 2 1 22 1 35
34349 5 1 15 2 1 22 1 35
34350 5 1 18 2 1 22 1 35
34351 5 1 14 2 1 22 1 35
34352 
34353 
34354 2 1 7 2 4 3 2 4 2 8 1 14 1 38
34355 2 1 7 2 4 3 2 4 2 8 1 21 1 38
34356 
34357 2 1 5 2 1 22 1 35
34358 2 1 9 2 1 22 1 35
34359 
34360 
34361 
34362 
34363 1 1 7 2 1 34
34364 1 1 1 2 1 22
34365 1 1 3 2 1 22
34366 1 1 5 2 1 22
34367 1 64
34368 1 64
34369 
34370 1 64
34371 1 64
34372 
34373 1 64
34374 
34375 1 64
34376 
34377 1 64
34378 
34379 
34380 
34381 
34382 
34383 
34384 4 1 4 2 3 3 2 4 1 8
34385 3 1 5 2 3 3 2 4 1 7
34386 
34387 
34388 2 9 4 10 4 42
34389 4 9 1 10 1 41 1 57
34390 2 1 1 2 1 3 3 9 1 10 1 33 1 42 2 57
34391 4 2 10 9 2 10 2 25 2 77
34392 
34393 1 7 1 18 1 24
34394 3 1 1 2 1 4 1 14 1 101
34395 2 1 1 2 2 75
34396 6 1 2 4 1 104
34397 2 1 2 2 1 3 10 9 2 10 1 26 2 77
34398 4 1 1 2 2 3 2 25 1 101
34399 3 1 2 3 1 21 2 25
34400 2 1 14 2 3 9 2 12 1 17
34401 
34402 
34403 
34404 
34405 
34406 
34407 
34408 
34409 
34410 
34411 4 9 1 12 1 29 1 71
34412 
34413 3 1 2 2 1 32 1 74 1 77
34414 3 1 2 2 1 32
34415 3 1 2 2 1 32
34416 3 1 2 2 5 9 1 10 1 32 1 77
34417 3 1 2 2 4 9 1 10 1 17 1 32 1 77
34418 1 1 5 2 3 14 1 22 1 32
34419 5 2 3 14 1 32
34420 5 2 3 14 1 32
34421 
34422 5 2 3 14 1 32
34423 5 2 3 14 1 32
34424 
34425 5 2 3 14 1 32
34426 5 2 4 9 1 10 3 14 1 17 1 32 1 77
34427 
34428 5 2 3 14 1 32
34429 5 2 3 14 1 32
34430 2 1 1 2 1 29
34431 2 1 1 2 1 29 1 74 1 77
34432 3 1 1 32
34433 3 1 1 32 1 74 1 77
34434 
34435 8 2 2 35
34436 
34437 
34438 4 1 2 2 1 3 1 14 1 30 1 34 1 77
34439 10 9 2 10 1 70 1 114
34440 1 8 5 9 1 10 1 114
34441 
34442 1 63
34443 3 1 2 2 1 35 1 37
34444 3 1 2 2 1 35 1 37
34445 2 1 8 2 2 34
34446 2 1 8 2 2 34
34447 
34448 
34449 2 1 11 2 5 9 1 12 1 34
34450 2 1 11 2 5 9 1 12 1 34
34451 
34452 
34453 4 9 1 10 1 17 1 77
34454 2 1 5 2 1 3 1 60 1 77
34455 
34456 
34457 7 2 2 29 2 42
34458 2 1 2 2 5 9 1 12 1 14 1 30 1 34 1 77
34459 1 1 3 9 1 12 2 17
34460 1 1 1 2 3 9 1 12 2 17
34461 2 1 1 2 1 4 1 14 1 44
34462 
34463 
34464 
34465 2 3 3 6
34466 
34467 
34468 
34469 
34470 
34471 1 1 1 2 4 9 1 10 1 36 1 77
34472 
34473 1 44 1 45 1 51
34474 
34475 3 2 1 18 1 44
34476 1 1 8 2 1 14 1 103
34477 2 1 13 2 1 7 1 77
34478 
34479 1 14
34480 1 1 4 9 2 10 1 24 1 77
34481 3 1 1 8 1 66
34482 3 1 1 8 1 66
34483 
34484 4 9 1 11 1 13 1 14 1 42
34485 4 9 1 10 1 13 1 14 1 42 1 64
34486 4 9 1 10 1 13 1 14 1 42 1 64
34487 
34488 
34489 
34490 
34491 
34492 
34493 5 2 1 14 1 35
34495 
34496 
34497 
34498 
34499 5 1 1 4 2 9 4 10 1 18
34500 1 21
34501 
34502 
34503 
34504 
34505 
34506 
34507 
34508 
34509 
34510 
34511 
34512 1 8 1 14 1 18 1 74
34513 1 8 1 14 1 18 1 74
34514 
34515 3 76
34516 3 76
34517 
34518 
34519 
34520 1 1 2 76
34521 1 1 2 76
34522 
34523 
34524 
34525 
34526 
34527 
34528 
34529 
34530 
34531 
34532 
34533 4 1 1 2 1 4 2 34 1 35
34534 
34535 3 1 8 2 1 3 1 22
34536 3 1 11 2 1 3 1 22
34537 4 2 1 4 1 34 2 35
34538 
34539 
34540 
34541 6 9 2 10 2 17
34542 
34543 2 23
34544 
34545 
34546 
34547 
34548 
34549 
34550 
34551 
34552 
34553 
34554 
34555 
34556 
34557 
34558 
34559 
34560 
34561 
34562 
34563 
34564 
34565 
34566 
34567 
34568 
34569 
34570 
34571 2 64
34572 2 2 6 3 8 14 1 19 2 26
34573 
34574 
34575 
34576 
34577 
34578 2 2 1 19 2 26
34579 1 1 3 2 4 9 2 10 1 42 1 77
34580 4 9 1 10 1 36 1 77
34581 
34582 
34583 
34584 
34585 9 2 2 35
34586 3 2 3 34
34587 4 1 3 2 1 4 1 25 1 33 1 77 1 94
34588 
34589 
34590 2 1 1 2 1 4 1 27
34592 1 1 8 2 5 3 2 6 4 14 1 19
34593 2 1 5 2 3 3 3 4 1 8 2 14 3 19
34594 3 1 8 2 4 3 1 4 2 6 3 14 1 22
34595 1 1 7 2 4 3 2 6 3 14 2 19
34596 1 37
34597 
34598 4 1 9 2 1 35
34599 
34600 
34601 1 23
34602 2 23
34603 1 14
34604 1 1 1 3 1 14 1 77
34605 
34606 
34607 
34608 
34609 
34610 
34611 
34612 
34613 
34614 
34615 
34616 
34617 
34618 
34619 
34620 4 1 1 3 1 14 1 35
34621 2 1 2 2 1 14 1 34 1 64
34622 1 1 4 2 2 14 1 34
34623 1 1 7 2 1 34
34624 4 1 1 3 1 14 1 35
34625 
34626 
34627 
34628 12 16
34629 2 9 1 10 1 24 3 53
34630 2 9 4 10 1 24 3 64
34631 2 1 6 2 1 22 1 35
34632 4 1 5 2 1 22 1 35
34633 4 1 11 2 1 22 1 35
34634 4 1 11 2 1 22 1 35 1 64
34635 
34636 1 64
34637 4 1 8 2 1 22 1 35
34638 4 1 8 2 1 22 1 35 1 64
34639 2 1 6 2 1 22 1 35 1 64
34640 4 1 5 2 1 22 1 35 1 64
34641 
34642 4 9 1 10 1 41 1 57
34643 3 1 2 2 1 24 2 26
34644 
34645 
34646 
34647 1 2 2 29
34648 
34649 
34650 
34651 
34652 1 1 4 2 3 9 2 10 1 25 1 39 1 53 1 70 1 99
34653 2 16
34654 4 2 3 3 10 9 2 10 1 14 1 19 1 34
34655 
34656 
34657 3 1 2 2 1 8 4 9 1 11 1 13
34658 3 1 4 2 2 3 1 6 1 7 1 8
34659 1 1 2 2 1 96
34660 5 9 1 10 1 96
34661 
34662 6 1 3 2 3 10 3 35
34663 
34664 
34665 
34666 
34667 1 1 3 2 8 9 3 10 1 13 2 14 1 33 1 94
34668 1 1 3 2 8 9 3 10 1 13 2 14 1 33 1 94
34669 
34670 
34671 
34672 
34673 
34674 
34675 
34676 3 9 1 10 1 17 1 20 1 57
34677 3 1 1 3 5 9 1 13 1 14 1 34
34678 3 1 1 3 5 9 1 13 1 14 1 34
34679 1 1 3 2 1 30 1 77
34680 1 1 3 2 1 30 1 77
34683 2 1 1 3 5 9 1 13 1 14 1 34
34684 2 1 1 3 5 9 1 13 1 14 1 34
34685 2 1 1 3 5 9 1 13 1 14 1 34
34686 2 1 1 3 5 9 1 13 1 14 1 34
34687 2 1 1 3 5 9 1 13 1 14 1 34
34688 1 2 1 30 1 118
34689 1 2 1 3 1 14 1 118
34690 1 1 10 2 1 26 1 118
34691 1 1 3 2 1 26 1 118
34692 3 2 2 25 1 26 3 41
34693 3 2 1 27 1 35 1 41
34694 
34695 1 2 1 30 2 42
34696 
34697 4 1 3 2 2 26
34698 4 1 3 2 2 26
34699 3 1 3 2 1 4 2 14 1 35
34700 1 16
34701 
34702 3 16
34703 6 16
34704 2 16 1 64
34705 7 16
34706 3 1 8 2 1 99
34707 3 1 2 2 2 8 4 9 4 10 1 24 1 25 1 77
34708 3 1 2 2 2 8 4 9 4 10 1 24 1 25 1 77
34709 4 9 2 10 2 17 1 77
34710 3 1 2 2 2 8 4 9 3 10 1 17 1 25 1 77
34711 3 1 2 2 2 8 4 9 3 10 1 17 1 25 1 77
34712 8 9 2 10 2 17 2 77
34713 4 9 1 10 1 17 1 42
34714 
34715 4 9 1 10 1 17 1 77
34716 5 9 1 10 1 77
34717 
34718 
34719 3 2 3 3 1 4 1 6 2 9 3 10 1 17 1 21 1 26 1 34
34720 
34721 3 2 3 3 1 4 1 6 2 9 3 10 1 17 1 21 1 26 1 34
34723 
34724 
34725 
34726 
34727 
34728 
34729 
34730 
34731 
34732 
34733 
34734 
34735 
34736 3 9 1 10 2 17 1 77
34737 3 9 1 10 2 17 1 77
34738 1 1 1 2 1 22
34739 
34740 1 21
34741 1 1 1 22
34742 3 2 11 9 5 10 1 24 2 35 1 101
34743 
34744 
34745 
34746 
34747 
34748 
34749 
34750 
34751 
34752 
34753 
34754 
34755 4 1 2 4 2 14 6 16
34756 
34757 
34758 
34759 
34760 2 1 4 2 1 14 1 34
34761 1 1 5 2 2 14 1 34
34762 1 1 6 2 3 14 1 35
34763 1 1 8 2 3 14 1 35
34764 2 1 4 2 1 14 1 34
34765 3 1 4 2 1 34
34766 1 1 5 2 2 14 1 34
34767 6 2 3 14 1 34
34768 1 1 6 2 3 14 1 35
34769 1 1 8 2 3 14 1 35
34770 
34771 
34772 2 1 1 98
34773 5 9 1 10 1 20 1 34
34774 
34775 
34776 2 18 1 34
34777 
34778 2 1 1 3 1 109
34779 
34780 
34781 
34782 5 9 2 10 5 53
34783 1 2 1 3 2 14 1 29
34784 1 3 1 14 2 29
34785 6 9 2 10 4 53
34787 
34788 
34789 
34790 
34791 2 9 1 10 1 11 1 42 2 57
34792 
34793 
34794 
34795 
34796 
34797 
34798 
34799 
34800 
34801 
34802 
34803 
34804 
34805 
34806 3 2 1 29 1 30 1 77
34807 
34808 
34809 
34810 
34811 
34812 
34813 
34814 
34815 
34816 1 64
34817 3 2 3 3 1 4 1 6 2 9 4 10 2 14 1 26 1 34
34818 
34819 9 2 1 4 5 9 1 10 1 35
34820 
34821 
34822 
34823 
34824 
34825 1 2 3 3 5 14 1 19
34826 2 4 2 14 4 22 2 77
34827 
34828 
34829 2 2 3 3 4 9 2 10 5 14 2 26
34830 3 10 3 63 3 71
34831 
34832 
34833 
34834 
34835 
34836 4 9 2 10 1 11 2 34
34837 4 9 2 10 1 11 2 34
34844 
34845 
34850 
34851 5 63
34852 
34853 
34854 4 1 6 2 2 3 3 4 1 27
34855 
34856 
34857 2 1 2 2 1 14 1 34
34858 1 1 1 2 1 37
34859 
34860 
34862 
34863 
34864 
34865 
34866 
34867 
34868 
34869 
34870 
34871 
34872 
34873 
34874 
34875 
34876 3 1 4 2 1 14 1 22 1 34
34877 3 1 6 2 1 14 1 22 1 34
34878 2 1 1 3 1 30 1 77
34879 3 2 1 29 1 30 1 77
34880 2 1 1 2 1 3 1 30 1 77
34881 
34882 
34883 
34884 1 64
34885 
34886 
34887 
34888 
34889 
34890 
34891 
34892 
34893 
34894 
34895 
34896 2 2 1 30 1 42 1 102
34897 5 9 1 12 1 30 1 42
34898 
34899 4 9 1 10 1 25 1 42 1 57
34900 1 1 1 2 4 9 1 10 1 25 1 36 1 77
34901 1 1 1 2 4 9 1 10 1 25 1 36 1 77
34902 4 9 1 10 1 25 1 36 1 42
34903 3 9 1 10 1 11 1 25 1 36 1 42
34904 3 9 1 10 1 11 1 25 1 42 1 57
34905 3 9 1 10 1 11 1 25 1 36 1 42
34906 3 9 1 10 1 11 1 25 1 42 1 57
34907 
34908 
34909 6 1 2 4 2 77
34910 
34911 
34913 
34914 
34915 
34916 
34917 
34918 
34919 
34920 
34921 
34922 
34923 
34924 
34925 
34926 
34927 
34928 
34929 
34930 
34931 
34932 
34933 
34934 
34935 
34936 
34937 
34938 
34939 
34940 
34941 8 9 3 10 1 14 2 19 1 53
34942 
34943 
34944 
34945 
34946 
34947 
34948 
34949 
34950 
34951 
34952 
34953 
34954 
34955 
34956 
34957 
34958 
34959 
34960 
34961 
34962 
34963 
34964 
34965 
34966 
34967 
34968 
34969 
34970 
34971 
34972 
34973 
34974 
34975 
34976 
34977 
34978 
34979 
34980 
34981 
34982 3 9 1 10 1 14 2 19 2 53
34983 4 9 1 10 1 14 2 19 1 36
34984 4 9 2 10 1 14 2 19 1 42
34985 
34986 
34987 
34988 1 1 1 3 4 9 1 10 1 19 1 42 1 53
34989 
34990 3 9 1 10 1 11 1 14 2 19 1 36
34991 
34992 
34993 
34994 
34995 
34996 
34997 1 2 4 3 1 6 1 114
34998 
34999 
35000 
35001 
35002 
35003 1 1 14 2 1 3 2 14 1 19
35004 1 1 13 2 1 3 1 14 1 42
35005 2 2 1 19 2 42
35006 
35007 
35008 1 2 1 74 1 75 1 76
35009 5 9 1 13 1 14 1 77
35010 2 1 12 2 10 9 1 10 1 13 1 14 1 25 1 34 1 77
35011 
35012 
35013 
35014 
35015 
35016 
35017 
35018 
35019 
35020 
35021 
35022 
35023 3 9 1 10 1 24 1 36 1 57
35024 
35025 
35026 
35027 3 1 3 2 4 3 1 14
35028 1 1 1 2 1 22
35029 1 1 2 2 1 22
35030 1 1 3 2 1 22
35031 1 1 4 2 1 22
35032 1 1 5 2 1 22
35033 1 14 1 77
35034 1 1 2 2 1 3 1 19 1 35 1 94
35035 
35036 9 16
35037 6 16
35038 4 16
35039 2 16
35040 9 16
35041 
35042 
35043 1 1 1 30 1 77
35044 1 1 1 3 1 14 1 30 1 77
35045 
35046 
35047 
35048 2 2 1 14 1 37
35049 3 2 1 14 1 37
35054 2 23
35055 3 9 3 10 1 24 2 38 2 96
35056 2 3 2 14 2 42
35057 3 9 2 10 2 42 1 57
35058 
35059 
35060 
35061 
35062 1 1 7 2 2 3 2 4 1 8 1 14 1 19 1 41 1 70
35063 3 9 2 10 1 17 1 18 1 24
35064 2 9 1 10 1 11 2 57 1 94
35065 
35066 
35067 
35068 
35069 
35070 2 23
35071 2 1 2 2 1 14 1 34
35072 2 1 2 2 4 9 1 10 1 14 1 34 1 36 1 77
35073 1 38 1 77
35074 2 1 2 2 1 14 1 34 1 38 1 77
35075 3 2 3 22 3 35 2 42
35076 6 1 9 2 3 14 3 22 3 34 3 35 2 42
35077 4 1 5 2 1 3 3 4 1 8
35078 
35079 
35080 
35081 
35082 
35083 
35084 
35085 
35086 
35087 
35088 
35089 
35090 
35091 
35092 
35093 
35094 
35095 
35096 
35097 
35098 
35099 
35100 
35101 
35102 
35103 2 1 2 2 1 14 1 34
35104 
35105 
35106 
35107 
35108 
35109 4 16
35110 
35111 3 16
35112 
35113 4 16
35114 
35115 9 16
35116 
35117 6 16
35118 
35119 6 16
35120 
35121 6 16
35122 5 2 1 32 1 99
35123 5 2 1 32 1 99
35124 4 2 1 29
35125 4 2 1 29
35126 3 2 1 29
35127 1 1 1 2 1 117
35128 
35129 
35130 
35131 
35132 
35133 
35134 1 1 3 2 1 4 3 35
35135 1 1 3 2 1 4 3 35
35136 
35137 2 1 2 2 1 14 1 34
35138 
35140 3 1 20 2 1 32
35141 4 1 25 2 1 22 1 32
35142 4 1 21 2 1 22 1 32
35143 4 1 23 2 1 22 1 32
35144 3 1 14 2 1 32
35145 4 1 15 2 1 22 1 32
35146 4 1 17 2 1 22 1 32
35147 4 1 19 2 1 22 1 32
35150 
35151 
35152 
35153 
35154 2 2 1 3 2 14 1 85
35155 2 2 1 3 2 14 1 85
35156 
35157 1 2 4 3 5 14 1 26
35158 1 2 4 3 5 14 1 26
35159 3 1 7 2 1 34
35160 3 1 7 2 1 34
35161 3 1 6 2 1 34
35162 3 1 6 2 1 34
35163 3 1 5 2 1 34
35164 3 1 8 2 1 34
35165 3 1 8 2 1 34
35168 3 1 5 2 1 34
35169 
35170 1 63
35171 1 63
35172 1 63
35173 1 63
35174 1 63
35175 4 2 9 9 1 10 1 13 1 25 2 35 1 42 1 53
35176 1 2 4 9 1 10 1 17 1 77 1 85 1 110
35177 
35178 
35179 
35180 
35181 
35182 
35183 
35184 
35185 
35186 5 2 3 14 1 32
35187 5 2 3 14 1 32
35188 1 2 1 14 1 35
35189 3 2 2 14 1 29
35190 5 2 1 4 5 14 1 19 1 22 1 32 1 42
35191 1 2 1 14 1 35
35192 3 2 2 14 1 29
35193 3 2 2 14 1 29
35194 3 2 1 4 4 14 1 19 1 22 1 29 1 42
35195 1 2 1 4 3 14 1 19 1 22 1 35 1 42
35196 1 2 3 3 4 9 2 10 5 14 2 26
35197 
35198 
35199 
35200 2 1 5 2 1 38
35201 2 1 7 2 1 38
35202 2 1 9 2 1 38
35203 
35204 3 1 21 2 1 21 1 34
35205 1 21
35206 
35207 
35208 
35209 
35210 
35211 2 1 3 2 3 3 1 7 1 14
35212 3 1 2 2 3 3 1 19
35213 
35214 
35215 5 9 1 13 1 21 1 51
35216 
35217 2 2 1 3 1 4 4 9 1 10 1 11 1 32
35218 
35219 
35220 
35221 
35222 
35223 
35224 
35225 
35226 
35227 1 63
35228 
35229 
35230 
35231 
35232 
35233 
35234 
35235 
35236 
35237 
35238 1 1 2 2 1 3 1 79
35239 
35240 1 1 1 25 1 76
35241 
35242 4 9 1 10 1 65 1 71
35243 
35244 
35245 
35246 
35247 
35248 
35249 
35250 
35251 2 2 2 3 1 19
35252 
35253 
35254 
35255 
35257 
35258 
35259 
35260 
35261 
35262 
35263 1 65 1 110
35264 1 1 4 2 1 3 1 19
35265 
35266 
35267 
35269 
35270 2 1 4 2 1 3 1 14
35271 4 1 11 2 1 35
35273 1 63 1 65
35274 
35275 
35276 
35277 3 9 1 36 1 53 1 57
35278 1 3 3 74
35279 
35280 4 9 2 10 1 11 1 36 1 77
35281 
35282 10 9 1 10 1 12 1 14 1 35
35283 
35284 
35285 
35286 
35287 
35288 
35289 1 2 1 24 1 65
35290 1 1 1 2 1 3 2 27
35291 1 2 2 65
35292 1 2 1 63 1 78
35293 
35294 
35295 
35296 
35297 
35298 5 2 1 79
35299 1 109
35300 
35301 
35304 3 9 2 10 1 17 1 20 1 64
35305 2 1 1 5 5 9 1 13 1 34
35306 2 1 1 5 5 9 1 13 1 34
35307 3 1 1 34
35308 4 1 3 2 1 35
35309 4 1 11 2 1 35
35310 4 1 7 2 1 35
35311 
35312 
35314 
35315 
35316 
35317 
35318 
35319 
35320 2 1 3 2 1 3 1 14 1 22
35322 2 1 19 2 1 7 1 77
35323 2 1 2 2 1 24 1 74 1 84
35324 2 2 3 24 1 74 1 81
35325 1 5 3 25 3 74 1 81
35326 
35327 1 46 1 69 1 74 1 76
35328 
35329 1 49 1 51 1 76
35330 1 49 1 74 1 87
35331 1 49 1 74 1 76
35332 1 45 1 74 1 76
35333 
35334 
35335 
35336 
35337 1 1 1 28
35338 2 1 1 31
35339 3 1 1 34
35340 2 1 1 2 1 3 1 18 1 33 1 42
35341 
35342 3 16
35343 
35344 1 1 7 2 1 14 1 22
35345 
35346 
35347 
35348 24 16
35349 24 16
35350 
35351 
35352 
35353 
35354 
35355 
35356 
35357 
35358 
35359 
35360 
35361 
35362 1 1 1 2 1 6 1 42 1 77
35363 1 1 1 3 1 42 1 64
35364 1 1 1 25 1 44 1 45
35365 2 1 2 2 2 3 1 7 1 19
35366 3 1 3 2 2 3 2 4 1 24
35367 2 1 3 2 2 25
35368 2 1 4 2 2 3 1 4 1 25
35369 3 1 3 2 1 3 1 4 1 8 1 24
35370 1 5 3 9 2 10 1 12 2 24
35371 1 1 1 6 3 9 3 10 2 24
35372 2 1 4 9 2 10 2 25
35373 1 1 4 9 2 10 1 25 1 64
35374 3 1 3 9 2 10 1 13 1 24
35375 
35376 1 64
35377 
35378 1 64
35379 
35380 1 64
35381 
35382 1 64
35383 
35384 
35385 3 9 2 10 1 11 2 42
35386 
35387 
35388 
35389 
35390 
35391 
35392 
35393 
35394 
35395 
35396 
35397 3 16
35398 2 1 2 2 1 25 1 38
35399 2 1 2 2 1 25 1 38
35400 
35401 
35402 2 1 2 2 1 25 1 38
35403 2 1 2 2 1 25 1 38
35404 1 1 3 2 1 14 1 38
35405 1 1 3 2 1 14 1 38
35406 1 1 3 2 1 14 1 38
35407 1 1 3 2 1 14 1 38
35408 
35409 
35410 2 1 2 2 1 25 1 38
35411 2 1 2 2 1 25 1 38
35412 1 1 3 2 1 14 1 38
35413 1 1 3 2 1 14 1 38
35414 
35415 
35416 
35417 
35418 
35419 
35420 
35421 
35422 4 16
35423 2 16
35426 
35427 
35428 
35429 
35430 
35431 
35432 
35433 1 2 4 9 2 10 1 14 1 24 1 101
35434 
35435 
35436 
35437 
35438 
35439 
35440 
35441 
35442 
35443 
35444 
35445 
35446 
35447 
35448 3 1 5 2 1 3 1 7 2 8
35449 3 1 3 2 2 3 1 4 3 7
35450 
35451 
35452 
35453 
35454 10 2 2 22
35455 6 1 1 3 2 4 2 9 4 10 1 18
35456 12 2 1 22 1 27
35458 5 1 1 2 2 4 1 9 3 10 2 57
35459 6 1 1 4 4 10 2 57
35460 1 5 2 9 4 10 1 25 3 64
35461 6 2 6 3 6 64
35462 4 2 4 3 8 46 2 49
35463 4 2 4 3 8 46 2 49
35464 
35465 
35466 
35467 5 9 2 10 5 53
35468 4 9 2 10 6 53
35469 3 9 2 10 7 53
35470 3 9 2 10 7 53
35471 
35472 3 1 3 2 2 3 1 4 4 9 1 10 1 17 1 77
35473 4 2 4 3 4 64
35474 
35475 6 1 3 3 1 4 2 9 4 10 1 18
35476 9 9 4 10 1 53
35477 
35478 2 1 1 3 1 14 1 32
35479 1 1 2 77
35480 4 1 8 2 2 3 1 77 1 99
35481 4 1 8 2 2 3 1 77 1 99
35482 4 1 8 2 2 3 1 77 1 99
35483 2 1 12 2 1 22 1 25 1 99
35484 2 1 12 2 1 22 1 25 1 99
35485 
35486 
35487 3 1 20 2 1 32
35488 1 21
35489 
35490 
35491 
35492 6 2 1 3 1 37
35493 6 2 1 3 1 37
35494 4 2 5 9 1 12 1 34
35495 4 2 5 9 1 12 1 34
35496 5 2 1 27 1 34 1 41
35497 5 2 1 27 1 34 1 41
35498 6 2 1 14 1 27 1 34
35499 2 2 1 37 1 41
35500 
35501 
35502 
35503 3 1 2 2 1 3 2 4 2 42
35504 7 2 3 3 1 4 1 14
35505 
35506 
35507 
35508 
35509 
35510 5 1 1 4 1 9 3 10 2 57
35511 
35512 
35513 
35514 
35515 
35516 
35517 
35518 
35519 
35520 
35521 
35522 
35523 
35524 
35525 
35526 
35527 
35528 
35529 
35530 1 1 7 2 3 9 2 10 1 17 1 24 1 96
35531 
35532 
35533 
35534 1 1 10 2 3 6 1 42
35535 14 2 2 4 10 9 2 10
35536 
35537 
35538 2 1 1 3 1 25
35539 8 1 4 3 4 25
35540 8 1 4 2 4 26
35541 2 1 1 4 1 25 1 76
35542 3 1 2 2 2 8 1 20
35543 
35544 3 1 2 2 2 8 1 20
35545 3 1 2 2 2 8 1 20
35546 2 23
35547 2 23
35548 2 23
35549 2 23
35550 2 23
35551 2 16
35552 1 16
35553 1 1 4 2 1 14 1 22
35554 3 3 1 6 1 26 1 114
35555 1 29 1 77
35556 1 29 1 77
35557 
35558 
35559 
35560 
35561 4 9 2 10 2 29
35562 3 1 15 2 1 35 1 96
35564 
35565 
35566 
35567 
35568 1 5 1 77
35569 
35570 
35571 
35572 
35573 
35574 
35575 
35576 
35577 
35578 
35579 
35580 
35581 
35582 
35583 
35584 
35585 
35586 
35587 
35588 
35589 
35590 
35591 
35592 
35593 
35594 
35595 
35596 
35597 
35598 
35599 1 6 5 9 1 10 1 77
35600 5 9 1 10 1 22
35601 1 2 1 21 1 85 1 110
35602 
35603 5 2 3 14 1 32
35604 
35605 5 2 3 14 1 32
35606 5 2 3 14 1 32
35607 5 2 3 14 1 32
35608 5 2 3 14 1 32
35609 5 2 3 14 1 32
35610 5 2 3 14 1 32
35611 1 1 8 2 2 3 3 14 1 18 1 25 2 26 1 33
35612 1 1 7 2 2 3 3 14 1 18 1 25 2 26 1 33
35613 1 1 10 2 2 3 3 14 1 18 1 25 2 26 1 33
35614 1 1 9 2 2 3 3 14 1 18 1 25 2 26 1 33
35615 3 2 2 14 1 29 1 74 1 77
35616 3 1 15 2 1 34
35617 3 1 20 2 4 9 1 10 1 17 1 32 1 77
35618 3 9 1 10 2 11 1 77
35619 3 1 20 2 3 9 1 10 2 11 1 32 1 77
35620 5 2 2 22
35621 6 1 45 2 2 22 2 32
35622 
35623 
35624 
35625 
35626 2 1 2 2 2 9 2 10 1 16 1 24 1 35 1 36 1 53 1 96
35627 1 1 7 2 4 9 1 39
35628 1 1 8 2 1 27 1 34
35629 
35630 
35631 
35632 
35633 
35634 
35635 
35636 
35637 
35638 
35639 
35640 5 9 3 10 1 34 1 42
35641 1 1 1 4 2 35
35642 
35643 1 1 1 4 2 35
35644 
35645 5 2 2 9 6 10 1 35 1 74 1 77
35646 
35647 
35648 
35649 
35650 
35651 
35652 3 1 11 2 1 34
35653 3 1 13 2 1 34
35654 
35655 
35656 
35657 
35658 3 1 11 2 2 3 1 42 3 77
35659 4 1 11 2 2 3 5 9 1 10 1 30 1 42 3 77
35660 1 1 2 2 1 14 1 31
35661 
35662 
35663 
35664 
35665 
35666 
35667 
35668 
35669 
35670 
35671 4 9 1 10 1 53 1 94
35672 4 9 1 10 1 53 1 94
35673 4 9 1 10 1 53 1 94
35674 1 29 1 38
35675 4 1 7 2 1 4 1 22 1 35 1 38
35676 6 1 2 4 2 22 1 35 1 38
35677 2 1 14 2 1 35 1 38
35678 
35679 
35680 
35681 
35682 
35683 4 1 23 2 1 35
35684 4 1 23 2 1 35
35685 
35686 
35687 4 1 11 2 1 14 1 35
35688 
35689 3 1 2 2 1 32
35690 3 1 2 2 1 32
35691 3 1 2 2 1 32
35692 3 1 2 2 1 32
35693 3 1 2 2 1 32
35694 
35695 4 1 3 2 4 3 1 22 1 34 1 38
35696 4 1 3 2 4 3 1 22 1 34 1 38
35697 4 1 3 2 4 3 1 22 1 34 1 38
35698 4 1 3 2 4 3 1 22 1 34 1 38
35699 1 1 1 2 1 37
35700 1 1 10 2 4 25 1 100
35701 
35702 
35703 
35704 4 2 2 14 1 18 1 27 1 35
35705 1 1 3 2 1 14 1 18 1 27 1 35
35706 4 1 3 2 1 22 1 32
35707 4 1 2 2 1 22 1 32
35708 1 22 1 24
35709 2 2 1 14 1 105
35710 2 2 1 14 1 22 1 24 1 105
35711 1 1 1 2 1 105
35712 1 1 1 2 1 22 1 24 1 105
35713 2 1 2 2 1 22 1 105
35714 2 1 1 2 1 22 1 105
35715 3 1 2 2 1 22 1 24 1 32
35716 
35717 
35718 
35719 
35720 2 64
35721 2 64
35722 2 64
35723 2 64
35724 2 64
35725 
35726 
35727 2 1 1 2 4 9 1 17 2 35 1 71
35728 2 1 1 2 3 9 1 17 2 35 2 71
35729 2 1 1 2 4 9 1 17 2 35 1 71
35730 2 1 1 2 4 9 1 17 2 35 1 71
35731 
35734 
35736 
35738 
35740 2 1 5 2 1 3 2 35
35741 4 1 10 2 2 3 4 35
35742 4 1 10 2 2 3 4 35
35743 4 1 10 2 2 3 4 35
35744 4 1 10 2 2 3 4 35 2 74 2 77
35745 1 1 11 2 2 35
35746 2 1 22 2 4 35
35747 2 1 22 2 4 35
35748 2 1 22 2 4 35
35749 2 1 22 2 4 35 2 74 2 77
35750 1 1 5 2 2 35
35751 2 1 10 2 4 35
35752 2 1 10 2 4 35
35753 2 1 10 2 4 35
35754 2 1 10 2 4 35 2 74 2 77
35755 1 1 7 2 2 35
35756 2 1 14 2 4 35
35757 2 1 14 2 4 35
35758 2 1 14 2 4 35
35759 2 1 14 2 4 35 2 74 2 77
35760 4 1 3 2 4 3 1 22 1 34 1 38
35761 4 1 3 2 4 3 1 22 1 34 1 38
35762 4 1 3 2 4 3 1 22 1 34 1 38
35763 2 1 18 2 2 22 2 35
35764 
35765 4 9 1 12 1 42 1 57
35766 2 1 2 2 2 3 2 14 2 77
35767 4 1 11 2 5 9 1 12 1 30 1 35 1 77
35768 4 1 12 2 1 14 1 30 1 35 1 77
35769 4 1 13 2 1 30 1 35 1 42 1 77
35770 3 2 1 29 1 30 1 77
35771 1 1 7 2 4 3 2 4 1 7 1 8 1 14 1 19 1 65
35772 1 1 7 2 1 103
35773 1 1 8 2 1 103
35774 1 1 9 2 1 103
35775 1 1 10 2 1 103
35776 1 1 11 2 1 103
35777 1 1 12 2 1 103
35778 1 1 7 2 1 103
35779 1 1 8 2 1 103
35780 1 1 9 2 1 103
35781 1 1 10 2 1 103
35782 1 1 11 2 1 103
35783 1 1 12 2 1 103
35784 
35785 
35786 
35787 
35788 3 1 1 3 1 34 1 41
35789 6 1 9 2 2 3 2 34
35790 6 1 9 2 2 3 2 34
35791 3 1 1 3 1 34 1 41
35792 
35793 2 64
35794 4 1 7 2 1 35
35795 4 1 7 2 1 21 1 35
35796 4 1 15 2 1 21 1 35
35797 2 1 3 2 1 14 1 32
35798 9 2 2 14 1 19
35799 13 2 2 14 1 19
35800 3 2 2 14 3 19
35801 1 14 2 19 1 42
35802 2 14 3 19
35803 1 1 2 2 1 14 1 22 1 31 1 42
35804 1 1 4 2 1 14 1 22 1 31 1 42
35805 1 1 2 2 1 3 2 14 1 22 1 31 1 42
35806 
35807 
35808 
35809 
35810 
35811 
35812 
35813 
35814 
35815 
35816 
35817 
35818 
35819 
35820 
35821 
35822 1 1 3 2 1 37
35823 1 1 3 2 1 37
35824 
35825 
35826 2 2 1 34 2 41
35827 2 1 6 2 1 35 1 41
35829 
35830 1 4 5 9 1 12 2 35
35831 
35832 1 1 2 2 8 9 3 10 1 13 1 14 1 33 1 77
35833 
35834 
35835 
35836 4 1 5 2 1 22 1 35 1 42
35837 
35838 
35839 
35840 
35841 
35842 
35843 
35844 
35845 
35846 
35847 
35848 
35849 
35850 
35851 
35852 
35853 
35854 
35855 
35856 3 1 11 2 1 22 1 34
35857 3 1 15 2 1 22 1 34
35858 3 1 13 2 1 22 1 34
35859 3 1 21 2 1 22 1 34
35860 3 1 5 2 1 22 1 34
35861 3 1 11 2 1 22 1 34
35862 3 1 13 2 1 22 1 34
35863 3 1 5 2 1 22 1 34
35864 3 1 15 2 1 22 1 34
35865 3 1 11 2 1 22 1 34
35866 3 1 13 2 1 22 1 34
35867 3 1 15 2 1 22 1 34
35868 3 1 11 2 1 22 1 34
35869 3 1 13 2 1 22 1 34
35870 3 1 15 2 1 22 1 34
35871 3 1 21 2 1 22 1 34
35872 3 1 5 2 1 22 1 34
35873 3 1 5 2 1 22 1 34
35874 3 1 11 2 1 22 1 34
35875 3 1 13 2 1 22 1 34
35876 3 1 15 2 1 22 1 34
35877 3 1 21 2 1 22 1 34
35878 4 1 11 2 1 3 1 14 1 22 1 34 1 77
35879 4 1 13 2 1 3 1 14 1 22 1 34 1 77
35880 4 1 15 2 1 3 1 14 1 22 1 34 1 77
35881 2 1 2 2 1 14 1 34
35882 
35883 
35884 
35885 
35886 
35887 
35888 
35889 3 9 2 10 1 36 2 42
35890 10 9 4 10 1 17 1 33 1 57 1 94
35891 11 9 4 10 1 17 1 18 1 33
35892 10 9 4 10 1 17 1 18 1 33 1 57
35893 10 9 4 10 1 17 1 18 1 33 1 57
35894 10 9 4 10 1 11 1 17 1 18 1 33
35895 10 9 4 10 1 17 1 18 1 33 1 53
35896 
35897 2 1 2 2 1 5 1 14 1 35
35898 
35899 
35900 2 1 1 2 1 5 1 35 1 44
35901 2 1 1 2 1 5 1 35 1 44
35902 2 1 2 2 1 5 1 14 1 35
35903 
35904 
35905 
35906 
35907 1 29 1 77
35908 1 1 1 30 1 77
35909 3 2 1 33 1 77
35910 1 2 1 14 1 30 1 77
35911 
35912 
35913 
35914 1 2 4 3 5 14 1 77
35915 1 2 4 3 5 14 1 77
35916 6 2 3 14 1 34 1 64
35917 1 2 4 3 5 14 1 77
35918 1 2 4 3 5 14 1 77
35919 1 2 4 3 5 14 1 77
35920 1 2 4 3 5 14 1 77
35921 1 2 4 3 5 14 1 77
35922 1 1 18 2 1 27 1 34
35923 1 1 16 2 1 27 1 34
35924 1 1 14 2 1 27 1 34
35925 1 1 14 2 1 27 1 34 1 64
35926 1 1 16 2 1 27 1 34 1 64
35927 1 1 18 2 1 27 1 34 1 64
35928 1 1 5 2 2 35 1 42 1 74
35929 2 1 5 2 1 3 2 35
35930 2 1 5 2 1 3 2 35 1 42 1 74
35931 1 1 5 2 2 35
35932 1 1 7 2 2 35 1 42 1 74
35933 1 1 7 2 2 35
35934 5 9 1 12 1 30 1 77
35935 5 9 1 12 1 30 1 77
35936 1 1 1 30 1 77
35937 7 9 2 10 1 12 1 30 1 77
35938 2 1 2 2 7 9 2 10 1 12 1 14 1 30 1 34 1 77
35939 7 9 2 10 1 12 1 30 1 77
35940 2 1 12 2 5 9 1 12 1 34
35941 5 1 12 2 1 3 9 9 2 12 1 13 1 34 1 77
35942 2 1 12 2 5 9 1 12 1 34
35943 
35944 4 1 7 2 1 14 1 35
35945 1 1 9 2 1 35 1 41
35946 1 1 9 2 1 35 1 41 1 64
35947 1 1 9 2 1 35 1 41
35948 1 1 9 2 1 35 1 41
35949 1 1 9 2 1 35 1 41
35950 1 1 9 2 1 35 1 41 1 74 1 77
35951 1 1 9 2 1 35 1 41
35952 
35954 1 63
35955 
35956 1 74 1 77
35957 
35958 
35959 
35960 4 2 3 3 5 9 1 12 1 14 1 34
35961 4 2 3 3 5 9 1 12 1 14 1 34
35962 5 2 3 3 4 9 2 10 1 14 1 24 1 34
35963 5 2 3 3 4 9 2 10 1 14 1 24 1 34
35964 4 2 3 3 4 9 1 12 1 14 1 34 1 57
35965 4 2 3 3 4 9 1 12 1 14 1 34 1 57
35966 1 42 1 77
35967 2 1 1 2 1 29
35968 3 1 2 2 1 32
35969 
35970 
35971 1 1 7 2 1 25 1 34
35972 1 1 3 2 1 25 1 37
35973 
35974 3 2 1 24 1 37
35975 
35976 7 2 1 24 1 34
35977 
35978 1 1 2 2 1 25 1 37
35979 1 1 1 2 1 25 1 37
35980 1 1 5 2 1 25 1 34
35981 1 1 1 25 1 37
35982 
35983 
35984 
35985 1 1 7 2 1 25 1 34
35986 1 1 1 25 1 37
35987 1 1 1 2 1 25 1 37
35988 1 1 5 2 1 25 1 34
35989 3 2 1 24 1 37
35990 7 2 1 24 1 34
35991 1 1 3 2 1 25 1 37
35992 1 1 2 2 1 25 1 37
35993 1 14 1 18 1 21
35994 2 1 7 2 1 22 1 42
35995 4 1 10 2 1 14 1 22 1 32 1 42
35996 2 1 1 14 1 19 1 22
35997 4 1 3 2 2 14 1 19 1 22 1 32
35998 2 1 3 2 2 14 1 18 1 21 1 32
35999 3 1 4 2 1 14 1 22 1 32
36000 3 1 5 2 1 14 1 22 1 32
36001 4 1 3 2 1 3 1 14 1 30 1 34 1 77
36002 1 16 1 22 1 77
36003 2 1 2 2 1 21 1 31
36004 2 1 2 2 1 31
36005 2 1 2 2 1 31 1 74 1 77
36009 4 1 11 2 1 35 4 103
36010 4 1 15 2 1 35 4 103
36011 8 1 11 2 1 35 4 104
36012 
36013 
36014 
36015 
36016 
36017 
36018 
36019 
36020 
36021 
36022 
36023 
36024 
36025 1 64
36026 1 64
36027 1 64
36028 1 64
36029 4 1 11 2 1 35 1 64 4 103
36030 1 64
36031 1 64
36032 1 64
36033 1 64
36034 8 1 11 2 1 35 1 64 4 104
36035 1 64
36036 1 64
36037 1 64
36038 4 1 15 2 1 35 1 64 4 103
36039 1 64
36040 1 64
36041 
36042 
36043 
36044 
36045 
36046 2 1 2 2 4 9 4 10 2 17 2 77
36047 
36048 
36049 
36050 
36051 
36052 
36053 
36054 
36055 
36056 
36057 
36058 
36059 
36060 
36061 
36062 
36063 
36064 
36065 
36068 
36069 
36070 
36071 
36072 
36073 
36074 
36075 
36076 
36077 6 9 2 10 2 25 4 57
36078 3 64
36079 
36080 
36081 
36082 
36083 
36084 1 16
36085 1 1 1 38 1 42
36086 1 1 1 16 1 38 1 42
36087 1 1 1 38 1 42
36088 1 1 1 14 1 38 1 42
36089 
36090 
36091 
36092 
36093 
36094 
36095 
36096 
36097 
36098 
36099 
36100 
36101 
36102 
36103 
36104 
36105 
36106 
36107 
36108 
36109 
36110 
36111 
36112 
36113 
36114 
36115 
36116 
36117 
36118 
36119 
36120 
36121 1 1 1 3 1 14 1 77
36122 4 1 16 2 4 3 2 77
36123 
36124 4 16
36125 
36126 
36127 
36128 
36129 
36130 
36131 
36132 
36133 
36134 
36135 
36136 
36137 
36138 
36139 1 1 8 2 1 34
36140 1 1 7 2 1 34
36141 
36142 1 1 3 2 1 37
36143 
36144 3 1 9 2 1 34
36145 3 1 2 2 1 34
36146 
36147 
36148 
36149 
36150 
36151 
36152 
36153 
36154 
36155 
36156 
36157 
36158 
36159 
36160 
36161 
36162 
36163 
36164 
36165 
36166 
36167 
36168 
36169 
36170 
36171 5 1 10 2 3 3 1 8 1 14
36172 
36173 5 1 10 2 3 3 1 8 1 14
36174 11 2 6 3 2 14 2 34
36175 17 2 6 3 2 14 2 33 2 34 2 77
36176 12 2 6 3 2 14 2 34
36177 18 2 6 3 2 14 2 33 2 34 2 77
36178 14 2 6 3 2 14 2 34
36179 20 2 6 3 2 14 2 33 2 34 2 77
36180 13 2 6 3 2 14 2 34
36181 19 2 6 3 2 14 2 33 2 34 2 77
36182 4 1 6 9 2 10 2 13
36183 
36184 
36185 
36186 
36187 
36188 
36189 4 2 2 32
36190 4 2 2 32
36191 
36192 
36193 
36194 
36195 3 1 2 2 1 4 1 6 7 9 3 10 1 34 1 66
36196 3 1 2 2 1 4 1 6 7 9 3 10 1 31 1 66
36197 3 1 2 2 1 4 1 6 7 9 3 10 1 31 1 66
36198 
36199 
36200 
36201 
36202 
36203 
36204 2 1 2 2 1 14 1 34
36205 2 1 2 2 1 14 1 34
36206 2 1 2 2 1 14 1 34 1 38 1 77
36207 
36208 
36209 
36210 
36211 
36212 
36213 
36214 
36215 
36217 
36218 
36219 
36220 
36221 
36224 
36225 
36226 1 64
36227 
36228 1 64
36229 1 64
36230 1 64
36231 1 64
36235 7 9 3 10 1 77
36236 2 1 12 2 1 3 1 77
36237 5 1 32 2 1 3 1 32 1 77
36238 3 1 20 2 7 9 3 10 1 32 1 77
36239 3 1 21 2 5 9 1 12 1 22 1 32
36240 6 1 20 2 1 4 4 9 2 10 1 32 1 77
36241 
36242 
36243 
36244 
36245 
36246 
36247 
36248 
36249 
36250 
36251 
36252 
36253 
36254 
36255 
36256 
36257 
36258 1 1 1 105
36259 2 1 8 2 1 22 1 105
36260 1 1 1 2 1 23 1 105
36261 2 1 4 2 1 22 1 105
36262 1 1 1 21 1 105
36263 2 1 7 2 1 22 1 105
36264 1 1 1 23 1 105
36265 2 1 3 2 1 22 1 105
36266 2 1 1 22 1 105
36267 2 2 2 25 2 35
36268 2 2 2 25 2 35
36269 1 1 2 2 1 7 4 9 2 10 1 42 2 77
36270 1 1 2 2 1 7 4 9 2 10 3 77
36271 1 1 12 2 1 3 1 7 4 9 2 10 1 30 3 77
36272 4 1 16 2 1 7 4 9 2 10 1 32 3 77
36273 4 1 22 2 1 7 4 9 2 10 1 32 3 77
36274 
36276 
36277 
36278 
36279 
36280 
36281 
36282 
36283 
36284 2 2 5 9 1 14 1 36
36285 1 1 3 2 5 9 1 14 1 22 1 36
36286 1 1 5 2 5 9 1 14 1 22 1 36
36287 1 1 4 2 5 9 1 14 1 22 1 36
36288 1 1 2 2 5 9 1 14 1 22 1 36
36289 
36290 1 18 1 77
36291 
36292 
36293 5 2 4 14 1 19 1 22 1 32
36294 5 2 3 14 1 32 1 42 1 77
36295 10 2 6 14 2 22 2 32
36296 
36297 
36298 
36299 
36300 
36301 
36302 
36303 2 35
36304 2 35
36305 2 35
36306 2 35
36307 
36308 
36309 
36310 
36311 
36312 
36313 
36314 
36315 
36317 
36318 6 1 15 9 3 12 3 34
36319 12 1 9 2 3 35
36320 9 1 3 34
36321 
36322 
36323 
36324 
36325 
36326 
36327 
36328 1 64
36329 
36330 
36331 1 64
36332 
36333 1 64
36334 
36335 1 64
36336 
36337 1 64
36338 
36339 1 64
36340 
36341 1 64
36342 
36343 1 64
36344 
36345 
36346 
36347 
36348 
36349 
36350 
36351 
36352 
36353 1 21
36354 
36355 
36356 
36357 
36358 
36359 
36360 
36361 
36362 
36363 
36364 1 1 6 2 4 3 2 4 1 6 1 8 1 14 1 19 1 65
36365 3 1 2 2 1 4 1 32 2 34
36366 2 16
36367 
36368 
36369 
36370 
36371 
36372 
36373 2 64
36374 2 64
36375 2 64
36376 1 6 2 9 3 10 1 17 2 24 1 42
36377 
36383 4 1 11 2 1 22 1 35
36384 4 1 12 2 1 22 1 35
36385 4 1 13 2 1 22 1 35
36386 4 1 14 2 1 22 1 35
36387 4 1 15 2 1 22 1 35
36388 4 1 11 2 1 22 1 35
36389 4 1 14 2 1 22 1 35
36390 4 1 13 2 1 22 1 35
36391 4 1 15 2 1 22 1 35
36392 4 1 12 2 1 22 1 35
36393 
36394 
36395 
36396 
36397 
36398 
36399 5 9 1 12 1 37
36400 
36401 9 2 1 35
36402 
36403 3 1 9 2 1 34
36404 1 1 8 2 1 27 1 34 1 64
36405 
36406 4 1 11 2 1 35
36407 4 2 2 3 1 19
36408 4 1 7 2 3 25 2 103
36409 4 1 6 2 2 25 2 103
36410 4 1 8 2 4 25 2 103
36411 4 1 5 2 1 25 2 103
36412 12 2 2 25 2 34
36413 11 2 1 25 2 34
36414 
36415 13 2 3 25 2 34
36416 
36417 
36418 14 2 4 25 2 34
36419 4 1 7 2 3 25 2 103
36420 4 1 7 2 3 25 2 103
36421 4 1 6 2 2 25 2 103
36422 4 1 6 2 2 25 2 103
36423 4 1 8 2 4 25 2 103
36424 4 1 8 2 4 25 2 103
36425 4 1 5 2 1 25 2 103
36426 4 1 5 2 1 25 2 103
36427 13 2 3 25 2 34
36428 13 2 3 25 2 34
36429 12 2 2 25 2 34
36430 12 2 2 25 2 34
36431 14 2 4 25 2 34
36432 14 2 4 25 2 34
36433 11 2 1 25 2 34
36434 11 2 1 25 2 34
36435 
36436 
36437 
36438 
36439 
36440 
36441 
36442 
36443 
36444 
36445 
36446 
36447 
36448 
36449 
36450 
36451 
36452 
36453 1 47
36454 1 47
36455 1 15
36456 1 22 1 31
36457 
36458 
36459 1 21
36460 3 1 1 3 4 9 1 12 1 13 1 77
36461 3 1 1 3 4 9 1 12 1 13 1 77
36462 1 1 3 2 1 37 1 74 1 77
36463 1 1 5 2 1 37 1 74 1 77
36464 1 1 4 2 1 37 1 74 1 77
36465 1 1 2 2 1 37 1 74 1 77
36466 
36467 
36468 
36469 
36470 
36471 
36472 
36473 
36474 
36475 
36476 
36477 
36478 
36479 
36480 1 2 6 3 8 14 2 26 1 101
36481 
36482 3 1 1 3 2 14 1 19 1 35
36483 3 1 1 3 2 14 1 19 1 35
36484 3 1 2 2 5 9 1 10 1 35
36485 3 1 2 2 5 9 1 10 1 35
36486 
36487 
36488 
36489 
36490 
36491 
36492 
36493 
36494 
36495 
36496 
36497 
36498 
36499 
36500 
36501 
36502 
36503 
36504 
36505 
36506 
36507 
36508 
36509 1 1 2 2 1 14 1 31
36510 2 1 5 2 1 14 1 34
36511 2 1 3 2 1 14 1 34
36512 2 1 6 2 1 14 1 34
36513 2 1 4 2 1 14 1 34
36514 3 1 2 2 1 4 1 32 2 34
36515 3 1 1 4 1 32 2 34
36516 3 1 1 2 1 4 1 32 2 34
36517 3 1 1 2 1 4 1 32 2 34
36518 1 23
36519 1 1 7 2 1 23 1 34
36520 1 23
36521 1 23
36522 1 1 4 2 1 35
36523 1 1 4 2 1 35 1 74 1 77
36524 1 1 5 2 2 29
36525 1 1 5 2 2 29
36526 1 6 3 9 2 10 1 17 1 24 1 77
36527 1 1 3 2 1 14 1 31
36528 2 2 1 6 3 9 2 10 1 14 1 17 1 24 1 28 1 77
36529 1 1 3 2 1 6 3 9 2 10 1 14 1 17 1 24 1 31 1 77
36530 1 1 4 2 1 6 3 9 2 10 1 14 1 17 1 24 1 29 1 77
36531 2 1 4 2 1 14 1 32
36532 2 1 4 2 1 6 3 9 2 10 1 14 1 17 1 24 1 32 1 77
36533 1 1 3 2 1 14 1 29
36534 1 1 3 2 1 6 3 9 2 10 1 14 1 17 1 24 1 29 1 77
36535 3 1 5 2 1 3 2 14 1 30 1 34 1 77
36536 3 1 7 2 1 3 2 14 1 30 1 34 1 77
36537 2 1 6 2 1 14 1 34
36538 2 1 6 2 1 14 1 22 1 29 1 34
36539 3 1 6 2 1 3 2 14 1 30 1 34 1 77
36540 
36541 
36542 
36543 
36544 
36545 
36546 
36547 
36548 
36549 
36550 
36551 
36552 
36553 
36554 
36555 
36556 
36557 
36558 
36559 
36560 
36561 
36562 
36563 
36564 
36565 
36566 
36567 
36568 
36569 
36570 
36571 
36572 
36573 
36574 
36575 
36576 
36577 
36578 
36579 
36580 
36581 2 29 2 42
36582 1 2 1 14 1 16 1 30 1 42
36583 
36584 3 9 1 10 1 36 1 42 1 53
36585 
36593 
36594 
36595 5 63
36596 4 2 2 60
36597 9 63
36598 5 63
36599 9 63
36600 7 63
36601 7 63
36602 7 63
36603 
36604 2 16
36605 1 16
36606 2 16
36607 1 16
36608 1 6 3 9 2 10 1 17 1 24 1 42
36609 1 6 4 9 1 10 1 17 1 42
36610 1 6 2 9 3 10 1 17 2 24 1 42
36611 
36612 
36613 1 6 4 9 1 10 1 17 1 77
36614 1 1 2 2 1 6 5 9 1 10 1 35 1 77
36615 1 6 2 9 3 10 1 17 2 24 1 77
36616 1 6 3 9 2 10 1 17 1 24 1 77
36617 1 1 2 2 1 6 4 9 1 10 1 17 1 35 1 77
36618 1 1 2 2 1 6 2 9 3 10 1 17 2 24 1 35 1 77
36619 1 1 2 2 1 6 3 9 2 10 1 17 1 24 1 35 1 77
36620 
36621 
36622 
36623 
36624 
36625 4 1 4 2 2 14 2 34
36626 
36627 
36628 
36629 1 1 4 2 1 30 1 77
36630 1 1 4 2 1 30 1 77
36631 
36632 6 1 2 34
36633 3 1 3 2 1 4 3 34
36634 4 1 3 2 1 4 2 34 1 35
36635 2 1 4 2 1 4 2 34 1 35
36636 2 1 5 2 1 4 2 34 1 35
36637 6 2 1 4 2 34 1 35
36638 7 2 1 4 2 34 1 35
36639 4 1 3 2 1 4 2 34 1 35
36640 3 1 3 2 1 4 3 34
36641 2 1 4 2 1 4 2 34 1 35
36642 6 2 1 4 2 34 1 35
36643 7 2 1 4 2 34 1 35
36644 2 1 5 2 1 4 2 34 1 35
36645 1 1 3 9 1 10 1 26 2 53 1 77
36646 1 1 20 2 1 34
36647 1 1 11 2 1 34
36648 1 1 18 2 1 34
36649 1 1 22 2 1 34
36650 1 1 14 2 1 34
36651 1 1 15 2 1 34
36652 1 1 13 2 1 34
36653 2 1 8 2 3 9 1 10 1 26 1 34 2 53 1 77
36654 2 1 14 2 3 9 1 10 1 26 1 34 2 53 1 77
36655 2 1 16 2 3 9 1 10 1 26 1 34 2 53 1 77
36656 2 1 6 2 3 9 1 10 1 26 1 34 2 53 1 77
36657 2 1 11 2 3 9 1 10 1 26 1 34 2 53 1 77
36658 2 1 20 2 3 9 1 10 1 26 1 34 2 53 1 77
36659 2 1 10 2 3 9 1 10 1 26 1 34 2 53 1 77
36660 2 1 13 2 3 9 1 10 1 26 1 34 2 53 1 77
36661 2 1 22 2 3 9 1 10 1 26 1 34 2 53 1 77
36662 2 1 9 2 3 9 1 10 1 26 1 34 2 53 1 77
36663 2 1 7 2 3 9 1 10 1 26 1 34 2 53 1 77
36664 2 1 18 2 3 9 1 10 1 26 1 34 2 53 1 77
36665 2 1 15 2 3 9 1 10 1 26 1 34 2 53 1 77
36666 2 1 12 2 3 9 1 10 1 26 1 34 2 53 1 77
36667 6 2 1 34 1 41
36668 3 1 1 5 4 9 2 10 1 35
36669 3 1 1 5 4 9 2 10 1 29 1 35 1 77
36670 4 1 1 5 4 9 2 10 1 30 1 35 1 77
36671 3 1 1 5 4 9 2 10 1 35
36672 3 1 1 5 4 9 2 10 1 35
36673 3 1 3 2 1 5 4 9 2 10 1 29 1 30 1 35 1 77
36674 3 1 3 2 1 5 4 9 2 10 1 33 1 35 1 77
36675 3 1 1 2 1 5 4 9 2 10 1 14 1 30 1 35 1 77
36676 3 1 1 5 4 9 2 10 1 35
36677 4 9 1 10 1 17 1 77
36678 1 29 1 77
36679 1 1 1 30 1 77
36680 2 1 1 3 1 30 1 77
36681 
36682 
36683 
36684 
36685 
36686 
36687 
36688 
36689 
36690 
36691 
36692 
36693 
36694 
36695 
36696 
36697 
36698 
36699 
36700 
36701 
36702 
36703 
36704 
36705 4 9 1 10 1 17 1 77
36706 4 9 1 10 1 17 1 77
36707 3 9 1 10 2 17 1 77
36708 3 9 2 10 1 17 1 24 1 77
36709 4 9 1 10 1 17 1 77
36710 3 9 1 10 2 17 1 77
36711 3 9 2 10 1 17 1 24 1 77
36712 2 9 3 10 1 17 2 24 1 77
36713 2 9 3 10 1 17 2 24 1 77
36714 4 9 1 10 1 17 1 77
36715 4 2 1 31
36716 4 2 1 21 1 31
36717 
36718 
36719 
36720 
36721 
36722 
36723 1 1 5 2 4 3 4 14 1 26 1 103
36724 1 1 6 2 4 3 4 14 1 26 1 103
36725 3 16
36726 3 1 4 2 4 3 1 22 1 35
36727 3 1 4 2 4 3 1 22 1 35
36728 
36729 1 1 1 2 5 9 1 12 1 22
36730 1 6 4 9 2 10 1 24 1 42
36731 1 6 4 9 2 10 1 24 1 42
36732 
36733 
36734 3 1 1 3 4 9 1 12 1 13 1 42
36735 
36736 
36737 
36738 
36739 
36740 
36741 
36742 
36743 
36744 
36745 
36746 
36747 6 1 4 2 2 4 9 9 3 10 2 25 1 34
36748 6 1 4 2 2 4 9 9 3 10 2 25 1 34
36749 6 1 7 2 2 4 9 9 3 10 2 25 1 33 1 34 1 77
36750 
36751 1 2 3 3 1 6 6 9 6 10 7 14 2 26
36752 1 1 4 2 1 21 1 27 1 34
36753 2 1 4 2 1 22 1 27 1 34
36756 
36757 2 16
36758 
36759 
36760 
36761 
36762 
36763 
36764 1 1 1 2 1 22
36765 1 23
36766 1 1 3 2 1 22
36767 1 1 1 22
36768 3 1 1 2 1 4 1 26 1 27 1 32 1 38
36769 4 1 1 2 1 4 1 26 1 27 1 35 1 38
36770 4 1 1 2 1 4 1 26 1 27 1 35 1 38
36771 3 1 1 2 1 4 1 26 1 27 1 32 1 38
36772 3 1 2 2 1 23 1 32
36773 3 1 2 2 1 14 1 22 1 32
36774 3 1 2 2 1 18 1 32 1 77
36775 
36776 
36777 4 1 1 66 1 81
36778 
36779 1 1 3 2 1 33 1 38
36780 
36781 
36782 1 1 3 2 1 33 1 38
36783 
36784 
36785 
36786 
36787 
36788 
36789 
36790 
36791 
36792 
36793 
36794 
36795 
36796 
36797 
36798 
36799 
36800 
36801 
36802 
36803 1 64
36804 1 1 1 2 5 9 1 10 1 25 1 38
36805 1 1 1 2 5 9 1 10 1 25 1 38 1 64
36806 
36807 1 64
36808 
36809 1 64
36810 1 64
36811 1 1 2 2 5 9 1 10 1 25 1 38
36812 1 1 2 2 5 9 1 10 1 25 1 38 1 64
36813 1 1 1 2 5 9 1 10 1 25 1 38
36814 1 1 1 2 5 9 1 10 1 25 1 38 1 64
36815 1 1 2 2 5 9 1 10 1 25 1 34 1 38
36816 1 1 2 2 5 9 1 10 1 25 1 34 1 38 1 64
36817 1 1 1 2 5 9 1 10 1 25 1 34 1 38
36818 1 1 1 2 5 9 1 10 1 25 1 34 1 38 1 64
36819 1 1 2 2 5 9 1 10 1 25 1 38
36820 1 1 2 2 5 9 1 10 1 25 1 38 1 64
36821 1 1 1 2 5 9 1 10 1 25 1 38
36822 1 1 1 2 5 9 1 10 1 25 1 38 1 64
36823 1 1 2 2 5 9 1 10 1 25 1 38
36824 1 1 2 2 5 9 1 10 1 25 1 38 1 64
36825 1 64
36826 
36827 1 64
36828 1 1 5 2 1 34 1 63
36829 1 1 6 2 1 34 1 63
36830 3 1 2 2 1 4 1 32 2 34
36831 3 1 1 4 1 32 2 34
36832 3 1 4 2 1 4 1 32 2 34
36833 3 1 6 2 1 4 1 32 2 34
36834 3 1 4 2 1 4 1 32 2 34
36835 3 1 6 2 1 4 1 32 2 34
36836 2 1 13 2 8 9 2 10 1 12 1 17 1 24 1 34 1 77
36837 
36838 
36839 1 1 11 2 1 27 1 34
36840 1 1 5 2 1 27 1 34
36841 1 1 6 2 1 27 1 34
36842 1 1 7 2 1 27 1 34
36843 1 1 8 2 1 27 1 34
36844 1 1 9 2 1 27 1 34
36845 1 1 9 2 1 27 1 34
36846 1 1 10 2 1 27 1 34
36847 1 1 11 2 1 27 1 34
36848 5 2 5 9 1 10 3 14 1 32 1 77
36849 5 2 3 14 1 32
36850 5 2 3 14 1 32 1 74 1 77
36851 1 1 6 2 1 32
36852 6 2 1 31
36853 
36854 
36855 1 1 6 2 1 32
36856 6 2 1 31
36857 
36858 10 2 2 3 2 14 4 35 2 44
36859 10 2 2 3 2 14 4 35 2 44
36860 
36861 
36862 
36863 
36864 
36865 
36866 
36867 1 2 1 28 1 41
36868 2 1 1 32 1 41
36869 1 1 1 22 1 25
36870 3 1 1 22 1 25 1 32 1 41
36871 2 1 1 22 1 24 1 32 1 41
36872 1 1 1 2 1 22 1 25 1 28 1 41
36873 1 2 1 22 1 24 1 28 1 41
36874 
36875 
36876 
36877 
36878 
36879 
36880 
36881 
36882 
36883 
36884 
36885 
36886 
36887 
36888 
36889 1 1 7 2 1 34
36890 
36891 
36892 
36893 
36894 
36895 
36896 
36897 
36898 
36899 
36900 
36901 
36902 
36903 2 1 3 2 2 34
36904 2 1 3 2 1 21 2 34
36905 5 1 6 2 1 31 3 35
36906 5 1 6 2 1 21 1 31 3 35
36907 2 1 6 2 3 34
36908 2 1 6 2 1 21 3 34
36909 1 1 5 2 2 34
36910 1 1 6 2 2 34
36911 1 1 6 2 1 21 1 34
36912 2 1 6 2 1 3 1 14 1 34 1 77
36913 2 1 7 2 1 3 1 14 1 34 1 77
36914 2 1 6 2 1 3 1 14 2 34 1 77
36915 1 1 7 2 1 21 1 34
36916 1 1 5 2 1 21 2 34
36917 2 1 5 2 1 3 1 14 2 34 1 77
36918 1 1 6 2 1 21 2 34
36919 
36920 
36921 
36922 
36923 
36924 
36925 
36926 
36927 
36928 
36929 
36930 
36931 14 9 4 10 2 77
36932 
36933 
36934 6 1 6 2 4 3 2 4 4 9 2 10 2 77
36935 2 1 5 2 3 3 3 4 1 8 1 14 3 19 1 21
36936 
36937 3 9 3 10 3 63
36938 3 9 3 10 3 63
36939 3 9 3 10 3 63
36940 
36941 
36949 2 1 1 2 1 3 4 9 1 10 1 17 1 77
36950 1 1 7 2 4 9 1 10 1 17 1 77
36951 1 1 4 2 4 9 1 10 1 17 1 77
36952 1 1 11 2 4 9 1 10 1 17 1 77
36953 
36954 
36955 
36956 
36957 
36958 
36959 2 1 2 2 3 25 1 101
36960 2 1 2 2 1 25 1 101
36961 2 2 1 25 2 74 1 101
36962 2 1 5 2 2 14 1 22 1 34
36963 1 5 1 74 1 75
36964 1 2 2 74 1 75
36965 
36966 2 1 20 2 1 3 1 42
36967 
36968 
36969 
36970 
36971 
36972 3 1 3 2 1 24 1 35
36973 
36974 3 1 3 2 1 24 1 35
36975 
36976 
36977 4 1 4 2 1 3 2 35 1 38
36978 
36979 2 1 2 2 14 9 4 10 1 25 1 34 1 70
36980 
36981 9 9 3 10 1 14 2 19
36982 
36983 1 9 2 10 3 11 2 21
36984 
36985 
36986 
36987 3 1 2 2 4 9 2 10 1 25 1 33 1 101
36988 6 1 4 2 2 3 8 9 4 10 2 14 2 25 2 33 2 42 2 101
36989 3 1 2 3 1 4 3 9 1 10 2 12 2 14 1 32 1 101
36991 
36992 
36993 
36994 
36995 
36996 
36997 
36998 
36999 
37000 
37001 
37002 
37003 
37004 
37005 
37006 
37007 
37008 
37009 
37010 
37011 
37012 
37013 
37014 
37015 
37016 
37017 
37018 
37019 
37020 
37021 
37022 
37023 
37024 
37025 
37026 
37027 
37028 
37029 1 14 1 38 1 96
37030 
37031 
37032 
37033 1 3 1 14 2 42
37034 1 1 1 4 2 14 1 19 1 42
37035 8 9 12 10 2 114
37038 
37040 1 1 1 6 1 24 1 77
37041 
37042 
37043 
37044 
37045 
37046 1 1 4 9 2 10 1 34 1 42
37047 2 9 1 10 1 11 2 17 1 42
37048 
37049 
37050 
37051 
37052 
37053 
37054 
37055 
37056 
37057 5 2 1 4 8 9 2 10 1 14 1 19 1 35 1 53 1 71
37058 
37059 
37060 2 2 3 3 4 9 2 10 5 14 2 26
37061 
37062 
37063 9 9 3 10 1 20
37064 9 9 3 10 1 14 1 19
37065 
37066 5 1 2 2 2 4 6 9 3 10 1 17 2 53
37067 
37068 
37069 3 1 7 2 4 3 2 4 1 8 1 19 1 22
37070 2 1 7 2 4 3 2 4 1 8 1 19 1 21
37071 2 1 7 2 4 3 2 4 1 8 1 19 1 23
37072 3 1 9 2 4 3 2 4 1 8 1 19 1 22
37073 3 1 8 2 4 3 2 4 1 8 1 19 1 22
37074 
37075 
37076 
37077 
37078 
37079 1 63
37080 
37081 1 63
37082 
37083 1 63
37084 1 74 1 77
37085 
37086 1 63
37087 1 74 1 77
37088 
37089 
37090 
37091 
37092 
37093 4 1 30 2 1 22 1 34
37094 4 1 26 2 1 22 1 34
37095 4 1 34 2 1 22 1 34
37096 
37097 
37098 
37099 
37100 
37101 
37102 
37103 
37104 
37105 
37106 
37107 
37108 
37109 
37110 
37111 
37112 
37113 
37114 
37115 
37116 
37117 
37118 
37119 
37120 1 63
37121 
37122 
37123 
37124 1 63
37125 
37126 
37127 
37128 1 63
37129 
37130 
37131 
37132 1 63
37133 
37134 
37135 
37136 1 63
37137 
37138 
37139 
37140 1 63
37141 
37142 
37143 
37144 
37145 
37146 
37147 
37148 
37149 
37150 3 1 1 2 1 5 1 35
37151 3 1 1 2 1 5 1 35
37152 3 1 1 2 1 5 1 35
37153 3 1 1 2 1 5 1 35 1 74 1 77
37154 3 1 1 2 1 5 1 35
37155 
37156 
37157 3 1 22 2 1 34
37158 
37159 1 1 2 2 1 14 1 23 1 31
37160 5 2 1 3 1 14 1 35 1 77
37161 6 2 1 3 1 14 1 28 1 77
37162 1 1 6 2 1 3 1 14 1 31 1 77
37163 7 2 1 3 2 14 1 29 1 77
37164 3 9 1 10 2 17 1 77
37165 9 9 3 10 7 16 6 17 3 77
37166 9 9 3 10 4 16 6 17 3 77
37167 9 9 3 10 4 16 6 17 3 77
37168 9 9 3 10 4 16 6 17 3 77
37169 9 9 3 10 7 16 6 17 3 77
37170 9 9 3 10 7 16 6 17 3 77
37171 9 9 3 10 7 16 6 17 3 77
37172 9 9 3 10 7 16 6 17 3 77
37173 9 9 3 10 7 16 6 17 3 77
37174 9 9 3 10 7 16 6 17 3 77
37175 9 9 3 10 7 16 6 17 3 77
37176 9 9 3 10 7 16 6 17 3 77
37177 9 9 3 10 7 16 6 17 3 77
37178 9 9 3 10 7 16 6 17 3 77
37179 9 9 3 10 7 16 6 17 3 77
37195 2 1 5 9 1 13 1 14 1 33
37196 2 1 5 9 1 13 1 14 1 33
37197 1 1 2 2 1 3 1 9 4 10 1 36 1 42 3 63
37198 
37199 2 1 5 9 1 13 1 14 1 33
37200 1 1 5 9 1 13 1 14 1 30
37201 5 9 1 13 1 14 1 42
37202 3 1 2 2 2 3 1 4 1 8 2 14
37203 1 1 5 9 1 13 1 14 1 30
37204 2 1 5 9 1 13 1 14 1 33
37205 2 1 1 3 7 9 3 10 1 32 1 101
37206 2 1 1 3 7 9 3 10 1 32 1 101
37207 1 1 5 9 1 13 1 14 1 30
37208 1 1 2 2 1 3 1 9 4 10 1 36 1 42 3 63
37209 
37210 
37211 2 1 2 2 1 5 4 9 2 10 1 33 1 101
37212 
37213 1 2 1 3 1 14 1 96
37214 1 1 5 9 1 13 1 14 1 30
37215 
37216 1 1 5 9 1 13 1 14 1 30
37217 3 1 2 2 2 3 1 4 1 8 2 14
37218 3 1 2 2 2 3 1 4 1 8 2 14
37219 2 1 2 2 4 9 2 10 1 33 1 94 1 101
37220 2 1 5 9 1 13 1 14 1 33
37221 2 2 7 9 4 10 1 11 2 24 1 32 1 101
37222 1 2 1 3 1 14 1 96
37223 3 1 2 2 2 3 1 4 1 8 2 14
37224 2 2 7 9 4 10 1 11 2 24 1 32 1 101
37225 2 1 5 9 1 13 1 14 1 33
37226 2 2 7 9 4 10 1 11 2 24 1 32 1 101
37227 2 1 9 9 1 10 1 13 1 14 1 17 1 33 1 42
37228 2 1 9 9 1 10 1 13 1 14 1 17 1 33 1 42
37229 2 1 5 9 1 13 1 14 1 33
37230 1 1 9 9 1 10 1 13 1 14 1 17 1 30 1 42
37231 1 1 9 9 1 10 1 13 1 14 1 17 1 30 1 42
37232 2 2 7 9 4 10 1 11 2 24 1 32 1 101
37233 
37234 
37235 
37236 2 35
37237 
37238 
37239 
37240 
37241 
37242 
37243 
37244 
37245 
37246 
37247 
37248 
37249 
37250 
37251 
37252 
37253 
37254 
37255 
37256 
37257 8 9 2 10 1 11 1 57
37258 1 1 9 9 3 10 1 34
37259 8 9 2 10 1 11 1 36
37260 8 9 2 10 1 11 1 36
37261 
37262 
37263 
37264 8 9 2 10 1 11 1 57
37265 13 9 4 10 1 36
37266 13 9 4 10 1 57
37267 13 9 4 10 1 36
37268 
37269 
37270 13 9 4 10 1 36
37271 
37272 
37273 2 9 3 10 1 17 1 20 2 64
37278 
37279 
37280 
37281 
37282 
37283 
37284 
37285 
37286 
37287 
37288 
37289 
37290 
37291 
37292 
37293 
37294 
37295 
37296 
37297 
37298 
37299 
37300 
37301 
37302 
37303 
37304 
37305 
37306 
37307 
37308 
37309 
37310 
37311 
37312 2 1 18 2 2 22
37313 2 2 10 9 2 12 2 22
37314 4 1 14 2 2 3 2 22
37315 4 1 6 2 2 3 2 22
37316 4 1 10 2 2 3 2 22
37317 4 1 10 2 2 3 2 77
37318 4 1 11 2 2 3 2 77
37319 4 1 11 2 2 3 2 22
37320 2 1 10 2 4 3 2 22
37321 4 2 10 9 2 10 2 22 2 25
37322 3 2 10 9 2 10 2 22 1 25
37323 4 2 10 9 2 10 2 22
37324 3 16 2 21
37325 3 1 2 2 5 9 1 12 1 35
37326 2 1 5 9 1 12 1 34
37327 3 1 11 2 5 9 1 12 1 35
37328 3 1 8 2 5 9 1 12 1 35
37329 3 1 11 2 5 9 1 12 1 35
37330 3 1 5 2 5 9 1 12 1 35
37331 3 1 11 2 5 9 1 12 1 35
37332 
37333 3 14
37334 
37335 
37336 2 1 2 2 1 14 1 34 1 63
37337 
37338 3 9 3 10 1 18 2 24
37339 3 9 3 10 1 18 2 24
37340 3 9 3 10 1 18 2 24
37341 3 9 3 10 1 18 2 24
37342 1 1 20 2 1 34
37343 1 1 23 2 1 34
37344 1 1 22 2 1 34
37345 1 1 21 2 1 34
37346 1 1 18 2 1 34
37347 1 1 17 2 1 34
37348 1 1 16 2 1 34
37349 1 1 13 2 1 34 1 64
37350 1 1 17 2 1 34 1 64
37351 1 1 21 2 1 34 1 64
37352 1 1 11 2 1 34 1 64
37353 1 1 16 2 1 34 1 64
37354 1 1 18 2 1 34 1 64
37355 1 1 20 2 1 34 1 64
37356 1 1 22 2 1 34 1 64
37357 1 1 23 2 1 34 1 64
37358 1 1 21 2 1 34
37359 1 1 21 2 1 34
37360 1 1 21 2 1 34
37361 1 1 21 2 1 34
37363 
37364 2 1 32 2 2 34
37365 2 1 34 2 2 34
37366 2 1 36 2 2 34
37367 2 1 22 2 2 34
37368 2 1 42 2 2 34
37369 2 1 44 2 2 34
37370 2 1 46 2 2 34
37372 2 1 26 2 2 34
37373 2 1 30 2 2 34
37374 2 1 40 2 2 34
37375 
37376 1 1 19 2 1 34
37377 1 1 19 2 1 34 1 64
37378 1 1 14 2 1 34
37379 1 1 14 2 1 34 1 64
37380 2 1 38 2 2 34
37381 
37382 
37383 
37384 
37385 
37386 
37387 
37388 1 1 1 3 1 14 1 30 1 77
37389 1 1 1 3 1 14 1 30 1 77
37390 
37391 
37392 
37393 5 1 2 3 1 4 1 95
37394 
37395 
37396 
37397 
37398 
37399 
37400 1 1 1 2 1 14 1 16
37401 1 1 1 18 1 33 1 77
37402 2 1 1 3 1 18 1 33 1 77
37403 2 1 1 2 1 3 1 18 1 33 1 77
37404 2 1 1 2 1 3 1 18 1 33 1 77
37405 2 1 6 2 1 18 1 27 1 33 1 34 1 77
37406 3 1 7 2 1 3 1 18 1 27 1 33 1 34 1 77
37407 3 1 6 2 1 3 1 18 1 27 1 33 1 34 1 77
37408 2 1 4 2 1 18 1 27 1 33 1 34 1 77
37409 3 1 5 2 1 3 1 18 1 27 1 33 1 34 1 77
37410 3 1 5 2 1 3 1 18 1 27 1 33 1 34 1 77
37411 3 1 4 2 1 3 1 18 1 27 1 33 1 34 1 77
37412 2 1 8 2 1 18 1 27 1 33 1 34 1 77
37413 3 1 9 2 1 3 1 18 1 27 1 33 1 34 1 77
37414 3 1 8 2 1 3 1 18 1 27 1 33 1 34 1 77
37415 2 1 10 2 1 18 1 27 1 33 1 34 1 77
37416 3 1 11 2 1 3 1 18 1 27 1 33 1 34 1 77
37417 3 1 10 2 1 3 1 18 1 27 1 33 1 34 1 77
37418 2 1 5 2 1 18 1 27 1 33 1 34 1 77
37419 3 1 6 2 1 3 1 18 1 27 1 33 1 34 1 77
37420 3 1 5 2 1 3 1 18 1 27 1 33 1 34 1 77
37421 
37422 
37423 
37424 
37425 
37426 
37427 
37428 
37429 
37430 
37431 
37432 
37433 
37434 
37435 
37436 
37437 
37438 
37439 
37440 
37441 3 1 5 2 2 34
37442 3 1 5 2 1 25 2 34
37443 3 1 4 2 2 34
37444 3 1 4 2 2 34
37445 3 1 5 2 2 34
37446 3 1 5 2 1 25 2 34
37447 3 1 6 2 1 25 2 34
37448 3 1 6 2 1 25 2 34
37449 4 1 1 2 2 3 1 14 1 34
37450 3 1 5 2 1 3 1 35 1 77
37451 2 1 3 2 1 3 1 34 1 77
37452 4 1 1 2 2 3 1 14 1 34 1 63
37453 4 1 1 2 2 3 1 14 1 34
37454 3 1 5 2 1 3 1 35 1 64 1 77
37455 2 1 3 2 1 3 1 34 1 63 1 77
37456 2 1 3 2 1 3 1 34 1 77
37457 
37458 1 74 3 75 1 77
37459 
37460 2 1 2 2 1 14 1 34
37461 3 2 1 14 1 37
37462 3 1 1 3 4 9 1 12 1 13 1 77
37463 2 1 3 2 4 9 1 10 1 32 1 36 1 77
37464 
37465 
37466 6 1 18 2 1 3 4 9 1 12 1 13 1 34 1 77
37467 3 1 1 3 4 9 1 12 1 13 1 77
37468 3 1 1 3 4 9 1 12 1 13 1 77
37469 7 1 19 2 1 3 4 9 1 12 1 13 1 35 1 77
37470 3 1 1 3 4 9 1 12 1 13 1 77
37471 3 1 1 3 4 9 1 12 1 13 1 77
37472 5 1 3 2 1 3 8 9 1 10 1 12 1 13 1 32 1 36 2 77
37473 
37474 3 1 3 2 1 5 4 9 2 10 1 35
37475 6 2 1 5 4 9 2 10 1 34
37476 4 2 1 5 4 9 2 10 1 27 1 34
37477 5 2 1 5 4 9 2 10 1 34
37478 1 5 4 9 1 10 1 12 1 37
37479 
37480 
37481 3 1 9 2 1 5 4 9 2 10 1 35
37482 3 1 9 2 1 5 4 9 2 10 1 35
37483 1 5 4 9 1 10 1 12 1 37
37484 1 5 4 9 1 10 1 12 1 37
37485 
37486 
37487 6 2 1 5 4 9 2 10 1 34
37488 6 2 1 5 4 9 2 10 1 34
37489 5 2 1 5 4 9 2 10 1 34
37490 5 2 1 5 4 9 2 10 1 34
37491 
37492 
37493 4 2 1 5 4 9 2 10 1 27 1 34
37494 4 2 1 5 4 9 2 10 1 27 1 34
37495 3 1 9 2 1 5 4 9 2 10 1 35
37496 3 1 9 2 1 5 4 9 2 10 1 35
37497 3 1 9 2 1 5 4 9 2 10 1 35
37498 3 1 3 2 1 5 4 9 2 10 1 35
37499 3 1 9 2 1 5 4 9 2 10 1 35
37500 3 1 3 2 1 5 4 9 2 10 1 35
37501 2 64
37502 
37503 
37504 
37505 2 64
37506 2 64
37507 2 64
37508 2 64
37509 
37510 
37511 2 64
37512 2 64
37513 3 1 7 2 1 14 1 22 1 34
37514 
37515 3 1 7 2 1 3 1 18 1 27 1 33 1 34 1 77
37516 3 1 9 2 1 3 1 18 1 27 1 33 1 34 1 77
37517 3 1 11 2 1 3 1 18 1 27 1 33 1 34 1 77
37518 3 1 6 2 1 3 1 18 1 27 1 33 1 34 1 77
37519 
37520 1 63
37521 
37522 
37523 
37524 1 1 6 2 1 103
37525 1 1 5 2 1 103
37526 1 1 5 2 1 103
37527 1 1 6 2 1 103
37528 
37529 
37530 
37537 
37538 
37539 
37540 
37541 
37542 
37543 
37544 1 14 1 18
37545 
37546 1 74 4 75 1 77
37547 1 74 5 75 1 77
37548 1 74 6 75 1 77
37549 1 74 7 75 1 77
37550 1 74 6 75 1 77
37551 1 74 7 75 1 77
37552 
37553 
37554 2 1 18 2 2 35
37555 
37556 
37559 1 1 3 2 2 3 4 9 2 10 1 19 1 42
37560 
37561 
37562 
37563 3 63
37564 2 63
37565 
37566 
37567 
37568 
37572 1 63
37573 1 63
37574 1 63
37575 
37576 
37585 
37591 
37592 1 1 10 2 1 21 1 35
37593 1 1 16 2 1 35
37594 1 74 1 117
37595 3 1 7 2 1 34
37597 2 2 7 3 8 14 3 26
37598 4 2 14 3 16 14 1 16 6 26
37599 
37600 
37601 1 1 16 2 1 21 1 35
37602 1 1 6 2 1 35
37603 1 1 14 2 1 35
37604 1 1 12 2 1 35
37605 
37606 
37607 
37608 
37609 
37610 
37611 
37612 
37613 1 1 10 2 1 35
37614 1 1 1 21 1 28
37615 2 1 10 2 1 22 1 35
37616 2 1 11 2 1 22 1 35
37617 1 1 10 2 1 35
37618 1 1 10 2 1 35 1 64
37619 1 1 10 2 1 23 1 35
37620 1 1 10 2 1 35 1 63
37621 1 1 10 2 1 32 1 77
37622 2 1 20 2 1 32 1 35 1 77
37623 1 1 15 2 1 35
37624 1 1 9 2 1 35
37625 1 1 11 2 1 35
37626 1 1 11 2 1 35
37627 18 2 2 27 2 34
37628 15 2 2 27 2 34
37629 15 2 2 27 2 34
37630 2 1 15 2 2 27 2 35
37631 2 1 15 2 2 27 2 35
37632 18 2 2 27 2 34
37633 2 1 18 2 2 27 2 35
37634 2 1 18 2 2 27 2 35
37635 
37636 
37637 
37638 
37639 
37640 1 1 1 2 1 6 1 77
37641 1 1 4 2 1 6 1 77
37642 4 2 2 22
37643 1 5 1 77
37644 4 2 2 22
37645 1 2 1 5 1 22
37646 1 2 1 5 1 22
37647 1 1 2 2 1 6 1 77
37648 1 5 1 22
37649 1 1 2 2 1 6 1 77
37650 1 1 4 2 1 6 1 77
37651 1 1 1 2 1 6 1 77
37652 1 5 1 22
37653 1 2 1 22 1 44
37654 2 2 1 22 1 44
37655 2 2 1 22 1 44
37656 1 2 1 22 1 44
37657 1 22 1 44
37658 1 22 1 44
37659 2 9 1 11 3 57
37660 
37676 
37677 
37678 
37679 
37680 
37681 
37682 
37683 
37684 
37685 
37686 
37687 
37688 
37689 2 1 2 3 2 14 2 77
37690 2 14 2 19 2 30 2 77
37691 2 1 2 3 2 14 2 77
37692 2 1 2 3 2 14 2 77
37695 
37696 
37697 
37698 
37699 
37700 1 74 3 75 1 77
37701 
37702 
37703 
37704 
37705 
37706 
37707 
37708 
37709 
37710 
37711 
37712 
37713 
37714 1 64
37715 1 21
37716 1 63
37717 2 1 3 2 3 9 2 10
37718 2 1 9 2 3 9 2 10
37719 1 1 3 9 1 11 1 12
37720 2 1 5 2 3 9 2 10
37721 2 1 7 2 3 9 2 10
37722 2 1 3 2 3 9 2 10
37723 2 1 9 2 3 9 2 10
37724 1 1 3 9 1 11 1 12
37725 2 1 5 2 3 9 2 10
37726 2 1 7 2 3 9 2 10
37727 
37728 
37729 
37730 
37731 
37732 1 1 1 38
37733 1 1 1 21 1 38
37734 1 1 1 38 1 74 1 77
37735 1 1 1 38
37736 1 1 1 38
37737 
37738 
37739 
37740 
37741 6 2 1 24 1 34
37742 6 2 1 24 1 34
37743 6 2 1 24 1 34
37744 6 2 1 24 1 34
37745 1 1 7 2 1 34
37746 1 2 3 75 1 76
37747 2 1 1 2 2 3 1 4 2 42
37748 2 1 1 2 2 3 1 4 1 18 1 42
37749 2 1 2 2 2 3 1 4 2 42
37750 1 4 16 9 8 10
37751 
37752 
37753 
37754 
37755 
37756 
37757 
37758 
37759 
37760 
37761 
37762 
37763 
37764 
37765 
37766 
37767 
37768 
37769 
37770 
37771 
37772 
37773 
37774 2 2 7 9 1 10 2 13 1 31 2 53
37775 2 2 7 9 1 10 2 13 1 28 2 53
37776 2 2 7 9 1 10 2 13 1 28 2 53
37777 1 1 5 2 1 34
37778 2 10 2 63 4 71
37779 
37780 2 1 3 2 1 29
37781 2 1 3 2 1 35 1 77
37782 4 1 6 2 1 29 1 35 1 77
37783 
37784 
37785 
37786 1 21
37787 8 9 3 10 1 17 1 42 1 77
37788 
37796 2 2 1 4 2 42
37797 4 2 2 3 2 42
37798 3 2 1 4 2 42
37799 3 2 2 3 2 42
37800 1 42 1 75
37801 1 1 1 3 1 21 1 74
37802 5 2 1 3 1 74
37803 1 2 1 21 1 76
37804 2 1 1 4 1 14 1 74
37805 1 2 1 21 1 75
37806 3 1 1 34
37807 
37808 
37809 
37810 
37811 
37812 
37813 1 1 4 2 1 35
37814 
37815 
37816 1 1 11 2 1 28
37817 1 1 11 2 1 28
37818 
37819 
37820 4 9 2 10 2 77
37821 4 9 2 10 1 42 1 77
37822 4 9 2 10 1 42 1 77
37823 
37824 
37825 
37826 
37827 
37828 
37829 5 1 8 2 6 3 1 4 1 6 1 7 2 8 1 14
37830 5 1 4 2 1 4 2 6 2 8 1 14 1 70
37831 
37832 
37833 
37834 
37835 
37836 
37837 
37838 2 16 2 64
37839 10 16 2 64
37840 6 16 2 64
37841 2 1 2 3 2 14 2 77
37842 2 1 2 3 2 14 2 16 2 77
37843 2 1 2 3 2 14 2 77
37844 2 1 2 3 2 14 2 16 2 77
37845 2 2 1 29 1 30 1 42
37846 
37847 4 16 2 64
37848 6 64
37849 3 64
37850 
37851 
37852 1 16
37853 6 16
37854 18 16
37855 6 77
37856 2 1 2 3 2 14 2 77
37857 
37858 
37859 
37860 
37861 
37862 
37863 
37864 
37865 
37866 1 85
37867 
37868 
37869 3 1 1 5 4 9 2 10 1 35
37870 
37871 
37872 3 9 1 11 1 36 1 53
37873 1 1 3 2 1 3 1 35 1 77
37874 1 1 4 2 1 30
37875 2 1 7 2 1 3 1 30 1 35 1 77
37876 1 1 4 2 1 30
37877 4 2 2 24 2 25
37878 6 2 4 24 2 25
37879 8 2 4 24 4 25
37880 6 2 6 24
37881 
37882 
37883 
37884 1 63
37885 
37886 
37887 
37888 
37889 
37890 
37891 
37892 
37893 
37894 
37895 
37896 
37897 
37898 
37899 
37900 
37901 
37902 
37903 
37904 
37905 
37906 
37907 
37908 1 1 7 2 1 34
37909 1 1 7 2 1 34
37910 
37911 
37912 
37913 1 74 7 75 1 77
37914 
37915 
37916 1 74 3 75 1 77
37917 
37918 
37919 
37920 
37921 2 1 2 2 1 14 1 22 1 35
37922 3 1 9 2 8 3 2 4 2 14 1 22
37923 3 1 9 2 8 3 2 4 2 14 1 22
37924 3 1 9 2 8 3 2 4 2 14 1 22
37925 3 1 9 2 8 3 2 4 2 14 1 22
37926 3 1 9 2 8 3 2 4 2 14 1 22
37927 
37928 
37929 
37930 
37931 2 64
37932 2 64
37933 2 64
37934 2 64
37935 2 64
37936 3 1 5 9 1 13 1 34
37937 3 1 5 9 1 13 1 34
37938 3 1 5 9 1 13 1 34
37939 3 1 5 9 1 13 1 34
37940 
37941 
37942 
37943 6 9 2 10 4 11
37944 6 9 2 10 4 11
37945 2 2 1 7 2 14 2 32
37946 
37947 
37948 
37949 
37950 
37951 
37952 2 1 3 2 1 3 2 14 1 35
37953 1 1 2 2 1 3 2 14 1 34
37954 
37955 2 2 2 29 1 32
37956 
37957 
37958 
37959 1 2 1 19 1 33 1 42
37960 
37961 
37962 
37963 2 9 3 10 1 17 3 63
37964 
37965 1 1 1 2 1 3 1 14 2 35
37966 1 1 5 2 2 14 1 35
37967 1 1 1 2 1 3 1 14 3 35
37968 
37969 3 1 9 2 8 3 2 4 3 14 1 19
37970 3 1 9 2 8 3 2 4 2 14 1 22
37971 3 1 9 2 8 3 2 4 2 14 1 22
37972 1 1 3 2 1 96
37973 2 1 6 2 1 73
37974 
37975 1 1 1 30 1 60 1 77
37976 1 1 1 30 1 60 1 77
37977 
37978 
37979 
37980 3 9 1 53 1 57 1 71
37981 3 9 1 53 1 57 1 71
37982 
37983 
37984 4 3 4 14 1 20 1 42
37985 4 1 4 2 2 3 1 4 2 8
37986 8 16
37987 
37988 
37989 
37990 
37991 2 1 1 4 13 9 2 10 3 17
37992 
37993 
37994 
37995 
37996 
37997 
37998 
37999 
38000 
38001 2 1 3 2 1 3 1 100
38002 4 1 4 2 1 3 3 8
38003 4 1 4 2 3 3 2 4 1 8
38004 
38005 
38006 3 9 3 10 3 20
38007 
38008 6 16
38009 5 16
38010 5 16
38011 5 16
38012 
38013 3 16
38014 2 2 2 3 2 42
38015 3 1 3 3 3 77
38016 3 23
38017 3 2 1 6 13 9 2 10 1 13 2 32 2 71
38018 3 2 1 6 13 9 2 10 1 13 2 32 2 71
38019 
38020 
38021 
38022 
38023 
38024 
38025 
38026 
38027 
38028 
38029 
38030 
38031 
38032 4 1 3 2 1 35
38033 2 1 1 2 1 29
38034 2 16 3 29 3 42
38035 1 22 1 42
38036 1 14 1 19 1 22
38037 2 2 1 22 1 42
38038 
38039 1 1 1 3 10 9 2 10 1 70 1 77
38040 15 9 2 10 1 13 1 70
38041 1 1 1 4 15 9 3 10 1 70
38042 
38047 
38048 
38049 
38054 
38055 
38056 1 2 4 9 1 10 1 14 1 53 1 101
38057 
38058 1 37
38059 1 16
38060 1 1 8 2 1 22
38061 1 1 14 2 1 22
38062 1 1 1 2 1 22
38063 1 23
38064 1 1 3 2 1 22
38065 1 21
38066 6 2 2 3 1 4 1 66
38067 
38068 
38069 1 14
38070 3 9 1 10 1 42 1 53 1 57
38071 
38072 3 9 2 10 1 17 1 20 1 24
38073 3 9 2 10 1 17 1 20 1 24
38074 3 9 2 10 1 17 1 20 1 24
38075 3 9 2 10 1 17 1 20 1 24
38076 
38077 
38078 
38079 3 17 3 57
38080 
38081 
38082 
38083 
38084 
38085 
38086 
38087 1 1 7 2 1 6 1 42
38088 1 1 1 25 1 42
38089 1 2 2 48 1 103
38090 
38091 
38092 2 1 17 2 1 31
38093 2 1 17 2 1 31
38094 
38095 3 9 3 10 1 20 2 24
38096 2 1 16 2 2 35
38097 2 1 16 2 2 35
38098 1 1 1 2 1 6 5 9 1 10 1 77
38099 
38100 
38101 
38102 
38103 
38104 
38105 
38106 2 14
38107 1 1 3 2 1 37
38108 1 1 5 2 1 37
38109 1 1 7 2 1 37
38110 5 2 1 31
38111 1 1 1 105
38112 1 1 1 2 1 105
38113 4 2 1 31
38114 
38115 
38116 
38117 5 1 10 2 3 3 1 8 1 14
38118 5 1 10 2 3 3 1 8 1 14
38119 10 2 6 14 2 35
38120 1 37
38121 1 37 1 63
38122 
38123 3 9 3 10 2 24 1 77
38124 9 9 9 10 6 24 3 77
38125 9 9 9 10 6 24 3 77
38126 
38127 
38128 
38129 
38130 
38131 
38132 
38133 
38134 8 9 3 10 1 17 1 19 1 26
38135 
38136 
38137 4 1 2 26
38138 4 1 23 2 1 35
38139 
38140 
38141 
38142 
38143 
38144 
38145 
38146 5 1 8 2 2 3 1 99
38147 3 1 16 2 1 99
38148 7 1 8 2 2 3 1 4 1 99
38149 
38150 
38151 
38152 
38153 
38154 
38155 3 2 2 42
38156 1 50
38157 
38158 
38159 
38160 
38161 
38162 
38163 5 1 9 2 1 22 1 80 1 84
38164 
38165 
38166 
38167 
38168 
38169 
38170 1 81
38171 1 81
38172 
38173 
38177 
38178 
38179 
38180 
38181 1 1 10 2 1 14 1 32
38182 1 1 12 2 1 14 1 32
38183 1 1 14 2 1 14 1 32
38184 1 1 8 2 1 14 1 32
38185 1 1 16 2 1 14 1 32
38186 
38187 
38188 
38189 
38190 
38191 4 9 2 10 1 114
38192 
38194 1 37
38195 3 1 3 4 2 6 8 9 4 10 3 34
38196 3 1 3 4 2 6 8 9 4 10 3 34
38197 3 2 1 33 1 94
38198 
38199 
38200 
38201 
38202 
38203 
38204 
38205 
38206 
38207 1 1 1 2 2 3 3 14
38208 
38209 1 14 1 19 1 30 1 77
38210 1 14 1 16 1 19 1 30 1 77
38211 
38212 
38213 4 9 1 10 1 25 1 53 1 77
38214 1 3 1 32 1 42 1 103
38215 
38216 
38217 
38218 1 16
38219 
38220 
38221 
38222 
38223 2 1 2 2 2 3 1 4 1 18 1 20
38224 2 1 5 2 2 3 1 4 1 7 1 18 1 20
38225 3 1 3 2 2 3 1 4 2 19 1 20
38226 
38227 
38230 
38231 3 1 5 9 1 10 1 22 1 32
38232 4 1 1 32 1 35
38233 4 1 1 21 1 32 1 35
38234 4 16
38235 
38236 1 3 2 14 2 16 1 19 1 42
38237 1 3 2 14 2 16 1 19 1 42
38238 
38239 
38240 2 1 1 2 1 3 1 29
38241 4 1 3 2 2 3 1 32
38242 6 1 5 2 3 3 1 35
38243 
38244 
38245 
38246 
38247 
38248 1 64
38249 
38250 5 9 2 10 1 11 1 77
38251 3 9 1 11 2 36
38252 3 9 1 17 1 36 1 57
38253 3 9 1 11 2 36
38254 4 9 2 10 1 64 1 109
38255 1 2 3 9 1 10 1 14 1 32 1 36 1 57
38256 1 16
38257 
38258 1 1 5 9 3 10 1 25 1 77
38259 
38260 
38261 
38262 1 3 2 14 2 16 1 19 1 42
38263 10 3 20 14 1 16 10 19 10 42
38264 
38265 
38266 
38267 
38268 
38269 2 1 15 2 5 9 1 10 1 25 1 33 1 34 1 77
38270 
38271 
38272 
38273 3 2 3 9 3 10 1 24
38274 1 2 3 9 2 12 1 36
38275 1 2 3 9 2 12 1 36
38276 
38277 
38278 
38279 
38280 
38281 
38282 
38283 
38284 
38285 
38286 
38287 
38288 
38289 
38290 1 1 18 2 1 6 3 14 1 22 1 32
38291 1 1 20 2 3 14 1 22 1 32
38292 1 6 3 9 2 10 1 17 1 20 1 24
38293 
38294 3 9 3 10 3 77
38295 6 9 6 10 12 16 6 77
38296 6 9 6 10 12 16 6 77
38297 3 1 11 2 1 35 1 110
38298 3 1 11 2 1 35 1 110
38299 
38300 
38301 1 18 1 77
38302 1 1 3 2 1 3 3 14 1 32 1 42
38303 1 1 1 2 1 3 2 14 1 29 1 42
38304 1 1 5 2 1 3 4 14 1 35 1 42
38305 
38306 
38307 
38308 
38309 
38310 
38311 
38312 
38313 2 64
38314 3 64
38316 
38317 
38318 
38319 
38320 
38321 
38322 
38323 
38324 
38325 
38326 
38327 
38328 
38329 
38330 
38331 
38332 
38333 
38334 
38335 
38336 
38337 
38338 
38339 
38340 
38341 
38342 
38343 
38344 
38345 
38346 5 9 1 10 1 42
38347 
38348 
38349 1 16
38350 2 2 1 3 1 18 1 35 1 42
38351 1 1 1 3 1 14 1 77
38352 1 1 3 2 4 9 1 10 1 36 1 77
38353 1 16
38354 
38355 
38356 
38357 
38358 3 1 1 2 1 4 1 33 1 42 1 77 1 94
38359 
38360 
38361 2 1 11 2 9 9 1 10 1 12 1 17 1 34 1 77
38362 
38363 
38364 2 1 6 2 1 27 2 34
38365 2 1 6 2 1 27 2 34
38366 2 1 8 2 2 34
38367 6 2 1 4 2 35
38368 
38369 
38370 
38371 
38372 1 14
38373 
38374 
38375 
38376 
38377 
38378 
38379 
38380 
38381 1 1 2 2 1 33 1 77 1 103
38382 1 1 2 2 1 33 1 77 1 103
38383 
38384 2 1 2 2 1 14 1 34 1 51 1 77
38385 
38386 2 1 2 5 1 81
38387 
38388 
38389 
38390 3 64
38391 1 38 1 42
38392 2 77 1 108
38393 2 9 2 39 2 77 1 108
38394 2 9 1 16 2 39 2 77 1 108
38395 
38396 
38397 
38398 
38399 
38400 
38401 
38402 
38403 
38404 
38405 
38406 
38407 
38408 
38409 1 1 1 2 1 14 1 16
38410 1 15 1 16
38411 3 1 1 34
38412 4 1 3 2 1 35
38413 4 1 11 2 1 35
38414 2 1 2 2 1 31 1 64
38415 1 1 14 2 1 6 1 29
38416 
38417 
38418 
38419 
38420 
38421 
38422 
38423 
38424 
38425 2 2 1 18 1 33 1 42 1 102
38426 
38427 
38428 2 1 10 2 1 66
38429 2 1 8 2 1 66
38430 2 1 8 2 1 66
38431 2 1 9 2 1 66
38432 2 1 9 2 1 66
38433 2 1 10 2 1 66
38434 2 1 10 2 1 66
38435 
38436 
38440 7 2 5 25 2 100
38441 8 2 6 25 2 100
38442 2 1 3 2 1 14 1 21 1 32
38443 3 1 3 2 1 14 1 22 1 32
38444 3 1 6 2 1 14 1 22 1 32
38445 
38446 1 1 11 2 4 3 4 14 1 26 1 29
38447 2 1 22 2 8 3 8 14 1 22 2 26 2 29 1 77
38448 2 1 22 2 8 3 8 14 2 22 2 26 2 29
38449 2 1 23 2 8 3 8 14 2 22 2 26 2 29
38450 2 1 24 2 8 3 8 14 2 22 2 26 2 29
38451 2 1 26 2 8 3 8 14 2 22 2 26 2 29
38452 2 22
38453 1 2 2 22
38454 4 2 2 22
38455 1 1 4 2 1 103
38456 1 1 4 2 1 103
38457 1 1 6 2 1 103
38458 1 1 4 2 1 103
38459 4 2 1 102
38460 4 2 1 102
38461 1 1 4 2 1 103
38462 4 2 1 102
38463 1 1 6 2 1 103
38464 4 2 1 102
38465 1 1 6 2 1 103
38466 1 1 4 2 1 103
38467 4 2 1 102
38468 
38469 4 1 5 2 2 3 2 4 1 70
38470 5 1 1 3 2 4 4 26 1 27 2 77
38471 5 1 1 2 1 3 2 4 4 26 1 27 2 77
38472 5 1 2 4 1 19 5 26 1 27 1 77
38473 4 1 1 3 2 4 1 14 4 26 1 27
38474 2 1 8 2 1 35
38475 2 1 8 2 1 35 1 64
38476 4 1 4 2 4 3 3 4
38477 3 1 5 2 3 3 1 7 1 70
38478 3 1 5 2 3 3 2 4 1 7
38479 4 1 4 2 3 3 2 4 1 8
38480 3 1 5 2 3 3 1 7 1 70
38481 6 16 2 64
38482 
38483 
38484 
38485 2 9 1 10 1 11 1 36 1 42 1 53
38486 
38487 
38488 
38489 
38490 
38491 
38492 1 1 1 6 6 9 5 10 1 17 2 24 1 25 1 42 1 94
38493 1 6 5 9 4 10 1 17 2 24 2 42 1 53 1 57
38494 4 1 9 2 1 35 1 99
38495 4 1 36 2 1 22 1 34
38496 4 1 24 2 1 22 1 34
38497 
38498 1 74 1 77
38499 
38500 1 74 1 77
38501 
38502 1 74 1 77
38503 
38504 1 74 1 77
38505 
38506 5 2 3 14 1 32
38507 1 1 6 2 1 27 1 34
38508 1 1 10 2 1 27 1 34
38509 1 1 15 2 1 22
38510 1 1 11 2 1 22
38511 1 1 11 2 1 22
38512 1 1 13 2 1 22
38513 1 1 15 2 1 22
38514 1 1 15 2 1 22
38515 1 1 11 2 1 22
38516 1 1 13 2 1 22
38517 1 1 13 2 1 22
38520 6 1 14 2 3 3 1 35
38521 10 9 2 10 1 42 1 94
38522 1 40
38523 1 1 2 2 1 35
38524 
38525 
38526 
38527 
38528 2 38
38529 1 2 1 19 1 33 1 42
38530 
38531 4 9 1 10 1 16 1 57 1 77
38532 
38533 2 1 2 39
38534 2 1 9 9 3 10 1 16 2 39 6 53 3 77
38535 2 1 9 9 3 10 1 16 2 39 6 53 3 77
38536 
38537 1 1 5 2 1 5 1 66
38538 3 1 1 3 1 4 1 49
38539 
38540 2 1 1 2 1 3 1 44 1 45
38541 
38542 
38543 
38544 
38545 
38546 
38547 
38548 
38549 5 9 1 12 1 32 1 42
38550 
38551 
38552 1 81
38553 2 78
38554 
38555 9 9 1 10 1 12 1 17
38556 9 9 2 10 1 17
38557 6 1 2 4 7 9 4 10 1 17
38558 2 1 3 9 1 11 1 13 1 17
38559 4 1 2 9 1 11 2 13 1 17
38560 4 1 2 9 1 11 2 13 1 17
38561 9 9 1 10 1 12 1 17
38562 4 1 2 9 1 11 2 13 1 17
38563 5 1 1 4 3 9 1 10 1 13 1 17
38564 3 1 1 4 8 9 3 10 1 17
38565 
38566 
38567 
38568 3 16
38569 6 16
38570 5 1 11 2 1 30 1 35 1 77
38571 4 1 14 2 1 33 1 35 1 77
38572 5 9 1 12 1 30 1 77
38573 4 1 11 2 5 9 1 12 1 30 1 35 1 77
38574 4 1 11 2 1 35
38575 2 1 2 2 5 9 1 12 1 14 1 30 1 34 1 77
38576 4 1 6 2 2 14 1 30 2 34 2 77
38577 8 1 24 2 1 30 2 35 2 77
38578 1 29 1 77
38579 1 1 1 30 1 77
38580 2 22
38581 1 22 1 77
38582 
38583 2 1 1 2
38584 2 1 1 2
38585 2 1 1 3 1 14
38586 2 1 1 3 1 14
38587 2 1 1 45
38588 2 1 1 45
38589 5 9 1 13 1 14 1 29
38590 1 2 5 9 1 13 1 14 1 31
38591 10 9 1 10 1 12 1 33 1 42 1 77
38592 1 5 1 89
38593 1 49 1 51 1 74
38594 1 8 2 69 1 74
38595 1 8 2 69 1 74
38596 1 1 1 49 1 74
38597 1 1 1 2 1 87
38598 1 1 1 2 1 90
38599 
38600 
38601 
38602 
38603 
38604 
38605 4 9 4 12 4 53
38606 
38607 16 16 9 64
38608 6 9
38609 5 9 1 11
38610 6 9
38611 6 9
38612 2 64
38613 
38614 
38615 2 16 4 64
38616 2 16 3 64
38617 2 16
38618 2 16
38619 
38620 3 1 3 2 5 9 1 10 3 25 1 84
38621 2 1 1 3 1 77
38622 1 1 15 2 1 22
38623 
38624 2 77
38625 
38626 
38627 2 23
38628 
38629 3 23
38630 2 1 6 2 2 3
38631 1 1 9 2 3 3
38632 3 1 5 2 5 3 2 4
38633 6 1 7 2 4 3 3 4
38634 4 1 5 2 4 3 2 4
38635 4 1 5 2 4 3 2 4
38636 1 44 3 69 1 70
38637 
38638 
38639 
38640 
38641 1 18 1 44 1 103
38642 
38643 1 1 5 2 1 37
38644 
38645 1 1 7 2 1 22
38646 1 1 3 2 1 22
38647 1 1 5 2 1 22
38648 1 1 13 2 1 6 1 22
38650 
38651 
38652 
38653 
38654 4 9 1 10 1 44 1 57
38655 1 21
38656 1 6 5 9 1 10 1 77
38658 1 21
38659 
38660 
38661 
38662 
38663 
38664 
38665 3 9 1 10 1 17 1 42 1 57
38666 
38667 
38668 3 1 5 2 4 3 1 4 1 14 1 31 1 70 1 77
38669 3 1 5 2 4 3 1 4 1 6 1 14 1 31 1 42 1 70 2 77
38671 2 1 2 2 1 31
38672 
38673 1 1 2 2 1 35
38674 1 1 2 2 1 35
38675 1 1 2 2 1 35
38676 1 1 2 2 1 35
38677 2 1 5 2 1 29
38678 2 1 5 2 1 29
38679 2 1 5 2 1 29
38680 2 1 5 2 1 29
38681 2 1 2 2 1 31
38682 2 1 2 2 1 31
38683 2 1 9 2 1 29
38684 2 1 9 2 1 29
38685 2 1 9 2 1 29
38686 2 1 9 2 1 29
38687 3 1 1 32
38688 3 1 1 32
38689 3 1 1 32
38690 1 1 1 35
38691 1 1 1 35
38692 1 1 4 2 1 35
38693 1 1 4 2 1 35
38694 1 1 4 2 1 35
38695 1 1 4 2 1 35
38696 1 1 5 2 1 32
38697 1 1 5 2 1 32
38698 1 1 5 2 1 32
38699 1 1 5 2 1 32
38700 1 1 5 2 1 32
38701 4 2 1 29
38702 4 2 1 29
38703 4 2 1 29
38704 3 1 8 2 1 32
38705 3 1 8 2 1 32
38706 3 1 8 2 1 32
38707 3 1 8 2 1 32
38708 3 1 9 2 1 34
38709 3 1 9 2 1 34
38710 3 1 9 2 1 34
38711 3 1 9 2 1 34
38712 3 1 14 2 1 32
38713 3 1 14 2 1 32
38714 3 1 14 2 1 32
38715 2 1 1 31
38716 
38717 3 1 2 2 1 3 1 4 1 35 1 42 1 77
38718 1 6 3 9 1 10 2 17 1 77
38719 1 6 3 9 1 10 2 17 1 77
38720 1 6 5 9 1 10 1 77
38721 1 6 3 9 2 10 1 17 1 24 1 77
38722 1 6 4 9 1 10 1 17 1 77
38723 1 6 4 9 1 10 1 17 1 77
38724 1 6 2 9 3 10 1 17 2 24 1 77
38725 1 6 2 9 3 10 1 17 2 24 1 77
38726 3 1 2 2 1 32
38727 3 1 8 2 1 32
38728 4 2 1 29
38729 1 1 2 2 1 35
38730 2 1 2 2 1 31
38731 3 1 14 2 1 32
38732 1 1 5 2 1 32
38733 1 1 4 2 1 35
38734 2 1 5 2 1 29
38735 2 1 9 2 1 29
38736 3 1 9 2 1 34
38737 
38738 
38739 6 9 3 10 3 17 1 19 1 26
38740 
38741 
38742 
38743 
38744 2 1 3 2 1 29 1 38 1 77
38745 3 1 17 2 1 14 1 22 1 34
38746 3 1 3 2 1 30 1 38 1 77
38747 2 1 3 2 1 38
38748 2 1 3 2 1 38
38749 2 1 6 2 1 29 1 30 1 38 1 77
38750 2 1 6 2 1 33 1 38 1 77
38751 2 1 3 2 4 9 1 12 1 17 1 30 1 38 1 77
38752 4 1 3 2 1 3 1 30 1 38 1 77
38753 3 1 15 2 1 6 1 14 1 22 1 34
38754 2 1 2 2 2 14 1 34
38755 
38756 1 4 8 9 2 10 2 17 2 74
38757 1 1 1 2 1 3 1 14 1 29
38758 1 1 3 2 1 14 1 30
38759 1 1 4 2 1 14 1 30
38760 1 1 2 2 1 3 1 14 1 29
38761 10 9 2 12 1 30 1 77
38762 10 9 2 12 1 30 1 77
38763 3 1 9 2 8 3 2 4 3 14 1 19
38764 3 1 9 2 8 3 2 4 3 14 1 19
38765 3 1 8 2 9 3 2 4 4 14 1 19
38766 3 1 10 2 7 3 2 4 2 14 1 19
38767 3 1 8 2 9 3 2 4 4 14 1 19
38768 3 1 10 2 7 3 2 4 2 14 1 19
38769 
38770 
38771 
38772 1 2 4 3 5 14 1 77
38773 
38774 
38775 
38776 
38777 1 10 5 71 1 94
38778 
38779 1 1 4 2 2 14 1 34
38780 
38781 1 1 9 2 4 9 2 10 1 25 1 100
38782 
38784 2 1 2 2 2 3 1 4 1 8 1 20
38785 1 1 2 2 1 35
38786 1 1 1 35
38787 1 1 6 2 1 35
38788 1 1 4 2 1 35
38789 1 1 1 2 1 35
38790 
38791 
38792 1 1 5 2 1 18 1 103
38793 2 1 14 2 1 19 1 103
38794 2 1 21 2 1 19 1 103
38795 2 1 23 2 1 19 1 103
38796 
38797 2 1 15 2 1 19 1 103
38798 2 1 17 2 1 19 1 103
38799 2 1 19 2 1 19 1 103
38800 2 1 22 2 1 19 1 103
38801 2 1 23 2 1 19 1 103
38802 
38803 
38804 2 1 20 2 1 19 1 103
38805 2 1 21 2 1 19 1 103
38806 2 1 22 2 1 19 1 103
38807 
38808 
38809 
38810 
38811 2 1 17 2 1 19 1 103
38812 2 1 22 2 1 19 1 103
38813 2 1 23 2 1 19 1 103
38814 
38815 
38816 
38817 
38818 
38819 2 1 13 2 1 19 1 103
38820 
38821 2 1 23 2 1 19 1 103
38822 
38823 2 1 20 2 1 19 1 103
38824 2 1 7 2 1 19 1 103
38825 2 2 1 3 1 14 1 27
38826 1 1 8 2 3 9 2 10 1 17 1 18
38827 10 2 1 3 1 34
38828 10 2 1 3 1 34
38829 2 14 2 19 2 30 2 77
38830 
38831 3 1 1 2 1 5 1 84
38832 1 1 8 2 1 34
38833 
38834 
38835 
38836 8 1 10 9 2 10 1 81 3 84
38837 
38838 
38839 
38840 3 1 9 2 3 9 3 10 3 77
38841 
38842 
38843 
38844 
38845 
38846 
38847 
38848 
38849 
38850 
38851 
38852 
38853 
38854 
38855 
38856 
38857 
38858 
38859 
38860 
38861 
38862 
38863 
38864 
38865 
38866 
38867 
38868 
38869 
38870 
38871 1 1 5 2 1 34
38872 
38873 
38874 2 1 2 2 6 9 7 10 1 17 2 34 1 64 1 77 1 103
38875 2 1 2 2 6 9 7 10 1 17 2 34 1 64 1 77 1 103
38876 2 1 2 2 6 9 7 10 1 16 1 17 2 34 1 64 1 77 1 103
38877 
38878 
38879 
38880 7 9 3 10 1 42 1 103
38881 1 1 2 2 5 9 1 12 1 30 1 77
38882 1 1 2 2 5 9 1 12 1 30 1 77
38884 
38885 
38886 
38887 
38888 8 2 3 3 1 33
38889 
38890 
38891 
38892 
38893 
38894 
38895 
38897 
38898 
38899 
38900 
38901 
38902 
38903 
38904 
38908 
38909 5 2 5 9 1 12 1 35
38910 6 2 5 9 1 12 1 35
38911 6 2 5 9 1 12 1 35
38912 7 2 5 9 1 12 1 35
38913 8 2 5 9 1 12 1 35
38914 6 2 5 9 1 12 1 35
38915 7 2 5 9 1 12 1 35 1 64
38916 5 2 5 9 1 12 1 35 1 64
38917 8 2 5 9 1 12 1 35
38918 7 2 5 9 1 12 1 35
38919 5 2 5 9 1 12 1 35
38920 8 2 5 9 1 12 1 35 1 64
38921 6 2 5 9 1 12 1 35 1 64
38922 4 2 5 9 1 12 1 35
38923 4 2 5 9 1 12 1 35
38924 4 2 5 9 1 12 1 35 1 64
38925 4 2 5 9 1 12 1 35
38926 3 2 5 9 1 12 1 35
38927 5 9 1 10 1 29
38928 3 2 5 9 1 12 1 35
38929 5 9 1 12 1 35 1 64
38930 2 2 5 9 1 12 1 35
38931 5 9 1 12 1 35
38932 3 2 5 9 1 12 1 35 1 64
38933 2 2 5 9 1 12 1 35 1 64
38934 1 2 5 9 1 12 1 35 1 64
38935 6 64
38936 6 64
38937 
38938 
38939 
38940 5 9 1 10 1 35 1 64
38941 5 2 5 9 1 12 1 35
38942 3 2 5 9 1 12 1 35
38943 1 2 5 9 1 12 1 35
38944 7 2 5 9 1 12 1 35
38945 8 2 5 9 1 12 1 35
38946 
38947 
38948 
38949 8 1 7 2 4 3 1 35
38950 1 63
38951 
38952 
38953 3 2 1 29 1 30 1 77
38954 1 2 1 14 1 30 1 77
38955 1 1 1 3 1 14 1 30 1 77
38956 
38957 3 1 10 2 1 3 1 19 1 33 1 42
38958 3 1 12 2 1 3 1 19 1 33 1 42
38959 3 1 14 2 1 3 1 19 1 33 1 42
38960 3 1 14 2 1 3 1 19 1 33 1 42
38961 3 1 12 2 1 3 1 19 1 33 1 42
38962 3 1 7 2 1 3 1 19 1 33 1 42
38963 3 1 9 2 1 3 1 19 1 33 1 42
38964 3 1 13 2 1 3 1 19 1 33 1 42
38965 2 1 9 2 1 19 1 33 1 42
38966 2 1 13 2 1 19 1 33 1 42
38967 2 1 11 2 1 19 1 33 1 42
38968 3 1 7 2 1 3 1 19 1 33 1 42
38969 3 1 11 2 1 3 1 19 1 33 1 42
38970 3 1 13 2 1 3 1 19 1 33 1 42
38971 3 1 10 2 1 3 1 19 1 33 1 42
38972 3 1 6 2 1 3 1 19 1 33 1 42
38973 3 1 8 2 1 3 1 19 1 33 1 42
38974 
38975 2 77
38976 1 1 14 2 1 42 1 96
38977 1 1 10 2 1 42 1 96
38978 1 1 12 2 1 42 1 96
38979 1 1 8 2 1 42 1 96
38980 3 1 9 2 1 3 1 19 1 33 1 42
38981 3 1 11 2 1 3 1 19 1 33 1 42
38982 3 1 6 2 1 3 1 19 1 33 1 42
38983 3 1 8 2 1 3 1 19 1 33 1 42
38984 
38985 5 9 1 10 1 25 1 42 1 96
38986 
38987 
38988 
38989 
38990 
38991 
38992 
38993 
38994 
38995 
38996 
38997 
38998 
38999 
39000 
39001 
39002 
39003 
39004 
39005 
39006 
39007 
39008 
39009 
39010 
39011 
39012 
39013 
39014 
39015 
39016 
39017 
39018 
39019 3 1 7 2 3 3 3 4 1 8 1 19 2 77 1 112
39020 
39021 
39022 
39023 
39024 
39025 
39026 
39027 
39028 
39029 
39030 
39031 
39032 
39033 
39034 
39035 
39036 
39037 2 9 4 10 1 20 3 24
39038 
39039 
39040 
39041 
39042 
39043 
39044 
39045 
39046 
39047 
39048 
39049 
39050 
39051 
39052 2 1 3 2 1 34 1 38
39053 2 1 5 2 1 34 1 38
39054 
39055 2 1 7 2 1 34 1 38
39056 2 1 7 2 1 34 1 38
39057 2 1 7 2 1 34 1 38
39058 2 1 7 2 1 34 1 38
39059 
39060 
39061 2 1 4 2 1 3 1 77
39062 2 1 6 2 1 3 1 14 1 28 1 77
39063 2 1 5 2 1 3 1 14 1 35 1 77
39064 3 1 6 2 1 3 1 14 1 31 1 77
39065 1 1 1 2 1 22 1 30 1 42
39066 
39067 
39068 
39069 3 1 21 2 1 34
39070 3 1 21 2 1 34
39071 4 1 8 2 2 3 1 22 1 25 1 99
39072 7 1 29 2 2 3 1 22 1 25 1 34 1 99
39073 
39075 
39076 
39077 2 3 2 14 1 42 1 77
39078 3 1 7 2 2 3 2 14 1 34 1 42 1 77
39079 2 1 2 2 1 3 2 14 1 22 1 34 1 42
39080 2 1 2 2 5 9 1 10 1 14 1 34 1 77
39081 2 1 2 2 1 6 1 14 1 34 1 42 1 77
39082 2 1 2 2 1 6 1 14 1 34 1 42 1 77
39083 2 1 2 2 2 3 3 14 1 34 1 42 1 77
39084 1 14 2 19 1 42
39085 3 2 2 24 1 29
39086 3 9 2 34
39087 1 1 7 2 1 34
39088 1 1 8 2 1 34
39089 
39090 
39091 2 64
39092 2 64
39093 1 2 5 9 1 10 1 14 1 35 1 77
39094 3 2 5 9 1 10 2 14 1 29 1 77
39095 3 2 4 9 1 10 2 14 1 17 1 29 1 77
39096 8 2 1 3 2 14 1 29 1 77
39097 8 2 1 3 2 24 1 29 1 77
39098 7 2 1 3 2 24 1 29 1 77
39099 
39100 1 64
39101 
39102 1 64
39103 
39104 1 64
39105 2 1 16 2 2 34
39106 
39107 
39108 1 3 2 14 1 19 1 42
39109 9 2 3 14 1 33 1 34 1 77
39110 1 1 1 3 1 14 1 77
39111 1 21
39112 1 23
39113 2 1 5 2 1 3 1 32
39114 2 1 2 2 1 14 1 30 1 34 1 60 1 77
39115 2 1 5 2 1 14 1 29 1 30 1 34 1 77
39116 2 1 5 2 1 3 1 32
39117 1 1 1 34 1 77
39118 2 1 1 28 1 34 1 77
39119 
39120 
39121 
39122 
39123 4 9 1 10 1 36 1 77
39124 4 9 1 10 1 36 1 77
39125 4 9 1 10 1 36 1 77
39126 2 1 6 2 3 3 1 4 1 34
39127 2 1 6 2 3 3 1 4 1 34 1 64
39128 2 1 7 2 3 3 1 4 1 34
39129 3 1 7 2 1 34
39130 2 1 11 2 3 3 1 4 1 34
39131 3 1 7 2 1 34
39132 2 1 9 2 3 3 1 4 1 34
39133 2 1 17 2 3 3 1 4 1 34
39134 2 1 13 2 3 3 1 4 1 34
39135 3 1 7 2 1 34
39136 2 1 7 2 3 3 1 4 1 34 1 64
39137 2 1 6 2 3 3 1 4 1 34
39138 2 1 9 2 3 3 1 4 1 34
39139 2 1 17 2 3 3 1 4 1 34
39140 2 1 13 2 3 3 1 4 1 34
39141 2 1 17 2 3 3 1 4 1 34
39142 2 1 9 2 3 3 1 4 1 34 1 64
39143 2 1 17 2 3 3 1 4 1 34 1 64
39144 2 1 13 2 3 3 1 4 1 34 1 64
39145 3 1 7 2 1 34
39146 2 1 15 2 3 3 1 4 1 34
39147 2 1 15 2 3 3 1 4 1 34 1 64
39148 2 1 13 2 3 3 1 4 1 34
39149 2 1 9 2 3 3 1 4 1 34
39150 2 1 7 2 3 3 1 4 1 34
39151 2 1 6 2 3 3 1 4 1 34
39152 2 1 6 2 3 3 1 4 1 34
39153 2 1 6 2 3 3 1 4 1 34
39154 2 1 6 2 3 3 1 4 1 34
39155 2 1 9 2 3 3 1 4 1 34
39156 2 1 9 2 3 3 1 4 1 34
39157 2 1 9 2 3 3 1 4 1 34
39158 2 1 15 2 3 3 1 4 1 34
39159 2 1 15 2 3 3 1 4 1 34
39160 2 1 15 2 3 3 1 4 1 34
39161 2 1 15 2 3 3 1 4 1 34
39162 2 1 15 2 3 3 1 4 1 34
39163 2 1 17 2 3 3 1 4 1 34
39164 2 1 17 2 3 3 1 4 1 34
39165 2 1 17 2 3 3 1 4 1 34
39166 2 1 7 2 3 3 1 4 1 34
39167 2 1 7 2 3 3 1 4 1 34
39168 2 1 7 2 3 3 1 4 1 34
39169 2 1 7 2 3 3 1 4 1 34
39170 2 1 11 2 3 3 1 4 1 34
39171 2 1 11 2 3 3 1 4 1 34
39172 2 1 11 2 3 3 1 4 1 34 1 64
39173 2 1 11 2 3 3 1 4 1 34
39174 2 1 11 2 3 3 1 4 1 34
39175 2 1 11 2 3 3 1 4 1 34
39176 2 1 13 2 3 3 1 4 1 34
39177 2 1 13 2 3 3 1 4 1 34
39178 2 1 13 2 3 3 1 4 1 34
39179 2 1 4 2 1 14 1 30 1 34 1 77 1 102
39180 
39181 
39182 1 64
39183 
39184 
39185 1 64
39186 
39187 
39188 1 64
39189 
39190 
39191 2 64
39192 
39193 
39194 2 64
39195 
39196 
39197 
39198 2 1 2 3 1 4 1 8 1 42 1 69 1 74
39199 2 1 1 2 1 3 1 30 1 77
39200 5 1 8 2 1 3 1 30 1 34 1 77
39201 2 1 1 3 1 30 1 77
39202 3 2 1 33 1 77
39203 5 1 7 2 1 3 1 30 1 34 1 77
39204 3 1 10 2 1 33 1 34 1 77
39205 
39206 
39207 
39208 1 2 2 3 1 14 1 32 1 42
39209 3 1 3 2 1 24 1 35
39210 6 2 1 24 1 34
39211 6 2 1 24 1 34
39212 
39213 
39214 
39215 
39216 
39217 
39218 
39219 
39220 
39221 
39222 
39223 
39224 
39225 15 9 6 10 1 13 2 34
39226 
39227 
39228 
39229 
39230 
39231 
39232 
39233 14 9 6 10 1 11 1 13 2 34
39234 
39235 
39236 
39237 14 9 6 10 1 13 2 34 1 53
39238 
39239 
39240 4 9 1 10 1 17 1 77
39241 
39242 1 74 1 77
39243 
39244 
39245 
39246 1 74 1 77
39247 
39248 
39249 
39250 
39251 1 14
39252 1 29 1 77
39253 1 29 1 77
39254 1 14
39255 1 14
39256 1 1 1 30 1 77
39257 2 1 1 3 1 30 1 77
39258 1 1 1 30 1 77
39259 2 1 1 3 1 30 1 77
39260 1 1 1 30 1 77
39261 1 29 1 77
39262 2 1 1 3 1 30 1 77
39263 
39264 
39265 
39266 
39267 
39268 
39269 
39270 
39271 
39272 
39273 
39274 
39275 
39276 
39277 
39278 
39279 
39280 
39281 
39282 
39283 6 9 3 10 1 12 1 57 1 71
39284 2 2 3 9 2 10 1 34 1 57
39285 1 1 6 9 4 10 1 12 1 34 1 57
39286 
39287 
39288 
39289 
39290 
39291 
39292 
39293 
39294 
39295 5 2 1 14 1 27 1 34
39296 
39297 1 1 1 34 1 45
39298 2 2 1 27 1 29
39299 
39300 2 9 2 34 1 53
39301 2 2 1 27 1 29
39302 
39303 1 1 1 34 1 45
39304 2 9 2 34 1 53
39305 2 1 13 2 1 14 1 22 1 29
39306 3 1 1 2 1 4 1 14 1 29
39307 4 1 10 2 1 4 1 14 1 22 1 29
39308 4 1 14 2 1 4 1 14 1 22 1 29
39309 2 1 17 2 1 14 1 22 1 29
39310 1 1 11 2 5 9 1 14 1 22 1 36
39311 1 1 15 2 5 9 1 14 1 22 1 36
39312 
39313 
39314 6 1 2 3 8 9 2 12 2 13 2 77
39315 10 9 2 10 2 77 2 96
39316 
39317 
39318 1 1 8 2 6 6 1 42
39319 3 1 1 3 4 9 1 12 1 13 1 42
39320 1 1 12 2 2 6 1 42
39321 1 1 10 2 3 6 1 42
39322 1 1 14 2 1 6 1 42
39323 
39324 7 2 4 3 1 19 2 35
39325 1 1 12 2 4 3 1 19 1 22 2 35
39326 1 1 16 2 4 3 1 19 1 22 2 35
39327 1 1 10 2 4 3 1 19 1 22 2 35
39328 1 1 18 2 4 3 1 19 1 22 2 35
39329 1 1 14 2 4 3 1 19 1 22 2 35
39330 
39331 
39332 
39333 
39334 
39335 
39336 
39337 
39338 
39339 
39340 
39341 
39342 
39343 1 1 1 42 1 96 1 104
39344 1 1 3 9 2 10 1 17 1 20 1 25
39345 1 6 3 9 1 10 2 17 1 77
39346 2 16
39347 
39348 
39349 2 1 6 2 1 14 1 25 1 34
39350 2 1 13 2 1 14 1 25 1 34
39351 2 1 9 2 1 14 1 25 1 34
39352 2 1 7 2 1 14 1 25 1 34
39353 2 1 8 2 1 14 1 25 1 34
39354 2 1 10 2 1 14 1 25 1 34
39355 2 1 11 2 1 14 1 25 1 34
39356 2 1 4 2 1 14 1 25 1 34
39357 2 1 3 2 1 14 1 25 1 34
39358 2 1 3 2 1 14 1 25 1 34
39359 3 1 2 2 1 21 1 25 1 35
39360 3 1 2 2 1 21 1 25 1 35
39361 2 1 4 2 1 14 1 25 1 34
39362 2 1 5 2 1 14 1 25 1 34
39363 2 1 5 2 1 14 1 25 1 34
39364 2 1 6 2 1 14 1 25 1 34
39365 2 1 7 2 1 14 1 25 1 34
39366 2 1 8 2 1 14 1 25 1 34
39367 2 1 9 2 1 14 1 25 1 34
39368 2 1 10 2 1 14 1 25 1 34
39369 2 1 11 2 1 14 1 25 1 34
39370 2 1 12 2 1 14 1 25 1 34
39371 2 1 13 2 1 14 1 25 1 34
39372 3 1 3 2 1 21 1 25 1 35
39373 3 1 3 2 1 21 1 25 1 35
39374 3 1 4 2 1 21 1 25 1 35
39375 3 1 4 2 1 21 1 25 1 35
39376 3 1 5 2 1 21 1 25 1 35
39377 3 1 6 2 1 21 1 25 1 35
39378 3 1 6 2 1 21 1 25 1 35
39379 3 1 7 2 1 21 1 25 1 35
39380 3 1 7 2 1 21 1 25 1 35
39381 3 1 8 2 1 21 1 25 1 35
39382 3 1 8 2 1 21 1 25 1 35
39383 3 1 9 2 1 21 1 25 1 35
39384 3 1 9 2 1 21 1 25 1 35
39385 3 1 10 2 1 21 1 25 1 35
39386 3 1 10 2 1 21 1 25 1 35
39387 3 1 11 2 1 21 1 25 1 35
39388 3 1 11 2 1 21 1 25 1 35
39389 3 1 12 2 1 21 1 25 1 35
39390 3 1 12 2 1 21 1 25 1 35
39391 8 1 4 3 4 25 1 81
39392 8 1 4 2 4 26 1 81
39393 8 1 5 2 4 3 3 25 1 84
39394 8 1 8 2 4 26 1 81
39395 8 1 9 2 4 3 3 25 1 84
39396 
39397 8 1 5 2 4 3 3 25 1 84
39398 
39399 
39400 4 1 11 2 1 35
39401 5 1 20 2 1 22 1 35
39402 5 1 24 2 1 6 1 22 1 35
39403 5 1 22 2 1 22 1 35
39404 5 1 24 2 1 22 1 35
39405 
39406 
39407 
39408 1 64
39409 1 63
39410 
39411 1 21
39412 
39413 
39414 
39415 3 2 1 33 1 77
39416 
39417 
39418 
39419 
39420 
39421 
39422 
39423 
39424 
39425 
39426 
39427 3 1 22 2 1 34 1 64
39428 
39429 
39430 
39431 1 64
39432 2 1 5 9 1 10 1 34
39433 2 1 5 9 1 10 1 34
39434 3 1 22 2 1 34
39435 4 1 5 2 1 4 2 34 1 35
39436 3 1 22 2 1 34
39437 4 1 11 2 1 4 2 34 1 35
39438 
39439 
39440 3 1 2 2 5 9 1 12 1 35
39441 
39442 
39443 1 1 2 2 1 4 4 5 1 34 2 35
39444 1 1 2 2 1 4 4 5 1 34 2 35
39445 1 1 2 2 1 4 4 5 1 34 2 35
39446 5 1 2 2 1 4 2 7 1 34 2 35
39447 5 1 4 2 3 4 1 34 2 35 4 64
39448 5 1 4 2 3 4 1 34 2 35 4 64
39449 5 1 2 2 1 4 2 7 1 34 2 35
39450 4 1 5 2 1 4 2 34 1 35 1 63
39451 4 1 11 2 1 4 2 34 1 35 1 63
39452 
39453 
39454 4 1 5 2 1 4 2 34 1 35
39455 
39456 
39457 
39458 
39459 
39460 1 2 5 9 1 12 1 33 1 42 1 77 1 94
39461 1 1 6 2 3 14 1 22 1 32
39462 
39463 2 64
39464 
39465 2 64
39466 3 1 15 2 1 23 1 34
39467 2 1 11 2 1 22 1 34
39470 
39471 
39472 
39473 
39474 
39475 
39476 
39477 
39478 
39479 1 1 1 2 1 3 5 9 1 12 1 14
39480 1 1 2 2 5 9 1 13 1 14
39481 1 1 1 2 4 9 1 11 1 13 1 14
39482 5 1 24 2 1 22 1 35
39483 5 1 32 2 1 22 1 35
39484 7 2 1 14 1 34
39485 7 2 1 14 1 34
39486 
39487 
39488 2 64
39489 2 64
39490 
39491 2 64
39492 4 1 9 2 1 35
39493 5 2 1 14 1 27 1 34
39494 7 2 1 14 1 34
39495 7 2 1 14 1 34
39496 1 1 3 2 1 37
39497 1 1 5 2 1 37
39498 4 1 7 2 1 35
39499 4 1 7 2 1 35
39500 1 1 12 2 1 27 1 34
39501 3 1 9 2 1 21 1 34
39502 4 1 3 2 1 21 1 35
39503 1 21
39504 3 16
39505 1 16
39506 
39507 
39508 3 1 2 3 1 4 1 8 8 9 3 10 1 12 1 69 1 74 1 77
39509 
39510 2 2 2 22
39511 2 77
39512 3 2 2 22
39513 2 2 2 22
39514 3 2 2 22
39515 2 77
39516 2 22
39517 2 77
39518 3 2 2 22
39519 1 22 1 77
39520 1 22 1 77
39521 2 22
39522 1 2 2 22
39523 2 2 4 9 1 10 1 14 1 17 1 28 1 77
39524 1 1 3 2 4 9 1 10 1 14 1 17 1 29 1 77
39525 1 1 4 2 4 9 1 10 1 14 1 17 1 29 1 77
39526 
39527 1 21
39528 1 1 3 2 1 4 2 14 1 42
39529 3 1 18 2 1 21 1 34
39530 4 1 19 2 1 22 1 34
39531 4 1 21 2 1 22 1 34
39532 4 1 23 2 1 22 1 34
39533 4 1 25 2 1 22 1 34
39534 3 1 11 2 1 22 1 35
39535 6 2 3 14 1 34
39536 4 9 2 10 1 24 1 77
39537 4 9 2 10 1 64 1 77
39538 4 9 2 10 1 24 1 77
39539 4 9 2 10 1 64 1 77
39540 
39541 
39542 
39543 1 1 8 2 1 34
39544 2 16
39545 2 2 2 32
39546 1 1 1 3 1 14 1 30 1 77
39547 1 1 1 3 1 14 1 30 1 77
39548 
39549 
39550 
39551 
39552 1 1 6 2 4 3 1 4 3 9 3 10 2 14
39553 1 1 7 2 1 6 1 20
39554 1 16
39555 
39556 
39557 
39558 
39559 3 9 3 10 1 20 2 24
39560 1 1 3 9 3 10 1 20 1 24 1 25
39561 3 9 1 10 2 17 1 20
39562 3 9 3 10 1 20 2 64
39563 2 1 1 3 4 9 2 10 1 20 1 25 1 77
39564 3 9 2 10 1 17 1 20 1 64
39565 
39566 
39567 
39568 4 1 3 2 1 35
39569 
39570 3 1 5 2 1 3 1 4
39571 10 2 2 64
39572 1 39 1 42 1 64
39573 2 1 7 2 2 3
39574 
39575 
39576 
39577 4 2 1 4 2 35
39578 4 2 1 4 2 35
39579 4 2 1 4 2 35
39580 
39581 
39582 4 2 1 4 2 35
39583 
39584 4 2 1 4 2 35
39585 
39586 4 2 1 4 2 35
39587 4 2 1 4 2 35
39588 
39589 
39590 
39591 1 1 1 77 1 96
39592 2 1 6 2 1 4 6 9 6 10 2 64
39593 2 1 6 2 1 27 1 34 1 77 1 96
39594 2 1 8 2 1 27 1 34 1 77 1 96
39595 2 1 10 2 1 27 1 34 1 77 1 96
39596 2 1 12 2 1 27 1 34 1 77 1 96
39597 2 1 14 2 1 27 1 34 1 77 1 96
39598 
39599 
39600 
39601 
39602 
39603 
39604 
39605 
39606 
39607 
39608 
39609 
39610 5 2 2 22 2 35
39611 
39612 
39613 
39614 2 64
39615 
39616 
39617 4 1 12 2 2 3
39618 4 1 16 2 2 3
39619 1 1 4 2 2 3 1 5
39620 
39621 
39622 1 1 4 2 1 22 1 94
39623 
39624 1 14 1 19 1 30 1 77
39625 2 2 1 30 1 42 1 77
39626 
39627 
39628 
39629 
39630 
39631 
39632 
39633 
39634 
39635 
39636 
39637 
39638 
39639 
39640 2 1 3 2 1 19 1 33 1 42
39641 4 1 8 2 1 3 1 19 1 33 2 35 1 42
39642 
39643 
39644 6 2 1 3 2 9 3 10 1 34 1 36 2 64
39645 6 2 1 3 2 9 3 10 1 34 1 36 2 64
39646 4 2 2 3 2 9 3 10 1 14 1 32 1 36 2 64
39647 4 2 2 3 2 9 3 10 1 14 1 32 1 36 2 64
39648 2 1 1 7 1 22 1 77
39649 2 1 3 2 1 7 2 77
39650 2 1 5 2 1 7 2 77
39651 2 1 7 2 1 7 2 77
39652 4 1 2 3 1 7 1 22 1 77
39653 2 1 5 2 1 7 1 77
39654 9 2 4 3 2 109
39655 
39656 
39657 1 14 1 19 1 30 1 77
39658 
39659 
39660 
39661 1 64
39662 1 64
39663 1 64
39664 
39665 
39666 
39667 
39668 
39669 
39670 
39671 
39672 
39673 
39674 
39675 
39676 
39677 
39678 1 74 6 75 1 77
39679 3 1 2 2 3 3 1 19
39680 3 1 3 2 1 3 1 4 1 8 1 14
39681 2 1 3 2 2 3 1 6 1 19 1 22
39682 
39683 2 2 2 3 2 19
39684 2 1 2 2 1 14 1 34
39685 
39686 3 1 2 2 1 14 1 30 1 34 1 77
39687 
39688 
39689 
39690 
39691 1 64
39692 
39693 
39694 2 1 2 2 1 14 1 34 1 74 1 77
39695 
39696 
39697 
39698 
39699 
39700 
39701 
39702 
39703 
39704 
39705 
39706 
39707 1 1 5 9 1 10 1 30
39708 1 1 5 9 1 10 1 16 1 30
39709 3 9 1 10 1 17 1 36 1 42
39710 1 1 15 2 1 34
39711 1 1 9 2 1 34
39712 1 1 11 2 1 34
39713 
39714 
39715 1 1 7 2 1 34
39716 
39717 
39718 
39719 
39720 
39721 
39722 
39723 5 16
39724 
39725 4 16
39726 
39727 1 63
39728 1 63
39729 
39730 
39731 1 63
39732 
39733 
39734 
39735 6 2 3 14 1 34
39736 2 1 2 2 1 14 1 34
39737 1 1 4 2 2 14 1 34
39738 
39739 2 64
39740 
39741 2 64
39742 
39743 2 64
39744 
39745 2 64
39746 
39747 2 64
39748 
39749 2 64
39750 
39751 
39752 1 1 1 3 1 14 1 21 1 35
39753 1 1 1 3 1 14 1 35 1 51 1 77
39754 1 1 1 3 1 14 1 22 1 35 1 44
39755 1 1 1 3 1 14 1 35 1 44 1 77
39756 1 1 1 2 1 3 1 14 1 22 1 35 1 44
39757 
39758 4 74 1 75 2 76
39759 1 1 1 2 1 35
39760 
39761 
39762 
39763 
39764 
39765 
39766 
39767 
39768 
39769 
39770 
39771 
39772 
39773 
39774 
39775 
39776 
39777 
39778 
39779 
39780 
39783 
39784 
39785 
39786 
39787 
39788 
39789 3 9 3 10 2 14 1 19 1 24
39790 
39791 
39792 1 1 9 2 1 5 1 22
39793 1 1 2 7 1 77
39794 
39795 
39796 
39797 
39798 
39799 
39800 
39801 1 4 7 9 2 10 1 12 2 32
39802 1 4 7 9 2 10 1 12 2 32
39803 
39804 1 3 2 14 1 19 1 42
39805 1 1 5 2 1 21 1 37
39806 1 1 4 2 1 21 1 37
39807 1 14 1 38
39808 1 2 1 14 1 38
39809 1 14 1 38
39810 1 14 1 38
39811 1 14 1 38
39812 1 2 1 14 1 38
39813 2 2 1 14 1 38
39814 2 2 1 14 1 38
39815 2 2 1 14 1 38
39816 2 2 1 14 1 38
39817 1 2 1 14 1 38
39818 1 2 1 14 1 38
39819 6 2 3 3 1 4 1 6 2 9 4 10 1 14 2 25 1 26 1 34 1 35
39820 
39821 1 1 5 9 1 13 1 42
39822 8 1 3 4
39823 1 1 1 6 1 63
39824 
39825 1 42 2 75
39826 
39827 1 2 1 18 1 64
39828 4 1 3 2 2 3 2 4 1 25
39829 2 1 2 75
39830 4 9 2 10 1 21 1 77
39831 3 9 1 10 1 11 1 25 1 53 1 77
39832 3 1 2 2 3 3 3 14 1 32
39833 3 1 2 2 3 3 3 9 1 10 1 11 3 14 1 25 1 32 1 53 1 77
39834 3 1 2 2 3 3 5 9 1 10 3 14 1 32 1 77
39835 3 1 2 2 3 3 1 6 5 9 1 10 3 14 1 32 1 77
39836 6 1 4 2 6 3 6 14 2 22 2 32
39837 3 1 2 2 3 3 4 9 1 10 3 14 1 17 1 32 1 77
39838 3 1 2 2 3 3 4 9 2 10 3 14 1 21 1 32 1 77
39839 3 1 2 2 3 3 3 14 1 32 1 38 1 77
39840 3 1 2 2 3 3 3 14 1 22 1 32 1 42
39841 6 1 4 2 6 3 6 14 1 22 2 32 1 77
39842 3 1 2 2 3 3 3 14 1 32 1 42 1 77
39843 6 1 4 2 7 3 7 14 1 22 2 32 1 77
39844 2 1 1 3 4 9 2 10 1 19 1 35 1 77
39845 1 1 1 3 5 9 1 10 1 19 1 35 1 77
39846 1 1 1 3 4 9 1 10 1 19 1 35 1 53 1 77
39847 2 1 1 3 4 9 2 10 1 19 1 35 1 77
39848 1 1 1 3 4 9 2 10 1 19 1 24 1 35 1 77
39849 1 1 1 3 4 9 1 10 1 17 1 19 1 35 1 77
39850 
39851 
39852 
39853 1 1 1 3 3 9 1 10 1 19 1 35 1 53 1 71 1 77
39854 1 1 1 3 4 9 1 10 1 19 1 35 1 57 1 77
39855 
39856 
39857 
39858 
39859 
39860 
39861 
39862 1 1 19 2 1 34
39864 
39865 
39866 
39867 
39868 
39869 
39870 
39871 
39872 1 1 15 2 1 22 5 25
39873 1 1 15 2 1 22 5 25
39874 2 2 1 16 2 32
39875 
39876 3 1 18 2 1 23 1 34
39877 1 1 3 2 1 4 1 21 3 35
39878 
39879 
39880 1 64
39881 
39882 
39883 
39884 
39885 
39886 
39887 
39888 
39889 
39890 
39891 
39892 
39893 
39894 
39895 2 1 10 2 2 35
39896 2 1 12 2 2 35
39897 2 1 14 2 2 35
39898 2 1 16 2 2 35
39899 2 1 18 2 2 35
39900 2 1 10 2 2 35
39901 2 1 12 2 2 35
39902 2 1 14 2 2 35
39903 2 1 16 2 2 35
39904 2 1 18 2 2 35
39905 
39906 1 1 15 2 4 9 1 10 1 17 1 37 1 77
39907 1 1 1 30 1 77
39908 
39909 
39910 3 2 1 29 1 30 1 77
39911 2 1 1 3 1 30 1 77
39912 3 2 1 33 1 77
39913 1 29 1 77
39914 1 1 6 2 3 3
39915 4 9 1 12 1 17 1 30 1 42
39916 1 1 4 9 1 10 1 57 1 77
39917 2 1 3 2 1 3 1 29
39918 2 1 2 2 1 3 1 29
39919 3 1 1 2 2 3 1 31
39920 2 1 8 2 1 30
39921 2 1 10 2 1 30
39922 2 1 6 2 1 30
39923 3 1 2 2 1 33
39924 
39925 
39926 6 10 6 74
39927 
39928 6 16
39929 4 16
39930 3 9 1 10 1 17 1 42 1 57
39931 6 4 6 74
39932 4 4 1 70 6 74
39933 2 4 2 70 6 74
39934 
39935 
39936 
39937 
39938 
39939 3 9 2 10 1 17 1 18 1 24
39940 1 1 3 2 1 35
39941 2 16
39942 1 16
39943 1 1 3 2 2 32
39944 
39945 
39946 4 2 1 3 1 4 1 6 2 9 4 10 1 14 1 24 1 26 1 34
39947 2 1 2 2 2 22
39948 2 1 8 2 2 22
39949 2 1 2 2 2 22
39950 
39951 
39952 
39953 
39954 1 64
39955 
39956 
39957 
39958 
39959 1 1 4 2 1 27 1 34
39960 1 1 5 2 1 34
39961 8 1 4 26
39962 4 1 4 2 4 25
39963 
39964 3 1 4 2 3 3
39965 4 1 2 2 4 3
39966 1 1 5 2 3 3
39967 9 2 4 3
39968 3 1 6 2 3 3
39969 3 1 4 2 3 3
39970 2 1 7 2 2 3
39971 1 1 2 2 12 9 5 10 1 17 1 25 1 77
39972 
39973 1 52
39974 1 40
39975 1 58
39976 1 58
39977 1 15
39978 1 1 1 2 1 14
39979 1 50
39980 
39981 
39982 
39983 
39984 
39985 
39986 3 1 8 2 1 35 1 100
39987 2 1 3 9 2 10 1 26 1 53 1 77
39988 5 1 8 2 3 9 2 10 1 26 1 35 1 53 1 77 1 100
39989 2 9 2 10 1 24 2 53 1 77
39990 3 1 8 2 2 9 2 10 1 24 1 35 2 53 1 77 1 100
39991 3 1 8 2 3 9 1 10 1 11 1 25 1 35 1 53 1 77 1 100
39992 3 1 16 2 1 35 1 100
39993 5 1 16 2 3 9 2 10 1 26 1 35 1 53 1 77 1 100
39994 3 1 16 2 2 9 2 10 1 24 1 35 2 53 1 77 1 100
39995 3 1 16 2 3 9 1 10 1 11 1 25 1 35 1 53 1 77 1 100
39997 1 16
39998 1 63
39999 
40000 
40001 
40002 
40003 
40004 
40005 
40006 
40007 
40008 
40009 
40010 3 9 2 34
40011 
40012 
40013 
40014 
40015 
40016 
40017 
40018 3 9 2 34 1 74 1 77
40019 1 74 1 77
40020 1 74 1 77
40021 1 74 1 77
40022 1 74 2 75 1 77
40023 3 9 1 10 2 57 1 77
40024 
40025 
40026 
40027 
40028 
40029 
40030 
40031 
40032 
40033 
40034 1 1 1 42 1 45
40035 
40036 2 1 3 2 1 25 2 26
40037 2 2 1 24 1 37
40038 2 2 1 24 1 37
40039 2 2 1 24 1 37
40040 4 9 1 10 1 36 1 77
40041 4 9 1 10 1 17 1 77
40042 4 9 1 10 1 36 1 77
40043 4 9 1 10 1 17 1 77
40044 
40045 
40046 
40047 
40048 
40049 
40050 
40051 
40052 4 1 3 2 1 35
40053 2 1 2 2 1 14 1 34
40054 1 64 2 75
40055 
40056 
40057 
40058 
40059 
40061 
40062 
40063 12 9 8 10 2 100
40064 
40065 
40066 2 1 13 2 1 3 1 20
40067 3 1 1 4 1 78
40068 6 1 6 2 4 3
40069 1 1 20 2 4 9 2 10 1 21 1 34 1 77
40070 1 1 20 2 1 34
40071 1 1 20 2 1 14 1 34
40072 1 1 15 2 4 9 2 10 1 21 1 37 1 77
40073 1 1 15 2 1 14 1 37
40074 
40075 2 38 2 94
40076 
40077 1 29 1 77
40078 1 1 1 30 1 77
40079 1 1 1 3 1 14 1 30 1 77
40080 1 1 13 2 2 6 1 64
40081 
40082 
40083 3 64
40084 5 64
40085 9 64
40086 2 1 8 2 1 4 5 9 1 10 1 25 1 35 1 77
40087 2 1 8 2 2 4 5 9 1 10 3 14 2 19 1 25 1 35 1 42 1 77
40088 
40089 1 6 2 9 4 10 3 24 1 42
40090 2 16 1 29 1 42
40091 3 2 1 16 1 33 1 42
40092 
40097 
40098 
40099 
40100 
40101 
40102 
40103 
40104 
40105 
40106 
40107 
40108 
40109 
40110 1 1 1 3 1 14 1 77
40111 
40112 1 1 2 2 1 29 1 34 1 38
40113 1 1 2 2 1 29 1 34 1 38
40114 1 1 1 3 1 42 1 77
40115 1 1 1 3 1 42 1 77
40116 
40117 
40118 
40119 
40120 1 74 1 77
40121 
40122 
40123 2 1 3 2 1 38
40124 
40125 
40126 
40127 1 23
40128 5 2 1 29 1 34
40129 5 2 1 29 1 34
40130 
40131 
40132 
40133 
40134 
40135 
40136 
40137 
40138 
40139 
40140 
40141 3 1 2 2 1 4 1 33 1 42 1 77 1 94
40142 1 1 3 2 1 14 1 22
40143 2 1 2 2 2 77
40144 2 1 3 2 2 77
40145 2 1 5 2 2 77
40146 1 1 8 2 1 14 1 22
40147 2 1 4 2 2 77
40148 2 1 9 2 2 77
40149 
40150 1 1 1 22 1 77
40159 
40160 
40161 3 9 1 10 1 36 1 42 1 57
40162 
40163 
40164 
40165 
40166 1 1 10 2 1 29
40167 
40168 1 1 10 2 1 29
40171 
40172 
40173 
40174 
40175 
40176 5 9 2 10 2 34
40177 
40178 
40179 
40180 6 9 3 10 1 12 2 71
40181 7 9 3 10 1 12 1 71
40182 7 9 4 10 1 12 1 63
40183 6 9 3 10 1 12 2 53
40184 6 9 5 10 1 12 2 63
40185 
40186 
40187 
40188 
40189 
40190 
40191 
40192 
40193 
40194 3 1 5 2 1 3 1 81
40195 3 1 1 5 1 25 1 81
40196 1 1 5 2 1 34
40197 
40198 
40199 2 64
40200 
40201 1 1 17 2 1 5 1 77
40202 
40203 
40204 
40205 2 64
40206 
40207 1 1 7 2 4 9 2 10 1 19 1 25 1 35
40208 1 1 7 2 4 9 2 10 1 19 1 25 1 35
40209 4 9 1 13 1 14 1 19 1 29 1 53
40210 
40211 
40212 
40221 1 1 1 2 1 6 1 14
40222 
40223 1 14 1 77
40224 
40225 
40226 
40227 
40228 
40229 
40230 
40231 
40232 
40233 10 16
40234 
40235 
40236 3 1 7 2 1 3 2 77
40237 
40238 
40239 
40240 
40241 
40242 3 1 2 2 1 4 1 5 1 25 1 66
40243 
40244 
40245 
40246 
40247 
40248 
40249 6 1 2 4 2 8 2 42
40250 
40251 
40252 
40253 
40254 
40255 
40256 
40257 
40258 
40259 
40260 
40261 
40262 5 2 2 22
40263 
40264 4 9 1 10 1 17 1 77
40265 2 1 3 2 8 9 2 10 1 17 1 32 1 36 2 77
40266 
40267 6 2 1 4 2 35
40268 
40269 
40270 
40271 
40272 3 2 1 20 1 26
40273 2 2 1 3 1 20 1 27
40274 
40275 
40276 
40277 
40278 
40279 
40280 
40281 
40282 2 1 7 2 3 3 3 4 1 8 1 14 1 19 1 65
40283 
40284 1 1 1 22
40285 1 1 1 3 1 14 1 30 1 77
40286 
40287 3 1 6 2 2 3 1 7 1 8 1 9 3 10 2 17 1 42
40288 4 1 7 2 2 8 1 9 3 10 2 17 1 42
40289 
40290 
40291 
40292 
40293 
40294 
40295 
40296 
40297 
40298 
40299 3 1 4 2 2 3 1 7 1 8 2 9 2 10 2 17
40300 1 1 11 2 4 6 1 14 1 96
40301 1 1 11 2 1 3 4 6 2 14 1 22
40302 
40303 
40304 2 1 2 2 1 3 1 77
40305 6 1 13 2 1 3 1 35 1 77
40306 3 9 3 10 1 20 2 24
40307 3 9 3 10 1 20 2 24
40308 3 9 2 10 1 17 2 24
40309 3 9 3 10 1 20 2 24
40310 3 9 2 10 1 17 2 24
40311 
40312 2 16
40313 
40314 2 16
40316 
40317 
40318 
40319 
40320 
40321 2 1 1 3 1 14 1 22 1 77
40322 2 1 3 2 1 3 1 14 2 77
40323 2 1 5 2 1 3 1 14 2 77
40324 2 1 7 2 1 3 1 14 2 77
40325 2 1 9 2 1 3 1 14 2 77
40326 
40327 3 1 7 2 7 3 1 6 1 8 1 14 2 77
40328 1 1 4 2 9 9 3 10
40329 
40330 
40331 9 9 5 10 1 64
40332 9 9 4 10 1 53
40333 8 9 3 10 1 13 1 64
40334 8 9 4 10 1 45
40335 8 9 6 10 2 64
40336 11 9 7 10 1 64
40337 10 9 8 10 2 64
40338 2 2 1 3 3 24
40339 1 21 1 37
40340 1 23 1 37
40341 1 1 1 22 1 37
40342 
40343 6 2 1 24 1 34
40344 
40345 1 1 7 2 1 34
40346 
40347 
40348 2 64
40349 
40350 
40351 
40352 
40353 
40354 
40355 
40356 
40357 
40358 5 2 2 3 2 64
40359 
40360 
40361 
40362 
40363 
40364 
40365 
40366 
40367 
40368 
40375 1 5 5 9 1 10 1 77
40376 1 1 5 2 1 5 1 22
40377 1 5 1 74 5 75
40378 3 1 12 2 1 35 1 100
40379 3 1 12 2 1 35 1 64 1 100
40380 3 1 8 2 1 35 1 64 1 100
40381 3 1 16 2 1 35 1 64 1 100
40382 
40383 1 64
40384 
40385 1 64
40386 
40387 1 64
40388 
40389 
40390 
40391 
40392 
40393 
40394 1 1 13 2 1 37
40395 1 1 13 2 5 9 1 13 1 14 1 37 1 77
40396 
40397 1 1 15 2 5 9 1 13 1 14 1 37 1 77
40398 1 6 3 75
40399 1 1 5 2 1 34
40400 1 16
40401 
40402 
40403 
40404 
40405 
40406 2 1 1 3 1 30 1 42 2 96
40407 
40408 
40409 3 1 1 4 1 100
40410 3 1 3 2 1 104
40411 2 1 2 2 1 3 1 60
40412 2 1 2 2 1 3 1 60
40413 1 1 3 2 1 3 1 104
40414 1 1 3 2 1 3 1 104
40415 
40416 3 1 1 2 1 3 1 104
40417 3 1 1 2 1 3 1 104
40418 2 1 2 2 1 104
40419 4 1 1 2 1 3 1 104
40420 5 1 1 4 1 104
40421 8 2 1 3 1 104
40422 
40423 
40424 
40425 4 16
40426 
40427 
40428 
40429 
40430 
40431 1 6 1 42 1 77
40432 1 22 1 77
40433 
40434 
40435 
40436 
40437 1 64
40438 
40439 1 1 7 2 1 37
40440 1 1 9 2 1 37
40441 1 1 11 2 1 37
40442 4 1 9 2 1 4 2 34 1 35
40443 4 1 9 2 1 4 2 34 1 35
40444 4 1 9 2 1 4 2 34 1 35
40445 
40446 
40447 4 9 1 10 1 16 1 42 1 57
40448 4 1 15 2 1 3 1 14 1 22 1 35
40449 4 1 15 2 1 3 1 14 1 22 1 35 1 64
40450 4 1 17 2 1 3 1 14 1 22 1 35
40451 4 1 17 2 1 3 1 14 1 22 1 35 1 64
40452 1 29 1 77
40453 3 1 17 2 1 22 1 34
40454 3 1 17 2 1 22 1 34 1 64
40455 3 1 15 2 1 22 1 34 1 64
40456 3 1 9 2 1 22 1 34
40457 3 1 9 2 1 22 1 34 1 64
40458 3 1 11 2 1 22 1 34 1 64
40459 3 1 13 2 1 22 1 34 1 64
40460 4 1 7 2 1 3 1 14 1 22 1 35
40461 4 1 7 2 1 3 1 14 1 22 1 35 1 64
40462 4 1 9 2 1 3 1 14 1 22 1 35
40463 4 1 9 2 1 3 1 14 1 22 1 35 1 64
40464 4 1 11 2 1 3 1 14 1 22 1 35
40465 4 1 11 2 1 3 1 14 1 22 1 35 1 64
40466 4 1 13 2 1 3 1 14 1 22 1 35
40467 4 1 13 2 1 3 1 14 1 22 1 35 1 64
40468 3 1 7 2 1 22 1 34
40469 3 1 7 2 1 22 1 34 1 64
40470 
40471 
40472 
40473 
40474 
40475 
40476 
40477 
40478 
40479 
40480 4 1 11 2 1 35
40481 3 1 9 2 1 34
40482 3 1 20 2 4 9 2 10 1 32 1 42 1 77
40483 3 1 20 2 1 14 1 19 1 22 1 32
40484 3 1 23 2 1 22 1 32 1 42
40485 5 2 1 22 1 42
40486 3 1 25 2 1 22 1 32 1 42
40487 7 2 1 22 1 42
40488 3 1 27 2 1 22 1 32 1 42
40489 
40490 
40491 
40492 
40493 
40494 
40495 1 6 7 9 4 10 1 17 2 24
40496 2 1 5 9 1 12 1 34
40497 10 2 2 27 2 34
40498 10 2 2 27 2 34
40499 12 2 2 27 2 34
40500 12 2 2 27 2 34
40501 14 2 2 27 2 34
40502 14 2 2 27 2 34
40503 
40504 8 2 3 3 1 5
40505 8 2 3 3 1 5
40506 1 1 4 9 2 10 1 20 1 25
40507 2 1 2 3 2 14 2 77
40508 14 2 1 19
40509 16 2 1 19
40510 17 2 1 19
40511 1 14 1 19 1 35
40512 1 14 1 19 1 35
40513 2 14 2 19 2 35
40514 2 2 1 35 1 42
40515 2 2 1 35 1 42
40516 4 2 2 35 2 42
40517 4 2 1 35 1 42
40518 4 2 1 35 1 42
40519 8 2 2 35 2 42
40520 9 9 3 10 1 107
40521 9 9 3 10 1 107
40522 10 9 2 10 1 108
40523 4 9 2 10 2 107
40524 5 9 1 10 2 108
40525 
40526 1 5
40527 1 23
40528 2 1 3 2 2 3 1 4 1 8 1 14
40529 2 1 4 2 2 3 1 4 1 8 1 21
40530 1 1 4 2 1 3 1 7 1 8 1 14
40531 
40532 2 64
40533 
40534 2 64
40535 
40536 2 64
40537 
40538 
40540 2 1 3 2 1 35 1 37
40541 2 1 3 2 1 35 1 37
40542 
40543 
40544 
40547 
40548 
40549 
40550 
40551 
40552 
40553 1 1 1 7
40554 
40555 
40556 
40557 
40558 
40559 
40560 
40561 
40562 
40564 
40565 
40566 
40567 
40568 
40569 
40570 
40571 
40572 
40573 
40574 
40575 5 1 10 2 2 3 1 99
40576 6 9 3 10 1 17 1 77
40577 3 2 6 9 3 10 2 14 1 17 1 29 1 77
40578 4 9 1 10 1 11 1 25 1 77
40579 3 2 4 9 1 10 1 11 2 14 1 25 1 29 1 77
40580 3 2 2 14 1 29 1 42 1 77
40581 
40582 
40583 
40584 
40585 
40586 
40587 
40588 
40589 
40590 
40591 
40592 
40593 
40594 
40595 
40596 
40597 
40598 
40599 
40600 
40601 
40602 
40603 
40604 
40605 4 2 4 9 1 10 2 14 1 17 1 34 1 42
40606 1 2 4 9 1 10 1 14 1 17 1 29 1 42
40607 9 9 1 10 1 17 1 36 1 42
40608 5 9 1 14 1 18 1 36
40609 5 9 1 36 1 43
40610 4 2 5 9 1 10 2 14 1 34 1 42
40611 10 9 1 10 1 36 1 42
40612 8 2 1 3 2 14 1 34 1 42
40613 5 2 1 3 5 9 1 36 1 42
40614 9 2 1 3 2 14 1 34 1 42
40615 1 1 4 9 1 10 1 17 1 25 1 29 1 42
40616 7 2 2 42
40617 21 2 6 42
40618 4 1 11 2 1 35
40619 
40620 
40621 
40622 
40623 
40624 
40625 
40626 
40627 
40628 
40629 
40630 
40631 
40632 
40633 
40634 
40635 
40636 
40637 
40638 
40639 
40640 
40641 
40642 
40643 
40644 
40645 
40646 
40647 
40648 
40649 
40650 
40651 
40652 
40653 
40654 
40655 
40656 
40657 1 74 1 77
40658 1 74 1 77
40659 1 74 1 77
40660 1 74 1 77
40661 
40662 
40663 
40664 
40665 
40666 
40667 
40668 
40669 2 1 10 2 1 4 6 9 6 10 2 64
40670 
40671 
40672 2 1 14 2 2 22 2 25
40673 
40674 
40675 2 64 1 79
40676 
40677 
40678 
40679 
40680 
40681 
40682 
40683 
40684 
40685 1 1 7 2 1 34
40686 
40687 
40688 
40689 6 2 1 3 2 14 1 34
40690 6 2 1 3 2 14 1 34
40691 2 1 5 2 1 4 1 26 1 27 1 34
40692 2 1 5 2 1 4 1 26 1 27 1 34
40693 
40694 
40695 
40696 3 2 1 26 1 77
40697 4 1 14 2 1 26 1 35 1 77
40698 
40699 4 1 11 2 1 35
40700 1 77 1 107
40701 1 77 1 107
40702 3 2 1 26 1 77
40703 
40704 4 1 11 2 1 35 1 77 1 107
40705 2 2 1 3 3 42
40706 7 1 3 2 2 35 1 81 2 84
40707 7 1 3 2 2 21 2 35 1 81 2 84
40708 9 1 3 2 2 22 2 35 1 81 2 84
40709 9 1 5 2 2 22 2 35 1 81 2 84
40710 
40711 
40712 
40713 
40714 
40715 
40716 
40717 
40718 
40719 
40720 
40721 3 2 1 33 1 77
40722 
40723 3 2 1 33 1 77
40724 
40725 3 2 1 33 1 77
40726 
40727 
40730 
40731 3 64 1 80
40732 
40733 
40734 
40735 
40736 
40737 
40738 
40739 3 9 1 10 2 17 1 18
40740 2 22
40741 7 1 2 2 1 8 1 81 2 84 2 100
40742 2 1 6 2 1 27 2 34
40743 3 1 2 2 1 35 1 37
40744 
40745 2 64
40746 
40747 
40748 4 9 2 10 1 14 1 19 1 74
40749 3 9 1 36 1 53 1 71
40750 3 9 1 10 1 36 1 64 1 71
40751 5 1 10 2 6 3 2 4 2 8 1 14
40752 4 9 2 10 1 42 1 74
40753 1 6 4 9 1 10 1 42 1 71
40754 3 9 1 12 1 42 2 71
40755 1 6 4 9 2 10 1 42 1 74
40756 
40757 
40758 3 9 1 12 1 42 2 71
40759 3 2 2 35
40760 2 63 1 64
40761 4 2 8 9 4 10 2 35 4 77
40764 
40765 
40766 
40767 
40768 
40769 
40770 6 77
40773 6 1 3 2 3 10 3 35
40774 12 2 3 10 3 35
40775 12 2 3 10 3 35
40776 3 1 9 2 3 10 3 34
40777 3 1 9 2 3 10 3 34
40778 6 1 9 2 3 10 3 35
40779 6 1 9 2 3 10 3 35
40780 6 1 15 2 3 10 3 35
40781 6 1 15 2 3 10 3 35
40782 
40783 
40784 
40785 
40786 
40787 
40788 6 1 3 2 3 10 3 35
40789 12 2 3 10 3 35
40790 3 1 9 2 3 10 3 34
40791 6 1 3 2 3 10 3 35
40792 12 2 3 10 3 35
40793 3 1 9 2 3 10 3 34
40794 6 1 9 2 3 10 3 35
40795 6 1 15 2 3 10 3 35
40796 6 1 3 2 3 10 3 35
40797 12 2 3 10 3 35
40798 3 1 9 2 3 10 3 34
40799 6 1 9 2 3 10 3 35
40800 6 1 15 2 3 10 3 35
40801 12 2 3 10 3 35
40802 6 1 3 2 3 10 3 35
40803 6 1 3 2 3 10 3 35
40804 6 1 15 2 3 10 3 35
40805 6 1 15 2 3 10 3 35
40806 6 1 3 2 3 10 3 35
40807 
40808 6 1 3 2 3 10 3 35
40809 12 2 3 10 3 35
40810 6 1 15 2 3 10 3 35
40811 
40812 6 1 3 2 3 10 3 35
40813 6 1 15 2 3 10 3 35
40814 6 1 3 2 3 10 3 35
40815 6 1 15 2 3 10 3 35
40816 12 1 6 2 6 10 6 35
40817 12 1 30 2 6 10 6 35
40818 12 1 6 2 6 10 6 35
40819 12 1 30 2 6 10 6 35
40822 
40823 
40824 2 1 1 2 1 25
40825 
40826 
40827 
40828 
40829 
40830 
40831 4 1 11 2 1 35
40832 
40833 4 1 11 2 1 35
40834 
40835 
40836 3 9 2 34
40837 
40838 
40839 
40840 
40841 
40842 
40843 
40844 
40845 2 1 4 2 1 22 2 35 1 77
40846 1 1 4 2 1 22 1 35 1 42
40847 2 1 7 2 2 22 2 35
40848 2 1 5 2 2 22 2 35
40849 1 1 6 2 1 22 1 35 1 42
40850 
40851 3 1 4 2 1 5 2 25 1 84
40852 1 2 5 9 1 10 1 14 1 101
40853 1 2 5 9 1 12 1 14 1 101
40854 3 2 5 9 1 12 1 14 1 101
40855 2 1 3 2 1 3 1 14 1 101
40856 2 1 3 2 1 3 1 14 1 101
40857 
40858 
40859 
40860 
40863 2 1 9 2 2 3 8 9 4 10
40864 2 1 10 2 2 3 8 9 4 10 1 77
40865 1 1 2 2 1 35
40866 
40867 
40868 
40869 2 1 7 2 1 14 1 34
40870 2 1 7 2 1 14 1 34
40871 
40872 2 1 7 2 1 14 1 34
40873 3 1 9 2 1 25 1 34
40874 3 1 9 2 1 25 1 34
40875 3 1 9 2 1 25 1 34
40876 
40877 
40878 
40879 
40880 
40881 
40882 
40883 
40884 
40885 
40886 
40887 
40888 
40889 
40890 4 1 6 2 6 25 1 35
40891 4 1 6 2 6 25 1 35
40892 
40893 
40894 2 1 1 2 1 3 1 14 1 101
40895 2 2 1 14 1 74 1 101
40896 3 1 4 2 1 3 2 14 1 35
40897 3 1 4 2 1 3 2 14 1 35
40898 2 1 6 2 1 3 1 14 1 101
40899 1 1 8 2 1 34
40900 3 1 1 21 1 34
40901 1 21
40902 
40903 
40904 1 74 1 77
40905 
40906 
40907 
40908 
40909 
40910 
40911 
40912 
40913 1 64
40914 1 64
40915 1 64
40916 
40917 1 63
40918 
40919 
40920 
40921 1 63
40922 
40923 1 63
40924 
40925 
40926 
40927 
40928 
40929 
40930 
40931 
40932 
40933 2 1 3 2 1 31
40934 2 1 3 2 1 21 1 31
40935 1 1 7 2 1 4 1 22 2 35
40936 1 1 4 2 1 4 1 22 2 35
40937 1 1 5 2 1 4 1 22 2 35
40938 
40939 
40940 
40941 
40942 
40943 
40944 6 67
40945 6 40
40946 6 67
40947 
40948 5 1 3 2 1 3 1 14 1 35 1 77
40949 
40950 
40951 
40952 1 1 2 2 1 22 1 35 1 42
40953 1 1 6 2 1 4 1 14 1 19 2 35
40954 
40955 
40956 3 9 1 17 1 57 1 71
40957 3 9 1 17 1 57 1 71
40958 3 9 1 17 1 57 1 71
40959 3 9 1 17 1 57 1 71
40960 3 9 1 36 1 39
40961 
40962 2 2 4 9 1 10 1 17 1 18 2 35
40963 
40964 
40965 
40966 1 14 1 22
40967 1 22 1 29
40968 
40969 1 38 1 77
40970 
40971 
40972 
40973 5 9 1 10 1 77
40974 
40975 5 1 1 3 1 14 1 32 1 35 1 77
40976 2 1 3 2 1 25 2 31
40977 4 1 3 2 2 3 2 14 1 25 2 31 2 77
40978 4 1 2 32
40979 6 1 2 3 2 14 2 32 2 77
40980 1 1 5 2 2 3 1 33
40981 4 1 3 2 1 35
40983 3 1 2 2 1 32
40984 3 1 3 2 2 25 1 26
40985 2 1 10 2 4 9 2 10 2 26 2 77
40986 2 1 10 2 4 9 2 10 2 26 2 77
40987 2 1 10 2 4 9 2 10 2 26 2 77
40988 2 1 10 2 4 9 2 10 2 26 2 77
40989 2 1 10 2 4 9 2 10 2 26 2 77
40990 2 1 10 2 4 9 2 10 2 26 2 77
40991 2 1 6 2 4 9 2 10 2 26 2 77
40992 2 1 6 2 4 9 2 10 2 26 2 77
40993 2 1 4 2 4 9 2 10 2 26 2 77
40994 2 1 4 2 4 9 2 10 2 26 2 77
40995 2 1 2 2 4 9 2 10 2 26 2 77
40996 2 1 2 2 4 9 2 10 2 26 2 77
40997 2 1 4 9 2 10 2 26 2 77
40998 2 1 4 9 2 10 2 26 2 77
40999 4 9 2 10 2 25 2 77
41000 4 9 2 10 2 25 2 77
41001 1 2 1 14 1 30 1 77
41002 1 63
41003 1 63
41004 3 1 9 2 3 10 3 34
41005 3 1 9 2 3 10 3 34
41006 6 1 15 2 3 10 3 35
41007 6 1 15 2 3 10 3 35
41008 3 1 3 10 3 34
41009 3 1 3 10 3 34
41010 3 1 3 10 3 34
41011 3 1 3 10 1 16 3 34
41012 6 1 9 2 3 10 3 35
41013 6 1 9 2 3 10 3 35
41014 6 1 4 2 3 10 3 35
41015 6 1 4 2 3 10 3 35
41016 6 1 4 2 3 10 3 35
41017 6 1 7 2 3 10 3 35
41018 6 1 7 2 3 10 3 35
41019 6 1 7 2 3 10 3 35
41020 6 1 11 2 3 10 3 35
41021 6 1 11 2 3 10 3 35
41022 6 1 11 2 3 10 3 35
41023 6 1 6 2 3 10 3 35
41024 6 1 6 2 3 10 3 35
41025 6 1 6 2 3 10 3 35
41026 5 1 2 2 3 10 1 34 2 35
41027 5 1 2 2 3 10 1 34 2 35
41028 5 1 2 2 3 10 1 34 2 35
41029 3 1 3 2 3 10 3 34
41030 3 1 3 2 3 10 3 34
41031 3 1 3 2 3 10 3 34
41032 3 1 1 2 3 10 3 34
41033 3 1 1 2 3 10 3 34
41034 3 1 5 2 3 10 3 34
41035 3 1 5 2 3 10 3 34
41036 3 1 2 2 3 10 3 34
41037 3 1 2 2 3 10 3 34
41038 4 1 5 2 3 10 2 34 1 35
41039 4 1 5 2 3 10 2 34 1 35
41040 4 1 1 2 3 10 2 34 1 35
41041 4 1 1 2 3 10 2 34 1 35
41042 4 1 9 2 3 10 2 34 1 35
41043 4 1 9 2 3 10 2 34 1 35
41044 4 1 3 2 3 10 2 34 1 35
41045 4 1 3 2 3 10 2 34 1 35
41046 
41047 
41048 
41049 
41050 
41051 
41052 
41053 6 1 3 10 3 35
41054 6 1 3 10 3 35
41055 
41056 
41057 1 63
41058 3 63
41059 1 1 1 2 1 3 5 9 1 12 1 14
41060 1 1 1 2 1 3 5 9 1 12 1 14
41061 4 9 1 10 1 19 1 57 1 64
41062 4 9 1 10 1 19 1 53 1 64
41063 4 9 1 10 1 11 1 19 1 64
41064 4 9 2 10 1 19 1 24 1 64
41065 
41066 2 1 12 2 9 9 2 10 1 17 1 25 1 34 1 77
41067 
41068 1 63
41069 3 63
41070 1 63
41071 3 63
41072 2 1 8 2 1 27 2 35 1 118
41073 2 1 8 2 1 27 2 35 1 118
41074 2 1 8 2 1 27 2 35 1 40 1 118
41075 
41076 
41077 5 1 4 2 3 10 3 35
41078 5 1 4 2 3 10 3 35
41079 5 1 4 2 3 10 3 35
41080 5 1 4 2 3 10 3 35
41081 5 1 4 2 3 10 3 35
41082 4 1 2 2 2 10 2 35 1 36
41083 4 1 2 2 2 10 2 35 1 36
41084 4 1 2 2 2 10 2 35 1 36
41085 3 1 3 10 1 32 2 34
41086 3 1 3 10 1 32 2 34
41087 3 1 1 2 3 10 1 32 2 34
41088 3 1 1 2 3 10 1 32 2 34
41089 3 1 2 2 3 10 1 32 2 34
41090 3 1 2 2 3 10 1 32 2 34
41091 3 1 3 2 3 10 1 32 2 34
41092 3 1 3 2 3 10 1 32 2 34
41093 3 1 2 2 3 10 3 34
41094 2 1 1 5 3 10 1 32 2 34
41095 2 1 1 5 3 10 1 32 2 34
41096 5 1 6 2 3 10 3 35
41097 5 1 6 2 3 10 3 35
41098 3 1 3 10 1 25 1 32 2 34
41099 3 1 3 10 1 25 1 32 2 34
41100 2 1 2 10 2 34 1 36
41101 2 1 2 10 2 34 1 36
41102 
41103 
41104 4 1 4 2 1 3 3 10 3 35 1 42
41105 4 1 4 2 1 3 3 10 3 35 1 42
41106 4 1 4 2 1 3 3 10 3 35 1 42
41107 5 1 2 2 3 10 1 33 2 35 1 42
41108 5 1 2 2 3 10 1 33 2 35 1 42
41109 5 1 2 2 3 10 1 33 2 35 1 42
41110 6 1 2 2 1 3 3 10 1 33 2 35 1 42
41111 6 1 2 2 1 3 3 10 1 33 2 35 1 42
41112 6 1 2 2 1 3 3 10 1 33 2 35 1 42
41113 6 1 3 2 1 3 3 10 1 33 2 35 1 42
41114 6 1 3 2 1 3 3 10 1 33 2 35 1 42
41115 5 1 2 2 1 3 3 10 1 14 1 33 2 35 1 42
41116 5 1 2 2 1 3 3 10 1 14 1 33 2 35 1 42
41117 5 1 2 2 1 3 3 10 1 14 1 33 2 35 1 42
41118 4 1 3 2 3 10 1 14 1 33 2 35 1 42
41119 4 1 3 2 3 10 1 14 1 33 2 35 1 42
41120 4 1 3 2 4 9 4 10 1 17 1 33 2 35 1 42
41121 4 1 3 2 4 9 4 10 1 17 1 33 2 35 1 42
41122 
41123 
41124 
41125 
41126 
41127 
41129 
41130 
41132 
41133 
41134 
41135 
41136 1 1 1 25 1 78
41137 
41138 
41139 
41140 
41141 
41142 3 1 2 25 1 80
41143 
41144 4 1 1 34 1 81
41145 
41146 3 1 3 34 1 80
41147 
41148 
41149 
41150 
41151 
41152 
41153 
41154 
41155 2 1 4 2 1 79
41156 1 1 5 2 1 78
41157 2 1 4 2 1 79
41158 2 1 3 2 1 79
41159 2 1 6 2 1 79
41160 2 1 8 2 1 79
41161 2 1 3 2 1 79
41162 1 1 4 2 1 78
41163 1 1 2 2 1 78
41164 4 1 16 2 1 81
41165 
41166 
41167 
41168 1 21
41169 1 1 8 2 1 34 1 63
41170 1 1 9 2 1 34 1 63
41171 
41172 
41173 
41174 
41175 
41176 
41177 
41178 
41179 
41180 
41181 
41182 
41183 
41184 
41185 
41186 3 1 2 2 1 32
41187 
41188 
41189 
41190 3 9 1 10 2 17 1 77
41191 3 1 2 2 1 6 3 9 2 10 1 17 1 24 1 32 1 77
41192 
41193 2 117
41194 
41195 
41196 
41197 1 1 4 2 1 6 3 9 2 10 1 17 1 24 1 30 2 77
41198 1 1 4 2 1 6 4 9 1 10 1 17 1 30 2 77
41199 1 1 4 2 3 9 2 10 1 17 1 24 1 30 2 77
41200 1 1 4 2 4 9 1 10 1 17 1 30 2 77
41201 6 2 1 4 2 35
41202 1 4 7 9 2 10 1 12 2 32
41203 
41204 1 1 1 22
41205 1 1 1 22
41206 1 21
41207 
41210 
41211 2 1 3 2 1 25 2 34
41212 3 1 3 2 1 3 1 14 1 25 2 34 1 77
41213 2 1 3 2 1 14 1 35 1 100
41214 2 1 3 2 1 14 1 35 1 100
41215 6 2 2 14 1 34 1 100
41216 6 2 2 14 1 34 1 100
41217 
41218 
41219 
41220 1 1 8 2 4 9 1 12 1 13
41221 1 1 10 2 4 9 1 12 1 13
41222 
41223 5 9 2 10 1 17 1 77
41224 1 29 1 42
41225 2 29 2 42
41226 
41227 1 1 1 102
41228 2 1 1 34
41229 2 1 1 34
41231 3 1 2 2 1 3 4 9 2 10
41232 3 1 4 2 1 3 4 9 2 10
41233 3 1 5 2 1 3 4 9 2 10
41234 2 2 1 37 1 74 5 75
41235 2 2 1 37 1 74 5 75
41236 3 1 2 2 1 32 1 63
41237 3 1 2 2 1 32 1 64
41238 
41239 
41240 
41241 3 1 6 2 1 3 4 9 2 10
41242 3 1 7 2 1 3 4 9 2 10
41243 
41244 3 1 8 2 1 3 4 9 2 10
41245 3 1 9 2 1 3 4 9 2 10
41246 3 1 5 2 3 3
41247 3 1 6 2 3 3
41248 3 1 7 2 3 3
41249 3 1 8 2 3 3
41250 
41251 1 1 2 6 1 77
41252 1 1 2 6 1 77
41253 2 1 5 2 1 38
41255 
41256 
41257 
41258 1 1 7 2 1 37
41259 
41260 
41261 
41262 
41263 
41264 
41265 
41266 
41267 
41268 
41269 2 2 1 6 5 9 1 10 1 25 1 37
41270 2 2 1 6 5 9 1 10 1 25 1 37
41271 2 2 1 6 5 9 1 10 1 14 1 37 1 77
41272 
41273 
41274 4 2 1 6 5 9 1 10 1 25 1 37
41275 4 2 1 6 5 9 1 10 1 25 1 37
41276 1 1 3 2 1 6 5 9 1 10 1 37 1 77
41277 1 2 1 6 5 9 1 10 1 44 1 77
41278 1 6 5 9 1 10 1 77
41279 2 1 2 2 1 6 5 9 1 10 1 14 1 34 1 77
41280 2 1 2 2 1 6 5 9 1 10 1 34 1 77
41281 2 1 2 2 1 6 5 9 1 10 1 34 1 77
41282 1 1 1 3 1 14 1 77
41283 1 21
41284 
41285 
41286 
41287 
41288 
41289 
41290 
41291 
41292 
41293 
41294 
41295 
41296 
41297 
41298 
41299 
41300 
41301 
41302 
41303 
41304 
41305 
41306 1 6 2 9 4 10 3 24 1 42
41307 
41308 
41309 2 9 1 11 2 34
41310 3 9 1 10 1 36 1 57 1 64
41311 6 2 6 3
41312 12 3
41313 8 2 2 70
41314 14 3 2 4
41315 6 1 1 2 5 25 2 84
41316 8 1 1 2 7 25 3 84
41317 
41318 
41319 8 2 2 3 2 4 2 64
41320 
41321 
41322 
41323 
41324 
41326 
41327 
41328 
41329 
41330 10 2 3 3 1 14
41331 1 1 1 3 1 14 1 77
41332 
41333 
41334 
41335 
41336 
41337 
41338 
41339 
41340 
41341 
41342 
41343 
41344 
41345 
41346 
41347 
41348 
41349 1 1 5 2 2 25 1 35
41350 4 2 1 5 2 25 1 35
41351 1 1 4 2 2 25 1 35
41352 3 2 1 5 2 25 1 35
41353 1 74 6 75 3 76
41354 1 74 8 75 1 76
41355 
41356 
41357 
41358 
41359 3 1 2 2 1 4 3 14 2 19 2 35 1 42 1 99
41360 4 1 2 3 3 9 1 11 2 12
41361 1 9 2 11 2 34
41362 1 9 2 11 2 34
41363 
41364 
41365 1 9 2 11 2 34
41366 4 1 11 2 1 35
41367 1 74 1 77
41368 
41369 
41370 
41371 
41372 5 1 18 2 1 22 1 35
41373 4 1 15 2 1 22 1 34
41374 5 1 26 2 1 22 1 35
41375 
41376 4 1 11 2 1 35
41377 
41378 4 1 11 2 1 35
41379 
41380 4 1 11 2 1 35
41381 
41382 4 1 11 2 1 35
41383 
41384 4 1 11 2 1 35
41385 
41386 4 1 11 2 1 35
41387 
41388 4 1 11 2 1 35
41389 
41390 4 1 11 2 1 35
41391 
41392 4 1 11 2 1 35
41393 4 1 3 2 1 35
41394 4 1 3 2 1 35
41395 4 1 3 2 1 35
41396 7 1 6 3 7 25 1 77
41397 11 1 3 2 6 3 7 25 1 35 1 77
41398 4 1 3 2 1 35
41399 4 1 3 2 1 35
41400 4 1 3 2 1 35
41401 4 1 3 2 1 35
41402 4 1 3 2 1 35
41403 
41404 3 1 1 34
41405 3 1 1 34
41406 3 1 1 34
41407 10 1 6 3 7 25 1 34 1 77
41408 3 1 1 34
41409 3 1 1 34
41410 3 1 1 34
41411 3 1 1 34
41412 3 1 1 34
41413 3 1 1 34
41414 11 1 11 2 6 3 7 25 1 35 1 77
41415 4 1 3 2 1 35
41416 1 9 2 11 2 34
41417 2 1 8 9 3 10 1 12 2 34
41418 2 1 13 9 4 10 1 13 2 34
41419 3 1 12 9 5 10 1 13 3 34
41420 4 1 3 2 1 22 1 35
41421 4 1 3 2 1 22 1 35
41422 4 1 5 2 1 22 1 35
41423 4 1 6 2 1 22 1 35
41424 4 1 6 2 1 22 1 35
41425 4 1 8 2 1 22 1 35
41426 4 1 9 2 1 22 1 35
41427 4 1 9 2 1 22 1 35
41428 4 1 11 2 1 22 1 35
41429 
41430 
41431 
41432 
41433 1 1 10 2 1 14 2 19 1 33 1 77
41434 1 1 10 2 1 14 2 19 1 33 1 77
41435 
41436 
41437 
41438 
41439 
41440 
41441 1 64
41442 
41443 
41444 1 64
41445 
41446 
41447 
41448 
41449 
41450 
41451 
41452 2 1 4 2 1 14 1 30 1 34 1 42 1 77
41453 2 1 4 2 1 14 1 30 1 34 1 77 1 94
41454 2 1 2 2 4 9 1 12 1 14 1 17 1 30 1 34 1 77
41455 
41456 
41457 
41458 1 1 1 30 1 77
41459 
41460 3 1 1 2 1 24 1 35
41461 
41462 3 1 1 24 1 35
41463 3 1 1 24 1 35
41464 4 1 1 25 1 35
41465 4 1 1 25 1 35
41466 1 1 1 3 1 14 1 30 1 77
41467 8 2 1 4 1 24 2 35
41468 8 2 1 4 1 24 2 35
41469 
41470 
41471 
41472 
41473 
41474 
41475 
41476 1 64
41477 
41478 
41479 
41480 1 64
41481 
41482 
41483 
41484 1 64
41485 
41486 
41487 
41488 1 64
41489 
41490 
41491 
41492 1 64
41493 
41494 
41495 
41496 1 64
41497 
41498 1 1 7 2 3 3 1 14 1 34
41499 1 1 7 2 3 3 1 14 1 29 1 34 1 77
41500 2 1 7 2 3 3 1 14 1 30 1 34 1 77
41501 1 1 8 2 3 3 2 14 1 30 1 34 1 77
41502 1 1 7 2 3 3 2 14 1 19 1 30 1 34 1 77
41503 1 1 7 2 3 3 5 9 1 12 1 14 1 30 1 34 1 77
41504 1 1 7 2 3 3 1 14 1 34
41505 1 1 9 2 3 3 1 14 1 30 1 34 1 42 1 77
41506 
41507 
41508 2 1 7 2 1 19 1 22 1 34
41509 2 1 5 2 1 19 1 22 1 34
41510 2 1 6 2 1 19 1 22 1 34
41511 1 1 1 19 1 22
41512 4 1 21 2 1 19 1 22 1 34
41513 1 1 1 19 1 22
41514 
41515 
41516 
41517 6 16
41518 12 16
41519 4 16
41520 6 16
41521 9 16
41522 2 16
41523 12 16
41524 
41525 
41526 
41527 
41528 
41533 11 2 1 6 1 22
41534 
41535 1 1 1 6 1 24 2 26
41536 
41537 2 9 3 11 1 36
41538 1 1 2 2 1 25 1 94
41539 1 1 4 2 1 25 1 94
41540 1 1 12 2 1 95
41541 1 1 14 2 1 95
41542 2 1 4 2 1 25 1 96
41543 
41544 5 9 4 10 1 11 2 21
41545 
41546 
41547 
41548 1 74 1 77
41549 
41550 
41551 
41552 
41553 
41554 1 1 8 2 1 35 1 64