"id","smiles"
24346,F[Al-](F)(F)F
3841,COc1cc(C(=O)O)ccc1[N+](=O)[O-]
27526,[NH3+]CCc1ccccc1
35087,CCCCCCCCCCn1c[n+](C)cn1
10150,CCCCC(Br)[N+](=O)[O-]
23746,O=C1[N-]S(=O)(=O)c2ccccc21
40999,O=C([O-])COc1ccc(OCC(=O)[O-])cc1
5918,CC[N+](=O)[O-]
961,CC(C(c1ccc(Cl)cc1)c1ccc(Cl)cc1)[N+](=O)[O-]
32409,N[C@@H](Cc1c[nH]c2ccccc12)C(=O)[O-]
29672,CC(N)C(=O)[O-]
29210,CC[N+]1(C)CCCCC1
40533,CCCCCCCCCCCC(=O)NCCC[N+](C)(C)CCC[N+](C)(C)CCCNC(=O)CCCCCCCCCCC
27602,O=C[C@H](O)[C@@H](O)[C@@H](O)[C@H](O)C(=O)[O-]
27079,C[n+]1ccn(CCCCCCn2cc[n+](C)c2)c1
20181,[NH3+]C1CCCCC1
19880,Nc1nc(N)c([N+](=O)[O-])cc1[N+](=O)[O-]
9946,O=[N+]([O-])c1ccc(Nc2ccc(O)cc2)cc1
22679,O=[N+]([O-])c1ccc(/[N+]([O-])=N/c2ccccc2)cc1
37864,O=[N+]([O-])c1cccc(C2=CS(=O)(=O)OC(c3cccc([N+](=O)[O-])c3)=C2)c1
32434,CCCCCCCCCC[N+](C)(C)C(C)C
8212,O=c1nc([N+](=O)[O-])[nH][nH]1
39870,CCCCCCCCCCCCCOCCOCCOCCOCCOCCOCCOCCOCC(=O)[O-]
32634,CCCCCCCCCCCC[NH2+]C1O[C@H](CO)[C@@H](O[C@@H]2O[C@H](CO)[C@H](O)[C@H](O)[C@H]2O)[C@H](O)[C@H]1O
20494,CCCCCCCCCCCCc1cc[n+](C)cc1
34198,COCCCOc1ccnc(CS(=O)c2nc3ccccc3[n-]2)c1C
30466,Cn1cc[n+](COCCCOC[n+]2ccn(C)c2)c1
5491,C/C(=C\c1ccccc1)[N+](=O)[O-]
26593,CCCCCCCC[N+]1(CC)CCCCC1
6468,O=[N+]([O-])c1ccc(Cl)c([N+](=O)[O-])c1
39061,CCCCC(CC)C(=O)[O-]
24547,CCCCCCCCCCCCCC[P+](c1ccccc1)(c1ccccc1)c1ccccc1
19229,CC=C(CCC)[N+](=O)[O-]
38872,Cn1cc[n+](CCOC(=O)CCC(=O)O)c1
31641,c1nnc[n-]1
26939,CCOC(=O)CN=[N+]=[N-]
23202,[O-][Br+2]([O-])[O-]
33410,O=[N+]([O-])c1cc([N+](=O)[O-])c([S-])c([N+](=O)[O-])c1
9471,CC(=O)N(CCN(C(C)=O)[N+](=O)[O-])[N+](=O)[O-]
25274,[AsH6+3]
3663,C=C(C)[N+](=O)[O-]
27463,N[NH3+]
24890,Nc1ccc(S(=O)(=O)[N-]c2ncccn2)cc1
39054,CN(C)c1cc[n+](CCCS(=O)(=O)O)cc1
11898,Cc1c(C)c([N+](=O)[O-])c(C)c([N+](=O)[O-])c1C
36322,CCCCC[n+]1ccn([C@@H](C)c2ccccc2)c1
31043,CC[N+](C)(C)CCOC
39340,C=C[C@H]1C[N@+]2(CCOCCOC)CC[C@H]1C[C@H]2[C@H](O)c1ccnc2ccc(OC)cc12
27188,CC(C)C[NH3+]
28734,O=[V]([O-])([O-])[O-]
4613,Cc1ccc([N+](=O)[O-])c([N+](=O)[O-])c1[N+](=O)[O-]
29733,NC(CO)C(=O)[O-]
36109,O=C1CCCC2=C1C(c1ccccc1[N+](=O)[O-])n1ncnc1N2
1215,CCOC(=O)c1c(C)[n+]([O-])c2ccccc2[n+]1[O-]
19291,O=[V-2](Cl)(Cl)(Cl)Cl
38542,O=[N+]([O-])c1cccc(OC(F)(F)F)c1
20226,[Cr+3]
40256,CC1(C)S[C@@H]2[C@H](NC(=O)[C@H](NC(=O)N3CCNC3=O)c3ccccc3)C(=O)N2[C@H]1C(=O)[O-]
34868,CCCCCCCC[n+]1cn(N)cn1
31069,Cn1cc[n+](CC(Br)CN=[N+]=[N-])c1
37003,CCOC1(C)Oc2ccccc2C=C1C(=O)/C=C/c1ccc([N+](=O)[O-])cc1
19228,CCCCC=C(C)[N+](=O)[O-]
1974,O=C(O)Cc1cccc([N+](=O)[O-])c1
23783,CC1=[NH+]N(N)NN1C
20214,ClP(Cl)(Cl)=[N+]=P(Cl)(Cl)Cl
1026,CCc1ccc([N+](=O)[O-])cc1[N+](=O)[O-]
37476,C=Cc1ccc(C[N+]2(C)CCOCC2)cc1
12557,Nc1c([N+](=O)[O-])cc([N+](=O)[O-])c(N)c1[N+](=O)[O-]
39486,Cc1[nH+]ccn1CCCCn1cc[nH+]c1C
36527,C[NH+](C)CCCO
20331,Cc1ccc(C(=O)[O-])c(C)c1
22723,Cn1cnc([N+](=O)[O-])n1
8798,CC(C)[C@H]1OC[C@@H]([N+](=O)[O-])CO1
33122,CCOCC[n+]1ccn(C)c1
34631,CCOC(=O)CCC[N+]1(C)CCCC1
24651,[N-]=[N+]=NCCN(CCN=[N+]=[N-])[N+](=O)[O-]
23908,[N-]=[N+]=NCCn1cnc(N=[N+]=[N-])n1
27606,O=C([O-])CCc1ccccc1
38547,O=[N+]([O-])c1ccccc1[N+]([O-])=[N+]([O-])c1ccccc1[N+](=O)[O-]
28807,O=S(=O)([O-])C(F)(F)C(F)OC(F)(F)C(F)(F)F
18005,COc1ccc(C(C)OCCCl)cc1[N+](=O)[O-]
33334,COCn1nc([N+](=O)[O-])c(N)c1[N+](=O)[O-]
41178,O=c1nc[nH]c2nc[n-]c12
36384,CCCCCOC(=O)C[N+](CCCC)(CCCC)CCCC
30299,O=C([O-])c1cc(C(=O)[O-])cc([N+](=O)[O-])c1
36327,CCC[n+]1ccn([C@H](C)c2ccccc2)c1
24761,Nc1ccc(S(=O)(=O)[N-]c2nccs2)cc1
13452,CCC(C)c1cc([N+](=O)[O-])cc([N+](=O)[O-])c1OC(=O)C=C(C)C
27959,CCCCC[N+](C)(C)CCOCC[N+](C)(C)CCOCCOC
40468,CCCCCCCCOC(=O)C[N+](C)(C)C
41034,CCCCCCN(C)[c+]1c(N(C)C)c1N(C)C
38546,[O-][N+](c1ccccc1)=[N+]([O-])c1ccccc1
33389,CCCCCCCCCCCC[N+]1(C)CCCC1
6177,O=[N+]([O-])c1cc(Cl)c(Cl)cc1Cl
6754,CC(C)(C)c1ccccc1[N+](=O)[O-]
26851,O=C(O)CNc1ccc([N+](=O)[O-])cc1[N+](=O)[O-]
9377,COc1ccc(N)cc1[N+](=O)[O-]
23541,[U+4]
10331,O=[N+]([O-])c1cc([N+](=O)[O-])nc([N+](=O)[O-])c1
35764,Cc1noc(C)c1[N+](=O)[O-]
4650,O=[N+]([O-])N(CC(F)([N+](=O)[O-])[N+](=O)[O-])CC([N+](=O)[O-])([N+](=O)[O-])[N+](=O)[O-]
35177,C=CC1=C(C(=O)[O-])N2C(=O)[C@@H](NC(=O)/C(=N\OCC(=O)[O-])c3csc(N)n3)[C@H]2SC1
41291,COc1cc(-c2[o+]c3cc(O)cc(O)c3cc2O)cc(O)c1O
24600,O=S(=O)([N-]S(=O)(=O)C(F)(F)C(F)(F)C(F)(F)C(F)(F)F)C(F)(F)C(F)(F)C(F)(F)C(F)(F)F
5167,N#CC([N+](=O)[O-])([N+](=O)[O-])[N+](=O)[O-]
36326,CCCCC[n+]1ccn([C@H](C)c2ccccc2)c1
9060,CCc1cc(Cl)c([N+](=O)[O-])cc1NC(C)=O
36993,O=[Mo](=O)([O-])O[Mo](=O)(=O)O[Mo](=O)(=O)[O-]
39134,CCCCCCCC[N+](C)(C)C12CC3CC(CC(C3)C1)C2
3352,O=[N+]([O-])c1ccc(O)c2ncccc12
39406,COc1ccc2c(c1OC)C(=O)OC2C1c2c(cc3c(c2OC)OCO3)CC[N+]1(C)Cc1ccc2c(c1)OCO2
30081,CCCC[n+]1cccc2ccccc21
34935,CC1CC(=O)NN=C1c1cccc([N+](=O)[O-])c1
28207,O=C(/C=C/c1ccc(-c2cccc([N+](=O)[O-])c2)o1)c1ccc(Br)cc1
20172,CCCC[B-](CCCC)(CCCC)CCCC
39073,Cn1cnc([N+](=O)[O-])c1Sc1ncnc2nc[nH]c12
30391,NC(=O)C[C@H](N)C(=O)[O-]
37401,CC(=O)N[C@@H](C)C(=O)[O-]
40560,O=[N+]([O-])c1ccc(S(=O)(=O)NC23CC4CC(CC(C4)C2)C3)cc1
41280,C[N+](C)(C)CCOC(=O)/C=C/c1ccccc1
23594,S=C([S-])N1CCCCCC1
36412,C[N+]1(CCOCCOCC[N+]2(C)CCCC2)CCCC1
27430,CCCCC/C=C\C/C=C\CCCCCCCC[n+]1ccn(C)c1
35736,O=S(=O)(O)CCC[n+]1cc[nH]c1-c1ccccc1
37450,CCOC(=O)[C@@H]1CCC[N+]1(CC)CC
39630,CC1(C)CC(=O)[CH-]C(=O)C1
4596,CCC(C)[N+](=O)[O-]
30565,O=[N+]([O-])c1ccc(NN=Cc2ccco2)cc1
9248,Nc1cc([N+](=O)[O-])cc([N+](=O)[O-])c1O
21603,O=C(O)C(C(=O)O)c1ccccc1[N+](=O)[O-]
23903,N#C[C-]([N+](=O)[O-])[N+](=O)[O-]
41375,CCCCCCCCCCCCCCCCCCOCC(C)OCC(C)OCC(C)OCC(C)OCC(C)OCC(C)OCC(C)OCC(C)OCC(C)OCC(C)OCC(C)OCC(C)OCC(=O)[O-]
29062,CCCCCCCCCCCCN(C)CC(=O)[O-]
23014,CC(C)[C@H]1OC[C@H](C(=O)[O-])CO1
26810,CC(C)OC(=O)[C@@H]1CCC[NH2+]1
30163,CCc1nnc(N=[N+]=[N-])[nH]1
33367,Cc1cc2nc3cc(C)c(N)cc3[n+](-c3ccccc3)c2cc1N
9240,Cc1ccc(N)c([N+](=O)[O-])c1
41251,C/C=C/C=C/C(=O)[O-]
41067,CCCCC[n+]1cccn1C
36953,[P-3]
1057,O=[N+]([O-])c1cccc(Cl)c1
31473,CCCCCCCCCCCC[N+](CC)(CC)CCCCCCCCCCCC
26933,CCOCN=[N+]=[N-]
30488,COc1ccc(C=[N+]([O-])c2ccccc2)cc1
19223,CCCCC=C(CCC)[N+](=O)[O-]
29985,CCCC(C)[NH3+]
32603,CCCCCCCS(=O)(=O)[O-]
8256,[O-][I+2]([O-])O[I+2]([O-])[O-]
35964,C[N+]1(Cc2ccc([N+](=O)[O-])cc2)[C@H]2CC[C@@H]1C[C@H](O)C2
7650,Cc1c(C)c(C)c([N+](=O)[O-])c([N+](=O)[O-])c1C
35822,[2H]c1c([2H])c([2H])[n+](C([2H])([2H])C([2H])([2H])C([2H])([2H])C([2H])([2H])[2H])c([2H])c1[2H]
37481,C=Cc1ccc(C[N+](C)(C)CCCCCCCCCC)cc1
21226,NC(=N[N+](=O)[O-])N[N+](=O)[O-]
27228,Cl[Co-2](Cl)(Cl)Cl
31510,Cl[Fe-](Cl)(Cl)Br
39490,Cc1cn(CCCCn2cc(C)[nH+]c2C)c(C)[nH+]1
5160,[C-]#[O+]
22090,Cn1c2ccccc2c(=O)c2c([N+](=O)[O-])cccc21
10221,CCC([N+](=O)[O-])([N+](=O)[O-])C(C)(C)[N+](=O)[O-]
34053,CC(C)[C@H](/N=C/c1ccccc1O)C(=O)[O-]
23978,CC(C)[C@H]1CC[C@H](C)C[C@@H]1OS(=O)(=O)[O-]
22899,O=[N+]([O-])OC1C2OC2C(O[N+](=O)[O-])C(O[N+](=O)[O-])C1O[N+](=O)[O-]
30473,CCCOC[n+]1ccc(N(C)C)cc1
19338,CCCCC[N+](CC)(CC)CC
32172,O=C([CH-]C(=O)C(F)(F)F)C(F)(F)F
41061,O=C(CBr)c1ccc([N+](=O)[O-])cc1
25679,Oc1cc(O)c2cc(O)c(-c3cc(O)c(O)c(O)c3)[o+]c2c1
31413,O=[N+]([O-])OC12CC3CC(CC(C3)C1)C2
21284,O=[N+]([O-])c1cc([N+](=O)[O-])c(Nc2cccc(Nc3c([N+](=O)[O-])cc([N+](=O)[O-])cc3[N+](=O)[O-])n2)c([N+](=O)[O-])c1
35937,N[C@@H](Cc1ccc2ccccc2c1)C(=O)[O-]
36482,C[N+](C)(C)CC(O)CC(=O)O
30544,Cc1cc([N+](=O)[O-])c(S(=O)(=O)O)cc1Cl
23849,O=C([O-])CCC(=O)O
32274,CC(C)c1ccc(C(C#N)=Cc2ccc([N+](=O)[O-])cc2)cc1
26359,CN(C)C1=[S][Cu+2]2([S]=C(N(C)C)[S-]2)[S-]1
41089,CCCCN[c+]1c(N(C)C)c1N(C)C
21345,Cc1c(C)[n+]([O-])c(C)c[n+]1[O-]
37927,CCC[n+]1ccn(CCn2cc[n+](CCC)c2)c1
37013,CC1=C(C(=O)/C=C/c2ccc([N+](=O)[O-])cc2)C(c2c(C)[nH]c3ccccc23)c2ccccc2O1
27538,C1CC[NH2+]C1
40648,FC(F)(F)Cn1cc[nH+]c1
36526,COc1cc(C=CC(=O)[O-])ccc1O
37477,C=Cc1ccc(C[N+]2(C)CCCC2)cc1
39487,CCC[n+]1ccn(CCCCn2cc[n+](CCC)c2)c1
27799,CC(C)(C)c1cc2c(O)c(c1)Cc1cc(C(C)(C)C)cc(c1OP(=O)([O-])O)Cc1cc(C(C)(C)C)cc(c1O)Cc1cc(C(C)(C)C)cc(c1OP(=O)([O-])O)C2
21821,CCc1cc(Br)c([N+](=O)[O-])cc1NC(C)=O
37940,CCOCC[n+]1ccn(CC)c1
22885,Cc1c([N+](=O)[O-])cc([N+](=O)[O-])c(-c2c([N+](=O)[O-])cc([N+](=O)[O-])c(C)c2[N+](=O)[O-])c1[N+](=O)[O-]
40585,[CH2+]CC
35945,CCCC[N+]1(CCC#N)CCCCCC1
5953,Cc1c([N+](=O)[O-])c(C)c([N+](=O)[O-])c(C(C)(C)C)c1[N+](=O)[O-]
13039,O=[N+]([O-])OCCCC(CO[N+](=O)[O-])O[N+](=O)[O-]
20365,C/N=C(\N)[N+](C)(C)C
37155,CC(=O)/C(=N\Nc1ccc([N+](=O)[O-])cc1O)C(=O)c1ccccc1
20239,[Sb+3]
3467,COC(=O)c1cc(Oc2ccc(Cl)cc2Cl)ccc1[N+](=O)[O-]
40643,C=C[NH+]1C=CN=C1
35101,O=[Nb]([O-])([O-])[O-]
33519,[C-]#[N+]C(C)C
32112,COC(=O)c1cccc(C(=O)[O-])c1
7054,COC(=O)c1ccc([N+](=O)[O-])o1
20227,NC(CCC(=O)[O-])C(=O)O
35150,CCC1c2cc(c(O)c(CS(=O)(=O)[O-])c2O)C(CC)c2cc(c(O)c(CS(=O)(=O)[O-])c2O)C(CC)c2cc(c(O)c(CS(=O)(=O)[O-])c2O)C(CC)c2cc1c(O)c(CS(=O)(=O)[O-])c2O
22016,[N-]=[N+]=N
26399,CCCCCCCN=[N+]=[N-]
36668,C=Cc1ccc(C[N+](C)(C)C)cc1
40108,Cc1n(CCCN)cc[n+]1C
23918,CC(C)[C@H]1OC[C@H]([N+](C)(C)C)CO1
27616,c1ccc2c(c1)CCC[NH2+]2
7227,CN(CCO[N+](=O)[O-])[N+](=O)[O-]
41173,O=c1cc[nH]c(=O)[n-]1
39119,CCc1[nH+]c(C)ccc1O
33099,CCCCCCCC[P+](C)(CCCCCCCC)CCCCCCCC
20240,[NH4+]
37739,Fc1cccc[nH+]1
9424,CCCCOC(=O)C(F)(F)[N+](=O)[O-]
40188,O=C(O)c1ccc(-c2ccccc2[N+](=O)[O-])o1
20204,O=[N+]([O-])C1([N+](=O)[O-])C[NH2+]C1
35694,O=S(=O)([O-])CCBr
8236,CCCCCOc1ccc(N=[N+]([O-])c2ccc(OCCCCC)cc2)cc1
40896,CC[N+](CC)(CC)CC(O)CO
24429,Cc1cc(C)n(-c2nnc(N=[N+]=[N-])nn2)n1
14665,CCN(CC)Cc1ccccc1[N+](=O)[O-]
39774,Ic1cc[n-]n1
27533,CN(C)c1ccc(N=Nc2ccc(S(=O)(=O)[O-])cc2)cc1
32564,CCCCCCC[P+](CC)(CC)CC
31397,C[NH+](C)CCO
36094,O=C1CCCC2=C1C(c1ccccc1[N+](=O)[O-])n1ncnc1N2Cc1ccccc1
17147,COC(=O)Cc1ccc([N+](=O)[O-])cc1[N+](=O)[O-]
35181,CCCCCCCCCCCC[P+](CC)(CC)CC
4651,O=[N+]([O-])c1cc([N+](=O)[O-])c2ccccc2c1O
10688,O=C(N[N+](=O)[O-])N[N+](=O)[O-]
29975,CCCCCCCCC[N+]1(C)CCCC1
34491,CCCCN(CCCC)C1=[S][Zn+2]2([S]=C(N(CCCC)CCCC)[S-]2)[S-]1
20336,O=[N+]([O-])[N-][N+](=O)[O-]
39832,CC(O)C[NH+](CC(C)O)CC(C)O
2058,[N-]=[N+]=NC1CCCCC1
9398,O=Nc1ccccc1[N+](=O)[O-]
39353,CCCCCCCOC[N+](C)(C)CCO
27194,CC(C)CC[NH3+]
27062,CCCCCCCCCCCC[n+]1cccc(C)c1
21673,CCCCC/C=C\C/C=C\CCCCCCCC(=O)[O-]
32804,C=C(C)C(=O)OCC[N+](C)(C)C
19449,CCCCCC[n+]1cccc(C)c1
34058,CC(C)C[C@H](/N=C/c1ccccc1)C(=O)[O-]
33355,COc1ccc2cc([C@H](C)C(=O)[O-])ccc2c1
19333,CCC[n+]1ccn(Cc2ccccc2)c1C
23546,c1ccc(C[P+](c2ccccc2)(c2ccccc2)c2ccccc2)cc1
10143,O=[N+]([O-])c1ccc(NC2CCCCC2)c([N+](=O)[O-])c1
10182,CN(C)c1ccc(C=Cc2ccc([N+](=O)[O-])cc2[N+](=O)[O-])cc1
35116,Cl[Pr-](Cl)(Cl)Cl
36321,CCCC[n+]1ccn([C@@H](C)c2ccccc2)c1
24767,O=C([O-])/C=C/C(=O)O
25012,C[N+](C)(C)CCOP(=O)([O-])OP(=O)([O-])OC[C@H]1O[C@@H](n2ccc(N)nc2=O)[C@H](O)[C@@H]1O
35620,O=C([O-])CCCCCCCC(=O)[O-]
41118,CCN(CC)c1c(N(CC)CC)[c+]1N[C@@H](CO)C(=O)O
37630,CC[N+]1(CCCCCCCCC[N+]2(CC)CCOCC2)CCOCC1
19425,CCCC[N+](C)(C)C
41385,CCCCOCC(C)OCC(C)OCC(C)OCC(C)OCC(C)OCC(C)OCC(=O)[O-]
34115,CCCC[N+](C)(CCO)CCO
9390,O=C1NC(=O)c2c1cccc2[N+](=O)[O-]
39042,CCCCCCCCCCCCSCC(C[n+]1ccn(C)c1)SCCCCCCCCCCCC
36020,C1CCC(SCCC[N+](CCCSC2CCCCC2)(CCCSC2CCCCC2)CCCSC2CCCCC2)CC1
20182,FC(F)(F)Oc1ccc([Hg+])cc1
20143,CC(C)C(=O)[O-]
38913,[NH3+]CCCCCCCCCCc1ccccc1
38084,CC=NNc1ccc([N+](=O)[O-])cc1[N+](=O)[O-]
37625,CCCCCCCCCCCCC[NH3+]
1832,[O-][n+]1onc2cc(Cl)ccc21
19430,CCCCCCCCCCn1cc[n+](C)c1
37921,C[N+](C)(CCO)CCC(=O)[O-]
22483,N#CCCN(CCC#N)[N+](=O)[O-]
36837,Cn1cc[n+](Cc2ccc(C[n+]3ccn(C)c3)cc2)c1
38718,O=C([O-])C=Cc1ccc(O)c(O)c1
10608,O=[N+]([O-])C1CN(C(c2ccccc2)c2ccccc2)C1
20364,CCCC[P+](CCCC)(c1ccccc1)c1ccccc1
40933,CCCC[NH+](C)C
35532,CC(C)CC(C)(C)CP(=O)([O-])CC(C)(C)CC(C)C
30396,CCCn1cc[n+](CCC)c1
10148,[N-]=[N+]=Nc1n[nH]c(N=[N+]=[N-])n1
3024,CC(C)(C(O)c1ccccc1)[N+](=O)[O-]
24843,CCCCCCCCc1ccc(S(=O)(=O)[O-])cc1
5292,O=C(Oc1ccc([N+](=O)[O-])cc1)C(F)(F)F
41113,CC[C@H](C)[C@H](N[c+]1c(N(CC)CC)c1N(CC)CC)C(=O)O
26515,N#CCN=[N+]=[N-]
15552,CCc1cc([N+](=O)[O-])ccc1C(=O)O
30370,CCCCC[n+]1csc2ccccc21
35124,C1CC[NH2+]CC1
22488,O=[N+]([O-])C(CO)(c1cc(C(CO)([N+](=O)[O-])[N+](=O)[O-])cc(C(CO)([N+](=O)[O-])[N+](=O)[O-])c1)[N+](=O)[O-]
15700,COC(=O)CCC(C)([N+](=O)[O-])[N+](=O)[O-]
4657,COc1c([N+](=O)[O-])cc([N+](=O)[O-])cc1[N+](=O)[O-]
35731,CCc1[nH]cc[n+]1CCCS(=O)(=O)O
20148,CCCC[P+](C)(CCCC)CCCC
36236,CCCCCCCCC(CCCCCC)C(=O)[O-]
9370,NC(=O)N[N+](=O)[O-]
34098,O=[Mo]([O-])([O-])([O-])[O-]
20462,C[n+]1ccn(CCCn2cc[n+](C)c2)c1
37721,CCCCCCCCc1ccc(C)[cH-]1
40244,COc1ccc(-c2ccc(C=O)o2)c([N+](=O)[O-])c1
33579,CCCCCCCC[NH+](CCO)CC(C)O
31531,O=C([O-])CNC(CO)(CO)CO
40304,CCC(CC)C(=O)[O-]
6530,Nc1c(Cl)cc([N+](=O)[O-])cc1Cl
35494,C[N+]1(Cc2ccccc2)CCCC1
26836,CCS(=O)(=O)[O-]
9755,O=[N+]([O-])c1cc([N+](=O)[O-])c(CCl)c([N+](=O)[O-])c1
20215,CCCCCCCC[N+](C)(CCCCCCCC)CCCCCCCC
36103,O=C1CCCC2=C1C(c1ccc([N+](=O)[O-])cc1)n1ncnc1N2Cc1ccccc1
40663,NC1=C(S(=O)(=O)c2ccccc2)C(c2cccc([N+](=O)[O-])c2)c2c(c3ccccc3c3nc4ccccc4nc23)O1
25171,O=C([O-])[C@@H](O)[C@H](O)C(=O)[O-]
40526,[CH+]=C
36648,CCCCCCCCCCCCCC[N+]1(C)CCCCC1
29553,C[n+]1ccn(Cc2ccc3ccccc3c2)c1
33520,[C-]#[N+]C1CC1
23216,[N-]=[N+]=NC1=N[NH2+]C(N=[N+]=[N-])=N1
7128,CC(C)(C)/[N+]([O-])=C/c1ccc([N+](=O)[O-])cc1
35765,O=C(O)Cc1ccc([N+](=O)[O-])cc1
29784,CCCCCCCCCCCCCC[N+](CCCCCC)(CCCCCC)CCCCCC
253,O=[N+][O-]
3447,CC(=O)NNC(=N)N[N+](=O)[O-]
6162,CCC(C)c1cc([N+](=O)[O-])cc([N+](=O)[O-])c1O
16046,CCOC(=O)N(CC(C)C)[N+](=O)[O-]
29155,[Rh+3]
24645,CCCCN(CCO[N+](=O)[O-])[N+](=O)[O-]
20260,[Yb+3]
10357,[N-]=[N+]1C2([N+](=O)[O-])CC3([N+](=O)[O-])CC([N+](=O)[O-])(C2)CC1([N+](=O)[O-])C3
36297,CCCCCCCCCCCCCCCCCC[N+](C)(C)[O-]
32551,COCn1cc[n+](C)c1C
32544,CCC=C[P+](CC)(CC)CC
36183,Cn1c2c(c(=O)n(C)c1=O)C(c1ccccc1[N+](=O)[O-])C1=C(CC(C)(C)CC1=O)N2
6538,O=Cc1cccc([N+](=O)[O-])c1
24588,O=[N+]([O-])C12CC3CC(CC(C3)C1)C2
5701,[O-][Cl+3]([O-])([O-])O
33133,CCc1nnc(NC(=O)c2ccc([N+](=O)[O-])cc2)s1
29598,N#CCC(=O)[O-]
40384,CCCCCCCCCCCCCCCC(=O)NCCC[N+](C)(C)CCCCCCCCCCCC
36468,Cc1n[nH]c(/N=N/c2c(C)[nH]c3ccccc23)c1/N=N/c1ccc([N+](=O)[O-])cc1
32500,CCCC[S+]1CCCCC1
20357,CCc1ccc(S(=O)(=O)[O-])cc1
32752,CCCCCCCCCCCC[N+](C)(C)CCOc1ccccc1
25169,C[C@H](N)C(=O)[O-]
24741,C[NH+](CCO)CCO
19232,CCCC=C(CC)[N+](=O)[O-]
39799,Cn1cc[n+](CC(O)CNCCN(CCNCC(O)C[n+]2ccn(C)c2)CC(O)C[n+]2ccn(C)c2)c1
40448,CCCCCCCCCCCCCCCCOC(=O)CC(O)C[N+](C)(C)C
29940,CCCCC[N+]1(C)CCCCC1
9666,O=[N+]([O-])c1ccc(Nc2ccc([N+](=O)[O-])cc2[N+](=O)[O-])c([N+](=O)[O-])c1
26245,O=[N+]([O-])[C@H]1C[C@@H]([N+](=O)[O-])C1
10596,O=[N+]([O-])C1CC2(C1)C([N+](=O)[O-])C1(CC([N+](=O)[O-])C1)C2[N+](=O)[O-]
9457,Nc1ccc([N+](=O)[O-])c(Cl)c1
23595,C1CCC[NH2+]CC1
34789,F[Th-2](F)(F)(F)(F)F
36079,Br[Ho-3](Br)(Br)(Br)(Br)Br
5755,CC(C)(CO)[N+](=O)[O-]
38877,[O-][Ti]([O-])([O-])O[Ti]([O-])([O-])[O-]
9842,CCCCNc1ccc([N+](=O)[O-])cc1[N+](=O)[O-]
38566,O=[Re-](=O)(=O)=O
21413,CN(CCN(C)[N+](=O)[O-])[N+](=O)[O-]
11259,[N-]=[N+]=C1C=CC=C1
24754,Cc1ccc([N+](=O)[O-])cc1S(=O)(=O)[O-]
19411,COCCOS(=O)(=O)[O-]
30564,O=[N+]([O-])c1ccc(NN=Cc2ccco2)c([N+](=O)[O-])c1
35352,CC([NH3+])C12CC3CC(CC(C3)C1)C2
33138,NC(=O)CC[C@H]([NH3+])C(=O)O
10397,O=[N+]([O-])c1ccc2c([N+](=O)[O-])ccc([N+](=O)[O-])c2c1
33361,O=C(c1ccccc1)c1ccc2n1CCC2C(=O)[O-]
34105,Cl[Pb-](Cl)Cl
7855,CN1C(=O)CN=C(c2ccccc2F)c2cc([N+](=O)[O-])ccc21
26602,CCC(=O)Nc1cc(N(CC)CC)ccc1N=Nc1c(Br)cc([N+](=O)[O-])cc1C#N
15441,CCCCCCCCOc1ccc(N=Cc2ccc([N+](=O)[O-])cc2)cc1
9391,O=Cc1c([N+](=O)[O-])cc([N+](=O)[O-])cc1[N+](=O)[O-]
30570,[O-]n1nnnc1-c1nnnn1[O-]
18811,CCCCCCCCCCOc1ccc(N=Cc2ccc([N+](=O)[O-])cc2)cc1
29799,CCCC[n+]1c(C)c(C)n(C)c1C
1186,[2H]C([2H])([2H])[N+](=O)[O-]
29624,O=[N+]([O-])c1ccc(NS(=O)(=O)c2ccccc2)cc1
6170,COc1ccc(C(=O)O)cc1[N+](=O)[O-]
22365,Cc1c([N+](=O)[O-])cc2no[n+]([O-])c2c1[N+](=O)[O-]
4475,Cc1c(N)cc([N+](=O)[O-])cc1N
28201,O=C(/C=C/c1ccc(-c2cccc([N+](=O)[O-])c2)o1)c1cccc([N+](=O)[O-])c1
35898,C=CC[N+](C)(C)CC[n+]1ccn(C)c1
30397,CCCCCCCCn1cc[n+](CCCCCCCC)c1
39558,O=[N+]([O-])c1cc([N+](=O)[O-])c(-c2nnc(-c3nnc(-c4c([N+](=O)[O-])cc([N+](=O)[O-])cc4[N+](=O)[O-])o3)o2)c([N+](=O)[O-])c1
31310,CCCC[n+]1c(C)cc(C)n1-c1ccccc1
34185,O=[N+]([O-])C1CC12CCC2
41188,CC([NH3+])c1ccccc1
26257,Cc1cnc([N-]C(=O)C2=C(O)c3ccccc3S(=O)(=O)N2C)s1
23520,CCCCCC[NH2+]CCCCCC
25765,[CH2][N+](=O)[O-]
32826,C[C@@H]([NH3+])C1CCCCC1
39784,CCCCCCCCCCCCCC[N+](C)(C)CC(=O)OCCCOC(=O)C[N+](C)(C)CCCCCCCCCCCCCC
31544,CCCCCCCCCCCC[N+](C)(C)CCCCCCCCCC[N+](C)(C)CCCCCCCCCCCC
38988,CCOC(=O)C(N=[N+]=[N-])(N=[N+]=[N-])C(=O)OCC
25392,C[C@H](Nc1ccc([N+](=O)[O-])cc1[N+](=O)[O-])C(=O)O
41297,OC[C@H]1O[C@@H](Oc2cc3c(O)cc(O)cc3[o+]c2-c2ccc(O)c(O)c2)[C@H](O)[C@@H](O)[C@@H]1O
22418,[2H]C([2H])([2H])O[N+](=O)[O-]
20345,[W+6]
35893,CC(=O)NC(c1ccc([N+](=O)[O-])cc1)c1c(O)ccc2ccccc12
37119,CCCCCCCCn1c(-c2cscn2)[n+](C)c2ccccc21
34313,COCCCCn1cc[n+](C)c1
19292,CC[N+](C)(C)C
38541,O=[N+]([O-])c1ccccc1OC(F)(F)F
33555,COC(=O)CCCn1cc[n+](C)c1
31551,O=C1NC(=O)c2cc([N+](=O)[O-])ccc21
23535,Cc1ccc2c(c1)sc(-c1ccc(N(C)C)cc1)[n+]2C
30024,CCCCC[n+]1ccc(N(C)C)cc1
34637,CCC[N+](CCC)(CCC)CCCC(=O)OCC
24657,N#CC1([N+](=O)[O-])C2CC3CC(C2)CC1C3
12418,O=[N+]([O-])c1ccc(NCCCO)cc1
25048,O=[N+]([O-])c1cnc([N+](=O)[O-])[nH]1
10536,CN(C)C(=C([N+](=O)[O-])[N+](=O)[O-])N(C)C
6841,CCOc1c([N+](=O)[O-])cc([N+](=O)[O-])cc1[N+](=O)[O-]
13547,Nc1ccc2ccccc2c1[N+](=O)[O-]
31418,O=[N+]([O-])OC12CC3(O[N+](=O)[O-])CC(O[N+](=O)[O-])(C1)CC(O[N+](=O)[O-])(C2)C3
26468,O=[N+]([O-])c1cccc(O)c1O
35858,CCCCCCCCCCCCCCOC(=O)C[N+](C)(C)C
20337,C1CCC([NH2+]C2CCCCC2)CC1
12299,O=[N+]([O-])c1cc([N+](=O)[O-])c(Oc2ccccc2)c([N+](=O)[O-])c1
26142,[2H][C]([2H])[N+](=O)[O-]
24934,Nc1cc(N2CCCCC2)nc(N)[n+]1[O-]
23547,[Tl+3]
29135,CO/N=C(\C(=O)N[C@@H]1C(=O)N2C(C(=O)[O-])=C(COC(N)=O)CS[C@H]12)c1ccco1
26297,O=[As]([O-])([O-])[O-]
39740,CCCCCCCCCCOc1ccc(NC(=O)C[N+](C)(C)CC[N+](C)(C)CC(=O)Nc2ccc(OCCCCCCCCCC)cc2)cc1
20329,CC(C)(C)C(=O)[CH-]C(=O)C(C)(C)C
39704,O=S(=O)([N-]S(=O)(=O)C(F)(F)C(F)(F)F)C(F)(F)F
12544,CCCN(CCC)c1c([N+](=O)[O-])cc(S(=O)(=O)N(C)C)cc1[N+](=O)[O-]
35646,COC(=O)c1ccccc1-c1c2ccc(=[NH2+])cc-2oc2cc(N)ccc12
6720,CCCCCCCC[N+](C)(C)[O-]
2570,O=[N+]([O-])C1CCCC1
23567,CC(=O)CC(c1ccccc1)c1c([O-])c2ccccc2oc1=O
34665,O=[N+]([O-])c1nn2nnn3nc([N+](=O)[O-])c([N+](=O)[O-])c3c2c1[N+](=O)[O-]
39760,Brc1cnc[n-]1
11087,CC[B-]12OC(C(Cl)(Cl)Cl)=[O+][B-](CC)(O1)[O+]=C(C(Cl)(Cl)Cl)O2
23881,CC(C)[C@H]1OC[C@@H]([NH+](C)C)CO1
8088,Cc1ccc([N+](=O)[O-])c([N+](=O)[O-])c1
36009,CCSCCC[N+](CCCSCC)(CCCSCC)CCCSCC
36359,C=C[n+]1ccn(Cc2ccccc2)c1
20500,[Cs+]
40722,Cn1cc[n+](CCC(=O)OC2CC(C)(C)N([O])C(C)(C)C2)c1
21556,CCc1ccc(N)c([N+](=O)[O-])c1
5315,O=[N+]([O-])c1cccc(O)c1[N+](=O)[O-]
35528,CCCCCCCCCCCCCCCC[N+](C)(C)CC(=O)OCCOC(=O)C[N+](C)(C)CCCCCCCCCCCCCCCC
28546,Cc1ccccc1N(O)C(=O)c1ccccc1[N+](=O)[O-]
36851,CC[NH+]1CCCCCC1
38355,CCOP(=O)(Oc1ccc([N+](=O)[O-])cc1)SCC
20299,O=S(=O)([O-])c1cccc2c(S(=O)(=O)[O-])cccc12
10500,O=[N+]([O-])c1ccc(Br)cc1-c1ccccc1
35082,CCCCCCCCn1c[n+](C)cn1
40514,[NH3+]CCCC(=O)O
16229,Cc1c([N+](=O)[O-])cc(Cl)c(Cl)c1C
3009,C=[N+]=[N-]
29195,[NH3+]CCCO
9897,CCCCCCC=[N+]=[N-]
23224,C[N+](C)(Cc1ccccc1)Cc1ccccc1
22814,COCC(O)CO[N+](=O)[O-]
4181,COc1cccc([N+](=O)[O-])c1
20397,FC(F)(F)C(F)(F)C(F)(F)[P-](F)(F)(F)(C(F)(F)C(F)(F)C(F)(F)F)C(F)(F)C(F)(F)C(F)(F)F
12239,O=[N+]([O-])Nc1ccccc1
32792,C=CC[P+](c1ccccc1)(c1ccccc1)c1ccccc1
35661,CCCCCCCCCCCCCCCCCCCCCCn1cc[n+](C)c1
23817,C=CC[N+](C)(CC=C)CC[N+](C)(CC=C)CC=C
29558,C[n+]1ccn(CC2CCCCC2)c1
2620,O=[N+]([O-])Nc1ccccn1
36682,CCOP(=S)(OCC)SCCC[N+](C)(C)C
29927,CCCCC(O)c1ccccc1C(=O)[O-]
28788,CCCCCCCCCC[n+]1ccn(CCCB(O)O)c1
28713,COC(=O)[C@@H]([NH3+])Cc1ccccc1
20370,CCC(C)[N+](CC)(CC)CC
21391,Cc1c([N+](=O)[O-])cc(Nc2c([N+](=O)[O-])cc([N+](=O)[O-])cc2[N+](=O)[O-])cc1[N+](=O)[O-]
19393,O=S(=O)([O-])C(F)(F)C(F)(F)C(F)(F)C(F)(F)F
24444,COC(=O)CC(=O)[O-]
7719,CS(=O)(=O)Nc1ccc([N+](=O)[O-])cc1Oc1ccccc1
36256,C[N+](C)(CCCS(=O)(=O)O)C1CCCCC1
10396,O=[N+]([O-])c1ccc2cccc([N+](=O)[O-])c2c1[N+](=O)[O-]
20285,CCCCCOC(=O)CC(C(=O)OCCCCC)S(=O)(=O)[O-]
8056,N#[N+][S-]
9699,Nc1ccc(Nc2ccc([N+](=O)[O-])cc2)cc1
27522,[NH3+]CCCCc1ccccc1
29179,O=C1CCC[NH+]1C1CCCCC1
10370,O=[N+]([O-])C1COC1
9813,CN(CCN[N+](=O)[O-])[N+](=O)[O-]
20396,C[NH+]1C=CN=C1
20473,N=C(N)NCCC[C@H](N)C(=O)[O-]
19358,CCCC[N+](C)(CCCC)CCCC
10597,CCOC(=O)C1CC([N+](=O)[O-])([N+](=O)[O-])C1
30221,[2H]OC(=O)C(=O)[O-]
26574,CC[n+]1ccccc1C
29476,O=C1CC(=O)O[B-]2(O1)OC(=O)CC(=O)O2
27486,CC(=O)C=C(C)Nc1ccc([N+](=O)[O-])cc1
34696,Cc1n[nH]c2cc([N+](=O)[O-])ccc12
6531,O=C(O)c1cc([N+](=O)[O-])cc([N+](=O)[O-])c1
35695,CC(C)[C@@H]1CC[C@@H](C)C[C@H]1OC(=O)C[n+]1ccc(N(C)C)cc1
19161,CCCCCCCCCCCCCCCCCCCCCCCCCCCCCCCCCCC(C)[N+](=O)[O-]
5708,O=[N+]([O-])C(Cl)(Cl)Cl
9486,O=[N+]([O-])c1cccc(-c2cccc([N+](=O)[O-])c2)c1
36897,CCCC[n+]1ccn(CCC(=O)OC)c1
36113,O=C1CCCC2=C1C(c1cccc([N+](=O)[O-])c1)n1ncnc1N2
37785,Cc1cnc(C(=O)O)c[n+]1[O-]
39338,C=C[C@H]1C[N@+]2(CCOC)CC[C@H]1C[C@H]2[C@H](O)c1ccnc2ccc(OC)cc12
34670,O=[N+]([O-])c1nonc1-c1noc(-c2nc(-c3noc(-c4nc(-c5nonc5[N+](=O)[O-])no4)n3)no2)n1
7234,CCCN(CCC)c1c([N+](=O)[O-])cc(S(N)(=O)=O)cc1[N+](=O)[O-]
29008,CCCCCC[n+]1ccc(C#N)cc1
32408,N[C@@H](Cc1ccc(O)cc1)C(=O)[O-]
23206,CCCCCCCC[P+](CCCCCCCC)(CCCCCCCC)CCCCCCCC
23579,CCCCCCOS(=O)(=O)[O-]
36296,CCCCCCCCCCCC[N+]1([O-])CCOCC1
18004,COCCOC(C)c1ccc(OC)c([N+](=O)[O-])c1
19353,CC[n+]1ccn(CCCCn2cc[n+](CC)c2)c1
36118,O=C1CCCC2=C1C(c1ccc([N+](=O)[O-])cc1)n1ncnc1N2
26845,N#CCCn1cc[n+](Cc2ccccc2)c1
16047,CN(Cc1ccccc1)[N+](=O)[O-]
25419,CCCCCCCC[n+]1cc(C)cc(C)c1
22804,O=[N+]([O-])c1cccc(C=Cc2c([N+](=O)[O-])cc([N+](=O)[O-])cc2[N+](=O)[O-])c1
40540,CCN(CC)CC[n+]1ccccc1
31839,Cc1cc[n+](Cc2ccccc2)cc1
35980,CCOC[N+]1(C)CCCC1
36385,CCCCCCOC(=O)C[N+](CCCC)(CCCC)CCCC
41020,CCCCCCN(CCCCCC)[c+]1c(N(CC)CC)c1N(CC)CC
20356,[Pr+3]
27471,NC(=[NH2+])NC(N)=O
11001,O=[N+]([O-])/C=C/[N+](=O)[O-]
40993,CCCC(Oc1ccc(OC(CCC)C(=O)[O-])cc1)C(=O)[O-]
21300,[N-]=[N+]=NC1CN([N+](=O)[O-])C1
39333,C=C[C@H]1C[N@+]2(CCCC)CC[C@H]1C[C@H]2[C@H](O)c1ccnc2ccc(OC)cc12
36270,C=C(C)C(=O)OCCOC(=O)c1ccccc1C(=O)[O-]
985,Cc1c([N+](=O)[O-])cc([N+](=O)[O-])cc1[N+](=O)[O-]
38850,O=[N+]([O-])c1cccc(-c2ccc(C=NO)o2)c1
16035,CCc1c(C)c(C)c([N+](=O)[O-])c([N+](=O)[O-])c1C
10723,O=[N+]([O-])c1c(O)c([N+](=O)[O-])c([N+](=O)[O-])c([N+](=O)[O-])c1[N+](=O)[O-]
37905,FC(F)(F)CO[B-](OCC(F)(F)F)(OCC(F)(F)F)OCC(F)(F)F
23887,O=C([O-])Cc1ccccc1
23962,CCCCCCCCCCCCCC[N+](C)(CCOCCOCCOCCOCCOCCO)CCOCCOCCOCCOCCOCCO
28027,C12C3C4C5C6C1[Cr+]234651789%10C2C1C7C8C9C2%10
21380,[N-]=[N+]=Nc1c([N+](=O)[O-])c(N=[N+]=[N-])c([N+](=O)[O-])c(N=[N+]=[N-])c1[N+](=O)[O-]
29083,O=[N+]([O-])c1ccc(C=Cc2ccc([N+](=O)[O-])cc2S(=O)(=O)[O-])c(S(=O)(=O)[O-])c1
30143,Nc1ccc([N+](=O)[O-])c([N+](=O)[O-])c1
19450,CCCC[n+]1cc(C)cc(C)c1
39146,CCCCCCCCCC[N+](C)(C)C12CC3CC(CC(C3)C1)C2
29401,Cc1cc(C)nc([NH2+]c2ccccc2)n1
19398,CCOS(=O)(=O)[O-]
39669,C=Cn1cc[n+](CCCCC[n+]2ccn(C=C)c2)c1
4188,O=[N+]([O-])OCC(CO[N+](=O)[O-])O[N+](=O)[O-]
35900,C=CC[N+](C)(C)CCCl
32050,CCc1cc(Cl)c2nc(O)ccc2c1[N+](=O)[O-]
9679,Cn1cncc1[N+](=O)[O-]
35012,O=[N+]([O-])c1ncccc1O
19401,C[n+]1cccn1Cc1ccccc1
25620,CCCCNC(=O)C[n+]1ccn(CC)c1
11662,O=[N+]([O-])c1ccc(OCCO)c([N+](=O)[O-])c1
29398,Cc1cc(C(=O)[O-])cc(C(=O)[O-])c1
40584,[CH2+]C
40958,O=[N+]([O-])c1ccc(O)cc1F
3086,O=NN(CC(F)([N+](=O)[O-])[N+](=O)[O-])CC(F)([N+](=O)[O-])[N+](=O)[O-]
36891,CCCCCC[n+]1ccn(CCC(=O)OC)c1
6537,Nc1cc([N+](=O)[O-])ccc1O
30227,CC[C@H]([NH3+])C(=O)O
1467,CCCCCCCCCCCC[N+](C)(C)CCCS(=O)(=O)[O-]
20413,[2H][N+]([2H])([2H])[2H]
23519,O=C([O-])CCC(=O)[O-]
34445,C[N+](C)(C)CCC[N+]1(C)CCCCC1
3448,Cc1n[nH]c(N[N+](=O)[O-])n1
29167,Cc1ncc([N+](=O)[O-])n1CCO
10365,Cc1c2ccccc2c([N+](=O)[O-])c2ccccc12
34126,CCCCCCCCCCCC[n+]1ccsc1
27155,CCCC[n+]1cc(C)cc(C)c1C
19416,CC[N+](CC)(CC)CC
41094,C=CCN[c+]1c(N(C)C)c1N(C)C
20259,CCCCCCCCCCCCCCCC[N+](C)(C)CCO
25101,CCCCCCCCOCn1cc[n+](COCCCCCCCC)c1
21397,Nc1c([N+](=O)[O-])cc([N+](=O)[O-])c([N+](=O)[O-])c1[N+](=O)[O-]
10077,CC(=O)CCC[N+](=O)[O-]
34272,CN(C)CCN=[N+]=[N-]
40245,Cc1cc([N+](=O)[O-])ccc1-c1ccc(C=O)o1
20310,CC[NH3+]
9431,CCOC(=O)C(F)(F)[N+](=O)[O-]
28773,CC1=C(C(=O)OCCc2ccccc2)C(c2ncc([N+](=O)[O-])n2C)C(C(=O)OCCc2ccccc2)=C(C)N1
40922,CCCC[P+](CCCC)(CCCC)CCC(F)(F)C(F)(F)C(F)(F)C(F)(F)C(F)(F)C(F)(F)C(F)(F)C(F)(F)F
35523,CCOCCOCCn1cc[n+](C2CCCC2)c1
172,CC(=O)c1ccc([N+](=O)[O-])cc1
35666,Nn1cc([N+](=O)[O-])c(-n2cnnn2)n1
32069,O=[N+]([O-])c1c[nH]nc1[N+](=O)[O-]
34104,I[Pb-](I)I
36251,COC(=O)C1=C(C(=O)OC)N(c2ccc(Br)cc2)C(N)=C(C#N)C1c1ccc([N+](=O)[O-])cc1
20408,[Ag+]
10076,O=[N+]([O-])OC(CCl)CCl
31462,Cc1onc(-c2c(F)cccc2Cl)c1C(=O)N[C@@H]1C(=O)N2[C@@H](C(=O)[O-])C(C)(C)S[C@H]12
39601,Cc1[nH]nc2c1C(c1cccc([N+](=O)[O-])c1)CC(=O)N2
5047,CC(O)C(C)[N+](=O)[O-]
32860,CCCC[n+]1ccn(C(CC)CC)c1
24456,CCCCCCCCCCCC[N+](CCCC)(CCCC)CCCC
36244,O=[N+]([O-])c1cc([N+](=O)[O-])c(NCCCCCCCNc2c([N+](=O)[O-])cc([N+](=O)[O-])cc2[N+](=O)[O-])c([N+](=O)[O-])c1
23566,O=C([O-])c1ccc(C(=O)[O-])cc1
20391,c1c[nH+]c[nH]1
16231,CCc1c(CC)c(CC)c([N+](=O)[O-])c([N+](=O)[O-])c1CC
27914,O=BOB(O)OB([O-])O
23877,CC(C)[C@H]1OC[C@@H]([NH3+])CO1
1796,CC(C)O[N+](=O)[O-]
10408,O=[N+]([O-])c1c(Br)c([N+](=O)[O-])c([N+](=O)[O-])c([N+](=O)[O-])c1[N+](=O)[O-]
36865,CC[N+](CC)(CC)CCCS(=O)(=O)O
35667,O=[N+]([O-])n1ccc(-n2cnnn2)n1
36019,CCCCCCCCCCCCCCCCCCSCCC[N+](CCCSCCCCCCCCCCCCCCCCCC)(CCCSCCCCCCCCCCCCCCCCCC)CCCSCCCCCCCCCCCCCCCCCC
9451,O=[N+]([O-])c1cc([N+](=O)[O-])c(F)c([N+](=O)[O-])c1F
22364,O=[N+]([O-])c1cccc2no[n+]([O-])c12
39223,CCOC(=O)C1=C(C)NC(=O)NC1c1ccccc1[N+](=O)[O-]
32071,O=S(=O)([O-])CC(O)CN1CCOCC1
37449,CC(C)[C@@H](CO)[N+](C)(C)C
38652,C[NH+](C)Cc1c(O)c2cc(c1O)[C@H](C)c1cc(c(O)c(C[NH+](C)C)c1O)[C@H](C)c1cc(c(O)c(C[NH+](C)C)c1O)[C@H](C)c1cc(c(O)c(C[NH+](C)C)c1O)[C@@H]2C
10510,CC(=O)Nc1ccc2c3c(ccc([N+](=O)[O-])c13)CC2
28632,CCCCCCS(=O)(=O)[O-]
17003,CCCC(CCC)O[N+](=O)[O-]
20488,Cc1ccccc1[O-]
34184,O=[N+]([O-])C1([N+](=O)[O-])CC1
19417,CCn1cc[n+](CC)c1
32370,O=[N+]([O-])c1c[nH]cn1
9900,O=[N+]([O-])NCN[N+](=O)[O-]
20163,CCCCCC[n+]1ccn(CC)c1
9935,O=NO[Cl+3]([O-])([O-])[O-]
31642,c1ccc2[n-]nnc2c1
22249,NC(=O)c1ccc[n+]([O-])c1
23597,CC(C)CC[N+](CCC(C)C)(CCC(C)C)CCC(C)C
23069,CC[C@H]1CO[C@@H](c2ccccc2[N+](=O)[O-])OC1
5062,[C-]#[N+]CCC
20206,CC(C)(C)O[O-]
32281,N#CC(=Cc1ccccc1[N+](=O)[O-])c1ccc(Cl)cc1
39685,C[C@@H](O)[C@H]([NH3+])C(=O)O
38077,O=[As](=O)[O-]
28204,O=C(/C=C/c1ccc(-c2cccc([N+](=O)[O-])c2)o1)c1ccc(Cl)cc1
9720,Nc1cc(Cl)c([N+](=O)[O-])cc1Cl
36879,CSCCC1c2cc(c(O)c(CS(=O)(=O)[O-])c2O)C(CCSC)c2cc(c(O)c(CS(=O)(=O)[O-])c2O)C(CCSC)c2cc(c(O)c(CS(=O)(=O)[O-])c2O)C(CCSC)c2cc1c(O)c(CS(=O)(=O)[O-])c2O
39548,O=S(=O)(F)[N-]S(=O)(=O)C(F)(F)F
36633,CCCC[N+](C)=C(N(C)C)N(C)C
25480,CC(=O)c1ccc([N+](=O)[O-])s1
39776,Cc1ccc2nc[n-]c2c1
7253,[O-][N+]1=NC2CCC1C1CC21
2837,O=[N+]([O-])C(F)(COCC(F)([N+](=O)[O-])[N+](=O)[O-])[N+](=O)[O-]
31942,CCCC[n+]1cc[nH]c1-c1ccccc1
35670,O=[N+]([O-])c1c[nH]nc1-c1nnn[nH]1
36317,N#C[Fe-3](C#N)(C#N)(C#N)(C#N)C#N
36371,CCCCCCCCCCCCCC[N+](C)(C)CCCNC(=O)c1ccc(C(=O)NCCC[N+](C)(C)CCCCCCCCCCCCCC)cc1
23860,O=[N+]([O-])c1n[nH]c([N+](=O)[O-])n1
19203,CCCCC=C(CC)[N+](=O)[O-]
10579,N=C(NNC=O)N[N+](=O)[O-]
21201,CCCC=C(CCCC)[N+](=O)[O-]
32805,CCCCCCCCC(C[N+](C)(C)Cc1ccccc1)C(C)O
34761,CC[N+](C)(CCO)CCO
36844,CCCCCCC[N+]1(C)CCOCC1
19407,Br[Ru-2](Br)(Br)(Br)(Br)Br
2205,CCOP(=S)(Oc1ccc([N+](=O)[O-])cc1)c1ccccc1
41304,Cc1n(C)cc[n+]1CCCCCCCCCC[n+]1ccn(C)c1C
36800,Cn1cc[n+](CCOc2ccccc2)c1
24573,Cc1ccc([N+](=O)[O-])cc1O
37252,CN(CCO)c1ccc(N=Nc2c(Cl)cc([N+](=O)[O-])cc2Cl)cc1
9890,COc1ccc([N+](=O)[O-])c2cccc([N+](=O)[O-])c12
36880,CCCCC1c2cc(c(O)c(CS(=O)(=O)[O-])c2O)C(CCCC)c2cc(c(O)c(CS(=O)(=O)[O-])c2O)C(CCCC)c2cc(c(O)c(CS(=O)(=O)[O-])c2O)C(CCCC)c2cc1c(O)c(CS(=O)(=O)[O-])c2O
36178,C[N+]1(CCCCCC[N+]2(C)[C@@H]3CC[C@@H]2CC(O)C3)[C@H]2CC[C@H]1CC(O)C2
20418,CCC[NH3+]
19424,O=C([O-])c1ccccc1
35797,CC[NH+](CC)CCO
39611,CCS(=O)(=O)CCn1c([N+](=O)[O-])cnc1C
19322,CCCCCCCC[n+]1ccn(C)c1
41443,C=CC[P+](CCCCCCCC)(CCCCCCCC)CCCCCCCC
41482,CCCC[P+](CCCC)(CCCC)CCCSCCC(F)(F)C(F)(F)C(F)(F)C(F)(F)C(F)(F)C(F)(F)C(F)(F)C(F)(F)F
5431,[O-][n+]1ccccc1
27477,CN(C)C(=S)[S-]
36089,Cl[Sm-2](Cl)(Cl)(Cl)Cl
32087,N[C@@H](Cc1c[nH]cn1)C(=O)[O-]
8464,CCC(CN(CCC(F)([N+](=O)[O-])[N+](=O)[O-])[N+](=O)[O-])([N+](=O)[O-])[N+](=O)[O-]
10442,CC(Cl)C(Cl)(Cl)C(O)C[N+](=O)[O-]
24947,O=[N+]([O-])c1cc([N+](=O)[O-])c(O)c(Cl)c1O
39785,CCCCCCCCCCCC[N+](C)(C)CC(=O)OCCCOC(=O)C[N+](C)(C)CCCCCCCCCCCC
37775,C[NH2+][C@H]1CC[C@@H](c2ccc(Cl)c(Cl)c2)c2ccccc21
12143,Cc1ccc([N+](=O)[O-])c(C)c1[N+](=O)[O-]
10351,O=[N+]([O-])N(CCC(F)([N+](=O)[O-])[N+](=O)[O-])COCN(CCC(F)([N+](=O)[O-])[N+](=O)[O-])[N+](=O)[O-]
36291,Cc1c(N(C)CS(=O)(=O)[O-])c(=O)n(-c2ccccc2)n1C
32557,N#Cc1ccc[n-]1
20300,O=C([O-])C(=O)[O-]
38886,CCCCCCOC(=O)CC(C(=O)OCCCCCC)C(C(=O)OCCCCCC)S(=O)(=O)[O-]
20344,[Li+]
39690,CCCCCCCCCCCCCCCn1cc[n+](C)c1
13534,O=[N+]([O-])c1ccc(O)c(Br)c1
23589,[O-][I+3]([O-])([O-])[O-]
20442,Cc1n(C)cc([N+](=O)[O-])[n+]1C
20483,CCCCCOC[N+](C)(C)CCOC(C)=O
20001,Nc1c([N+](=O)[O-])cc(Cl)cc1[N+](=O)[O-]
29486,CC[C@@H](C(=O)[C@@H](C)[C@H](O)[C@H](C)CCc1ccc(C)c(O)c1C(=O)[O-])[C@@H]1O[C@@](CC)([C@@H]2CC[C@@](O)(CC)[C@@H](C)O2)C[C@H]1C
20351,O=C([O-])C1(C2(C(=O)[O-])N=C([N+](=O)[O-])C([N+](=O)[O-])=N2)N=C([N+](=O)[O-])C([N+](=O)[O-])=N1
26527,CCCCCCCCn1cc[n+](CCC#N)c1
40829,[O-]c1ccccn1
40035,Cc1c(C)[n+]([O-])c2cc(Cl)ccc2[n+]1[O-]
960,CCC(C(c1ccc(Cl)cc1)c1ccc(Cl)cc1)[N+](=O)[O-]
23534,CC[N+](CC)(CC)CCCCCCCCCC[N+](CC)(CC)CC
30673,O=P1([O-])OP(=O)([O-])OP(=O)([O-])OP(=O)([O-])OP(=O)([O-])OP(=O)([O-])O1
34872,CCOC(=O)C[n+]1cn(N)cn1
2776,O=[N+]([O-])N(COCN(CC(F)([N+](=O)[O-])[N+](=O)[O-])[N+](=O)[O-])CC(F)([N+](=O)[O-])[N+](=O)[O-]
20275,c1ccc([As+](c2ccccc2)(c2ccccc2)c2ccccc2)cc1
6526,Cc1cccc([N+](=O)[O-])c1
28547,Cc1ccccc1N(O)C(=O)c1ccc([N+](=O)[O-])cc1
26540,CNC(=C[N+](=O)[O-])NCCSCc1ccc(CN(C)C)o1
26504,CCCCC[N+](C)(C)CC
10380,O=[N+]([O-])c1cc([N+](=O)[O-])c([N+](=O)[O-])cc1Br
24631,O=[N+]([O-])C1C2CC3CC(C2)CC1C3
37892,COc1cccc([B-](F)(F)F)c1
20403,CC1(S(=O)(=O)[O-])CC(=O)c2ccccc2C1=O
23509,CCN(CC)C(=S)[S-]
34644,N#C[C-](C#N)[n+]1ccccc1
22688,O=[N+]([O-])c1cccc2c(Br)cccc12
19406,CC[N+](CC)(C(C)C)C(C)C
20380,O=C([O-])CO
34600,O=[N+]([O-])c1cnn([N+](=O)[O-])c1
29630,CCOc1ccc(NS(=O)(=O)c2ccc([N+](=O)[O-])cc2)cc1
34679,COC(=O)[C@@H]1CCC[NH2+]1
9406,Nc1cc([N+](=O)[O-])cc([N+](=O)[O-])c1
20060,CCNc1ccc([N+](=O)[O-])cc1[N+](=O)[O-]
35734,Cc1[nH]cc[n+]1CCCS(=O)(=O)O
32567,CCCCCCCCC[P+](CC)(CC)CC
23570,O=C([O-])COc1cc(Cl)c(Cl)cc1Cl
25105,CP(=O)([O-])O
7100,O=[N+]([O-])c1cc([N+](=O)[O-])c(-c2nc(-c3c([N+](=O)[O-])cc([N+](=O)[O-])cc3[N+](=O)[O-])nc(-c3c([N+](=O)[O-])cc([N+](=O)[O-])cc3[N+](=O)[O-])n2)c([N+](=O)[O-])c1
9392,O=[N+]([O-])c1ccc(-c2ccccc2[N+](=O)[O-])cc1
38007,O=[N+]([O-])[N-]c1nnc([N-][N+](=O)[O-])nn1
35955,C[n+]1cn(CCCCS(=O)(=O)O)c2ccccc21
29273,CCC[N+](C)(C)CCCO
38357,CCOP(=S)(Oc1ccc([N+](=O)[O-])cc1)Oc1ccc([N+](=O)[O-])cc1
25199,CO/N=C(\C(=O)N[C@@H]1C(=O)N2C(C(=O)O)=C(C[n+]3cccc4c3CCC4)CS[C@H]12)c1csc(N)n1
20276,[Ba+2]
16325,O=C(Br)c1cc([N+](=O)[O-])cc([N+](=O)[O-])c1
11085,CC(O)C(C)O[N+](=O)[O-]
21824,Cc1c([N+](=O)[O-])cc([N+](=O)[O-])c(NC[N+](=O)[O-])c1[N+](=O)[O-]
22335,[N-]=[N+]=C1C=C([N+](=O)[O-])C=C([N+](=O)[O-])C1=O
10628,O=[N+]([O-])C(=C1NCC2(CN1)CNC(=C([N+](=O)[O-])[N+](=O)[O-])NC2)[N+](=O)[O-]
24124,Cc1ccc(S(=O)(=O)[N-]Cl)cc1
9537,O=[N+]([O-])OCC(CO)(CO)CO
38259,COc1ccccc1N=Nc1c(O)ccc2ccc([N+](C)(C)C)cc12
17273,O=[N+]([O-])c1cc(Cl)c(Cl)c([N+](=O)[O-])c1
19283,O=[N+]([O-])[O-]
40438,CC(=O)[N-]S(=O)(=O)c1ccc(NC(C)=O)cc1
13370,CC(C)(C)COC(=O)CCC([N+](=O)[O-])([N+](=O)[O-])[N+](=O)[O-]
10395,O=[N+]([O-])c1cc2c([N+](=O)[O-])ccc([N+](=O)[O-])c2cc1[N+](=O)[O-]
23071,CC(C)[C@H]1CO[C@@H](c2ccccc2[N+](=O)[O-])OC1
37706,CCCCCCCCCC[n+]1cc[nH]c1
29813,COCCOCCOCCn1cc[n+](C)c1
10561,O=C1C(=CC=Cc2ccccc2[N+](=O)[O-])CCCC1=CC=Cc1ccccc1[N+](=O)[O-]
36516,CCC[NH+]=C(N(C)C)N(C)C
33462,C1CN=C2CCC[NH+]2C1
9781,CC(=O)c1ccc2c3c(ccc([N+](=O)[O-])c13)CC2
6315,[C-]#[N+]c1ccccc1
24532,CC[N+]([BH2-][n+]1ccn(C)c1)(CC)CC
34552,CCSCC[P+](CC)(CC)CC
20286,CCCCCCCCCCCCC[O-]
5316,O=[N+]([O-])OCCC(CO[N+](=O)[O-])O[N+](=O)[O-]
3331,CCOC(=O)C1=C(C)NC(C)=C(C(=O)OC)C1c1cccc([N+](=O)[O-])c1
20395,CCCC[P+](CC)(CCCC)CCCC
34744,C=Cc1c(C)c2cc3nc(c4c5[nH]c(cc6nc(cc1[nH]2)C(C)=C6CC)c(C)c5C(=O)C4)[C@@H](CCC(=O)OCc1c(CO)[n+]([O-])c2ccccc2[n+]1[O-])[C@@H]3C
33148,N#[O+]
36524,CCCCCC[NH2+]CCN
40841,CCCCCCCC[N+](CCCCCC)(CCCCCCCC)CCCCCCCC
37906,CCCC[P+](CCCC)(CCCC)CCC(F)(F)C(F)(F)C(F)(F)C(F)(F)C(F)(F)C(F)(F)F
20271,O=S(=O)([O-])[S-]
21290,O=[N+]([O-])c1cnc(Nc2c([N+](=O)[O-])cc([N+](=O)[O-])cc2[N+](=O)[O-])c([N+](=O)[O-])c1
35656,O=[N+]([O-])OC[C@H](O[N+](=O)[O-])[C@@H](CO[N+](=O)[O-])O[N+](=O)[O-]
19288,CC[n+]1ccc(N(C)C)cc1
20217,Cl[Cd-2](Cl)(Cl)Cl
29818,CCCCCCCCCCCCS(=O)(=O)[O-]
23928,CCCCCCCC[SnH2+2]CCCCCCCC
9062,CCc1cc(Cl)c(NC(C)=O)cc1[N+](=O)[O-]
36056,O=C1OC2(c3ccc([O-])cc3Oc3cc([O-])ccc32)c2ccccc21
21276,O=[N+]([O-])c1ccc(-c2ccc([N+](=O)[O-])cc2[N+](=O)[O-])cc1
39701,CC(C)C[C@H]([NH3+])C(=O)O
33336,CCCCC[P+](CC)(CC)CC
37771,[NH-2]
37717,CCCCc1ccc(C)[cH-]1
24647,CCCN(CCO[N+](=O)[O-])[N+](=O)[O-]
10355,CN=N/C(=C(/N=NC)c1c([N+](=O)[O-])cccc1[N+](=O)[O-])c1c([N+](=O)[O-])cccc1[N+](=O)[O-]
36386,CCCCCCCOC(=O)C[N+](CCCC)(CCCC)CCCC
20269,[Cr+6]
28531,CCCCCCCCCCCC[N+](C)(C)CC
41036,CCCN(C)[c+]1c(N(C)C)c1N(C)C
29749,CCCCCCCC[N+](C)(C)CCCCCC[N+](C)(C)CCCCCCCC
38551,[O-][n+]1o[n+]([O-])c2ccccc21
34791,Cc1c(C(=O)O)cc([N+](=O)[O-])cc1[N+](=O)[O-]
3085,O=[N+]([O-])C(CNCC([N+](=O)[O-])([N+](=O)[O-])[N+](=O)[O-])([N+](=O)[O-])[N+](=O)[O-]
36638,CN1CCN(C)C1=[N+]1CCCCCC1
5297,[O-][n+]1cccc(O)c1
8100,[N-]=[N+]=Nc1ccccc1
8135,O=[N+]([O-])OCCOCCO[N+](=O)[O-]
20355,[O-][B-]12O[B+]O[B-]([O-])(O[B+]O1)O2
35719,N#CC[n+]1ccn(CCCCn2cc[n+](CC#N)c2)c1
32509,CCCCCCSC(N(C)C)=[N+](C)C
16045,CCCCN(C(=O)OCC)[N+](=O)[O-]
36324,CCCCCC[n+]1ccn([C@@H](C)c2ccccc2)c1
36387,CCCCCCCCOC(=O)C[N+](CCCC)(CCCC)CCCC
31718,CCCc1cccc[n+]1CC
32432,CCCCCC[N+](C)(C)C(C)C
1779,O=[N+]([O-])C(F)(CO)[N+](=O)[O-]
41029,CCCCN(C)[c+]1c(N(C)C)c1N(C)C
32334,N#CC(C#N)=Cc1cccc([N+](=O)[O-])c1
22004,N=C(N)NN[N+](=O)[O-]
32277,CC(C)c1ccc(C(C#N)=Cc2cccc([N+](=O)[O-])c2)cc1
28049,O=[Hf+2]
3305,O=[N+]([O-])C(Cc1ccccc1)([N+](=O)[O-])[N+](=O)[O-]
23805,CCCCCC[N+](C)(C)CCC
27604,O=C[C@H](O)[C@@H](O)[C@H](O)[C@H](O)C(=O)[O-]
20198,CCCCCCCCCC[N+](C)(C)CCC
31452,Nc1nc(N)nc([NH3+])n1
36972,CC[N+](C)(C)CCCOC
24466,CCCCC[n+]1ccccc1
11277,Cc1c(C)c(C)c([N+](=O)[O-])c(C)c1C
26835,O=[N+]([O-])c1cc(CSc2nc3ccccc3[nH]2)cc([N+](=O)[O-])c1
20216,O=C([O-])COc1ccccc1
35657,O=[N+]([O-])OCC(CO[N+](=O)[O-])([N+](=O)[O-])C(CO[N+](=O)[O-])(CO[N+](=O)[O-])[N+](=O)[O-]
39484,C[N+]1(CCO)CCCCC1
37907,CCCCCC[N+](CCCCCC)(CCCCCC)CCCC(F)(F)C(F)(F)C(F)(F)C(F)(F)C(F)(F)C(F)(F)C(F)(F)C(F)(F)F
37474,C=Cc1ccc(C[N+](CC)(CC)CC)cc1
19459,O=C([O-])c1ccccc1O
29213,CCO[PH](=O)[O-]
38483,O=[N+]([O-])c1cc(-c2nn[nH]n2)[nH]n1
9721,Nc1cc(Cl)c(Cl)cc1[N+](=O)[O-]
21334,CCOC(=O)CC(=O)c1ccc([N+](=O)[O-])cc1
36307,[NH3+][C@@H](Cc1ccccc1)C(=O)OCc1ccccc1
3029,CC(C)(C)/[N+]([O-])=C/c1ccccc1
22492,O=[N+]([O-])c1cc([N+](=O)[O-])c(Nc2c([N+](=O)[O-])cc([N+](=O)[O-])c3no[n+]([O-])c23)c([N+](=O)[O-])c1
20193,Cl[Cu-2](Cl)(Cl)Cl
20379,[O-]c1ccccc1
10224,[N-]=[N+]=NCN(CN(CN(CN=[N+]=[N-])[N+](=O)[O-])[N+](=O)[O-])[N+](=O)[O-]
34043,CCCC[NH+](CCCC)CCCC
40622,C=CCn1cc[n+](CC[n+]2ccn(CC=C)c2)c1
22918,Cc1cc(N(CCO)CCO)ccc1N=Nc1ccc([N+](=O)[O-])cc1[N+](=O)[O-]
10193,O=c1ccc2cccc([N+](=O)[O-])c2o1
24898,CCC(Nc1ccc([N+](=O)[O-])cc1[N+](=O)[O-])C(=O)O
20287,[Bi+3]
34965,Cc1ccc(C2=NNC(=O)CC2)cc1[N+](=O)[O-]
10379,CCCC(CO[N+](=O)[O-])O[N+](=O)[O-]
35709,OCC[NH+]1CCOCC1
20224,[Pd+2]
32366,N#CC(=Cc1ccccc1[N+](=O)[O-])c1nc2ccccc2[nH]1
20207,c1cc[n+](CCCC[n+]2ccccc2)cc1
20361,[Dy+3]
35789,CC(C)[N+](C)(C)CCCCCCCCC[N+](C)(C)C(C)C
36895,CCC[n+]1ccn(CCC(=O)OC)c1
40128,C[N+]1(CCN)CCCC1
23596,CCCCCCCCCCCCCCCC[N+](C)(C)Cc1ccccc1
20158,[Pt+4]
10595,O=[N+]([O-])C1C2(CCC2)C([N+](=O)[O-])C12CCC2
35437,O=[N+]([O-])c1ccc(Oc2ccccc2)cc1
36867,C[NH2+]CCC#N
4623,O=C(O)c1cccc([N+](=O)[O-])c1C(=O)O
24729,CC[NH+](C)CC
31632,CC(C)CCCn1cc[n+](C)c1
39474,CCN(CCC#N)c1ccc(N=Nc2ccc([N+](=O)[O-])cc2Cl)cc1
36010,CCCSCCC[N+](CCCSCCC)(CCCSCCC)CCCSCCC
38017,Fc1ccc(C(c2ccc(F)cc2)[NH+]2CC[NH+](C/C=C/c3ccccc3)CC2)cc1
20366,C[n+]1ccn(CCCC#N)c1
37977,C[C@H](CCC(=O)NCC(=O)[O-])[C@H]1CC[C@H]2[C@H]3[C@H](C[C@H](O)[C@@]21C)[C@@]1(C)CC[C@@H](O)C[C@H]1C[C@H]3O
39987,Cc1cc(Cl)ccc1O[C@H](C)C(=O)[O-]
37404,CC[C@H](C)[C@H](NC(C)=O)C(=O)[O-]
24745,[O-]B([O-])[O-]
32287,Cc1ccccc1C(C#N)=Cc1cccc([N+](=O)[O-])c1
11361,O=[N+]([O-])OCCO
23591,O=S(=O)([O-])c1cccc(S(=O)(=O)[O-])c1
7716,O=[N+]([O-])c1ccc(O)c([N+](=O)[O-])c1
19363,CCCCCCCC[n+]1ccccc1
39716,N#CC[P+](c1ccccc1)(c1ccccc1)c1ccccc1
36819,Cc1ccc[n+](CCCOc2ccccc2)c1
37052,O=[N+]([O-])c1cccc([O-])c1
27803,CC(C)(C)c1cc2c(OP(=O)([O-])O)c(c1)Cc1cc(C(C)(C)C)cc(c1OP(=O)([O-])O)Cc1cc(C(C)(C)C)cc(c1OP(=O)([O-])O)Cc1cc(C(C)(C)C)cc(c1OP(=O)([O-])O)Cc1cc(C(C)(C)C)cc(c1OP(=O)([O-])O)Cc1cc(C(C)(C)C)cc(c1OP(=O)([O-])O)Cc1cc(C(C)(C)C)cc(c1OP(=O)([O-])O)Cc1cc(C(C)(C)C)cc(c1OP(=O)([O-])O)C2
23792,[N-]=[N+]=NCC[NH+]1C=NC=N1
19415,Cc1n(C)cc[n+]1C
35979,CCOC[n+]1ccccc1
15578,CCc1cc(Br)c2nc(Cl)ccc2c1[N+](=O)[O-]
21158,Cc1c(N)cc([N+](=O)[O-])cc1[N+](=O)[O-]
40835,COP(C)(=O)[O-]
35114,Cl[Nd-](Cl)(Cl)Cl
39724,O1B2OB3OB4OB1O[B-](O2)(O3)O4
23580,O=C([O-])COc1ccc(Cl)cc1Cl
10850,O=[N+]([O-])O[U](=O)(=O)O[N+](=O)[O-]
32555,Cc1n(C2CCCC2)cc[n+]1C
39916,COC(=O)c1ccccc1[N+](=O)[O-]
5867,O=[N+]([O-])OCC(CO[N+](=O)[O-])(CO[N+](=O)[O-])CO[N+](=O)[O-]
19368,CCCCCCCCCCCOC[n+]1ccn(C)c1
9558,O=[N+]([O-])c1cc(OC(F)(F)F)ccc1OC(F)(F)F
28529,C[n+]1ccn(CCc2ccccc2)c1
7947,CCN(CC)c1c([N+](=O)[O-])cc(C(F)(F)F)c(N)c1[N+](=O)[O-]
29100,Cn1cc[n+](CCCS(=O)(=O)O)c1
41549,C=C[n+]1ccn(CC(=O)OCCCC)c1
26525,CCCC[N+]1(CC)CCCC1
12346,C=CN=[N+]=[N-]
37348,CCCCCCCCCCCCC[N+]1(C)CCCC1
41525,Cl[Sb-2](Cl)(Cl)(Cl)Cl
20334,CCN1CCN(c2cc3c(cc2F)c(=O)c(C(=O)[O-])cn3C2CC2)CC1
3283,O=[N+]([O-])c1cc([N+](=O)[O-])c(Nc2nc(Nc3c([N+](=O)[O-])cc([N+](=O)[O-])cc3[N+](=O)[O-])c([N+](=O)[O-])cc2[N+](=O)[O-])c([N+](=O)[O-])c1
29614,CCC[N+](C)(CC)CC
20290,[Fe+2]
19273,[2H]c1n(CC)cc[n+]1C
36267,[NH3+]CCOCCOCC[NH3+]
15199,Cc1ccc(C)c([N+](=O)[O-])n1
41433,CCCCCCCCCCCC(=O)N[C@@H](CCC(=O)O)C(=O)[O-]
4388,O=[N+]([O-])c1ccc(Br)cc1
9538,COC(=O)/C=C/c1ccc([N+](=O)[O-])cc1
36301,O=[N+]([O-])c1ccccc1[O-]
1052,NS(=O)(=O)c1cccc([N+](=O)[O-])c1
33049,O[Co+2](O)(O)(O)(O)O
2830,CC1([N+](=O)[O-])CCCC1
562,CCC[N+](=O)[O-]
13380,Cc1ccc(C(C)C)c([N+](=O)[O-])c1
19405,CC(C)(C)[n+]1ccccc1
27813,CC12[C]3C4(C)[C]5C6(C)[C]1[V+]352461789%10[C]2C1(C)[C]7C8(C)[C]9C2%10C
34328,CCCCCCCCCCCCCCCC(=O)NCC[N+](C)(C)CC[N+](C)(C)CCNC(=O)CCCCCCCCCCCCCCC
32824,C[C@H]([NH3+])C1CCCCC1
33331,O=[N+]([O-])c1[nH]nc(-c2n[nH]c([N+](=O)[O-])c2[N+](=O)[O-])c1[N+](=O)[O-]
7059,[C-]#[N+]CC
32887,C=CC(=O)OC(c1ccc(OC(C)=O)c(OC)c1)[N+](=O)[O-]
34796,Cc1cc(C(F)(F)F)[n-]n1
28536,CCCCCC[n+]1ccc(C)cc1
30554,O=[N+]([O-])C(=C1NC(O)C(O)N1)[N+](=O)[O-]
33673,O=[Se]([O-])[O-]
38885,COC(=O)C1=C(C)NC(C)=C(C(=O)OCC(C)C)C1c1cccc([N+](=O)[O-])c1
29485,O=C1N2CN3C(=O)N([N+](=O)[O-])C4C3N(CN3C(=O)N([N+](=O)[O-])C(C23)N1[N+](=O)[O-])C(=O)N4[N+](=O)[O-]
27949,CCOCC[N+](C)(C)CCC[N+](C)(C)CCCc1ccccc1
15470,O=[N+]([O-])N(CCC(F)([N+](=O)[O-])[N+](=O)[O-])COCCC(F)([N+](=O)[O-])[N+](=O)[O-]
36219,CCCC[n+]1ccn(Cc2ccc([N+](=O)[O-])cc2)c1
37981,O=[N+]([O-])c1ccc(F)c(Cl)c1
31773,C=C(OC(=O)c1ccc([N+](=O)[O-])cc1)C(C)=O
34323,COC(=O)[O-]
5298,COCCOC(=O)C1=C(C)NC(C)=C(C(=O)OC(C)C)C1c1cccc([N+](=O)[O-])c1
32286,N#CC(=Cc1ccc([N+](=O)[O-])cc1)c1ccccc1
33678,C[NH+]1CCCCC1
26438,Nc1c([N+](=O)[O-])nc([N+](=O)[O-])c(N)[n+]1[O-]
20201,CCCCN(CCCC)C(=S)[S-]
39986,CCCCCCCC[N+](C)(C)CCOCCO
20367,Cl[P-](Cl)(Cl)(Cl)(Cl)Cl
10250,CC(C)N(c1ccc([N+](=O)[O-])cc1[N+](=O)[O-])C(C)C
25159,CCCC[P+](CCCC)(CCCC)CCCN
5538,O=[N+]([O-])C(F)[N+](=O)[O-]
23510,CC[NH2+]CC
37781,CCCN(CCC)C(=O)[O-]
1289,[O-][N+](F)(F)F
40698,O=C([O-])c1ccco1
39717,COC[P+](c1ccccc1)(c1ccccc1)c1ccccc1
34447,CCCCCCCCCCCCc1ccc(N=Nc2c(S(=O)(=O)[O-])cc3cc(S(=O)(=O)[O-])cc(NC(C)=O)c3c2O)cc1
20250,[NH3+]CCO
35184,C[NH2+]C(C)Cc1ccc2c(c1)OCO2
21286,Cc1c(C)[n+]([O-])cc[n+]1[O-]
20319,CCCC[N+](CC)(CC)CCCC
36712,COc1cc(C(=O)[O-])cc(OC)c1O
9372,O=[N+]([O-])CBr
21395,O=NN(c1ccccc1)c1ccc([N+](=O)[O-])cc1
28618,C=CC[NH+](C)CC=C
10623,O=[N+]([O-])C(=C(Nc1ccccc1)Nc1ccccc1)[N+](=O)[O-]
37701,CCCCCC[n+]1cc[nH]c1
35140,CCCCCCCC[NH+](CCCCCCCC)CCCCCCCC
20281,O=[N+]([O-])c1cc([N+](=O)[O-])c([O-])c([N+](=O)[O-])c1
41438,C=CC[P+](CCCC)(CCCC)CCCC
40192,CCOC(=O)C(C#N)=Cc1ccc(-c2ccc([N+](=O)[O-])cc2)o1
19278,O=S(=O)([C-](S(=O)(=O)C(F)(F)F)S(=O)(=O)C(F)(F)F)C(F)(F)F
35436,O=[N+]([O-])c1cccc(Oc2ccccc2)c1
37502,CCCC[n+]1ccn(CCCn2cc[n+](CCCC)c2)c1
29626,O=[N+]([O-])c1ccccc1NS(=O)(=O)c1ccccc1
39659,C[n+]1ccn(CCCC(=O)O)c1
37343,CCCCCCCCCCCCCCCCCCCC[N+]1(C)CCCC1
39372,CCCOC[N+](C)(C)CCOC(C)=O
2995,CCCN(CCCl)c1c([N+](=O)[O-])cc(C(F)(F)F)cc1[N+](=O)[O-]
34757,O=[N+]([O-])Nc1nnc(-c2nnc(N[N+](=O)[O-])[nH]2)[nH]1
4222,O=[N+]([O-])C(Br)([N+](=O)[O-])[N+](=O)[O-]
27459,NNC(NN)=[NH+]N
4992,CCO[N+](=O)[O-]
16044,COC(=O)N(CC(C)C)[N+](=O)[O-]
2682,[C-]#[N+]CCCC
9841,CC(C)Nc1ccc([N+](=O)[O-])cc1[N+](=O)[O-]
33275,[O-]CC(F)(F)F
34177,O=[N+]([O-])C1CC12CC21CCC1
30290,O=C([O-])c1cc(O)cc(C(=O)[O-])c1
18007,COc1ccc(C(C)OC)cc1[N+](=O)[O-]
28805,O=S(=O)([O-])C(F)(F)C(F)OC(F)(F)F
37930,CCCC[n+]1ccn(CCn2cc[n+](CCCC)c2)c1
19421,CC(=O)[O-]
41381,CCCCCCCCOCC(C)OCC(C)OCC(C)OCC(C)OCC(C)OCC(C)OCC(=O)[O-]
37621,CCCCCCCCCCCCNC(=O)[O-]
22355,O=C(CCC([N+](=O)[O-])([N+](=O)[O-])[N+](=O)[O-])OCC([N+](=O)[O-])([N+](=O)[O-])[N+](=O)[O-]
21347,CC(C)c1ccc(/C=C/c2ccc([N+](=O)[O-])cc2[N+](=O)[O-])cc1
1682,Nc1cc(Cl)ccc1[N+](=O)[O-]
38613,CCCCCCCCCCCCCC(=O)OC[C@H](COP(=O)([O-])OCC[N+](C)(C)C)OC(=O)CCCCCCCCCCCCC
33662,O=[N+]([O-])c1cc(F)cc(F)c1
40386,CCCCCCCCCCCCCCCC(=O)NCCC[N+](C)(C)CCCCCCCC
37283,CCCCCC[n+]1cc(C)n(C)c1CC
37242,NC1=NN=C(N)[NH+]1N
16051,O=[N+]([O-])Nc1ccccc1[N+](=O)[O-]
1803,Nc1c([N+](=O)[O-])cc([N+](=O)[O-])c(-c2c([N+](=O)[O-])cc([N+](=O)[O-])c(N)c2[N+](=O)[O-])c1[N+](=O)[O-]
40963,Cc1c(-c2ccccc2)oc2c(C(=O)OCC[NH+]3CCCCC3)cccc2c1=O
20277,CCCCCCOC(=O)CC(C(=O)OCCCCCC)S(=O)(=O)[O-]
30004,O=[N+]([O-])NC1=NCCN1c1ccc(N2CCN=C2N[N+](=O)[O-])nc1
38356,CCOP(=O)(OCC)Sc1ccc([N+](=O)[O-])cc1
20211,Cc1ccccc1C(=O)[O-]
25175,CCCCCCCCCCCCCC[N+](CC)(CC)CC
23500,CCCC[Sn+](CCCC)CCCC
20432,O=C([O-])O
37164,O=C([O-])c1cc(O)cc(O)c1
10334,Nc1c([N+](=O)[O-])c(N)c([N+](=O)[O-])c(F)c1[N+](=O)[O-]
34072,C[C@@H](O)[C@H](/N=C/c1ccccc1O)C(=O)[O-]
34609,Cn1c2ccccc2c(=O)c2cc([N+](=O)[O-])ccc21
23544,CC[N+](CC)(CC)CCCCC[N+](CC)(CC)CC
32520,CCCCn1cc[n+](C)c1COCOC
26501,CCn1cc[n+](CCCCCCO)c1
35573,CC(C)[C@@H]1CC[C@@H](C)C[C@H]1OC[n+]1ccn(C)c1
6160,O=[N+]([O-])c1ccccc1O
28723,CC1=C(C(=O)OCCCCC2CCCCC2)C(c2ncc([N+](=O)[O-])n2C)C(C(=O)OCCCCC2CCCCC2)=C(C)N1
34945,O=C1CCC(c2cccc([N+](=O)[O-])c2)=NN1
10718,[N-]=[N+]=Nc1c([N+](=O)[O-])cc([N+](=O)[O-])c(Cl)c1[N+](=O)[O-]
29131,CCCCCCCCCC[N+]1(C)CCOCC1
33580,CCCCCCCCCCCC[NH+](CCO)CC(C)O
25114,N[C@@H](CO)C(=O)[O-]
19916,O=[N+]([O-])O[N+](=O)[O-]
40586,C[CH+]C
5934,CC(C)[N+](=O)[O-]
2462,[O-][n+]1ccncc1
18006,COc1ccc(C(C)OCC(Cl)Cl)cc1[N+](=O)[O-]
33544,COCCNc1ccc([N+](=O)[O-])cc1
34176,O=[N+]([O-])C1CC12CC21CC1
20452,CCCC[N+](CCC)(CCCC)CCCC
20341,[C-]#[N+][O-]
20354,[Se-2]
20303,CC(C)[NH2+]C(C)C
30211,CCCN([N+](=O)[O-])[N+](=O)[O-]
31555,O=S(=O)([O-])c1ccc(O)cc1
23531,O=C1[N-]C(=O)C2C1C1(Cl)C(Cl)=C(Cl)C2(Cl)C1(Cl)Cl
2973,CC(CN(CC(F)([N+](=O)[O-])[N+](=O)[O-])[N+](=O)[O-])([N+](=O)[O-])[N+](=O)[O-]
21346,Cc1c(C)[n+]([O-])c(C)c(C)[n+]1[O-]
36123,O=S(=O)([O-])N1CN(S(=O)(=O)[O-])C2C1N(S(=O)(=O)[O-])CN2S(=O)(=O)[O-]
37888,F[B-](F)(F)c1ccc(C(F)(F)F)cc1
32547,CC[P+](CC)(CC)C1CCCC1
32074,O=S(=O)([O-])CCN(CCO)CCO
34729,CCCCCCCC[n+]1ccn(Cc2ccc(C)cc2)c1
28473,CCCCCCC[n+]1cccc(C)c1
41289,Oc1cc(O)c2ccc(-c3ccc(O)c(O)c3)[o+]c2c1
32138,CCCC[N+](C)(CC)CC
30890,C[N+]1(CCCO)CCOCC1
31817,CCNc1cc2[o+]c3cc(NCC)c(C)cc3c(-c3ccccc3C(=O)OCC)c2cc1C
9524,O=[N+]([O-])C(F)F
14666,CCN(CC)Cc1cccc([N+](=O)[O-])c1
24757,O=[V+2]
25272,[N-]=[N+]=NCSc1ccccc1
30567,O=[N+]([O-])c1ccc(NN=Cc2cccs2)c([N+](=O)[O-])c1
41377,CCCCCCCCCCCCCCCCCCOCC(C)OCC(C)OCC(C)OCC(C)OCC(C)OCC(C)OCC(C)OCC(C)OCC(C)OCC(=O)[O-]
41234,FC(F)(F)C(F)(F)C(F)(F)C(F)(F)C(F)(F)C(F)(F)CC[n+]1ccccc1
23204,[C-]#N
12158,O=[N+]([O-])c1ccc(Cl)cc1O
25429,CC(C)CC(Nc1ccc([N+](=O)[O-])cc1[N+](=O)[O-])C(=O)O
12015,CCC(CC)[N+](=O)[O-]
9840,CCCNc1ccc([N+](=O)[O-])cc1[N+](=O)[O-]
20492,[O-][Te]([O-])([O-])([O-])([O-])[O-]
34068,CC(C)C[C@H](/N=C/c1ccccc1O)C(=O)[O-]
40517,[NH3+]CCCCCC(=O)O
12224,CCCCCCCCO[N+](=O)[O-]
25610,C[n+]1ccn(CCCN)c1
10394,O=[N+]([O-])c1ccc2c([N+](=O)[O-])ccc([N+](=O)[O-])c2c1[N+](=O)[O-]
36241,O=[N+]([O-])c1cc([N+](=O)[O-])c(NCCNc2c([N+](=O)[O-])cc([N+](=O)[O-])cc2[N+](=O)[O-])c([N+](=O)[O-])c1
9361,O=C(O)c1ccc([N+](=O)[O-])c([N+](=O)[O-])c1
35578,CCCCCCCn1cc[n+](CO[C@@H]2C[C@H](C)CC[C@H]2C(C)C)c1
30366,C[n+]1ccn(CCOCCn2cc[n+](C)c2)c1
36622,CN(Cc1cnc2nc(N)nc(N)c2n1)c1ccc(C(=O)N[C@@H](CCC(=O)[O-])C(=O)[O-])cc1
20394,c1ccc([Sn+](c2ccccc2)c2ccccc2)cc1
27911,C1N2CN3CN1C[NH+](C2)C3
38364,C[N+](C)(C)CCC[N+]1(C)CCOCC1
10014,COCc1c(O)c([N+](=O)[O-])cc2c(C)cc(=O)oc12
24447,CCOC(=O)CC(=O)[O-]
20230,CCCCC(=O)[O-]
23226,CCC(C)[N+](C(C)CC)(C(C)CC)C(C)CC
24970,CCCCCCCCOn1cc[n+](OCCCCCCCC)c1C
10230,O=C(CC[N+](=O)[O-])c1ccccc1
35159,CCCC[N+](C)(CCC)CCC
22762,CCCCNc1c([N+](=O)[O-])cc([N+](=O)[O-])cc1[N+](=O)[O-]
1357,CCCCN(F)[N+](=O)[O-]
20225,CC(C)c1ccc(S(=O)(=O)[O-])cc1
34822,NC(=O)C1=CN([C@@H]2O[C@H](COP(=O)([O-])OP(=O)([O-])OC[C@H]3O[C@@H](n4cnc5c(N)ncnc54)[C@H](O)[C@@H]3O)[C@@H](O)[C@H]2O)C=CC1
27145,CCCCCCCC[n+]1cc(CC)ccc1C
33408,O=C([O-])c1cc([N+](=O)[O-])ccc1O
33090,CCCCCCCCCCCCCCCC[P+](CCCCCCCCCCCCCCCC)(CCCCCCCCCCCCCCCC)CCCCCCCCCCCCCCCC
20249,CCCCCCCCCCCCCCCCCC[NH3+]
37730,CC(C)(C)/C([O-])=C/C(=O)C(F)(F)C(F)(F)C(F)(F)F
29769,CC[N+]1=C2CCCCCN2CCC1
40633,CC1(C)CC(=O)C2=C(C1)OC(N)=C(C#N)C2c1cccc([N+](=O)[O-])c1
40879,c1ccc(Oc2ccccc2[P+](c2ccccc2)(c2ccccc2)c2ccccc2)cc1
30281,Nc1cc(C(=O)[O-])cc(C(=O)[O-])c1
10594,O=[N+]([O-])C1(Cl)C2(CCC2)C(Cl)([N+](=O)[O-])C12CCC2
27426,CCCCCCCC/C=C\CCCCCCCC[n+]1ccn(C)c1
10249,O=[N+]([O-])C(Cl)(Cl)C(Cl)(Cl)[N+](=O)[O-]
33076,CC[N+](CC)(CC)CCO
32978,O=C([O-])CCCCC(=O)O
37288,CCC[n+]1cc(C)n(C)c1
30566,O=[N+]([O-])c1ccc(NN=Cc2cccs2)cc1
34736,O=C([O-])c1c(O)cccc1O
41091,CCCCCN[c+]1c(N(C)C)c1N(C)C
24756,Cc1ccc([N+](=O)[O-])cc1S(=O)(=O)O
26712,CCCCCN=[N+]=[N-]
14667,CCN(CC)Cc1ccc([N+](=O)[O-])cc1
31085,CCCCCCCC[n+]1ccn(CC)c1
22807,CCCC[n+]1cc([O-])on1
36325,CCC[n+]1ccn([C@@H](C)c2ccccc2)c1
23613,CCC(C)[NH3+]
19404,CCn1cc[n+](Cc2ccccc2)c1C
14838,O=[N+]([O-])c1cc([N+](=O)[O-])c([N+](=O)[O-])c([N+](=O)[O-])c1
28380,CCCCC12C3(C)C4(C)C5(C)C1(C)[Fe+]45321678C2C1(C)C6(C)C7(C)C28C
19427,CCCCn1cc[n+](C)c1
40501,C[N+]1(CCCCCCCC[N+]2(C)CCOCC2)CCOCC1
34117,CCCCCCCCCC[N+](C)(CCO)CCO
41387,CCCCCCCCCCCCCCCCCCCCCCOCC(C)OCC(C)OCC(C)OCC(C)OCC(C)OCC(C)OCC(=O)[O-]
20346,[Be+2]
37873,CC1CCCCN1C(=O)[O-]
38827,C[N+]1(CC2CCCCC2)CCCC1
11452,N=C(NN)N[N+](=O)[O-]
29343,C=CC(=O)OCCC[n+]1ccn(C)c1
9452,O=[N+]([O-])c1cc2ccc3cccc4ccc(c1)c2c34
30216,CCCCn1n[n+](CC)c2ccccc21
40550,[Nb+3]
27474,C[NH2+]N
19439,CCCCCC[n+]1ccccc1
37627,C[N+]1(CCCCCCCCCCCC[N+]2(C)CCOCC2)CCOCC1
19382,CCCCCCCCCCCCCC[P+](CCCCCC)(CCCCCC)CCCCCC
19343,CCCC[n+]1cscc1C
19145,COc1ccc(-c2ccccc2)c([N+](=O)[O-])c1
23529,O=P([O-])([O-])O
8235,O=[N+]([O-])c1cc([N+](=O)[O-])c(N=Nc2c([N+](=O)[O-])cc([N+](=O)[O-])cc2[N+](=O)[O-])c([N+](=O)[O-])c1
41295,COc1cc(-c2[o+]c3cc(O)cc(O)c3cc2O[C@@H]2O[C@H](CO)[C@@H](O)[C@H](O)[C@H]2O)cc(O)c1O
20347,O=S([O-])[O-]
34116,CCCCCCCC[N+](C)(CCO)CCO
36152,Cc1cc(C)[n+](-c2ccc(Br)cc2)n1C
19426,CCC[n+]1ccn(C)c1
26306,O=[N+]([O-])c1cc([N+](=O)[O-])c([N-]c2c([N+](=O)[O-])cc([N+](=O)[O-])cc2[N+](=O)[O-])c([N+](=O)[O-])c1
24012,O=P([O-])(F)F
34620,CC(O)C[N+](C)(C)C
24951,CCCCOCn1cc[n+](COCCCC)c1
33928,O=C([O-])C(=O)[C@@H](O)[C@H](O)[C@@H](O)CO
34635,CCCC[P+](CCCC)(CCCC)CCCC(=O)OCC
40453,CCCCCCCCCCCCCCCCCCOC(=O)C[N+](C)(C)C
23608,CC[N+](C)(CC)CC
20423,O=[N+]([O-])OCC[NH2+]CCO[N+](=O)[O-]
22276,O=[N+]([O-])N1CN([N+](=O)[O-])[C@H]2[C@@H]1N([N+](=O)[O-])CN2[N+](=O)[O-]
11026,O=[N+]([O-])OCc1c(CO[N+](=O)[O-])c(CO[N+](=O)[O-])c(CO[N+](=O)[O-])c(CO[N+](=O)[O-])c1CO[N+](=O)[O-]
21783,O=[N+]([O-])c1cc([N+](=O)[O-])c2c(c1)n[n+]1[n-]c3c([N+](=O)[O-])cc([N+](=O)[O-])cc3n21
29543,CC(C)(C)[NH2+]CC(O)c1ccc(O)c(CO)c1
1358,CCC(C)N(F)[N+](=O)[O-]
41498,CCCC[N+]1(C)[C@H]2CC[C@@H]1C[C@H](O)C2
11973,Cc1c(C)[n+]([O-])c2ccccc2[n+]1[O-]
23827,O=C([O-])CCCCCC(=O)[O-]
40056,CCCCCCOCn1cc[n+](CC)c1
11021,COC(=O)NCCO[N+](=O)[O-]
29023,CCCCCC[n+]1cc(C)cc(C)c1C
35496,C[N+]1(CCCC#N)CCOCC1
28215,O=C(/C=C/c1ccc(-c2cccc([N+](=O)[O-])c2)o1)c1cc2ccccc2oc1=O
37475,C=Cc1ccc(C[N+]2(C)CCCCC2)cc1
3944,O=[N+]([O-])c1ccccc1[N+](=O)[O-]
12824,CCCC(C)[N+](=O)[O-]
41044,CCCN(CCC)[c+]1c(N(C)C)c1N(C)C
41267,C[n+]1ccn(CCOC/C=C/c2ccccc2)c1
28556,CN1C=[N+](CCC[N+]2=CN(C)CC2)CC1
41301,OC[C@H]1O[C@@H](Oc2cc3c(O)cc(O)cc3[o+]c2-c2ccc(O)cc2)[C@H](O)[C@@H](O)[C@@H]1O
33859,CC[N+](CC)(CC)CCCS(=O)(=O)[O-]
30534,CC[NH+]=C(N(C)C)N(C)C
10541,Cc1c(N)no[n+]1[O-]
23214,C[n+]1cn(N)cn1
29786,CC1(C)[C@@H]2CC[C@@]1(CS(=O)(=O)[O-])C(=O)C2
27548,CNc1cc([N+](=O)[O-])cc([N+](=O)[O-])c1C
40311,O=[N+]([O-])c1cn([N+](=O)[O-])cn1
30224,CC(C)[C@H]([NH3+])C(=O)O
40234,N#CCCN(CCC#N)c1ccc(N=Nc2ccc([N+](=O)[O-])cc2)cc1
22366,COc1ccc2no[n+]([O-])c2c1[N+](=O)[O-]
38226,CCCCCCCCCCCCCC[N+](C)(C)CC(=O)OCCOC(=O)C[N+](C)(C)CCCCCCCCCCCCCC
31876,NC(=O)C(=Cc1cccc([N+](=O)[O-])c1)c1ccccc1
30015,CCCCCCCC[n+]1cccc(C#N)c1
24043,CCCC[n+]1ccn(CCC#N)c1
28488,C[NH+]1CCCC1=O
34186,O=[N+]([O-])C1C2(CCC2)C12CCC2
19348,CCCCCCCC[N+](CC)(CC)CC
40902,CCCC[P+](CCCC)(CCCC)CCOCC
29092,CCCCCC[N+]12CCN(CC1)CC2
24910,Cc1cc(C)nc([N-]S(=O)(=O)c2ccc(N)cc2)n1
35583,CCCCCCCCCCCCn1cc[n+](CO[C@@H]2C[C@H](C)CC[C@H]2C(C)C)c1
33570,Cc1ccc([O-])cc1
3023,[N-]=[N+]=NC1CCCC1
24441,O=[N+]([O-])c1ccc(F)c(F)c1
15789,Nc1cc([N+](=O)[O-])ccc1-c1ccccc1
40576,O=C([O-])c1ccc2ccccc2c1O
7302,[O-]/[N+](=N\c1ccccc1)c1ccccc1
39808,OCc1cccc[nH+]1
37100,N#CS[Ni-4](SC#N)(SC#N)(SC#N)(SC#N)SC#N
24454,CCCCCCCCCCCC[N+](CC)(CC)CC
8881,CC=C[N+](=O)[O-]
27916,Br[Dy-3](Br)(Br)(Br)(Br)Br
30207,CCCCN([N+](=O)[O-])[N+](=O)[O-]
9872,O=C(c1ccccc1)c1c(-c2ccccc2)[n+]([O-])c2ccccc2[n+]1[O-]
32040,Fc1c(F)c(F)c([B-]([N+]#C[N-]C#[N+][B-](c2c(F)c(F)c(F)c(F)c2F)(c2c(F)c(F)c(F)c(F)c2F)c2c(F)c(F)c(F)c(F)c2F)(c2c(F)c(F)c(F)c(F)c2F)c2c(F)c(F)c(F)c(F)c2F)c(F)c1F
19302,CCCCCC[N+](C)(C)C
31801,O=S(=O)([N-]S(=O)(=O)C(F)(F)C(F)(F)C(F)(F)C(F)(F)F)C(F)(F)F
40782,CCCCCN(CCCCC)c1c(N(CCCCC)CCCCC)[c+]1N(CCCCC)CCCCC
37640,CC/C=C/C(=O)[O-]
22334,O=[N+]([O-])OCCN(CCO[N+](=O)[O-])[N+](=O)[O-]
24838,Cc1ccc[n+](CCCC[n+]2cccc(C)c2)c1
37363,O=[U-2](=O)(Br)(Br)(Br)Br
9219,CNC1=Nc2ccc(Cl)cc2C(c2ccccc2)=[N+]([O-])C1
31059,S=P([S-])([S-])P(=S)([S-])[S-]
4133,O=C1OC(=O)c2cc([N+](=O)[O-])ccc21
34169,[O-]/[N+](Cc1ccccc1)=N\OCO/N=[N+](\[O-])Cc1ccccc1
16324,O=C(Br)c1ccc([N+](=O)[O-])cc1
35410,CCOCC[n+]1ccc(C)cc1
29302,[O-][Si]([O-])([O-])[O-]
31850,CCCCCCCCCn1cc[n+](CCCCCCCCC)c1
36768,C[NH+](Cc1cccnc1)CC1COC(C)(C)O1
19440,CCCCCC[n+]1cc(C)cc(C)c1
41261,COc1cc(-c2[o+]c3cc(O)cc(O)c3cc2O)ccc1O
28210,O=C(/C=C/c1ccc(-c2cccc([N+](=O)[O-])c2)o1)c1ccc(O)cc1
9846,CN(CN(CN(C)[N+](=O)[O-])[N+](=O)[O-])[N+](=O)[O-]
34904,Cc1ccc([N+](=O)[O-])cc1OCC(=O)O
17114,C=C(C(C)C)[N+](=O)[O-]
9482,O=[N+]([O-])N1CN2CN(C1)CN([N+](=O)[O-])C2
29789,F[B-](F)(F)C(F)(F)F
7831,O=[N+]([O-])OCl
4850,N#Cc1cccc([N+](=O)[O-])c1
30057,O=C(c1cccc([N+](=O)[O-])c1)c1cccc([N+](=O)[O-])c1
9811,O=[N+]([O-])N1CC2CCC(CC2)C1
23836,CCCCCCCCCCCCCCCCCC[NH2+]CCCCCCCCCCCCCCCCCC
5196,Nc1ccc(Cl)c([N+](=O)[O-])c1
32525,CCCCCCCCCCCCCCCCCC[P+](CCCC)(CCCC)CCCC
31948,O=[N+]([O-])c1ccc(CCc2ccc([N+](=O)[O-])cc2S(=O)(=O)[O-])c(S(=O)(=O)[O-])c1
30355,C[NH2+]c1ccccc1
20335,C[C@@H]1C[C@H]2[C@@H]3CCC4=CC(=O)C=C[C@]4(C)[C@@]3(F)[C@@H](O)C[C@]2(C)[C@@]1(O)C(=O)COP(=O)([O-])[O-]
8768,CC(C)C=C[N+](=O)[O-]
30269,O=C([O-])[C@]1(O)C[C@@H](O)[C@@H](O)[C@H](O)C1
31122,C[NH2+]C1CCCCC1
10021,Cc1cc(=O)oc2cc(O)c([N+](=O)[O-])cc12
20320,NC1=NN=N[NH+]1N
23545,O=C([O-])CC(=O)[O-]
26295,[Mn+3]
35513,C=CCn1cc[n+](CCCC)c1
21942,CC(CCC(=O)OCC(C)([N+](=O)[O-])[N+](=O)[O-])([N+](=O)[O-])[N+](=O)[O-]
22319,CC=C(C)[N+](=O)[O-]
28875,CCC[n+]1ccn(CCO)c1
40511,[NH3+]CCC(=O)O
33860,CC[N+](CC)(CC)CCCCS(=O)(=O)[O-]
16070,Cc1c(N)cc([N+](=O)[O-])c(C)c1Br
36064,O=[N+]([O-])[C-](c1nonc1Oc1nonc1[C-]([N+](=O)[O-])[N+](=O)[O-])[N+](=O)[O-]
31201,CCCC[NH2+]CCO
26633,C/C=C(\C)C(=O)[O-]
8239,O=[N+]([O-])c1ccc(/N=N/c2ccc(N(CCO)CCO)cc2)cc1
40866,O=C1CN(N=Cc2ccc([N+](=O)[O-])o2)C(=O)N1
35480,CCCCC(CC)CN(CC(CC)CCCC)C(=O)C(=O)[O-]
4544,CC([N+](=O)[O-])([N+](=O)[O-])[N+](=O)[O-]
40712,CCCC[N+](C)(C)CCN=[N+]=[N-]
30579,CCCCCCCCCCc1ccc(C(=O)[O-])cn1
161,O=[N+]([O-])c1ccc(O)cc1
9367,Cc1ncc([N+](=O)[O-])n1C
39475,CCN(CCC#N)c1ccc(N=Nc2ccc([N+](=O)[O-])cc2Cl)c(C)c1
25802,Cl[Nb-2](Cl)(Cl)(Cl)Cl
19312,CCCCCCC[N+](C)(C)C
39925,CCCCCCCCCCCCCCCC(=O)OC[C@H](COP(=O)([O-])OCC[N+](C)(C)C)OC(=O)CCCCCCCCCCCCCCC
36220,O=[N+]([O-])c1ccc(Cn2cc[n+](Cc3ccccc3)c2)cc1
39283,O=[N+]([O-])c1ccc2c(c1)Cc1cc(F)ccc1-2
28792,C[n+]1ccn(CCCB(O)O)c1
22367,[O-][n+]1onc2ccc(Cl)cc21
36235,O=C([O-])c1ccc2ccccc2c1
31075,C=Cn1cc[n+](CC(C[n+]2ccn(C)c2)N=[N+]=[N-])c1
35400,CCOCCn1cc[nH+]c1C
39813,OCCc1cccc[nH+]1
28259,CCCCCCN(CCCCCC)C(N(C)C)=[N+](CCCCCC)CCCCCC
20428,NCC(=O)[O-]
41096,CCCCCCN[c+]1c(N(CC)CC)c1N(CC)CC
19414,CCn1cc[n+](C)c1
23603,Cc1cc(C)[o+]c(C)c1
40390,CCCCCCCCCCCCOC(=O)C[n+]1ccn(C)c1
39930,O=C(O)c1cc([N+](=O)[O-])ccc1O
20220,[OH-]
26762,CC[N+](C)(C)CCOCCOC
1059,O=[N+]([O-])N1CN([N+](=O)[O-])CN([N+](=O)[O-])C1
10235,Cc1ccc(C(C)(C)C)cc1S(=O)(=O)[O-]
35208,C=Cn1cc[n+](CC(N)=O)c1
38668,CC1=C2CC[C@@](C)(O)[C@@H]2[C@H]2OC(=O)[C@@H](C[NH+](C)C)[C@@H]2CC1
9399,O=[N+]([O-])c1ccc(Nc2ccccc2[N+](=O)[O-])cc1
20235,CC(C)[O-]
26816,CC(C)COC(=O)CC[C@H]([NH3+])C(=O)OCC(C)C
29719,NS(=O)(=O)[O-]
34003,CCCCCCCCCCCCCCCC[N+](C)(C)CCCS(=O)(=O)[O-]
31866,O=c1ccn([C@@H]2O[C@H](COP(=O)([O-])[O-])[C@@H](O)[C@H]2O)c(=O)[nH]1
37720,CCCCCCc1ccc(C)[cH-]1
10247,O=C1CCC(CO[N+](=O)[O-])(CO[N+](=O)[O-])C1(CO[N+](=O)[O-])CO[N+](=O)[O-]
23574,[Nd+3]
34401,Cc1ncc([N+](=O)[O-])n1CC(O)CCl
4851,CN(C)c1cccc([N+](=O)[O-])c1
22493,N=C(N[N+](=O)[O-])N(COCN(C(=N)N[N+](=O)[O-])[N+](=O)[O-])[N+](=O)[O-]
15701,CC(CCBr)([N+](=O)[O-])[N+](=O)[O-]
20192,[Ce+3]
24425,O=[N+]([O-])N(CCC(F)([N+](=O)[O-])[N+](=O)[O-])COCC(F)([N+](=O)[O-])[N+](=O)[O-]
25750,[2H]N=[N+]=[N-]
20247,[Co+3]
27104,CC(=O)N[C@@H](CCCNC(=N)N)C([NH3+])=O
40877,c1ccc(Oc2ccc([P+](c3ccccc3)(c3ccccc3)c3ccccc3)cc2)cc1
29767,CCCCCCCC[N+]1=C2CCCCCN2CCC1
28575,O=[N+]([O-])c1nonc1-c1no[n+]([O-])c1-c1nonc1[N+](=O)[O-]
40811,Cl[Sn-](Cl)Cl
9375,Cc1cccc([N+](=O)[O-])c1N
33560,C[C@@H]1O[C@@H]1P(=O)([O-])[O-]
34726,CCCCCCCCCC[n+]1ccn(Cc2ccc(C)cc2)c1
37378,CCCCCCCCCCC[N+]1(C)CCCC1
10192,Nc1n[nH]c([N+](=O)[O-])n1
10064,O=[N+]([O-])c1ccc(Nc2ccc(Cl)cc2)cc1
41286,COc1cc(-c2[o+]c3cc(O)cc(O)c3cc2O)cc(OC)c1O
41085,CCN[c+]1c(N(C)C)c1N(C)C
40628,C=CCn1cc[n+](CCCCC[n+]2ccn(CC=C)c2)c1
26355,CC(C)N=[N+]([O-])C(C)C
38482,O=[V-](=O)=O
6217,COc1ccccc1[N+](=O)[O-]
31453,n1n[n-]c(-c2nonc2Oc2nonc2-c2nnn[nH]2)n1
19431,CCCCCCCCCCCCCCCCn1cc[n+](C)c1
36021,CCCCCSCCC[N+](CCCSCCCCC)(CCCSCCCCC)CCCSCCCCC
33385,CC[NH2+]CCO
31381,O=C(c1ccccc1)N1CC([N+](=O)[O-])([N+](=O)[O-])C1
22498,CN(Cn1nnc([N+](=O)[O-])n1)[N+](=O)[O-]
41217,O=P([O-])([O-])OB1OB(O)OB(OP(=O)([O-])[O-])O1
30507,C[N+]1(Cc2ccccc2)CCOCC1
35283,CS(=O)(=O)c1ccc(C(=O)C2C(=O)CCCC2=O)c([N+](=O)[O-])c1
10658,CN(c1ccc(C(C)(C)C)cc1)[N+](=O)[O-]
27955,CCCCC[N+](C)(C)CCC[N+](C)(C)CCOCC
15950,CC(CCCCCCCCCCCCCCCCCCCCCCCCCCCCCCCCC(C)[N+](=O)[O-])[N+](=O)[O-]
31834,[O-][N+](=[N+]([O-])C12CC3CC(CC(C3)C1)C2)C12CC3CC(CC(C3)C1)C2
29882,CC1(C)S[C@@H]2[C@H](NC(=O)COc3ccccc3)C(=O)N2[C@H]1C(=O)[O-]
9395,O=C(O)c1ccc([N+](=O)[O-])cc1[N+](=O)[O-]
39383,CCCCCCCCCOC[N+](C)(C)CCOC(C)=O
40276,O=S(=O)([O-])CCO
20152,[Mn+2]
15776,COc1ccc([N+](=O)[O-])c(-c2ccccc2)c1
41269,C(=C/c1ccccc1)\COCC[n+]1ccccc1
30056,O=C(c1ccccc1)c1ccc([N+](=O)[O-])cc1
33612,c1ccc(CCCn2cc[n+](CCCc3ccccc3)c2)cc1
39664,C=Cn1cc[n+](CCCCCC[n+]2ccn(C=C)c2)c1
23829,CCCCCCCCCCCC[NH2+]CCCCCCCCCCCC
33055,O=C([O-])CNCC(=O)[O-]
13837,O=[N+]([O-])c1ccc(/C=C/c2ccccc2)c([N+](=O)[O-])c1
26271,Cc1cc[n+](C)cc1
19436,O=S(=O)([N-]S(=O)(=O)C(F)(F)F)C(F)(F)F
31638,CC[N+](CC)=C(N(C)C)N(C)C
20349,C[N+](C)(C)CCCC[N+](C)(C)C
23527,CC[N+](CC)(CC)Cc1ccccc1
23584,O=S(=O)([O-])c1ccc(Cl)cc1
23958,NC1=NC=N[NH+]1N
30453,CCCOC[n+]1ccn(Cc2ccccc2)c1
20433,O=C([O-])/C=C\C(=O)O
35110,Cl[La-3](Cl)(Cl)(Cl)(Cl)Cl
22132,Cc1cc(C)c(/[N+]([O-])=[N+](\[O-])c2c(C)cc(C)cc2C)c(C)c1
24905,CCCCCCCCCCCCCC[N+](C)(C)CCCC[N+](C)(C)CCCCCCCCCCCCCC
38722,O=C([O-])C=Cc1ccc(O)cc1
15028,CCCCCCCCCCCCOC(=O)c1c([N+](=O)[O-])cc([N+](=O)[O-])cc1[N+](=O)[O-]
23504,O=C([O-])CC(O)(CC(=O)[O-])C(=O)O
20325,N=C(N)[NH+](N)N
36703,CCOP(=S)(OCC)SCCCCCCCCC[n+]1ccn(C)c1
29995,CCCCCC[n+]1ccc(C)cc1C
4655,Nc1c([N+](=O)[O-])cccc1[N+](=O)[O-]
31132,O=S(=O)([O-])CCCN1CCN(CCO)CC1
30350,O=S(=O)([O-])c1ccc2ccccc2c1
20330,[Tb+3]
34166,CO/N=[N+](\[O-])C(C)/[N+]([O-])=N/OC
31306,CC[n+]1c(C)cc(C)n1-c1ccccc1
41122,CCN(CC)c1c(N(CC)CC)[c+]1N[C@@H](Cc1c[nH+]c[nH]1)C(=O)O
10325,O=[N+]([O-])c1cc2ccccc2c([N+](=O)[O-])c1[N+](=O)[O-]
19995,O=[N+]([O-])c1ccc2[nH]ccc2c1
40807,[O-]c1c(F)c(F)c(F)c(F)c1F
30577,CCCCCCCCc1ccc(C(=O)[O-])cn1
27919,O=BOB1OB2OB([O-])OB(O1)O2
37480,C=Cc1ccc(C[n+]2ccn(C)c2C)cc1
36903,CN(C)CCC[NH+](C)C
29795,C[N+]1(CCC[Si](O[Si](C)(C)C)(O[Si](C)(C)C)O[Si](C)(C)C)CCCC1
36708,COc1cc(C(=O)[O-])ccc1O
8023,O=[N+]([O-])c1cc([N+](=O)[O-])c(-c2c([N+](=O)[O-])cc([N+](=O)[O-])c(-c3c([N+](=O)[O-])cc([N+](=O)[O-])cc3[N+](=O)[O-])c2[N+](=O)[O-])c([N+](=O)[O-])c1
21235,O=[N+]([O-])N1COCN([N+](=O)[O-])C1
38922,[NH3+]CCCCCCc1ccccc1
24785,Cn1cc[n+](CCCS(=O)(=O)[O-])c1
33067,CCCCCCCCCCn1cc[n+](CC)c1
8799,CC(C)[C@H]1OC[C@H]([N+](=O)[O-])CO1
37303,CCC[n+]1cc(C)n(C)c1CC
37053,N#Cc1cccc([O-])c1
26566,CC(C)[C@H](Nc1ccc([N+](=O)[O-])cc1[N+](=O)[O-])C(=O)O
30712,[NH2-]
28463,CC(C)Cc1ccc(C(C)C(=O)[O-])cc1
15786,O=[N+]([O-])c1cc(Br)ccc1-c1ccccc1
28870,CCCn1cc[n+](CC(=O)O)c1
26877,O=C([O-])/C=C\C(=O)[O-]
19362,CC(C)C[P+](C)(CC(C)C)CC(C)C
39199,CC(C)CC(N)C(=O)[O-]
39631,O=C([CH-]C(=O)c1ccccc1)c1ccccc1
27882,F[Ta-3](F)(F)(F)(F)(F)(F)F
28938,CCCC[N+](CCCC)(CC(C)C)CC(C)C
21294,CN(c1ccc([N+](=O)[O-])c([N+](=O)[O-])c1)[N+](=O)[O-]
30855,O=BO[O-]
39583,Cc1cc[n-]n1
2008,Cc1ccc2c(c1)no[n+]2[O-]
2463,[O-][n+]1cc[n+]([O-])c2ccccc21
40881,c1ccc(Oc2ccc([P+](c3ccccc3)(c3ccccc3)c3ccc(Oc4ccccc4)cc3)cc2)cc1
32549,COCCOCn1cc[n+](C)c1C
32123,COC(=O)CCCCC(=O)[O-]
34195,O=C(c1cccnc1)c1c(-c2cccc([N+](=O)[O-])c2)n[nH]c1-c1ccccc1O
24959,CC(C)(C)[O-]
4858,N#Cc1ccc([N+](=O)[O-])cc1
30324,CCCCCCCCCCCOC[n+]1ccccc1
32294,O=C(O)C(=Cc1cccc([N+](=O)[O-])c1)C(=O)O
2511,COC(=O)C[N+](=O)[O-]
22948,CC(C)[n+]1cc([O-])on1
26806,CC(C)OC(=O)CC[C@H]([NH3+])C(=O)OC(C)C
23521,CCCCCCCC[NH2+]CCCCCCCC
34013,C[N+]1(CCO)CCOCC1
27961,CCCCC[N+](C)(C)CCOCC[N+](C)(C)CCOCC
41379,CCCCCCCCCCCCCCCCCCOCC(C)OCC(C)OCC(C)OCC(C)OCC(C)OCCOCC(C)OCCOCC(C)OCC(C)OCC(C)OCC(C)OCC(C)OCC(C)OCC(C)OCC(=O)[O-]
23922,CC(C)(C)[C@H]1CC[C@H](C(=O)[O-])CC1
23864,Cn1nnc(N[N+](=O)[O-])n1
24759,CCCCCCn1cc[n+](CCC#N)c1
40890,CC[N+](CCOCCOC)(CCOCCOC)CCOCCOC
19282,CCCCn1cc[n+](CC)c1
41287,Oc1ccc(-c2ccc3c(O)cc(O)cc3[o+]2)cc1
22748,CC(=O)OCCN(CCOC(C)=O)c1ccc(/N=N/c2ccc([N+](=O)[O-])cc2C#N)cc1
29909,Cn1cc[n+](CO)c1
35883,Cc1onc(-c2ccccc2)c1C(=O)N[C@@H]1C(=O)N2[C@@H](C(=O)[O-])C(C)(C)S[C@H]12
19812,C[C@H](O)C(=O)[O-]
28200,O=C(/C=C/c1ccc(-c2cccc([N+](=O)[O-])c2)o1)c1ccc([N+](=O)[O-])cc1
13864,[O-][I+](O)(O)(O)(O)O
2740,O=[N+]([O-])N(CCN(CC(F)([N+](=O)[O-])[N+](=O)[O-])[N+](=O)[O-])CC(F)([N+](=O)[O-])[N+](=O)[O-]
24292,CCCCCCCCCCCCCCCC[N+](C)(C)CCCC[N+](C)(C)CCCCCCCCCCCCCCCC
34727,CC[n+]1ccn(Cc2ccc(C)cc2)c1
26361,CCC[O-]
36138,F[B-](F)(F)c1ccccc1
20246,C[NH2+]CCC=C1c2ccccc2CCc2ccccc21
35459,Cc1c(C)c([N+](=O)[O-])c(C(C)(C)C)c([N+](=O)[O-])c1C
15440,CCCCCCCOc1ccc(N=Cc2ccc([N+](=O)[O-])cc2)cc1
28019,C[B-](C)(C)[NH2+]N
29989,Cc1ccc[n+](C)c1C
41361,Cc1cn(C)c(C)[n+]1C
6175,O=[N+]([O-])c1cc(Cl)ccc1Cl
19202,CCC=C(CCCC)[N+](=O)[O-]
12289,CCCCCCC[N+](=O)[O-]
1947,O=[N+]([O-])Nc1nnn[nH]1
39588,CCCCCCCCOCn1cc[n+](CC)c1
19989,O=[N+]([O-])c1cc(Br)ccc1Br
31576,CCCCCC[N+]12CCC(CC1)CC2
40887,O=C([N-]S(=O)(=O)C(F)(F)F)C(F)(F)F
29104,Cn1cc[n+](CCCCS(=O)(=O)O)c1
23539,C[O-]
33291,On1cc[n+](O)c1
24650,O=[N+]([O-])C1([N+](=O)[O-])C2CC3CC(C2)CC1C3
37115,CCCCCCCCCCCCCCn1c(-c2cscn2)[n+](C)c2ccccc21
25639,Cc1ccc2ccccc2c1C(=O)[O-]
19457,FC(F)(F)C(F)(F)[P-](F)(F)(F)(C(F)(F)C(F)(F)F)C(F)(F)C(F)(F)F
21387,O=[N+]([O-])OCCCCCCCCCCO[N+](=O)[O-]
20501,O=C([O-])C(O)C(O)C(=O)[O-]
26913,O=C(Nc1ccc([N+](=O)[O-])cc1Cl)c1cc(Cl)ccc1O
20289,Nn1cn[nH+]c1
10377,O=[N+]([O-])c1cc([N+](=O)[O-])c2[nH]c3c([N+](=O)[O-])c([N+](=O)[O-])ccc3c2c1
37709,Cn1cc[n+](C)n1
9950,O=[N+]([O-])c1cccc2nonc12
26492,CCC[N+](C)(CCC)CCC
10010,O=[N+]([O-])c1ccc2c(c1)no[n+]2[O-]
20311,O=[U](=O)([O-])[O-]
37451,COC(=O)[C@@H]1CCC[N+]1(C)C
37342,CCCCCCCCCCCCCCCCC[N+]1(C)CCCC1
6312,Cc1cccc[n+]1[O-]
10438,O=[N+]([O-])OCC1(CO[N+](=O)[O-])COCC(CO[N+](=O)[O-])(CO[N+](=O)[O-])C1O[N+](=O)[O-]
23953,N[NH+]1C=NC=N1
33933,CCCCCCC[n+]1ccccc1
41075,c1ccc(Nc2c(Nc3ccccc3)[c+]2Nc2ccccc2)cc1
36225,Cn1ccn(Cc2ccc([N+](=O)[O-])cc2)/c1=[Ag]/Br
12255,O=[N+]([O-])c1ccc(/C=C\c2ccccc2)cc1
31633,CC(C)CCCCn1cc[n+](C)c1
21653,CC(C)(C)N=[N+]([O-])C(C)(C)C
31879,NC(=O)C=Cc1ccc([N+](=O)[O-])cc1
24705,C[N+](C)(C)[O-]
28643,c1cc[n+](CCCCCC[n+]2ccccc2)cc1
37098,N#CS[Zn-2](SC#N)(SC#N)SC#N
36014,CC(C)CSCCC[N+](CCCSCC(C)C)(CCCSCC(C)C)CCCSCC(C)C
20438,[Mo+6]
6932,O=[N+]([O-])c1ccc(OC(F)(F)F)c([N+](=O)[O-])c1
2139,CNc1ccc([N+](=O)[O-])cc1[N+](=O)[O-]
10622,CCCNC(NCCC)=C([N+](=O)[O-])[N+](=O)[O-]
30234,C=CCn1cc[n+](CCOC)c1
20254,O=B[O-]
27966,CCCCC[N+](C)(C)CCOCC[N+](C)(C)CCCc1ccccc1
10241,[N-]=[N+]=NC=O
23514,CCCCCCCCCCCCCC[N+](C)(C)Cc1ccccc1
29562,CCCCCCCCCCCC[N+](C)(C)CCCC[N+](C)(C)CCCCCCCCCCCC
1573,COc1ccc(O)c([N+](=O)[O-])c1
37503,CCCC[n+]1ccn(CCn2cc[n+](C)c2)c1
10254,CCCCN(CCCC)c1c([N+](=O)[O-])cc([N+](=O)[O-])cc1[N+](=O)[O-]
22571,O=[N+]([O-])OCc1no[n+]([O-])c1CO[N+](=O)[O-]
40652,FCCn1cc[nH+]c1
31316,CCCCCCCn1c(C)cc(C)[n+]1-c1ccccc1
13514,O=[N+]([O-])c1ccc(O)cc1Br
2445,O=C(O)c1ccc[n+]([O-])c1
40871,O=C1CCC(=O)[N-]1
29761,C[N+](C)(C)C[C@H](O)CC(=O)[O-]
40193,O=C(O)c1ccc(-c2ccc([N+](=O)[O-])cc2)o1
1916,CC(CCC([N+](=O)[O-])([N+](=O)[O-])[N+](=O)[O-])(N(F)F)N(F)F
28897,CC(O)CN1CC[NH+](CC(C)O)CC1
30209,CN(CCCCCCN(C)[N+](=O)[O-])[N+](=O)[O-]
37542,NCC(=O)N[C@@H](CCC(=O)O)C(=O)NCC(=O)[O-]
34322,CCCCCCCCCCCC(=O)NCC[N+](C)(C)CC[N+](C)(C)CCNC(=O)CCCCCCCCCCC
24823,CCCCCCCCN=[N+]=[N-]
34424,O=C(O)c1ccccc1S(=O)(=O)[O-]
35144,CCCCCC[NH+](CCCCCC)CCCCCC
15724,CCc1cc(Cl)c([N+](=O)[O-])c2ccc(O)nc12
28560,O=C([O-])CCP(=O)([O-])c1ccccc1
22569,CCCCCCCCOc1ccc(C(=O)Oc2ccc([N+](=O)[O-])cc2)cc1
26567,OCC[NH+](CCO)CCO
26881,COC(=O)[C@H](c1ccccc1Cl)[NH+]1CCc2sccc2C1
38845,O=Cc1ccc(-c2ccccc2[N+](=O)[O-])o1
19445,CCCCCCCC[n+]1cccc2ccccc21
4608,CCC([N+](=O)[O-])[N+](=O)[O-]
20294,[O-][I+2]([O-])[O-]
39746,CCCCCCCCCCCCCCCCOc1ccc(NC(=O)C[N+](C)(C)CC[N+](C)(C)CC(=O)Nc2ccc(OCCCCCCCCCCCCCCCC)cc2)cc1
35604,O=C(O)c1cc(S(=O)(=O)[O-])ccc1O
32847,COC(=O)[C@H]([NH3+])c1ccc(O)cc1
29126,CCCCCCCC[N+]1(C)CCOCC1
37645,C=CCCC(=O)[O-]
3967,CC(C)([N+](=O)[O-])C(C)([N+](=O)[O-])[N+](=O)[O-]
36354,CCCCOCC(O)C[NH2+]CCCn1cc[nH+]c1
11029,CC[B-]12OC(C)=[O+][B-](CC)(O1)[O+]=C(C)O2
10294,Nc1c([N+](=O)[O-])c(F)c([N+](=O)[O-])c(F)c1[N+](=O)[O-]
34167,CO/N=[N+](\[O-])C(CO)(CO)/[N+]([O-])=N/OC
30581,CCCCCCCCCCc1ccc(C(=O)NCC(=O)[O-])cn1
26277,O=[PH2][O-]
19437,CCCC[n+]1cccc(C)c1
28612,CCC[NH+](C)C
41211,CN(C)CCOCC[NH+](C)C
16059,O=C(Oc1cccc([N+](=O)[O-])c1)c1ccccc1
32835,Brc1ccc2[n-]cnc2c1
2940,O=C(c1ccc([N+](=O)[O-])cc1[N+](=O)[O-])c1c([N+](=O)[O-])cc([N+](=O)[O-])cc1[N+](=O)[O-]
40555,[N-]=[N+]=NCC1OCCN1[N+](=O)[O-]
36718,CCCCCCCCCCCCCC(=O)OCCC[n+]1ccn(CCCCn2cc[n+](CCCOC(=O)CCCCCCCCCCCCC)c2)c1
19429,CCCCCCCn1cc[n+](C)c1
41389,CCCCCCCCCCCCOCC(C)OCC(C)OCC(C)OCC(C)OCC(C)OCC(C)OCC(=O)[O-]
23041,O=[N+]([O-])N1C[C@@H]2[C@H](CN([N+](=O)[O-])CN2[N+](=O)[O-])N([N+](=O)[O-])C1
4635,Cc1cc(C)c([N+](=O)[O-])c(C)c1
29665,N#Cc1nc(C(F)(F)F)[n-]c1C#N
22307,COc1cc(/N=N/c2c(Br)cc([N+](=O)[O-])cc2[N+](=O)[O-])c(/N=C(\C)O)cc1N(CCOC(C)=O)CCOC(C)=O
37465,CN/C(=C\[N+](=O)[O-])NCCSCc1ccc(C[NH+](C)C)o1
19272,CCC[N+]1(C)CCCC1
9534,C=CCOC(=O)C(F)(F)[N+](=O)[O-]
23526,C[N+](C)(C)CCCCCCCCCC[N+](C)(C)C
40198,CCCCCCCCCC[n+]1cnn(CCCCCn2c(C)cc(=O)n(CCCCCn3c[n+](CCCCCCCCCC)cn3)c2=O)c1
31422,[N-]=[N+]=NC12CC3CC(CC(C3)C1)C2
21307,Nc1c([N+](=O)[O-])c([N+](=O)[O-])c([N+](=O)[O-])c2ccccc12
35716,C=C[n+]1ccn(CCCCn2cc[n+](C=C)c2)c1
27410,CCCCCCCCCCCCCCOCC(O)C[N+](C)(C)C
38270,O=C([O-])c1ccc([N+](=O)[O-])cc1S(=O)(=O)[O-]
39126,C[N+](C)(C)C12CC3CC(CC(C3)C1)C2
28047,O=[Zr+2]
23844,C=CC[N+](CC=C)(CC=C)C/C=C/C[N+](CC=C)(CC=C)CC=C
23851,CCN1CCN(C(=O)N[C@H](C(=O)N[C@H]2C(=O)N3C(C(=O)[O-])=C(CSc4nnnn4C)CS[C@@H]23)c2ccc(O)cc2)C(=O)C1=O
21855,O=[N+]([O-])c1c(Br)c([N+](=O)[O-])c(Br)c([N+](=O)[O-])c1Br
8085,CCN(c1c([N+](=O)[O-])cc([N+](=O)[O-])cc1[N+](=O)[O-])[N+](=O)[O-]
20266,CC[C@H](C)C(=O)O[C@H]1C[C@H](O)C=C2C=C[C@H](C)[C@H](CC[C@@H](O)C[C@@H](O)CC(=O)[O-])[C@H]21
22768,COc1ccc([N+](=O)[O-])cc1NC(C)=O
33339,CC[P+](CC)(CC)CCOC
35924,CCCCCCCCCCCC[N+]1(C)CCOCC1
28845,CC[P+](c1ccccc1)(c1ccccc1)c1ccccc1
27465,Cn1n[nH+]n(N)c1=N
23210,Cc1n[n+](C)nn1C
38305,CCCCCC[P+](CCCC)(CCCC)CCCC
37657,O=C([O-])CCCl
36801,Cc1n(C)cc[n+]1CCCOc1ccccc1
41341,CCCCC12C3C4C5C6C1[Ru+]546321789C2C1C7C8C29
39437,CCCCCCC[N+](CCCCCCC)=C(N(C)C)N(C)C
33041,CCC[n+]1cn(C)cn1
10501,COc1ccccc1-c1ccc([N+](=O)[O-])cc1[N+](=O)[O-]
39665,C=Cn1cc[n+](CCC[n+]2ccn(C=C)c2)c1
32261,Cc1ccccc1C(C#N)=Cc1ccccc1[N+](=O)[O-]
36059,COc1ccc([O-])cc1
34760,CC[N+](C)(C)CCCO
9705,NS(=O)(=O)c1ccc([N+](=O)[O-])cc1
26718,[Pt+3]
40535,CCCCCCCC(=O)NCCC[N+](C)(C)CCC[N+](C)(C)CCCNC(=O)CCCCCCC
37282,CC[n+]1cn(C)cc1C
5958,Cc1cccc(C)c1[N+](=O)[O-]
41040,CCN(CC)[c+]1c(N(C)C)c1N(C)C
33054,O=C([O-])CNCC(=O)O
19456,N#C[S-]
40347,CCCCCCCCCCCCCCCC[N+]1(CCCCCC[N+]2(CCCCCCCCCCCCCCCC)CCOCC2)CCOCC1
21295,Cn1cnc(N[N+](=O)[O-])n1
38505,O=S(=O)([O-])CCCO
19159,CC1([N+](=O)[O-])CCC(C(C)(C)[N+](=O)[O-])CC1
39184,Cn1cc[n+](CC(CSCCC(F)(F)C(F)(F)C(F)(F)C(F)(F)C(F)(F)C(F)(F)C(F)(F)C(F)(F)F)SCCC(F)(F)C(F)(F)C(F)(F)C(F)(F)C(F)(F)C(F)(F)C(F)(F)C(F)(F)F)c1
33993,CCCCCCCC[P+](CCCCCCCC)(CCCCCCCC)CCCCCCCCCC[P+](CCCCCCCC)(CCCCCCCC)CCCCCCCC
9400,O=C(C[N+](=O)[O-])c1ccccc1
34062,O=C([O-])[C@H](Cc1cnc[nH]1)/N=C/c1ccccc1
20498,O=C([O-])c1cccc([N+](=O)[O-])c1
4653,O=[N+]([O-])c1cccc2c([N+](=O)[O-])cccc12
41026,CCN(CC)c1c(N(CC)CC)[c+]1N(C)C
20350,CCCCCCCCCCCC(=O)[O-]
35717,OCC[n+]1ccn(CCCCn2cc[n+](CCO)c2)c1
21306,[N-]=[N+]=Nc1cc2no[n+]([O-])c2cc1[N+](=O)[O-]
24471,[N-]=[N+]=NCc1ccccc1
24649,CCCCCN(CCO[N+](=O)[O-])[N+](=O)[O-]
37719,CCc1ccc(C)[cH-]1
30325,CCCCCCCCCOC[n+]1ccccc1
40778,CCCN(CCC)c1c(N(CCC)CCC)[c+]1N(CCC)CCC
29868,N#C[Au-]C#N
24417,Cc1c([N+](=O)[O-])ccc([N+](=O)[O-])c1[N+](=O)[O-]
38297,CCCCCCCCCCCC[N+](C)(C)CC1CO1
20267,O=N[O-]
11132,O=[N+]([O-])Cl
10000,[N-]=[N+]=Nn1cnnn1
10498,Nc1ccc(I)c([N+](=O)[O-])c1
33540,O=P([O-])(O)OP(=O)([O-])OP(=O)([O-])O
39766,Brc1cccc2[n-]ncc12
36869,CCOCC(=O)[O-]
19313,F[Sb-](F)(F)(F)(F)F
21234,O=[N+]([O-])N1CCOCC1
36207,O=P([O-])(O)OP(=O)(O)O
32209,[O-][Si]([O-])([O-])O[Si]([O-])([O-])[O-]
24727,O=[N+]([O-])c1cccc(S(=O)(=O)[O-])c1
528,C[N+](C)(C)CC(=O)[O-]
23602,CCCC[P+](CCCC)(CCCC)c1ccccc1
29637,Cc1ccc(NS(=O)(=O)c2ccc([N+](=O)[O-])cc2)nc1
36595,I[I+][I-3][I+]I
37437,CC1=CN2C(=Nc3c(c(=O)oc4ccccc34)C2c2ccc([N+](=O)[O-])cc2)S1
20316,FC(F)(F)C(F)(F)C(F)(F)C(F)(F)[P-](F)(F)(F)(C(F)(F)C(F)(F)C(F)(F)C(F)(F)F)C(F)(F)C(F)(F)C(F)(F)C(F)(F)F
38067,O=C(N[C@@H](CO)[C@@H](O)c1ccc([N+](=O)[O-])cc1)C(Cl)Cl
34759,N#Cc1cccc([N+](=O)[O-])c1C#N
33864,O=S(=O)([O-])CCC[n+]1ccccc1
24739,O=[N+]([O-])c1ccc(S(=O)(=O)[O-])cc1
19410,COCCOCCOS(=O)(=O)[O-]
34120,CCCC[N+](CCO)(CCO)CCCC
21209,C[N+]1([O-])[C@H]2CC[C@@H]1C[C@H](O)C2
10571,Nc1c([N+](=O)[O-])c(N)c2c(no[n+]2[O-])c1[N+](=O)[O-]
39934,O=N[Ru+3]
29588,CCCCCCCC[N+](C)(C)CCCCCCCC
36652,CCCCCCCCC[N+]1(C)CCCCC1
40394,CCCCCCCCCCCCCC[n+]1ccccc1
35977,CCOC[n+]1ccn(C)c1
35404,Cc1cccc[n+]1CCCO
6173,Cc1ccc(Cl)cc1[N+](=O)[O-]
23891,CC(C)[C@H]1OC[C@H](C[S+](C)C)CO1
20234,CCCCCCCCOC(=O)CC(C(=O)OCCCCCCCC)S(=O)(=O)[O-]
9459,O=[N+]([O-])c1ccc(Nc2ccccc2)cc1
10209,Nc1ccc2c3c(ccc([N+](=O)[O-])c13)CC2
23575,O=C([O-])c1cccc(S(=O)(=O)[O-])c1
36567,CC1(C)CC(=O)C2=C(C1)OC(N)=C(C#N)C2c1ccc([N+](=O)[O-])cc1
32569,CC[P+](CC)(CC)COCCOC
19268,CCCCCCCCCCCCCC[N+](C)(C)C
29497,C=Cn1cc[n+](CC(=O)OCC)c1
34677,C[C@@H]([C@H](O)c1ccccc1)[N+](C)(C)C
39779,S=c1nc[n-][nH]1
9757,O=[N+]([O-])c1cc([N+](=O)[O-])c(CBr)c([N+](=O)[O-])c1
20209,[Zr+4]
13575,O=C(c1cccc([N+](=O)[O-])c1)C(F)(F)F
10065,[N-]=[N+]=Nc1nc[nH]n1
22763,CCCNc1c([N+](=O)[O-])cc([N+](=O)[O-])cc1[N+](=O)[O-]
2599,O=[N+]([O-])c1ccc2c(c1)OCO2
35971,CCCOCC[N+]1(C)CCCC1
19947,C[n+]1cc([O-])on1
38188,COc1ccc2c(c1)[nH]c1c(C)[nH+]ccc12
27664,O=BOB([O-])OB([O-])OB=O
2881,O=[N+]([O-])C(F)(COCOCC([N+](=O)[O-])([N+](=O)[O-])[N+](=O)[O-])[N+](=O)[O-]
37696,F[B-]1(F)O[B-](F)(F)O[B-](F)(F)O1
35023,COc1cc(N)cc([N+](=O)[O-])c1
36811,Cc1cc[n+](CCCOc2ccccc2)cc1
34676,O=Cc1cc([N+](=O)[O-])ccc1O
27303,[C-]#[N+]c1c(C)cc(C)cc1C
1201,O=[N+]([O-])c1cc([N+](=O)[O-])c(Nc2c([N+](=O)[O-])cc([N+](=O)[O-])cc2[N+](=O)[O-])c([N+](=O)[O-])c1
27053,CCC1(c2ccccc2)NC(=O)N(Cc2ccc([N+](=O)[O-])cc2)C1=O
39464,CCCCCCCCCCCC[N+](C)(C)CCN(C)CC[N+](C)(C)CCCCCCCCCCCC
4964,CN=[N+]=[N-]
20493,CCC(=O)[O-]
23599,CCCCCCCCCC[n+]1ccccc1
23067,C[C@H]1CO[C@@H](c2ccccc2[N+](=O)[O-])OC1
29863,CC[C@H](C)[C@H](N)C(=O)[O-]
39362,CCCCOC[N+](C)(C)CCO
36281,CC1(C)CC(=O)C2=C(C1)OC1=C(C(=O)CC(C)(C)C1)C21C(=O)Nc2ccc([N+](=O)[O-])cc21
41014,CCCCN(C)[c+]1c(N(CC)CC)c1N(CC)CC
38079,O=[N+]([O-])c1c(O)c([N+](=O)[O-])c(O)c([N+](=O)[O-])c1O
7085,Nc1ccccc1[N+](=O)[O-]
40978,C[NH+](C)CC[NH+](C)C
26903,C[NH2+]CCO
7918,COP(=S)(OC)Oc1ccc([N+](=O)[O-])cc1Cl
40428,[N-]=[N+]=Nc1nonc1Nc1nnc2nncn2n1
20458,O=C([O-])CNC(=O)c1ccccc1
32516,CCOCc1n(CC)cc[n+]1C
36201,O=Cc1ccc(OCCOCCOc2ccc(/C=C3/N=C(c4ccc([N+](=O)[O-])cc4)OC3=O)cc2)cc1
10091,Cc1ccc(N(C)[N+](=O)[O-])cc1
19373,CCCCCOC[n+]1ccn(COCCCC)c1
36367,O=S(=O)([O-])c1ccc(-c2c3nc(c(-c4ccc(S(=O)(=O)[O-])cc4)c4ccc([nH]4)c(-c4ccc(S(=O)(=O)[O-])cc4)c4nc(c(-c5ccc(S(=O)(=O)[O-])cc5)c5ccc2[nH]5)C=C4)C=C3)cc1
11070,CCOC(=O)c1ccc(CS(=O)(=O)c2ccc([N+](=O)[O-])cc2)cc1
20390,[Al+3]
16230,Cc1cc(Cl)c(Cl)c([N+](=O)[O-])c1C
64,O=[N+]([O-])c1ccc(O)c(O)c1
9938,O=[N+]([O-])OC[C@@H](O[N+](=O)[O-])[C@@H](O[N+](=O)[O-])[C@H](O[N+](=O)[O-])[C@@H](CO[N+](=O)[O-])O[N+](=O)[O-]
35969,Cl[Dy-3](Cl)(Cl)(Cl)(Cl)Cl
31653,CCCCCCCC[N+](C)(C)CCCCCCC[N+](C)(C)CCCCCCCC
15568,CCc1cc(Br)c2ncccc2c1[N+](=O)[O-]
37882,C[N+](C)(C)CCCNS(=O)(=O)C(F)(F)C(F)(F)C(F)(F)C(F)(F)C(F)(F)C(F)(F)C(F)(F)C(F)(F)F
39872,CCCCCCCCCCCCCOCCOCCOCCOCCOCC(=O)[O-]
20376,CN1N=C(N)[NH+](C)N1
10458,CC(CC(C)O[N+](=O)[O-])O[N+](=O)[O-]
39955,Cc1n(Cc2ccccc2)cc[n+]1C[Si](C)(C)C
29631,O=[N+]([O-])c1ccc(S(=O)(=O)Nc2nccs2)cc1
32255,N#CC(=Cc1ccccc1[N+](=O)[O-])c1ccc2c(c1)CCCC2
19378,CCCCCCCCCCCOC[n+]1ccn(COCCCC)c1
20453,CCCCCCCOC(=O)C(CC(=O)[O-])S(=O)(=O)[O-]
6164,O=[N+]([O-])c1cc([N+](=O)[O-])c(O)c([N+](=O)[O-])c1
20381,Cl[Mn-2](Cl)(Cl)Cl
26783,NCCS(=O)(=O)[O-]
23938,CCCc1ccccc1S(=O)(=O)[O-]
24630,CC(C)(C)/N=[N+](\[O-])C(C)(C)C
9063,CCc1cc([N+](=O)[O-])ccc1NC(C)=O
34650,CCOCCN=[N+]=[N-]
20219,CCCC[NH2+]CCCC
21386,O=[N+]([O-])OCCCCCCCCCO[N+](=O)[O-]
15725,CCc1cc(Br)c2nc(O)ccc2c1[N+](=O)[O-]
40462,CCCCCCCCCCOC(=O)CC(O)C[N+](C)(C)C
9929,[N-]=[N+]=Nc1ccccc1-n1nc2ccccc2n1
10375,O=[N+]([O-])c1cccc2oc3ccccc3c12
20019,CCOc1cc(N=Nc2c(Br)cc([N+](=O)[O-])cc2[N+](=O)[O-])c(NC(C)=O)cc1N(CCOC(C)=O)CCOC(C)=O
20280,[Ag+2]
35154,C[N+]1(CC(O)CO)CCCC1=O
37552,C1=C[NH2+]N=N1
3087,O=NN(CC([N+](=O)[O-])([N+](=O)[O-])[N+](=O)[O-])CC([N+](=O)[O-])([N+](=O)[O-])[N+](=O)[O-]
20375,O=P([O-])([O-])[O-]
6536,O=[N+]([O-])c1ccc(Cl)c(Cl)c1
34421,Nc1cccc(S(=O)(=O)[O-])c1
32256,N#CC(=Cc1cccc([N+](=O)[O-])c1)c1ccc2c(c1)CCCC2
9812,O=[N+]([O-])C1NCCc2ccccc21
24405,O=[N+]([O-])NCCCCCCN[N+](=O)[O-]
1466,O=[N+]([O-])c1ccccc1F
36817,CN(C)c1cc[n+](CCOc2ccccc2)cc1
3947,O=Cc1ccc([N+](=O)[O-])cc1[N+](=O)[O-]
9536,C=C(C)C[N+](=O)[O-]
36224,N#Cc1ccccc1-c1ccc(Cn2ccn(Cc3ccc([N+](=O)[O-])cc3)c2=[Ag]Br)cc1
39989,COc1c(Cl)ccc(Cl)c1C(=O)[O-]
36015,CCCCCCSCCC[N+](CCCSCCCCCC)(CCCSCCCCCC)CCCSCCCCCC
40713,CC[N+](C)(C)CCN=[N+]=[N-]
39202,O=C([O-])C1CCCN1
35777,CCCCCCCCCC[S+]1CCCC1
10057,O=[N+]([O-])OCCOCCOCCO
10261,COc1c(-c2cc([N+](=O)[O-])cc([N+](=O)[O-])c2OC)cc([N+](=O)[O-])cc1[N+](=O)[O-]
32501,CCCCCCCC[P+](CC)(CC)CC
13856,O=[N+]([O-])c1cc([N+](=O)[O-])c(C=Cc2ccccc2)c([N+](=O)[O-])c1
35711,CC[NH+]1CCOCC1
37114,CCCCCCCCCCCCCCCCCCn1c(-c2cscn2)[n+](C)c2ccccc21
39734,Cc1cccc(Nc2ccccc2C(=O)[O-])c1C
39121,CC1=CC(=O)NC(=O)[NH2+]1
28753,Cl[Gd-3](Cl)(Cl)(Cl)(Cl)Cl
23585,O=S(=O)([O-])c1ccccc1
20261,CCCC[N+](CCC(C)C)(CCC(C)C)CCC(C)C
24940,CCC(O)(O)[n+]1ccn(C)c1
10586,O=C(O)C1(C(=O)O)CC([N+](=O)[O-])([N+](=O)[O-])C1
39697,CC(C)CCCCCOP(=O)([O-])OCCCCCC(C)C
26535,CCCCCCCCCCCCCCCC[n+]1cccc(C)c1
40830,[O-]c1cccnc1
36806,c1ccc(OCCC[n+]2ccccn2)cc1
36153,Cc1ccc(-[n+]2c(C)cc(C)n2C)cc1
5074,CCCCC[N+](=O)[O-]
28798,C=CC[n+]1ccn(CCCCCCCC)c1
6535,Cc1ccc([N+](=O)[O-])cc1C
24558,CCCCCC[n+]1cccc2ccccc21
24984,C[C@H](CCC(=O)[O-])[C@H]1CC[C@H]2[C@H]3[C@H](C[C@H](O)[C@@]21C)[C@@]1(C)CC[C@@H](O)C[C@H]1C[C@H]3O
34538,O=[As][O-]
39248,CCn1cc[n+](CCN)c1
40004,CCCCOc1ccc(/N=[N+](\[O-])c2ccc(C#N)cc2)cc1
28993,Nc1nc(O)c2ncn([C@@H]3O[C@H](COP(=O)([O-])[O-])[C@@H](O)[C@H]3O)c2n1
32266,N#CC(=Cc1ccccc1[N+](=O)[O-])c1ccccc1
20324,CC(CC(C)(C)C)CP(=O)([O-])CC(C)CC(C)(C)C
23505,CCCCCCC[N+](CCCCCCC)(CCCCCCC)CCCCCCC
19318,CCn1cc(C)[n+](CC)c1
20387,O=S(=O)([O-])[O-]
25218,CO/N=C(\C(=O)N[C@@H]1C(=O)N2C(C(=O)[O-])=C(CSc3nc(C)c(CC(=O)[O-])s3)CS[C@H]12)c1csc(N)n1
20422,Cc1ccc(C(=O)[O-])cc1
30045,[O-][n+]1ccccc1-c1ccccn1
20506,[Yb+2]
28504,CCCCCCCCCC[NH3+]
35164,CCCCC[N+](C)(CCC)CCC
32581,CCO[C+](N(C)C)N(C)C
20279,[Tm+3]
8973,Cc1cc(N(CCO)CCO)ccc1N=Nc1ccc([N+](=O)[O-])cc1
19400,CCCCCC[N+](CCCC)(CCCC)CCCC
20386,C[NH3+]
38844,O=Cc1ccc(-c2cccc([N+](=O)[O-])c2)o1
29451,CCCCn1cc[n+](CCC(C)C)c1
32267,N#CC(=Cc1cccc([N+](=O)[O-])c1)c1ccccc1
32051,CCc1cc(Cl)c2nc(Cl)ccc2c1[N+](=O)[O-]
10638,O=[N+]([O-])c1c2c([N+](=O)[O-])c(N3CCCCC3)c([N+](=O)[O-])c1NCCCCCCCCCN2
25283,CC(=O)OCC[N+](C)(C)C
20295,CCCCCCCCCCCCCCCCCC(=O)[O-]
522,Cc1cccc(C)[n+]1[O-]
38265,CCCCn1cc[n+](CCOC)c1
32809,C[N+]1(CC2CO2)CCCC1=O
19444,C[n+]1ccn(CCC(F)(F)C(F)(F)C(F)(F)C(F)(F)F)c1
9698,CCCCCCCC=[N+]=[N-]
31854,CCN(CC)c1ccc2c(-c3ccccc3C(=O)O)c3ccc(N(CC)CC)cc3[o+]c2c1
19451,CCOC(=O)c1ccc[n+](CC)c1
31433,Cn1cc[n+](CCC(F)(F)C(F)(F)F)c1
29098,CO[PH](=O)[O-]
32498,CCCC[P+](CCCC)(CCCC)COC
19342,FC(F)(F)C(F)(F)C(F)(F)C(F)(F)C(F)(F)C(F)(F)CC[n+]1ccn(CC(OCc2ccc(Cl)cc2Cl)c2ccc(Cl)cc2Cl)c1
19383,CC[n+]1cccn1C
20507,CC(O)C(=O)[O-]
41423,CCC[N+](CCC)(CCC)CC(=O)OCC
38359,O=[N+]([O-])c1nonc1-c1nonc1-c1nonc1[N+](=O)[O-]
28339,O=C([O-])c1cccc(Cl)c1Cl
26546,Cl[Ta-](Cl)(Cl)(Cl)(Cl)Cl
10295,O=[N+]([O-])c1c(F)c([N+](=O)[O-])c([N+](=O)[O-])c([N+](=O)[O-])c1[N+](=O)[O-]
38851,O=[N+]([O-])c1ccc(-c2ccc(C=NO)o2)cc1
36085,C[n+]1ccc(C(=O)O)cc1
39670,C=Cn1cc[n+](C[n+]2ccn(C=C)c2)c1
19303,O=P(F)(F)[N-]P(=O)(F)F
13857,O=[N+]([O-])c1cccc(C=Cc2ccc([N+](=O)[O-])cc2[N+](=O)[O-])c1
4884,[N-]=[N+]=N/C(N)=N/[N+](=O)[O-]
36217,Cc1ccc(Cn2cc[n+](Cc3ccc(C)cc3)c2)cc1
32219,Cc1c([N+](=O)[O-])cc([N+](=O)[O-])c(Sc2c([N+](=O)[O-])cc([N+](=O)[O-])c(C)c2[N+](=O)[O-])c1[N+](=O)[O-]
15949,CCCCCCCCCCCCCCCCC(C)[N+](=O)[O-]
35776,CCCCCCCCC[S+]1CCCC1
40554,[CH+]1CCCCC1
23612,Nc1ccccc1C(=O)[O-]
35981,COC[n+]1ccccc1
39696,CCCCCCCC[P+](CCCCCCCC)(CCCCCCCC)CC[P+](CCCCCCCC)(CCCCCCCC)CCCCCCCC
24476,NC(=O)c1ccc([N+](=O)[O-])o1
40026,C[n+]1ccn(C(COCC(F)(F)F)COCC(F)(F)F)c1
23857,O=[N+]([O-])C1([N+](=O)[O-])CNC1
21350,CC(=O)N1CC([N+](=O)[O-])([N+](=O)[O-])C1
5678,O=[N+]([O-])CC[N+](=O)[O-]
20306,Cc1cccc(C)c1C(=O)[O-]
37464,CC[NH+](CC)CC(=O)Nc1c(C)cccc1C
20255,[La+3]
27159,CCCCCCCC[n+]1cccc(C)c1C
6501,O=[N+]([O-])c1cccc(C(F)(F)F)c1
35976,COCCC[N+]1(C)CCCC1
35129,[O-][n+]1cccc(CC(c2ccc(OC(F)F)c(OC3CC3)c2)c2cnc(C(O)(C(F)(F)F)C(F)(F)F)s2)c1
35582,CCCCCCCCCCCn1cc[n+](CO[C@@H]2C[C@H](C)CC[C@H]2C(C)C)c1
23515,CCCCC[NH3+]
29491,C=Cn1cc[n+](CCCCCC)c1
34671,O=[N+]([O-])c1cc2nc(-c3nc4cc([N+](=O)[O-])c([N+](=O)[O-])cc4[nH]3)[nH]c2cc1[N+](=O)[O-]
9158,CC(C)[C@H]1CO[C@@](C)([N+](=O)[O-])OC1
32376,[H-]
19308,c1cc[nH+]cc1
10255,O=[N+]([O-])c1cc([N+](=O)[O-])c(N2CCCCC2)c([N+](=O)[O-])c1
999,Cc1ccc(N)cc1[N+](=O)[O-]
20369,CCCCCCCCCCCCCCCC(=O)[O-]
34669,Nc1c([N+](=O)[O-])nnc2c([N+](=O)[O-])c([N+](=O)[O-])nn12
10371,Cc1cccc2c([N+](=O)[O-])c3ccccc3cc12
9407,COC(=O)c1cccc([N+](=O)[O-])c1
35701,CC[N+](CC)(CC)CCCCS(=O)(=O)O
37104,N#CS[Fe-3](SC#N)(SC#N)(SC#N)(SC#N)SC#N
32493,CCCCCCCCCCCC[P+](CCCC)(CCCC)CCCC
19388,CCC[N+](C)(C)CC
20317,O=C([O-])CCCCC(=O)[O-]
20371,CCC(=O)[CH-]C(=O)C(C)(C)C
13095,COC(=O)CCC(C)(C)[N+](=O)[O-]
27456,O=[N+]([O-])c1nc[nH]c1[N+](=O)[O-]
28094,CC(C)[C@H]1OC[C@@H](CC[S+](C)C)CO1
37436,CC1=CN2C(=Nc3c(c(=O)oc4ccccc34)C2c2cccc([N+](=O)[O-])c2)S1
29181,O=[Si]([O-])[O-]
30402,CCCCCCCCCCn1cc[n+](CCCCCCCCCC)c1
9046,CC(CCCO[N+](=O)[O-])O[N+](=O)[O-]
33294,CCCCCCCCCc1ccc(OCC(O)C[N+](C)(C)C)cc1
30482,CCC[N+]([O-])(CCC)CCC
8385,[2H]C([2H])[N+](=O)[O-]
36544,N#CC1=C(N)Oc2c(c(=O)oc3ccccc23)C1c1ccccc1[N+](=O)[O-]
39446,C=C(C)CN(CC)C(N(CC)CC(=C)C)=[N+](C)C
6163,O=[N+]([O-])c1cc([N+](=O)[O-])c(Cl)c([N+](=O)[O-])c1
20359,CC(C)c1cc(C(=O)[O-])c(O)c(C(C)C)c1
5244,O=C1OC(=O)c2c1cccc2[N+](=O)[O-]
23581,O=C([O-])c1ccc(Cl)cc1
20265,Cl[Zn-2](Cl)(Cl)Cl
6527,Nc1cccc([N+](=O)[O-])c1
37710,CCn1cn[n+](C)c1
13782,CCC(C)(Br)[N+](=O)[O-]
29745,CC(=O)C(=O)[O-]
39130,CCCCCC[N+](C)(C)C12CC3CC(CC(C3)C1)C2
22722,Cn1nnnc1[N+](=O)[O-]
30327,CCCCCCOC[n+]1ccccc1
31472,CCCCCCCCCCCCCCCC[N+](C)(C)CC[N+](C)(C)CCCCCCCCCCCCCCCC
30448,c1ccc2cc(C[N+]3(CCCCCCCCC[N+]4(Cc5ccc6ccccc6c5)CCCC4)CCCC3)ccc2c1
23576,Cl[Fe-](Cl)(Cl)Cl
23748,CC(C)C[N+](CC(C)C)(CC(C)C)CC(C)C
38371,[Re+2]
23943,[Hg+]
23982,CCCCCCCCCCCCCC[P+](CCCC)(CCCC)CCCC
30162,Cc1nnc(N=[N+]=[N-])n1N
37441,CCCC[N+](C)(C)CCN(C)C
23590,Cc1ccc(S(=O)(=O)[O-])c(C)c1
9843,CC(C)CNc1ccc([N+](=O)[O-])cc1[N+](=O)[O-]
27106,CCCn1c(C)cc(C)[n+]1C
29222,CCCCCCCC[N+]1(C)CCCCC1
28247,c1cc[n+](CCC[n+]2ccccc2)cc1
13576,Cc1c(Cc2ccccc2)[n+](=O)c2ccccc2n1[O-]
29945,Cn1cc[n+](CCC(=O)O)c1
38070,O=C(O)c1ccc([N+](=O)[O-])cc1Cl
34131,CCCCC(CC)COP(=O)([O-])OCC(CC)CCCC
36077,O=[N+]([O-])c1ccc(OCCOc2ccc([N+](=O)[O-])cc2[N+](=O)[O-])c([N+](=O)[O-])c1
10066,Cc1nc(N=[N+]=[N-])n[nH]1
36011,CC(C)SCCC[N+](CCCSC(C)C)(CCCSC(C)C)CCCSC(C)C
41284,Oc1cc(O)c2cc(O)c(-c3ccc(O)c(O)c3)[o+]c2c1
23819,CN(C)C(=O)Oc1cccc([N+](C)(C)C)c1
32643,CCCCCCCCCCCCCCOCC(O)C[N+](C)(C)CCCCCCCC
36413,C[N+]1(CCOCC[N+]2(C)CCCC2)CCCC1
36792,O=C1C(Nc2ccccc2)=CC(c2ccccc2[N+](=O)[O-])N1c1ccccc1
20173,[Ho+3]
28698,CCCCCCCCCCCCOC(=O)C[N+](C)(C)CC[N+](C)(C)CC(=O)OCCCCCCCCCCCC
35960,C[N+]1(Cc2ccccc2)[C@H]2CC[C@@H]1C[C@H](O)C2
27186,[Ga+2]
36365,CCCC[NH+]=C(N(C)C)N(C)C
36408,CC[S+](CC)CCOCCOCCOCC[S+](CC)CC
20251,[V+4]
9275,CC(=O)c1cccc([N+](=O)[O-])c1
23577,O=[W](=O)([O-])[O-]
37780,CCC[NH2+]CCC
39770,Brc1ccc2cn[n-]c2c1
23511,CCCCCCCCCCCC[N+](C)(C)Cc1ccccc1
10244,O=[N+]([O-])c1ccc(C=Cc2c([N+](=O)[O-])cc([N+](=O)[O-])cc2[N+](=O)[O-])cc1
29495,C=Cn1cc[n+](CCCCCCCCCC)c1
9614,O=[N+]([O-])c1ccccc1-c1ccccc1[N+](=O)[O-]
20200,O=c1nc([N+](=O)[O-])[nH][n-]1
996,COc1ccc([N+](=O)[O-])cc1[N+](=O)[O-]
15109,CC([N+](=O)[O-])C(C)(C)C
4157,O=C(O)c1ccccc1[N+](=O)[O-]
10251,CCCNc1c([N+](=O)[O-])cccc1[N+](=O)[O-]
36899,CCCCC[n+]1ccn(CCC(=O)OC)c1
29764,CC(C)C[NH2+]CCCCS(=O)(=O)O
1971,O=[N+]([O-])c1cccc2c1no[n+]2[O-]
20244,COc1ccc2cc3[n+](cc2c1OC)CCc1cc2c(cc1-3)OCO2
36081,Br[Ho-2](Br)(Br)(Br)Br
33325,CC(C)(CO)[C@@H](O)C(=O)NCCC(=O)[O-]
9535,CC(C)=C[N+](=O)[O-]
37980,O=[N+]([O-])c1cccc(Cl)c1F
15471,O=[N+]([O-])N(COCC(F)([N+](=O)[O-])[N+](=O)[O-])COCC(F)([N+](=O)[O-])[N+](=O)[O-]
39447,CCN(CC(C)(Br)CBr)C(N(CC)CC(C)(Br)CBr)=[N+](C)C
8005,O=[N+]([O-])CCCC[N+](=O)[O-]
3594,O=[N+]([O-])c1ccc(Cl)nc1
39323,[C-]#[N+]CC1CC1
5539,CC(C)(C)/N=C/c1ccc([N+](=O)[O-])cc1
30326,CCCCCCCOC[n+]1ccccc1
35681,CCCCCCCCCCCCCCCC[N+](CCCCCCCC)(CCCCCCCC)CCCCCCCC
23912,C[C@H]([C@@H](O)c1ccccc1)[N+](C)(C)C
28963,CCO[NH+](CC)CC
32296,O=C(O)C(=Cc1ccccc1[N+](=O)[O-])C(=O)O
28768,CC1=C(C(=O)OCc2ccccc2)C(c2ncc([N+](=O)[O-])n2C)C(C(=O)OCc2ccccc2)=C(C)N1
26804,CC(C)OC(=O)C[NH3+]
23498,CCCCCCCCCCCCCCCC[N+](C)(C)CC
32118,COC(=O)C(=O)[O-]
25417,CC[NH+](C(C)C)C(C)C
34906,Cc1ccc(OCC(=O)O)cc1[N+](=O)[O-]
39435,CCCC[N+](CCCC)=C(N(C)C)N(C)C
29455,CCCCn1cc[n+](C2CCCC2)c1
9668,CCC(CO[N+](=O)[O-])(CO[N+](=O)[O-])CO[N+](=O)[O-]
28037,CCCCCCCCCCCCCCCCC[NH3+]
20291,[Sr+2]
21270,O=C(c1ccc([N+](=O)[O-])cc1)N(O)c1cccc2ccccc12
19455,CCCCC(CC)COC(=O)CC(C(=O)OCC(CC)CCCC)S(=O)(=O)[O-]
21385,O=[N+]([O-])OCCCCCCCCO[N+](=O)[O-]
37012,CC1=C(C(=O)/C=C/c2ccc([N+](=O)[O-])cc2)C(c2c[nH]c3ccccc23)c2ccccc2O1
26839,N#C[O-]
33349,O=[Te](=O)([O-])[O-]
35650,O=S1(=O)[N-]S(=O)(=O)C(F)(F)C(F)(F)C1(F)F
40537,O=S(=O)(O)CCCC[n+]1ccccc1
2800,COP(=S)(OC)Oc1ccc([N+](=O)[O-])cc1
23889,CC[NH+]1C=CN(C)C1
36351,CCCCOCC(O)CN(CCCn1cc[nH+]c1)C(C)=O
38855,O=C(O)C=Cc1ccc(-c2cccc([N+](=O)[O-])c2)o1
5266,CCCCCC[N+](=O)[O-]
36418,C[N+]1(CCOCCOCCOCCOCC[N+]2(C)CCCC2)CCCC1
24684,O=[N+]([O-])OCC(CO)O[N+](=O)[O-]
10089,COc1ccc(N(C)[N+](=O)[O-])cc1
4654,Cc1c([N+](=O)[O-])cccc1[N+](=O)[O-]
39666,C=Cn1cc[n+](CC[n+]2ccn(C=C)c2)c1
23501,CCCCCCCC[N+](CCCCCCCC)(CCCCCCCC)CCCCCCCC
9488,O=[N+]([O-])c1ccc(Nc2ccccc2)c([N+](=O)[O-])c1
20178,CCCCc1nc(Cl)c(CO)n1Cc1ccc(-c2ccccc2-c2nnn[n-]2)cc1
169,COc1ccc([N+](=O)[O-])cc1
34372,CCCCCCCCCCCC[n+]1ccn(CCCC)c1
31722,CCCCCCCCCCc1cccc[n+]1CC
5559,[O-][n+]1ccccc1-c1cccc[n+]1[O-]
35538,CC(C)C[O-]
40531,CCCCCCCCCCCCCCCC(=O)NCCC[N+](C)(C)CCC[N+](C)(C)CCCNC(=O)CCCCCCCCCCCCCCC
34164,CO/N=[N+](\[O-])C/[N+]([O-])=N/OC
20468,O=S(=O)([O-])c1cccc2ccccc12
32359,N#CC(=Cc1cccc([N+](=O)[O-])c1)c1nc2ccccc2[nH]1
12384,O=[N+]([O-])C(COCOCOCC([N+](=O)[O-])([N+](=O)[O-])[N+](=O)[O-])([N+](=O)[O-])[N+](=O)[O-]
6149,O=[N+]([O-])c1ccc(O)cc1C(F)(F)F
33768,O=[N+]([O-])N1CC([N+](=O)[O-])([N+](=O)[O-])CN([N+](=O)[O-])CC([N+](=O)[O-])([N+](=O)[O-])C1
38912,[NH3+]CCCCCCCCCc1ccccc1
20183,C[N+](CO)(CO)CO
30046,CCCC[n+]1ccc2ccccc2c1
20505,[Rb+]
22482,CC(C)N(C(C)C)[N+](=O)[O-]
29106,CCCCn1cc[n+](CCCCS(=O)(=O)O)c1
39441,CCCCCCCCCCCCCCCCCCN(C)C(N(C)CCCCCCCCCCCCCCCCCC)=[N+](C)C
29853,CC[NH2+]CC(O)c1cccc(O)c1
9394,O=[N+]([O-])c1ccccc1I
39352,CCCCCCOC[N+](C)(C)CCO
40112,CN(C)c1cc[n+](CCCN)cc1
26239,[N-]=[N+]=NC([N+](=O)[O-])([N+](=O)[O-])[N+](=O)[O-]
26814,CC(C)COC(=O)C[NH3+]
32108,COC(=O)c1ccccc1C(=O)[O-]
38255,Nc1ccc(NCCO)c([N+](=O)[O-])c1
41336,CCC12C3C4C5C6C1[Ru+]546321789C2C1C7C8C29
32938,Cn1c([N+](=O)[O-])cnc1COC(N)=O
41545,[PH4+]
38501,Cc1n(S(=O)(=O)O)cc[n+]1S(=O)(=O)O
34548,CC[P+](CC)(CC)CCSC
40030,CCCCOCC(COCC(F)(F)F)n1cc[n+](C)c1
41102,CCCCN(CCCC)[c+]1c(N(C(C)C)C(C)C)c1N(C(C)C)C(C)C
35775,CCCCCCCC[S+]1CCCC1
28525,CCCCCCCC[n+]1ccc(C)cc1
4441,CNc1c([N+](=O)[O-])cccc1[N+](=O)[O-]
32559,CCCC[P+](CC)(CC)CC
23587,O=[Mo](=O)([O-])[O-]
23524,Cn1c(-c2ccccc2)cc(-c2ccccc2)[n+]1C
20305,C1CCC[N+]2(CC1)CCCCCC2
19187,Cc1ccc(C)[n+]([O-])c1
24283,O=N[N+](=O)[O-]
23507,Cc1ncc(C[n+]2csc(CCO)c2C)c(N)n1
35892,CC(=O)NC(c1cccc([N+](=O)[O-])c1)c1c(O)ccc2ccccc12
20385,[NH3+]CC(O)CCC([NH3+])C(=O)[O-]
20296,N#CC(C#N)=C([C-](C#N)C#N)C(C#N)C#N
38266,CCCCn1cc[n+](CCOCCOCC)c1
39744,CCCCCCCCCCCCCCOc1ccc(NC(=O)C[N+](C)(C)CC[N+](C)(C)CC(=O)Nc2ccc(OCCCCCCCCCCCCCC)cc2)cc1
8883,CC(C)c1ccc(C=[N+]([O-])C(C)(C)C)cc1
27936,O[Pt-2](O)(O)(O)(O)O
29731,CCCCCCCCCCN=[N+]=[N-]
10296,Cc1c([N+](=O)[O-])c([N+](=O)[O-])c([N+](=O)[O-])c([N+](=O)[O-])c1[N+](=O)[O-]
36356,CCCCOCC(O)CNCCCn1cc[nH+]c1
19293,CC[N+]1(C)CCCC1
20270,CC(C)(C)C(=O)/C=C(\[O-])C(C)(C)C
21291,O=[N+]([O-])c1cc([N+](=O)[O-])c(Nc2cc(Nc3c([N+](=O)[O-])cc([N+](=O)[O-])cc3[N+](=O)[O-])nc(Nc3c([N+](=O)[O-])cc([N+](=O)[O-])cc3[N+](=O)[O-])c2)c([N+](=O)[O-])c1
25398,[Mo+5]
24288,O=[N+]([O-])C(COC(OCC([N+](=O)[O-])([N+](=O)[O-])[N+](=O)[O-])(OCC([N+](=O)[O-])([N+](=O)[O-])[N+](=O)[O-])OCC([N+](=O)[O-])([N+](=O)[O-])[N+](=O)[O-])([N+](=O)[O-])[N+](=O)[O-]
38867,CCCCCCCCOc1ccc(C(=O)Oc2ccc(OC(=O)c3ccc(CCCCCCCC)cc3)c(C(=O)OCc3ccc([N+](=O)[O-])cc3)c2)cc1
10095,CN(c1cccc(Cl)c1)[N+](=O)[O-]
35669,O=[N+]([O-])c1cn(C([N+](=O)[O-])([N+](=O)[O-])[N+](=O)[O-])nc1-n1cnnn1
6174,Cc1ccc(Cl)c([N+](=O)[O-])c1
23879,CC(C)[C@H]1OC[C@H]([NH+](C)C)CO1
25083,CCCCCCCCCCCCCC[N+](C)(CCO)CCO
37435,CC1=CN2C(=Nc3c(c(=O)oc4ccccc34)C2c2ccccc2[N+](=O)[O-])S1
41462,COC[N+](C)(C)C
23070,CC[C@H]1CO[C@H](c2ccccc2[N+](=O)[O-])OC1
26874,CCC(O)C(C)(C)[N+](=O)[O-]
19298,c1ccc(C[n+]2ccccc2)cc1
29467,COc1cc([N+](=O)[O-])c(OC)cc1Cl
39951,C[Si](C)(C)CN1CCC=[N+]2CCCCCC12
36069,CCCCn1c[n+](CCCCS(=O)(=O)O)cn1
36597,I[I+][I-][I+][I-3][I+][I-][I+]I
36370,CCCCCCCCCCCCCCCC[N+](C)(C)CCCNC(=O)c1ccc(C(=O)NCCC[N+](C)(C)CCCCCCCCCCCCCCCC)cc1
19419,CC[N+](C)(C(C)C)C(C)C
35975,COCCC[n+]1ccn(C)c1
36815,CN(C)c1cc[n+](CCCOc2ccccc2)cc1
27964,C=CC[N+](C)(C)CCOCC[N+](C)(C)CCCCC
7026,Nc1c([N+](=O)[O-])c(N)c([N+](=O)[O-])c(N)c1[N+](=O)[O-]
23516,CCCCCCCCCCCCOS(=O)(=O)[O-]
25003,CC1(C)S[C@@H]2[C@H](NC(=O)Cc3ccccc3)C(=O)N2[C@H]1C(=O)[O-]
31412,O=[N+]([O-])C1([N+](=O)[O-])C2CC3CC1C(C2)C3([N+](=O)[O-])[N+](=O)[O-]
10256,CCCCNc1c([N+](=O)[O-])cccc1[N+](=O)[O-]
36017,CCCCCCCCSCCC[N+](CCCSCCCCCCCC)(CCCSCCCCCCCC)CCCSCCCCCCCC
31314,CCCCCCn1c(C)cc(C)[n+]1-c1ccccc1
37970,C[C@H](CCC(=O)[O-])[C@H]1CC[C@H]2[C@@H]3[C@@H](O)C[C@@H]4C[C@H](O)CC[C@]4(C)[C@H]3CC[C@@]21C
37447,CCCC[N+](C)(C)CCOCCN(C)C
8151,C[N+](=O)[O-]
34404,NC(=O)c1cc[n+]([O-])cc1
23571,[2H][O-]
27150,CCCC[n+]1cccc(C)c1C
23517,CCCC[P+](c1ccccc1)(c1ccccc1)c1ccccc1
29169,O=C(c1ccccc1)C(C(=O)c1ccccc1)[C@@H](C[N+](=O)[O-])c1ccccc1
20061,O=[N+]([O-])c1ccc2ccc3cccc4ccc1c2c34
20257,CCOC(=S)[S-]
35120,Cl[Dy-5](Cl)(Cl)(Cl)(Cl)(Cl)(Cl)Cl
30374,CCCCCCC[n+]1csc2ccccc21
10108,CCn1c([N+](=O)[O-])cnc1C
23772,C[C@H](CCC(=O)[O-])[C@H]1CC[C@H]2[C@H]3[C@H](CC[C@@]21C)[C@@]1(C)CC[C@@H](O)C[C@H]1C[C@H]3O
30229,CC[C@H](N)C(=O)[O-]
10061,CCC(CO[N+](=O)[O-])O[N+](=O)[O-]
36016,CCCCCCCSCCC[N+](CCCSCCCCCCC)(CCCSCCCCCCC)CCCSCCCCCCC
32399,C[NH2+][C@@H](C)[C@@H](O)c1ccccc1
20360,[O-][Cl+2]([O-])[O-]
29646,Nc1ccc(S(=O)(=O)Nc2ccc([N+](=O)[O-])cc2Br)cc1
9869,CN(CN(CCN(CN(C)[N+](=O)[O-])[N+](=O)[O-])[N+](=O)[O-])[N+](=O)[O-]
24883,Cc1cccc(C(=O)[O-])c1O
34382,F[Ni-](F)F
23569,Nc1ccc(C(=O)[O-])c(O)c1
30922,O=[N+]([O-])N(CCCN(CC([N+](=O)[O-])([N+](=O)[O-])[N+](=O)[O-])[N+](=O)[O-])CC([N+](=O)[O-])([N+](=O)[O-])[N+](=O)[O-]
40204,CCCCCCCCCC[N+](CC)(CC)CCCCCn1c(C)cc(=O)n(CCCCC[N+](CC)(CC)CCCCCCCCCC)c1=O
39494,C[N+]1(CCCO)CCCC1
32066,CCCCCn1cc[n+](C)c1C
20463,CCCCCCCCCCCCCCCCC(=O)[O-]
15727,CCc1cc(Br)c([N+](=O)[O-])c2ccc(O)nc12
15784,Cc1ccc(-c2ccccc2)c([N+](=O)[O-])c1
15553,CCc1ccc([N+](=O)[O-])cc1C(=O)O
20315,C[N+](C)(C)CC(=O)O
13316,CCCC(CCC)[N+](=O)[O-]
20188,[N-]=C([NH-])[N+](N)(N)N
23895,CC(C)[C@H]1OC[C@H]([S+](C)C)CO1
34427,O=C(O)c1ccc(S(=O)(=O)[O-])cc1O
3081,O=[N+]([O-])Nc1nc[nH]n1
26618,COc1cc(-c2[o+]c3cc(O)cc(O)c3cc2O[C@@H]2O[C@H](CO)[C@@H](O)[C@H](O)[C@H]2O)ccc1O
19409,CCCCC[N+]1(C)CCCC1
20297,CCCCC[N+](CCCCC)(CCCCC)CCCCC
1565,COc1ccc(/N=[N+](\[O-])c2ccc(OC)cc2)cc1
10468,CN(c1c([N+](=O)[O-])cccc1[N+](=O)[O-])[N+](=O)[O-]
10183,O=[N+]([O-])c1cc2cccc3ccc4cccc1c4c32
27190,CCC(C)C[NH3+]
23506,C[N+](C)(C)Cc1ccccc1
31041,COC(=O)[C@@H]([NH3+])CC1=C[NH2+]C=N1
36578,O=S(=O)(O)[NH+]1CCC(CCCC2CC[NH+](S(=O)(=O)O)CC2)CC1
19432,CCCC[n+]1ccc(N(C)C)cc1
3073,O=[N+]([O-])OCCCCCO[N+](=O)[O-]
41272,C[n+]1ccn(CCCCOC/C=C/c2ccccc2)c1
25311,C[n+]1ccn(CCCCCCCCCCCCn2cc[n+](C)c2)c1
36022,CCCCCCCCCCSCCC[N+](CCCSCCCCCCCCCC)(CCCSCCCCCCCCCC)CCCSCCCCCCCCCC
7092,CC(CN(CCC(F)([N+](=O)[O-])[N+](=O)[O-])[N+](=O)[O-])([N+](=O)[O-])[N+](=O)[O-]
20180,O=C([O-])c1cccnc1
19389,O=S(=O)(F)[N-]S(=O)(=O)F
39354,CCCCCCCCCOC[N+](C)(C)CCO
28333,F[Ta-2](F)(F)(F)(F)(F)F
41429,CCCC[P+](CCCC)(CCCC)CC(=O)OCC
29277,C[N+]1(CC#N)CCCC1
31439,O=C([O-])CN(CCN(CC(=O)[O-])CC(=O)O)CC(=O)O
6007,O=[N+]([O-])c1c(Cl)c(Cl)c(Cl)c(Cl)c1Cl
35128,[O-][n+]1cccc(C[C@@H](c2ccc(OC(F)F)c(OC3CC3)c2)c2cnc(C(O)(C(F)(F)F)C(F)(F)F)s2)c1
22484,O=[N+]([O-])C(F)(COCOCOCC(F)([N+](=O)[O-])[N+](=O)[O-])[N+](=O)[O-]
10368,COc1ccc(-c2ccc([N+](=O)[O-])cc2[N+](=O)[O-])cc1
26429,C[NH+](C)N
19309,F[As-](F)(F)(F)(F)F
20144,O=C([O-])C(F)(F)C(F)(F)C(F)(F)C(F)(F)C(F)(F)C(F)(F)C(F)(F)F
38083,CCC=NNc1ccc([N+](=O)[O-])cc1[N+](=O)[O-]
37074,Cc1cc[n+](CC(=O)Nc2ccc(I)cc2F)cc1
3248,O=C(O)Cc1ccccc1[N+](=O)[O-]
32610,O=C([O-])C(F)(F)C(F)(F)C(F)(F)C(F)(F)C(F)(F)C(F)(F)F
10709,CCC(CC)(c1ccc([N+](=O)[O-])cc1)[N+](=O)[O-]
35379,C=CCC[n+]1ccn(CCCC)c1
26674,CCCC(=O)Oc1ccc(N=[N+]([O-])c2ccc([N+](=O)[O-])cc2)cc1
31263,Cn1cc[n+](C2CCCC2)c1
4099,CC(C)CCO[N+](=O)[O-]
31578,CCCCCCCC[N+]12CCC(CC1)CC2
36484,CC[N+](CC)(CC)c1ccccc1
26213,O=C([O-])CCCCc1ccccc1
31746,O=C1[N-]C(=O)C(c2ccccc2)(c2ccccc2)N1
32429,CCC[N+](C)(C)C(C)C
23910,CCCCCCCCCCCCC[N+](C)(CCOCCO)CCOCCOCCO
41032,CCN(C)[c+]1c(N(C)C)c1N(C)C
26842,[O-]B1OB2OB([O-])OB(O1)O2
34570,CCCC[n+]1cc(C)n(C)c1CC
31790,Oc1cccc2ccc[nH+]c12
25498,[2H][CH][N+](=O)[O-]
25000,O=C([O-])[C@H](O)[C@@H](O)CO
36199,O=Cc1ccc(OCCOCCOCCOc2ccc(/C=C3/N=C(c4ccc([N+](=O)[O-])cc4)OC3=O)cc2)cc1
27807,O=P([O-])(O)Oc1c2cccc1Cc1cccc(c1OP(=O)([O-])O)Cc1cccc(c1OP(=O)([O-])O)Cc1cccc(c1OP(=O)([O-])O)C2
33985,CCCC[P+](CCCC)(CCCC)CCCS(=O)(=O)[O-]
26872,CC(O)C(C)(C)[N+](=O)[O-]
8430,CCCCCCCCCC=[N+]=[N-]
38195,CN(C)c1ccc(C(=C2C=CC(=[N+](C)C)C=C2)c2ccc(N(C)C)cc2)cc1
20165,[Hf+4]
41464,CCOC[N+](C)(C)C
39230,CCOC(=O)C1=C(C)NC(=O)NC1c1ccc([N+](=O)[O-])cc1
19367,CCCCCCCCCCOC[n+]1ccn(C)c1
19201,CCCCCC=C(CC)[N+](=O)[O-]
30572,COc1ccc([N+](=O)[O-])c(-n2ccnn2)c1[N+](=O)[O-]
41362,Cc1c(C)[n+](C)cn1C
34798,FC(F)(F)c1cc[n-]n1
15579,CCc1cc(Cl)c([N+](=O)[O-])c2ccc(Cl)nc12
38737,Cc1ccc(Cl)c(Nc2ccccc2C(=O)[O-])c1Cl
35773,CCCCCC[S+]1CCCC1
29587,O=[N+]([O-])c1ccc(N/N=C/c2ccc[nH]2)cc1
30919,O=[N+]([O-])C(CN(CC([N+](=O)[O-])[N+](=O)[O-])[N+](=O)[O-])[N+](=O)[O-]
34874,CCOC(=O)C(C)[n+]1cn(N)cn1
20480,Cc1cccc(C)c1[O-]
19306,[Cl-]
22755,O=[N+]([O-])N(CCN(CC([N+](=O)[O-])([N+](=O)[O-])[N+](=O)[O-])[N+](=O)[O-])CC([N+](=O)[O-])([N+](=O)[O-])[N+](=O)[O-]
9448,CC(C(O)C(Cl)(Cl)Cl)[N+](=O)[O-]
7017,CC(CN(CC(C)([N+](=O)[O-])[N+](=O)[O-])N=O)([N+](=O)[O-])[N+](=O)[O-]
23532,CC[Hg+]
41426,CCCC[N+](CCCC)(CCCC)CC(=O)OCC
19386,CCCCCC[n+]1ccc(N(C)C)cc1
20400,CCC[N+]1(C)CCCCC1
22184,[N-]=[NH2+]
29638,Nc1ccc(S(=O)(=O)Nc2ccc([N+](=O)[O-])cc2)cc1
22127,O=[N+]([O-])N1CC([N+](=O)[O-])(C2([N+](=O)[O-])CN([N+](=O)[O-])C2)C1
40706,C[Si](C)(C)O[Si](C)(CCC[NH2+]CC[NH3+])O[Si](C)(C)C
26582,O=[N+]([O-])c1ccc2cn[nH]c2c1
20444,c1ccc([Sb+](c2ccccc2)(c2ccccc2)c2ccccc2)cc1
30212,CCCCCCCCCCCCCCC[S-]
19295,C[N+]1(C)CCCC1
24285,[O][N+](=O)[O-]
26990,OCCCCCC[NH+]1C=CN=C1
20451,O=[Re](=O)(=O)[O-]
20268,CCCCCCCCCCCOC(=O)Nc1cc[nH+]cc1
28012,O=[N+]([O-])c1ccccc1Nc1ccccc1[N+](=O)[O-]
36684,CCOP(=S)(OCC)SCCC[n+]1ccn(C)c1C
27972,CCC[N+](C)(C)CCOCC[N+](C)(C)CCOCCOC
29867,Cn1ncc([N+](=O)[O-])n1
2532,Cc1no[n+]([O-])c1C
40711,CCCCCC[N+](C)(C)CCN=[N+]=[N-]
38116,C#[N+][O-]
35718,O=C(O)C[n+]1ccn(CCCCn2cc[n+](CC(=O)O)c2)c1
29590,CCCCCCCC[N+](C)(C)CCCCC
11954,CC(C)(C)CC(C)(C)[N+](=O)[O-]
32508,CCOC[P+](CC)(CC)CC
23222,Cc1n(C)nn[n+]1N
20497,N#C[B-](C#N)(C#N)C#N
39128,CC[N+](C)(C)C12CC3CC(CC(C3)C1)C2
21941,CC(COC(=O)CCC([N+](=O)[O-])([N+](=O)[O-])[N+](=O)[O-])([N+](=O)[O-])[N+](=O)[O-]
29065,OCC[n+]1ccccc1
23945,O=[N+]([O-])[C-]([C-]([N+](=O)[O-])[N+](=O)[O-])[N+](=O)[O-]
21645,O=C(O)c1cc([N+](=O)[O-])cc([N+](=O)[O-])c1O
9058,CCc1cc(Br)c(NC(C)=O)cc1[N+](=O)[O-]
8064,O=[N+]([O-])N1CCCCN([N+](=O)[O-])C1
21445,O=[N+]([O-])N1CCN([N+](=O)[O-])CN([N+](=O)[O-])C1
33332,Nc1c([N+](=O)[O-])n[nH]c1[N+](=O)[O-]
10033,Cc1c([N+](=O)[O-])cc(N)cc1[N+](=O)[O-]
30480,CCCC[N+]([O-])(CCCC)CCCC
9769,C=CCNc1ccc([N+](=O)[O-])cc1[N+](=O)[O-]
26818,O=S(=O)([O-])C(F)(F)C(F)C(F)(F)F
9467,O=[N+]([O-])c1ccc2c3c(cccc13)-c1ccccc1-2
8099,O=C(C(=O)N(CCO[N+](=O)[O-])[N+](=O)[O-])N(CCO[N+](=O)[O-])[N+](=O)[O-]
39132,CCCC[N+](C)(C)C12CC3CC(CC(C3)C1)C2
24683,O=[N+]([O-])C(COC(OCC([N+](=O)[O-])([N+](=O)[O-])[N+](=O)[O-])OCC([N+](=O)[O-])([N+](=O)[O-])[N+](=O)[O-])([N+](=O)[O-])[N+](=O)[O-]
39306,CC(C)(C)[NH2+]CCO
26288,CCCCCCCC(=O)Oc1ccc(N=[N+]([O-])c2ccc([N+](=O)[O-])cc2)cc1
32242,COc1cc([N+](=O)[O-])ccc1N
32283,N#CC(=Cc1ccc([N+](=O)[O-])cc1)c1ccc(Cl)cc1
2582,CCCCCCCCOc1ccc(/N=[N+](\[O-])c2ccc(OCCCCCCCC)cc2)cc1
4870,CC(CO)(Cc1ccccc1)[N+](=O)[O-]
20485,O=C([O-])c1ccccc1[N+](=O)[O-]
22750,O=[N+]([O-])c1cccc([N+](=O)[O-])c1NC1CCCCC1
15577,CCc1cc(Br)c([N+](=O)[O-])c2ccc(Cl)nc12
40696,O=C([O-])C1CCCO1
40670,NNc1ccccc1[N+](=O)[O-]
12750,CC(C)C(C)[N+](=O)[O-]
39783,CCCCCCCCCCCCCCCC[N+](C)(C)CC(=O)OCCCOC(=O)C[N+](C)(C)CCCCCCCCCCCCCCCC
39742,CCCCCCCCCCCCOc1ccc(NC(=O)C[N+](C)(C)CC[N+](C)(C)CC(=O)Nc2ccc(OCCCCCCCCCCCC)cc2)cc1
24865,CCCC[n+]1cn(CCC)c2ccccc21
23486,Cn1c[n+](C)nc1N=[N+]=[N-]
4315,O=[N+]([O-])c1ccccc1Br
32288,Cc1ccc(C)c(C(C#N)=Cc2ccccc2[N+](=O)[O-])c1
20342,CCCCCCCC(=O)[O-]
20383,CCCCCCCCCCCCCC[N+](C)(C)CCCCCC[N+](C)(C)CCCCCCCCCCCCCC
27902,CC(C)(C)c1cc([N+](=O)[O-])c(C(C)(C)C)c([N+](=O)[O-])c1
22126,CC(C)(C)N1CC([N+](=O)[O-])(C2([N+](=O)[O-])CN(C(C)(C)C)C2)C1
28447,CCC[n+]1ccccc1C
23898,C[N+](C)(C)CCC[N+](C)(C)C
20185,N#C[Co-3](C#N)(C#N)(C#N)(C#N)C#N
3891,O=[N+]([O-])C([N+](=O)[O-])[N+](=O)[O-]
19387,Cl[V-2](Cl)(Cl)(Cl)(Cl)Cl
20318,CC(C)CC(=O)[O-]
29279,N#CC[n+]1ccccc1
20503,[B+3]
25817,CCCCCCCCC[NH3+]
19324,N#C[N-]C#N
30709,O=S([O-])S(=O)[O-]
25224,CCC[N+](C)(C)C
19422,COP(=O)([O-])OC
39768,Brc1ccc2[n-]ncc2c1
23929,C[C@H](CCC(=O)NCC(=O)[O-])[C@H]1CC[C@H]2[C@H]3[C@H](CC[C@@]21C)[C@@]1(C)CC[C@@H](O)C[C@H]1C[C@H]3O
24752,CCCCCCCC[N+]1(C)CCCC1
33072,Cn1cc[n+](CCOC(=O)c2cccc(I)c2)c1
10175,O=[N+]([O-])c1cc([N+](=O)[O-])c([N+](=O)[O-])cc1Cl
3362,O=[N+]([O-])c1cccc(F)c1
19289,Cl[Ga-](Cl)(Cl)Cl
1247,Cc1cccc([N+](=O)[O-])c1C(=O)O
23937,[SrH+]
32645,CCCCCCCCCCCCOCC(O)C[N+](C)(C)CCCCCCCC
22202,O=[N+]([O-])c1ccc(/C=C\c2ccc([N+](=O)[O-])cc2)cc1
24551,COn1cc[n+](OC)c1
4508,[C-]#[N+]C
36415,C[N+]1(CCOCCOCCOCC[N+]2(C)CCCC2)CCCC1
20175,[Cd+2]
19311,COCCOCCOCC[n+]1ccc(-c2cc[n+](CCOCCOCCOC)cc2)cc1
21313,O=[N+]([O-])c1cc([N+](=O)[O-])c([N+](=O)[O-])c([N+](=O)[O-])c1[N+](=O)[O-]
3708,Nc1c([N+](=O)[O-])cc([N+](=O)[O-])cc1[N+](=O)[O-]
35452,CCCCCCn1c[n+](CCCCS(=O)(=O)O)cn1
26862,CCCCCCCCCC[N+](CC)(CC)CC
9889,COc1c([N+](=O)[O-])cc([N+](=O)[O-])c2ccccc12
40485,O=C([O-])CCCCCCC(=O)O
5205,COc1ccc([N+](=O)[O-])cc1O
35579,CCCCCCCCn1cc[n+](CO[C@@H]2C[C@H](C)CC[C@H]2C(C)C)c1
38666,CP(=O)([O-])CCC(N)C(=O)O
24364,[BH2-]1n2ccc[n+]2[BH2-]n2ccc[n+]21
38130,CC[C@@]1([C@@H]2O[C@@H]([C@H]3O[C@@](O)(CO)[C@H](C)C[C@@H]3C)C[C@@H]2C)CC[C@H]([C@]2(C)CC[C@]3(C[C@H](O)[C@@H](C)[C@@H]([C@@H](C)[C@@H](OC)[C@H](C)C(=O)[O-])O3)O2)O1
34017,CCOC(=O)C[N+]1(C)CCOCC1
34728,CCCCCC[n+]1ccn(Cc2ccc(C)cc2)c1
37376,CCCCCCCCCCCCCCCC[N+]1(C)CCCC1
26208,CCCC[O-]
20431,CCC[n+]1cccc(C)c1
31720,CCCCc1cccc[n+]1CC
38446,CCCCCCCCCCCC[NH2+][C@@H]1O[C@H](CO)[C@@H](O)[C@H](O)[C@H]1O
36747,CC(C)(C)CC(C)(C)c1ccc(OCCOCC[N+](C)(C)Cc2ccccc2)cc1
23522,CCCCC[NH2+]CCCCC
41436,C=CC[P+](CC)(CC)CC
19276,O=S(=O)([N-]S(=O)(=O)C(F)(F)C(F)(F)F)C(F)(F)C(F)(F)F
2066,Cc1c(C(=O)O)cccc1[N+](=O)[O-]
35438,O=[N+]([O-])c1ccccc1Oc1ccccc1
36868,C[NH+](C)CCC#N
40843,CCCCCCCCCC[N+](CCCCCCCC)(CCCCCCCC)CCCCCCCC
24810,COCC[N+]1(C)CCCC1
20273,[Mg+2]
19290,Cl[In-](Cl)(Cl)Cl
13522,O=C(N[C@H](CO)[C@H](O)c1ccc([N+](=O)[O-])cc1)C(Cl)Cl
6159,O=[N+]([O-])c1ccccc1Cl
3072,O=[N+]([O-])OCCCCO[N+](=O)[O-]
10185,Cc1cc(-c2ccccc2)nn1[N+](=O)[O-]
39963,O=[N+]([O-])n1cccn1
32578,O=P([O-])(C(F)(F)C(F)(F)F)C(F)(F)C(F)(F)F
32263,Cc1ccc(C)c(C(C#N)=Cc2cccc([N+](=O)[O-])c2)c1
19279,CCn1cc[n+](C)c1C
37254,O=C1c2ccccc2C(=O)c2c([N+](=O)[O-])ccc([N+](=O)[O-])c21
29387,C[N+](C)(C)CCCC#N
23853,O=[N+]([O-])c1nc([N+](=O)[O-])c([N+](=O)[O-])[nH]1
40916,CCCC[P+](CCCC)(CCCC)CCC(F)(F)C(F)(F)C(F)(F)C(F)(F)F
25158,CC(C)C[C@H](N)C(=O)[O-]
36883,COCOCC[n+]1ccn(CCC#N)c1
19377,CCCCCCCCCCOC[n+]1ccn(COCCCC)c1
32410,CSCC[C@H](N)C(=O)[O-]
41474,CC[P+](CC)(CC)CCCSCCC(F)(F)C(F)(F)C(F)(F)C(F)(F)C(F)(F)C(F)(F)C(F)(F)C(F)(F)F
35341,CO/N=C(\C(=O)N[C@@H]1C(=O)N2C(C(=O)[O-])=C(CSC(=O)c3ccco3)CS[C@H]12)c1csc(N)n1
9389,Cc1cc([N+](=O)[O-])c(C)c([N+](=O)[O-])c1[N+](=O)[O-]
18780,CC=C(CCCC)[N+](=O)[O-]
40382,CCCCCCCCCCCCCCCC[N+](C)(C)CCCNC(=O)CCCCCCCCCCCCCCC
37968,O=[N+]([O-])c1cc([N+](=O)[O-])[nH]n1
15567,CCc1cc(Br)c([N+](=O)[O-])c2cccnc12
36151,Cc1cc(C)[n+](-c2ccc(Cl)cc2)n1C
24077,[Sn+2]
20457,CCCCCCCCOC(=O)C(CC(=O)[O-])S(=O)(=O)[O-]
20212,[NH3+]Cc1ccccc1
10431,CC1CN([N+](=O)[O-])CCN1[N+](=O)[O-]
30400,CCCCCCn1cc[n+](CCCCCC)c1
21436,NS(=O)(=O)c1ccccc1[N+](=O)[O-]
31456,O=[V](=O)[O-]
26475,CC(C)[C@H](N)C(=O)[O-]
23951,CCCCCCN1C=C[NH+](C)C1
31631,CC(C)CCn1cc[n+](C)c1
28641,O=C([O-])C1CCCC1
9765,O=[N+]([O-])c1cccc(-c2ccccc2[N+](=O)[O-])c1
35962,COc1cccc(C[N+]2(C)[C@H]3CC[C@@H]2C[C@H](O)C3)c1
36685,CCOP(=S)(OCC)SCCCCC[n+]1ccn(C)c1
18063,CC(CC(C)([N+](=O)[O-])[N+](=O)[O-])[N+](=O)[O-]
28945,CC1=CC[C@]23O[C@@]2(C)CC[C@H]2C(C[N+](C)(C)C)C(=O)O[C@@H]2[C@@H]13
41104,CCN(CC)c1c(N(CC)CC)[c+]1N1CCC[C@H]1C(=O)O
28616,CCC[NH+](C)CCC
1066,O=C(Cl)c1ccc([N+](=O)[O-])cc1
20405,O=C(O)CC(O)C(=O)[O-]
36508,CC1(C)CC(OS(=O)(=O)[O-])CC(C)(C)N1[O]
20499,C[NH+](C)C
37825,[O-]c1ccc(F)cc1
34836,Cc1n(C)c2ccccc2[n+]1C
29060,CCCCCCCCCCCCCCCCS(=O)(=O)[O-]
4700,CCOc1ccc([N+](=O)[O-])cc1[N+](=O)[O-]
19361,CCCC[n+]1ccc(C)cc1
26812,CC(C)COC(=O)[C@H](C)[NH3+]
4735,N#Cc1ccccc1[N+](=O)[O-]
33687,[O-]CCO
19207,CCOC(=O)c1ccc(N=[N+]([O-])c2ccc(C(=O)OCC)cc2)cc1
40114,CC(C(=O)[O-])C(=O)O
27801,O=P([O-])(O)Oc1c2cccc1Cc1cccc(c1O)Cc1cccc(c1OP(=O)([O-])O)Cc1cccc(c1O)C2
36637,CN1CCN(C)C1=[N+]1CCCCC1
21604,O=C(O)C(C(=O)O)c1cccc([N+](=O)[O-])c1
3535,O=[N+]([O-])c1cc([N+](=O)[O-])c(-c2c([N+](=O)[O-])cc([N+](=O)[O-])cc2[N+](=O)[O-])c([N+](=O)[O-])c1
29595,CCNC(N)=C([N+](=O)[O-])[N+](=O)[O-]
4147,O=[N+]([O-])c1cc([N+](=O)[O-])c(/N=N/c2nc(/N=N/c3c([N+](=O)[O-])cc([N+](=O)[O-])cc3[N+](=O)[O-])c([N+](=O)[O-])cc2[N+](=O)[O-])c([N+](=O)[O-])c1
10499,O=[N+]([O-])c1ccc(Br)cc1-c1cc(Br)ccc1[N+](=O)[O-]
4695,O=C(O)c1ccc([N+](=O)[O-])cc1C(=O)O
6008,O=[N+]([O-])c1cc([N+](=O)[O-])c(O)c([N+](=O)[O-])c1O
38455,CC[S+]1CCCC1
19307,F[P-](F)(F)(F)(F)F
27209,CCCCCC[NH3+]
12961,CC(CCO[N+](=O)[O-])O[N+](=O)[O-]
2722,CC(CN(CC(C)([N+](=O)[O-])[N+](=O)[O-])[N+](=O)[O-])([N+](=O)[O-])[N+](=O)[O-]
27867,[O-]B(O)OB(O)OB(O)OB([O-])O
40131,O=C([O-])c1ncc[nH]1
40724,Cn1cc[n+](CCCC(=O)OC2CC(C)(C)N([O])C(C)(C)C2)c1
34564,CCCC[P+](CCCC)(CCCC)CCSCC
41440,C=CC[P+](C1CCCCC1)(C1CCCCC1)C1CCCCC1
20410,Cl[Sb-](Cl)(Cl)(Cl)(Cl)Cl
32175,CC(=O)[CH-]C(=O)C(F)(F)F
29517,[Eu+2]
23858,O=[N+]([O-])N[N+](=O)[O-]
34821,NC(=O)c1ccc[n+]([C@@H]2O[C@H](COP(=O)([O-])OP(=O)(O)OC[C@H]3O[C@@H](n4cnc5c(N)ncnc54)[C@H](O)[C@@H]3O)[C@@H](O)[C@H]2O)c1
38177,F[Ni-2](F)(F)(F)(F)F
37549,O=C([O-])C(F)(F)C(F)(F)C(F)(F)C(F)(F)C(F)(F)C(F)(F)C(F)(F)C(F)(F)F
40427,O=[N+]([O-])c1nonc1Nc1nnc2nncn2n1
20263,CCCC[n+]1ccccc1C
4614,O=[N+]([O-])c1cccc2cccc([N+](=O)[O-])c12
24365,CCC[B-]1(CCC)n2ccc[n+]2[B-](CCC)(CCC)n2ccc[n+]21
23068,C[C@H]1CO[C@H](c2ccccc2[N+](=O)[O-])OC1
24792,O=Cc1ccc([N+](=O)[O-])s1
28700,CCCCCCCCCCCCOC(=O)C[N+](C)(C)CCC[N+](C)(C)CC(=O)OCCCCCCCCCCCC
22709,O=[N+]([O-])c1cc([N+](=O)[O-])c(CO)c([N+](=O)[O-])c1
32503,CCCCCCCCSC(N(C)C)=[N+](C)C
10263,CCCCCCCCCCCCCCCCOc1ccc(C(=O)Oc2ccc([N+](=O)[O-])cc2)cc1
6622,[O-][n+]1ccccc1O
35492,c1cc[n+](CC2CCCCC2)cc1
37889,Fc1ccccc1[B-](F)(F)F
39879,CCCC[n+]1ccsc1
40626,C=CCn1cc[n+](CCCC[n+]2ccn(CC=C)c2)c1
28654,O=P1([O-])OP2(=O)OP(=O)([O-])OP(=O)(O1)OP(=O)([O-])O2
32464,[SbH6-3]
33116,COC[n+]1ccn(C)c1
1901,O=[N+]([O-])C(F)(CNCC(F)([N+](=O)[O-])[N+](=O)[O-])[N+](=O)[O-]
35355,O=[W]([O-])([O-])([O-])[O-]
30491,CC(C)c1ccc(C=[N+]([O-])c2ccccc2)cc1
28461,CCn1cc([N+](=O)[O-])nn1
33419,O=S(=O)([O-])c1ccc2cc(S(=O)(=O)[O-])ccc2c1
24545,CCCCCCCCCCCCCCCC[P+](c1ccccc1)(c1ccccc1)c1ccccc1
25021,O=C([O-])[C@H](O)[C@@H](O)[C@H](O)[C@H](O)CO
10174,[N-]=[N+]=Nc1ncc[nH]1
23980,CCCC[N+](C)(C)[C@@H](CC)CO
30160,[N-]=[N+]=Nc1nnc(-c2ccccc2)n1N
9234,O=[N+]([O-])c1ccccc1-c1ccccc1
29361,C[n+]1ccn(CCn2cc[n+](C)c2)c1
37718,CCCCCCCCCCc1ccc(C)[cH-]1
25307,N#CCCn1cc[n+](CCO)c1
24648,CCN(CCO[N+](=O)[O-])[N+](=O)[O-]
23593,[BH4-]
36629,CCOC(=O)[C@@H]1CCC[NH2+]1
36645,CC(Oc1ccc(Cl)cc1Cl)C(=O)[O-]
20170,CCCCc1ccccc1S(=O)(=O)[O-]
25324,N[C@@H](CCC(=O)[O-])C(=O)[O-]
33959,OB1OB(O)O[B-]2(O1)OB(O)OB(O)O2
25387,O=[N+]([O-])c1cc([N+](=O)[O-])c([N+](=O)[O-])cc1[N+](=O)[O-]
18062,CC(CCC(=O)O)([N+](=O)[O-])[N+](=O)[O-]
9719,Cc1c([N+](=O)[O-])c(C)c([N+](=O)[O-])c(O)c1[N+](=O)[O-]
2195,O=[N+]([O-])C(CC([N+](=O)[O-])([N+](=O)[O-])[N+](=O)[O-])CC([N+](=O)[O-])([N+](=O)[O-])[N+](=O)[O-]
29224,CCCCCC[N+]1(C)CCCCC1
36410,CC[S+](CC)CCOCCOCCOCCOCC[S+](CC)CC
19379,CC[n+]1c(C)cccc1C
10410,Nc1c([N+](=O)[O-])c([N+](=O)[O-])c(F)c([N+](=O)[O-])c1[N+](=O)[O-]
40987,CCCCCCC(Oc1cccc(OC(CCCCCC)C(=O)[O-])c1)C(=O)[O-]
36218,C[n+]1ccn(Cc2ccc([N+](=O)[O-])cc2)c1
13858,O=[N+]([O-])c1ccc(C=Cc2ccc([N+](=O)[O-])cc2[N+](=O)[O-])cc1
36196,C[NH+](C/C=C/C#CC(C)(C)C)Cc1cccc2ccccc12
24007,C=C[n+]1ccn(C)c1
28770,CC1=C(C(=O)OCCCCCc2ccccc2)C(c2ncc([N+](=O)[O-])n2C)C(C(=O)OCCCCCc2ccccc2)=C(C)N1
22779,O=[N+]([O-])CC(O)C(Br)(Br)Br
8146,CCc1cccc([N+](=O)[O-])c1
1060,Nc1ccc([N+](=O)[O-])cc1Cl
24024,CC[NH+](CC)CC
20465,CCCCCCCCCCCCCCC(=O)[O-]
10629,O=[N+]([O-])C([N+](=O)[O-])C(Oc1ccccc1)(Oc1ccccc1)Oc1ccccc1
32497,O=[N+]([O-])c1cn[n-]c1
20313,[V+5]
23893,CC(C)[C@H]1OC[C@@H](C[S+](C)C)CO1
27550,Cc1c([N+](=O)[O-])c(N)c([N+](=O)[O-])c([N+](=O)[O-])c1[N+](=O)[O-]
36808,Cc1n(C)cc[n+]1CCOc1ccccc1
24591,C/C(=N\OC(C)([N+](=O)[O-])[N+](=O)[O-])[N+](=O)[O-]
36180,C[N+]1(CCCCC[N+]2(C)[C@@H]3CC[C@@H]2CC(O)C3)[C@H]2CC[C@H]1CC(O)C2
5050,CCCC[N+](=O)[O-]
38187,COc1ccc2c(c1)[nH]c1c(C)[n+]([O-])ccc12
35890,NC(=O)NC(c1cccc([N+](=O)[O-])c1)c1c(O)ccc2ccccc12
20437,[S-2]
31503,O=C([O-])[C@H](O)[C@@H](O)[C@H](O[C@@H]1O[C@H](CO)[C@H](O)[C@H](O)[C@H]1O)[C@H](O)CO
31318,Cc1cc(C)[n+](C)n1-c1ccccc1
37097,N#CS[Cu-3](SC#N)(SC#N)SC#N
10272,O=C(Nc1ccccc1)Nc1ccc([N+](=O)[O-])cc1[N+](=O)[O-]
34077,CSCC[C@H](/N=C/c1ccccc1O)C(=O)[O-]
34011,C[N+](C)(CCO)CCO
23523,CCCCCCCC[N+](CCC)(CCCCCCCC)CCCCCCCC
20429,[NH3+]CC[NH3+]
27968,CCC[N+](C)(C)CCOCC[N+](C)(C)CCOCC
10665,O=[N+]([O-])c1cc([N+](=O)[O-])c(/C=C/c2ccccc2[N+](=O)[O-])c([N+](=O)[O-])c1
3847,O=[N+]([O-])C([N+](=O)[O-])([N+](=O)[O-])[N+](=O)[O-]
26417,O=[N+]([O-])N1CCN([N+](=O)[O-])C2C1N([N+](=O)[O-])CCN2[N+](=O)[O-]
24908,[Np+4]
36681,CCOP(=S)(OCC)SCCC[n+]1ccn(C)c1
28941,[Pu+4]
28954,COc1ccc2c(c1)[nH]c1c(C)[n+](CC(=O)c3ccccc3)ccc12
35275,CCCc1ncc(C[n+]2ccccc2C)c(N)n1
23600,CC[P+](CC)(CC)CC
5023,CCOC(=O)C[N+](=O)[O-]
9600,O=[N+]([O-])c1cc([N+](=O)[O-])c2cccc([N+](=O)[O-])c2c1
35081,CCCCCCn1c[n+](C)cn1
37118,CCCCCCCCCCCCn1c(-c2cscn2)[n+](C)c2ccccc21
34509,C[C@@H](O)[C@H]1C(=O)N2C(C(=O)[O-])=C(SC3Cn4cnc[n+]4C3)[C@H](C)[C@H]12
7096,Cc1ccc([N+](=O)[O-])cc1N
39738,CCCCCCCCOc1ccc(NC(=O)C[N+](C)(C)CC[N+](C)(C)CC(=O)Nc2ccc(OCCCCCCCC)cc2)cc1
20196,N[C@@H](Cc1ccccc1)C(=O)[O-]
30164,[N-]=[N+]=Nc1nncn1N
23984,CCCCCCCCS(=O)(=O)[O-]
29817,COCCn1cc[n+](C)c1C
23013,CC(C)[C@H]1OC[C@@H](C(=O)[O-])CO1
4708,O=C1Nc2ccc([N+](=O)[O-])cc2C1=O
19224,CCCCCCC=C(C)[N+](=O)[O-]
200,Cc1ccc[n+]([O-])c1
19287,O=S(=O)([O-])O
33607,[Am+3]
20218,O=[N+]([O-])c1cc([N+](=O)[O-])c([O-])c([N+](=O)[O-])c1[O-]
39632,O=C1[CH-]C(=O)c2ccccc21
24505,Cc1ccc(O)c(/N=N/c2ccccc2[N+](=O)[O-])c1
3428,O=[N+]([O-])c1cc2cccnc2c2ncccc12
29555,c1ccc(Cn2cc[n+](Cc3ccccc3)c2)cc1
7362,CCc1ccccc1[N+](=O)[O-]
29886,Nc1ncnc2c1ncn2[C@@H]1O[C@@H]2COP(=O)([O-])O[C@H]2[C@H]1O
15569,CCc1cc(Cl)c([N+](=O)[O-])c2cccnc12
26789,C[C@@H](O)[C@H](N)C(=O)[O-]
15097,Cc1c(C(=O)O)cc([N+](=O)[O-])cc1C(=O)O
24885,Cc1ccc[n+](CC[n+]2cccc(C)c2)c1
37525,CCC[S+]1CCCC1
28796,C=CC[n+]1ccn(CCCCCCCCCC)c1
10637,O=[N+]([O-])c1c(Cl)c([N+](=O)[O-])c(N2CCCCC2)c([N+](=O)[O-])c1Cl
10313,O=[N+]([O-])c1cc([N+](=O)[O-])c2ccc3cccc4ccc1c2c43
19316,Cn1cc[n+](CC(F)(F)F)c1
4985,O=[N+]([O-])CCO
2982,O=[N+]([O-])c1ccc([N+](=O)[O-])c(O)c1
20159,CCCCCCCCCCCC[N+](C)(C)CCO
19350,[Br-]
33447,C[NH+]1CCC(=C2c3ccccc3CC(=O)c3sccc32)CC1
35788,CC(C)[N+](C)(C)CC#N
40976,C[NH+](C)CCOCC[NH+](C)C
22967,[O][I+][O-]
33619,C=CC(=O)NC(C)(C)CS(=O)(=O)[O-]
40883,O=C(c1ccccc1)c1ccc([P+](c2ccccc2)(c2ccccc2)c2ccccc2)cc1
20272,Cc1cc(C)c([O-])c(C)c1
32121,COC(=O)CCC(=O)[O-]
41100,CN(C)c1c(N(C)C)[c+]1N
3673,O=[N+]([O-])c1ccc([N+](=O)[O-])c2c([N+](=O)[O-])ccc([N+](=O)[O-])c12
40032,CCOCC(COCCOC)n1cc[n+](C)c1
9461,O=[N+]([O-])c1ccc(N2CCCCC2)c([N+](=O)[O-])c1
11734,O=[N+]([O-])c1ccc2[nH]c3ccc([N+](=O)[O-])cc3c2c1
23997,CCCCCCCCCCCCCCOS(=O)(=O)[O-]
11121,Nc1c(Cl)cc([N+](=O)[O-])cc1[N+](=O)[O-]
19294,CC[n+]1ccccc1
22318,CCC=C(CC)[N+](=O)[O-]
31741,CC(C)C[N+]1(C)CCCC1
39581,c1cn[n-]c1
20445,CCCCOC(=O)CC(C(=O)OCCCC)S(=O)(=O)[O-]
2214,O=[N+]([O-])c1cccc(-c2ccccc2)c1
35519,CCOCCOCCn1cc[n+](CC(C)(C)C)c1
21121,[Sn+4]
24227,N#CN=[N+]=[N-]
36707,O=C([O-])c1ccc(O)c(O)c1
10610,O=[N+]([O-])C1([N+](=O)[O-])CN(C(c2ccccc2)c2ccccc2)C1
30263,CCCCCCCCCCCCCC[N+]1=C2CCCCCN2CCC1
31542,CC(C)c1nc(N(C)S(C)(=O)=O)nc(-c2ccc(F)cc2)c1/C=C/[C@@H](O)C[C@@H](O)CC(=O)[O-]
29294,c1ccc2sc[nH+]c2c1
9799,O=[N+]([O-])c1cccc([N+](=O)[O-])c1N1CCCCC1
26522,C=CC[n+]1ccn(CCC#N)c1
35163,CCC[N+](C)(CC)CCC
23995,CCCCCCCCCCOn1cc[n+](OCCCCCCCCCC)c1C
41486,FC(F)(F)C(F)(F)C(F)(F)C(F)(F)C(F)(F)C(F)(F)C(F)(F)C(F)(F)CCSCCC[P+](c1ccccc1)(c1ccccc1)c1ccccc1
19326,CCCCCCCCCCCCCCCCCC[n+]1ccn(C)c1
35510,Cc1cc(C(C)(C)C)c([N+](=O)[O-])c(C)c1[N+](=O)[O-]
36154,COc1ccc(-[n+]2c(C)cc(C)n2C)cc1
7893,O=[N+]([O-])c1cc([N+](=O)[O-])c(/C=C/c2c([N+](=O)[O-])cc([N+](=O)[O-])cc2[N+](=O)[O-])c([N+](=O)[O-])c1
32744,Nc1ccc(N)c([N+](=O)[O-])c1
20323,C1CC[N+]2(CC1)CCCCC2
29326,CCN(CC)c1ccc([N+](=O)[O-])c2nonc12
40003,CCCCCCOc1ccc(/N=[N+](\[O-])c2ccc(C#N)cc2)cc1
34864,CCCCC[n+]1cn(N)cn1
20459,CCCCCCCCCCC(=O)[O-]
8261,CO[C@H]1O[C@H](CO[N+](=O)[O-])[C@@H](O[N+](=O)[O-])[C@H](O[N+](=O)[O-])[C@H]1O[N+](=O)[O-]
32100,CC(C)(C)c1ccc(Oc2ccc([N+](=O)[O-])cc2)cc1
29216,CCCCCC[N+]1(C)CCOCC1
20213,C[N+](C)(C)CCO
30427,O=S(=O)([O-])SCCCCCCSS(=O)(=O)[O-]
36185,Cn1c2c(c(=O)n(C)c1=O)C(c1ccc([N+](=O)[O-])cc1)C1=C(CC(C)(C)CC1=O)N2
36503,Cc1ncc(CO)c(/C=N/Nc2ccc([N+](=O)[O-])cc2[N+](=O)[O-])c1O
37394,Cc1cc(C)nc([S-])n1
23822,CCCCCCO[n+]1ccn(C)c1
28043,O=[N+]([O-])[14c]1[14cH][14c]([N+](=O)[O-])[14c](O)[14c]([N+](=O)[O-])[14cH]1
24488,O=C(NCC([N+](=O)[O-])([N+](=O)[O-])[N+](=O)[O-])NCC([N+](=O)[O-])([N+](=O)[O-])[N+](=O)[O-]
23964,[N-]=[N+]=NC1=N[NH2+]C=N1
21303,O=[N+]([O-])c1cc([N+](=O)[O-])c(CC(Cc2c([N+](=O)[O-])cc([N+](=O)[O-])cc2[N+](=O)[O-])c2ccccc2)c([N+](=O)[O-])c1
4706,O=[N+]([O-])c1ccc(Cl)cc1Cl
19301,CCn1cc(F)c[n+]1CC
19267,CCn1c[n+](C)c(Cl)c1Cl
39330,C=C[C@H]1C[N@+]2(C)CC[C@H]1C[C@H]2[C@H](O)c1ccnc2ccc(OC)cc12
41023,CCCCCCN(C)[c+]1c(N(CC)CC)c1N(CC)CC
4843,Cc1cc([N+](=O)[O-])cc([N+](=O)[O-])c1
29219,CCCCO[PH](=O)[O-]
31431,N[C@@H](CCCCNc1ccc([N+](=O)[O-])cc1[N+](=O)[O-])C(=O)O
9963,CN(c1ccc([N+](=O)[O-])cc1)[N+](=O)[O-]
20378,C[N+](C)(C)CCCCCC[N+](C)(C)C
24565,O=[N+]([O-])c1ccc(-n2cccc2)cc1
21383,O=[N+]([O-])OCCCCCCO[N+](=O)[O-]
19381,O=S(=O)([O-])C(F)(F)F
22919,O=[N+]([O-])c1ccc(N=Nc2ccc(N(CCO)CCO)cc2Cl)cc1
1214,CC(=O)c1c(C)[n+]([O-])c2ccccc2[n+]1[O-]
26873,CCCCC(O)C[N+](=O)[O-]
32657,[Ti+2]
29128,CC[N+]1(C)CCOCC1
18620,CCC=C(CCCCC)[N+](=O)[O-]
36372,CCCCCCCCCCCC[N+](C)(C)CCCNC(=O)c1ccc(C(=O)NCCC[N+](C)(C)CCCCCCCCCCCC)cc1
28620,C=CC[NH+](CC)CC
38012,CC(C)c1c(C(=O)Nc2ccccc2)c(-c2ccccc2)c(-c2ccc(F)cc2)n1CC[C@@H](O)C[C@@H](O)CC(=O)[O-]
1016,O=[N+]([O-])c1ccccc1Nc1ccccc1
32282,N#CC(=Cc1cccc([N+](=O)[O-])c1)c1ccc(Cl)cc1
4533,CC(C)(Cl)[N+](=O)[O-]
7199,COP(=S)(OC)Oc1ccc([N+](=O)[O-])c(C)c1
15027,CCCCCCCCCCCCCCCCOC(=O)c1c([N+](=O)[O-])cc([N+](=O)[O-])cc1[N+](=O)[O-]
4179,O=[N+]([O-])c1cccc(O)c1
5024,O=[N+]([O-])C(COCOCC([N+](=O)[O-])([N+](=O)[O-])[N+](=O)[O-])([N+](=O)[O-])[N+](=O)[O-]
30573,COc1c([N+](=O)[O-])cc(Cn2ccnn2)cc1[N+](=O)[O-]
36414,CCCCn1cc[n+](CCOCCOCCOCC[n+]2ccn(CCCC)c2)c1
26242,C[N+](C)(C)CCCCCCCCCCCC[N+](C)(C)C
2890,Cc1cc(C(=O)O)ccc1[N+](=O)[O-]
23592,O=C([O-])CC(O)(CC(=O)O)C(=O)O
1458,N#Cc1cc[n+]([O-])cc1
35269,[N-]=[N+]=N[GeH3]
34478,COc1cc2c(cc1OC)-c1cc3ccc(OC)c(OC)c3c[n+]1CC2
20174,Cc1n(CCCC#N)cc[n+]1C
36650,CCCCCCCCCC[N+]1(C)CCCCC1
35483,CCCCCCCCN(CCCCCCCC)C(=O)COCC(=O)[O-]
19412,CCOCCOS(=O)(=O)[O-]
9608,O=[N+]([O-])c1cc([N+](=O)[O-])c2c([N+](=O)[O-])cccc2c1
23795,[N-]=[N+]=NCC[NH+]1C=NC(N=[N+]=[N-])=N1
14554,CCCCCCCCC[N+](=O)[O-]
3071,O=[N+]([O-])OCCCO[N+](=O)[O-]
15030,CCCCCCOC(=O)c1c([N+](=O)[O-])cc([N+](=O)[O-])cc1[N+](=O)[O-]
9779,O=[N+]([O-])c1cc2c3ccccc3ccc2c2ccccc12
14742,Nc1cc([N+](=O)[O-])cc2ccccc12
33863,CCCC[P+](CCCC)(CCCC)CCCCS(=O)(=O)[O-]
31787,CCCCC[N+](C)(C)CCO
34374,CCCCCC[n+]1ccn(CCCC)c1
32878,O=C([O-])CCC(=O)C(=O)[O-]
31724,CCCCCc1cccc[n+]1CC
30440,CC(C)Cn1cc[n+](CC(C)C)c1
40445,COc1ccc2nc(S(=O)Cc3ncc(C)c(OC)c3C)[n-]c2c1
18141,CCOC(=O)N(C(C)CC)[N+](=O)[O-]
39133,CCCCCCCCCCCC[N+](C)(C)C12CC3CC(CC(C3)C1)C2
23598,Cc1cc[nH+]cc1
24360,c1ccc(Cn2cc[n+](COCC(COC[n+]3ccn(Cc4ccccc4)c3)OC[n+]3ccn(Cc4ccccc4)c3)c2)cc1
37713,CC[n+]1ccn(C)n1
20156,Cc1ccc(C(C)C)cc1S(=O)(=O)[O-]
10157,CCCN(CCC)c1ccc([N+](=O)[O-])cc1[N+](=O)[O-]
40691,CC1(C)OC[C@H](C[N+]2(C)CCCC2)O1
40995,CCC(Oc1ccc(OC(CC)C(=O)[O-])cc1)C(=O)[O-]
36444,CCn1cc[n+](CCCS(=O)(=O)O)c1
35594,CCn1cc[n+](CO[C@@H]2C[C@H](C)CC[C@H]2C(C)C)c1
10720,CN(C(=O)c1cccc([N+](=O)[O-])c1[N+](=O)[O-])[N+](=O)[O-]
39854,COC(=O)C1CC(=O)N(c2ccc([N+](=O)[O-])cc2)C1
25319,CCCc1ccc[n+](C)c1
38853,O=C(O)C=Cc1ccc(-c2ccccc2[N+](=O)[O-])o1
35708,COCC(=O)[O-]
19219,CCN(CCC#N)c1ccc(N=Nc2ccc([N+](=O)[O-])cc2)cc1
29453,CCCCC[n+]1ccn(CCCC)c1
25075,O=C(c1ccc([N+](=O)[O-])cc1)N(O)c1ccccc1
20456,[Ge+4]
39349,CCCCCOC[N+](C)(C)CCO
26786,NCCCC[C@H](N)C(=O)[O-]
37653,O=C([O-])CCCCl
32491,Cn1cnc([N+](=O)[O-])c1Cl
40499,C[N+]1(CCCCCC[N+]2(C)CCOCC2)CCOCC1
3292,O=[N+]([O-])c1ccccc1C(F)(F)F
39748,CCCCCCCCOc1ccc(NC(=O)C[N+](C)(C)CCCC[N+](C)(C)CC(=O)Nc2ccc(OCCCCCCCC)cc2)cc1
36907,CN(C)CCCN(C)CCC[NH+](C)C
39576,c1ccc(-c2cc[n-]n2)cc1
7273,CCC(C)Nc1c([N+](=O)[O-])cc(C(C)(C)C)cc1[N+](=O)[O-]
41363,Cc1[nH+]c(C)n(C)c1C
25341,CCCCCCCCCCCCCCCCCC[n+]1cccc(C)c1
33937,COCCOCC[n+]1ccccc1
5513,O=[N+]([O-])N1CCCCC1
6032,Cc1cccc([N+](=O)[O-])c1C
1907,O=[N+]([O-])c1cc([N+](=O)[O-])c(Nc2nc[nH]n2)c([N+](=O)[O-])c1
23072,CC(C)[C@H]1CO[C@H](c2ccccc2[N+](=O)[O-])OC1
32934,COC(=O)[C@H](C)[NH3+]
34544,CC[P+](CC)(CC)CSC
36705,O=C([O-])c1ccc(O)cc1
19327,CC(F)(F)n1cc[n+](C(F)(F)F)c1
39359,CCOC[N+](C)(C)CCOC(C)=O
19384,CCCCCCn1cc[n+](C)c1C
22409,O=C1c2ccccc2C(=O)N1CCCC[N+](=O)[O-]
9561,Nc1ccc([N+](=O)[O-])cc1C(=O)c1ccccc1
20446,c1ccc([B-](c2ccccc2)(c2ccccc2)c2ccccc2)cc1
32082,O=S(=O)([O-])CC(O)CNC1CCCCC1
32043,N#C[N-]c1nc([N-]C#N)nc([N-]C#N)n1
9837,O=[N+]([O-])C1CC1
19339,C[n+]1ccn(CC(OCc2ccc(Cl)cc2Cl)c2ccc(Cl)cc2Cl)c1
37257,Cc1cccc(-c2ccc([N+](=O)[O-])cc2)c1
2586,CCCCCCOc1ccc(/N=[N+](\[O-])c2ccc(OCCCCCC)cc2)cc1
10125,COc1ccc(NC(C)=O)cc1[N+](=O)[O-]
9744,CC(CO[N+](=O)[O-])[N+](=O)[O-]
38843,O=Cc1ccc(-c2ccc([N+](=O)[O-])cc2)o1
23610,O=C([O-])COc1ccccc1Cl
25255,CC(O)C[NH3+]
36098,O=C1CCCC2=C1C(c1cccc([N+](=O)[O-])c1)n1ncnc1N2Cc1ccccc1
4759,O=[N+]([O-])c1ccc2ncccc2c1
19269,CCCC[N+](CCCC)(CCCC)CCCC
20157,CCCCCCC(=O)[O-]
30137,O=S(=O)([O-])C(F)(F)C(F)(F)OC(F)(F)C(F)(F)F
19355,CC[n+]1ccn(CCCCCCCCn2cc[n+](CC)c2)c1
33333,O=[N+]([O-])c1n[nH]c([N+](=O)[O-])c1Nc1nnc2nncn2n1
20208,C[N+](C)(C)CCCCC[N+](C)(C)C
36383,CCCCOC(=O)C[N+](CCCC)(CCCC)CCCC
36342,CCCCCC[n+]1ccn([C@H](C)c2ccccc2)c1
21273,CCCN(CCC)c1c([N+](=O)[O-])cc([N+](=O)[O-])cc1[N+](=O)[O-]
19271,CCCCn1cc[n+](C)c1C
9545,O=[N+]([O-])c1ccc(OC(F)(F)C(F)F)c([N+](=O)[O-])c1
26802,CC(C)OC(=O)[C@H](C)[NH3+]
20288,O=C([O-])C1([N+](=O)[O-])N=CC([N+](=O)[O-])=N1
19390,O=C([O-])C(F)(F)C(F)(F)C(F)(F)F
20373,CC[N+](C)(C)CCO
19458,CCCCCC[n+]1ccc(N(C)C)c(C)c1
20199,CCCCCCCCCCCOC[N+](C)(C)CCO
25509,Br[Pr-3](Br)(Br)(Br)(Br)Br
8363,O=[N+]([O-])c1cc([N+](=O)[O-])cc([N+](=O)[O-])c1
6541,O=[N+]([O-])c1cccc([N+](=O)[O-])c1
19376,CCCCCCCCCOC[n+]1ccn(COCCCC)c1
39438,CCCCCCCCCCCC[N+](CCCCCCCCCCCC)=C(N(C)C)N(C)C
10373,CCC/N=[N+](/[O-])CCC
22174,O=[N+]([O-])c1ccc(N=Nc2ccc(Nc3ccccc3)cc2)cc1
24662,O=C(NCC([N+](=O)[O-])([N+](=O)[O-])[N+](=O)[O-])N(F)CC([N+](=O)[O-])([N+](=O)[O-])[N+](=O)[O-]
40776,CCCCN(C)c1c(N(C)CCCC)[c+]1N(C)CCCC
21160,CC(COCOCC(C)([N+](=O)[O-])[N+](=O)[O-])([N+](=O)[O-])[N+](=O)[O-]
36626,CCOC(=O)C[C@H]([NH3+])C(=O)OCC
39377,CCCCCCOC[N+](C)(C)CCOC(C)=O
23609,[Y+3]
25354,CCN(C(=O)N(CC)c1ccc([N+](=O)[O-])cc1)c1ccc([N+](=O)[O-])cc1
24732,Cc1ccc[n+](C)c1
21243,CN=[N+](C)[O-]
34752,N#Cc1ccc(-c2ccc([N+](=O)[O-])cc2C#N)cc1C#N
35277,Nc1ccc(Cl)cc1[N+](=O)[O-]
34380,F[Ni-2](F)(F)F
41110,CCN(CC)c1c(N(CC)CC)[c+]1N[C@H](C(=O)O)C(C)C
9460,CCN(CC)c1ccc([N+](=O)[O-])cc1[N+](=O)[O-]
30920,O=NN(CCN(CC([N+](=O)[O-])([N+](=O)[O-])[N+](=O)[O-])N=O)CC([N+](=O)[O-])([N+](=O)[O-])[N+](=O)[O-]
4553,CCC(CO)(CO)[N+](=O)[O-]
34081,CCOCCn1cc[n+](CCC#N)c1
9601,O=[N+]([O-])c1ccc([N+](=O)[O-])c2c([N+](=O)[O-])cccc12
19443,CCCCOC(=O)c1ccc[n+](CCCC)c1
19831,[O-][n+]1cccc2ccccc21
24394,CC[n+]1ccc(C)cc1
21352,Cc1c(C(N)=O)[n+]([O-])c2ccccc2[n+]1[O-]
9413,Cc1ccc(Nc2ccc([N+](=O)[O-])cc2)cc1
35792,Cn1cc[n+](CCC[n+]2ccccc2)c1
10757,[O][Cl+][O-]
29340,C=C(C)C(=O)OCCCCCC[n+]1ccn(C)c1
38696,CC[NH+]1CCCCC1
19402,C[N+](C)(C)C
36823,Cc1cccc[n+]1CCCOc1ccccc1
37463,CC[NH+](CC)CCOC(=O)c1ccc(N)cc1
6467,Cc1ccc(C(=O)O)cc1[N+](=O)[O-]
10149,Cn1cnc(N=[N+]=[N-])n1
11082,O=[N+]([O-])N1C2OC3OC2N([N+](=O)[O-])C2OC3OC21
19340,CC[n+]1ccn(CC(OCc2ccc(Cl)cc2Cl)c2ccc(Cl)cc2Cl)c1
23042,O=[N+]([O-])N1C[C@@H]([C@H]2CN([N+](=O)[O-])CN2[N+](=O)[O-])N([N+](=O)[O-])C1
23914,CC[C@H](COC)[N+](C)(C)C
29217,CCCCCCO[PH](=O)[O-]
40436,CCC[P+](c1ccccc1)(c1ccccc1)c1ccccc1
17877,CCCC(CC)[N+](=O)[O-]
28915,C[N+](C)(C)CCOC(=O)CCCC(=O)O
28677,CCCC[N+]1(C)CCOCC1
25317,CCCCCCCCCCn1cc[n+](CCC#N)c1
35064,Cc1c(C(N)=O)cc([N+](=O)[O-])cc1[N+](=O)[O-]
37249,O=[N+]([O-])c1ccc(Nc2ccc(O)cc2)c([N+](=O)[O-])c1
24560,c1cc[n+](CCCCC[n+]2ccccc2)cc1
20242,CCCCCCCCCCCCCCCCCCC(=O)[O-]
29762,CC(C)C[NH2+]CCCS(=O)(=O)O
7985,[O-][N+]#Cc1ccc(C#[N+][O-])cc1
27524,[NH3+]CCCc1ccccc1
14168,CC(C)(C)N1CC([N+](=O)[O-])C1
24442,O=[N+]([O-])c1ccc(F)cc1F
34214,COc1ccc(C[NH+]2CC[NH2+]CC2)c(OC)c1OC
24001,[GeH2+2]
9852,O=[N+]([O-])c1ccc2cccc3c2c1-c1ccccc1-3
7843,O=[N+]([O-])c1ccc(Oc2ccc(C(F)(F)F)cc2[N+](=O)[O-])cc1
20496,N=C(N)[NH2+]N
30464,c1ccc(Cn2cc[n+](COCCCOC[n+]3ccn(Cc4ccccc4)c3)c2)cc1
23764,NC(CC(=O)O)C(=O)[O-]
29493,C=Cn1cc[n+](CCCCCCCC)c1
1693,O=[N+]([O-])c1cccc(OC(F)(F)C(F)F)c1
34403,[O-][n+]1ccccc1S
36717,CCCCCCCCCCCCCCCC(=O)OCCC[n+]1ccn(CCCCn2cc[n+](CCCOC(=O)CCCCCCCCCCCCCCC)c2)c1
10644,NC(N)=C([N+](=O)[O-])[N+](=O)[O-]
2755,CC(CO)[N+](=O)[O-]
34275,Cn1cc[n+](CCC[N+](C)(C)C)c1
15703,CC(=O)CCC(C)([N+](=O)[O-])[N+](=O)[O-]
31115,O=[U](=O)([O-])O[U](=O)(=O)[O-]
19438,CCCCCCCC[n+]1cccc(C)c1
27152,CCCC[n+]1cc(CC)ccc1C
37056,CCCCCCCCCCCCCCCC(=O)OC[C@@H](NC(=O)C(Cl)Cl)[C@H](O)c1ccc([N+](=O)[O-])cc1
20464,CC1=CC(=O)[N-]S(=O)(=O)O1
34168,CCO/N=[N+](\[O-])C(CO)(CO)/[N+]([O-])=N/OCC
34859,CCCC[n+]1cn(N)cn1
31308,CCC[n+]1c(C)cc(C)n1-c1ccccc1
35122,O=C(N1CCCC1)[NH+]1CCCC1
37524,CCC[S+]1CCCCC1
24541,CCCCCCCCCCCCCCCC[N+](C)(C)CCCCCCCCCC[N+](C)(C)CCCCCCCCCCCCCCCC
40476,CC(C)CCCCCOc1cc(C(=O)[O-])cc(OCCCCCC(C)C)c1OCCCCCC(C)C
25025,Nc1ncnc2c1ncn2[C@@H]1O[C@H](COP(=O)([O-])OP(=O)(O)OP(=O)([O-])O)[C@@H](O)[C@H]1O
35859,CCCCCCCCCCCCCCCCCCCCCCOC(=O)C[N+](C)(C)C
9303,c1cc[o+]cc1
25673,COc1cc(-c2[o+]c3cc(O)cc(O[C@@H]4O[C@H](CO)[C@@H](O)[C@H](O)[C@H]4O)c3cc2O[C@@H]2O[C@H](CO)[C@@H](O)[C@H](O)[C@H]2O)cc(OC)c1O
28313,[NH3+]C([NH3+])=O
32951,Cn1nc([N+](=O)[O-])c([N+](=O)[O-])c1[N+](=O)[O-]
22620,CCc1cc(C(C)=Nc2ccc([N+](=O)[O-])cc2)c(O)cc1O
37857,O=S(=O)([O-])Cl
40161,Nc1ccc(C(=O)O)cc1[N+](=O)[O-]
38243,CCCCOn1cc[n+](CCCC)c1
28794,C=CC[n+]1ccn(CCCCCCCCCCCC)c1
36905,CN(C)CCCN(CCCN(C)C)CCC[NH+](C)C
40008,CCc1[nH+]ccn1CC
24783,Cn1cc[n+](CCCCS(=O)(=O)[O-])c1
19231,CC=C(CC)[N+](=O)[O-]
20328,CCCCCCCCCCCCc1ccccc1S(=O)(=O)[O-]
2936,O=[N+]([O-])c1cccc(Cl)c1Cl
13362,Nc1cccc2cccc([N+](=O)[O-])c12
38909,[NH3+]CCCCCCCc1ccccc1
19314,COCCOCCOCC[n+]1ccccc1
25804,O=[N+]([O-])c1ccccc1SSc1ccccc1[N+](=O)[O-]
33935,COCC[n+]1ccccc1
31467,O=C([O-])CN(CCN(CC(=O)[O-])CC(=O)[O-])CC(=O)[O-]
36308,CC(C)(C)OC(=O)[C@@H]([NH3+])Cc1ccccc1
7261,[O-][n+]1c2ccccc2nc2ccccc21
36058,O=[N+]([O-])c1ccc([O-])cc1
25386,O=[N+]([O-])c1ccc([N+](=O)[O-])c([N+](=O)[O-])c1[N+](=O)[O-]
6604,CN(CC#N)c1ccc([N+](=O)[O-])cc1
39428,CCCCCCCCCCCCCCCCCC[N+](C)(C)CCCCCCCCCCCCCCCCCC
11563,COC(=O)C1(OC(C)=O)C=CC([N+](=O)[O-])O1
28715,CCOC(=O)[C@@H]([NH3+])Cc1ccccc1
3046,O=C(OCC(F)([N+](=O)[O-])[N+](=O)[O-])C(=O)OCC(F)([N+](=O)[O-])[N+](=O)[O-]
10242,CCCCCCOc1ccc(C(=O)Oc2ccc([N+](=O)[O-])cc2)cc1
19286,Cl[B-](Cl)(Cl)Cl
36491,Cc1n[nH]c(/N=N/c2c(-c3ccccc3)[nH]c3ccccc23)c1/N=N/c1ccc([N+](=O)[O-])cc1
19395,CCCC[n+]1ccccc1
29816,COCCOCCn1cc[n+](C)c1C
10621,O=[N+]([O-])C(=C(I)I)[N+](=O)[O-]
37703,CCCCCCCCCCCC[n+]1cc[nH]c1
20197,CCCC(=O)[O-]
13088,O=[N+]([O-])c1cc([N+](=O)[O-])c(Sc2c([N+](=O)[O-])cc([N+](=O)[O-])cc2[N+](=O)[O-])c([N+](=O)[O-])c1
25507,Cn1cn[n+](C)c1
5120,CCCCCCCC[N+](=O)[O-]
37783,O=S(=O)([O-])F
36636,CN(C)C(N(C)C)=[N+]1CCCCCC1
39250,CCCn1cc[n+](CCN)c1
40058,CCCCCCCCCCOCn1cc[n+](CC)c1
35350,[Pr+4]
15031,CCCCOC(=O)c1c([N+](=O)[O-])cc([N+](=O)[O-])cc1[N+](=O)[O-]
33471,Cn1cc[n+](CCCO)c1
9798,CCN(CC)c1c([N+](=O)[O-])cccc1[N+](=O)[O-]
36651,CCCCCCCCCCC[N+]1(C)CCCCC1
19225,CC(=O)OCCN(CCC#N)c1ccc(N=Nc2c(Cl)cc([N+](=O)[O-])cc2Cl)cc1
27547,CNc1cc([N+](=O)[O-])cc(C)c1[N+](=O)[O-]
176,CCCCCO[N+](=O)[O-]
34844,O=[Mn]([O-])([O-])[O-]
7933,O=[N+]([O-])N1CN([N+](=O)[O-])CN([N+](=O)[O-])CN([N+](=O)[O-])C1
6235,O=[N+]([O-])C(CO)([N+](=O)[O-])[N+](=O)[O-]
34800,CSc1nc2ccccc2[n-]1
12218,CC(C)CC[N+](=O)[O-]
15026,CCCCCCCCCCCCCCCCCCOC(=O)c1c([N+](=O)[O-])cc([N+](=O)[O-])cc1[N+](=O)[O-]
20362,[Fe+3]
38392,O=C([O-])c1ccc(C(=O)[O-])s1
36769,CC1(C)OCC(C[N+](C)(C)Cc2cccnc2)O1
39350,CCCCCCCCCCCCOC[N+](C)(C)CCO
9597,O=[N+]([O-])c1cc([N+](=O)[O-])c2c([N+](=O)[O-])ccc([N+](=O)[O-])c2c1
19325,CCCCCCCCCCCCCC[n+]1ccn(C)c1
20184,O=C1O[C@H]([C@@H](O)CO)C([O-])=C1O
10995,O=[N+]([O-])c1ccc(C=NNc2ccccc2)c([N+](=O)[O-])c1
39044,CCCCCCCCCCCCCCSCC(C[n+]1ccn(C)c1)SCCCCCCCCCCCCCC
1666,O=C1CN=C(c2ccccc2Cl)c2cc([N+](=O)[O-])ccc2N1
33964,[O-]B1OB2OB([O-])OB3OB([O-])OB(O1)[O+]23
19330,CCCCCCC[N+](CC)(C(C)C)C(C)C
10420,CN(c1c([N+](=O)[O-])c(N)c([N+](=O)[O-])c(N)c1[N+](=O)[O-])[N+](=O)[O-]
24708,COCC[N+]1(C)CCOCC1
35899,C=CC[N+](C)(C)CC[n+]1ccn(C=C)c1
3674,CN(c1c([N+](=O)[O-])cc([N+](=O)[O-])cc1[N+](=O)[O-])[N+](=O)[O-]
29539,O=S(=O)([O-])C(F)(F)C(F)(F)C(F)(F)C(F)(F)C(F)(F)C(F)(F)F
34281,O=[N+]([O-])c1cccc(C(c2ccccc2)(c2ccccc2)c2ccccc2)c1
31187,CCN(CC)c1c(N(CC)CC)[c+]1N(CC)CC
31731,CCCCCCCCc1cccc[n+]1CC
32780,O=C([O-])c1ccc([O-])cc1
20435,[NH-]CC[NH-]
36690,CCOP(=S)(OCC)SCCCC[P+](c1ccccc1)(c1ccccc1)c1ccccc1
24903,Br[Co-2](Br)(Br)Br
4096,Cc1cccc(C(=O)O)c1[N+](=O)[O-]
20420,C[N+](CCO)(CCO)CCO
9442,COc1ccc(Nc2ccc([N+](=O)[O-])cc2)cc1
40450,CCCCCCCCCCCCCCCCCCOC(=O)CC(O)C[N+](C)(C)C
28542,C[NH+]1CCCN2CCCN=C21
9514,O=[N+]([O-])c1c(F)c([N+](=O)[O-])c(F)c([N+](=O)[O-])c1F
24594,N#Cc1ccc[n+]([O-])c1
11751,CC(C)C(C)(C)[N+](=O)[O-]
19206,CCC=C(CCC)[N+](=O)[O-]
24857,CCCCOCCOS(=O)(=O)[O-]
8260,Cc1ncc([N+](=O)[O-])n1CCOC(=O)c1ccccc1
10203,O=[N+]([O-])c1cc([N+](=O)[O-])c2cc([N+](=O)[O-])cc([N+](=O)[O-])c2c1
20475,CCCCCC[N+](CCCCCC)(CCCCCC)Cc1ccccc1
9853,O=[N+]([O-])c1cc2c3c(cccc3c1)-c1ccccc1-2
28760,O=S(=O)([O-])C(F)(F)C(F)(F)C(F)(F)C(F)(F)C(F)(F)C(F)(F)C(F)(F)C(F)(F)F
35152,CCCC1c2cc(c(O)c(CS(=O)(=O)[O-])c2O)C(CCC)c2cc(c(O)c(CS(=O)(=O)[O-])c2O)C(CCC)c2cc(c(O)c(CS(=O)(=O)[O-])c2O)C(CCC)c2cc1c(O)c(CS(=O)(=O)[O-])c2O
26767,O=C1O[Cu-2]2(OC(=O)c3cccc1n3)OC(=O)c1cccc(n1)C(=O)O2
32110,COC(=O)c1ccc(C(=O)[O-])cc1
20203,[U+6]
29579,O=C1CCC(C(=O)[O-])N1
3480,CCOc1cc(Oc2ccc(C(F)(F)F)cc2Cl)ccc1[N+](=O)[O-]
40464,CCCCCCCCCCCCOC(=O)CC(O)C[N+](C)(C)C
41038,CCCCN(CCCC)[c+]1c(N(C)C)c1N(C)C
9913,[N-]=[N+]=NNN
36562,N#CC1=C(N)Oc2c(c(=O)oc3ccccc23)C1c1ccc([N+](=O)[O-])cc1
35581,CCCCCCCCCCn1cc[n+](CO[C@@H]2C[C@H](C)CC[C@H]2C(C)C)c1
4611,Cc1cccc([N+](=O)[O-])c1[N+](=O)[O-]
19394,Cn1cc[n+](C)c1
39099,O=C(O)C[n+]1cc[nH]c1
25525,CCN(CCC#N)c1ccc(N=Nc2ccc([N+](=O)[O-])cc2C#N)cc1
34210,C=Cn1cc[n+](CC(CBr)N=[N+]=[N-])c1
36779,C[NH+]1CCC[C@H]1c1cccnc1
20372,[Ir+3]
37886,Fc1ccc([B-](F)(F)F)cc1
40313,Br[Mn-2](Br)(Br)Br
41175,Cc1c[nH]c(=O)[n-]c1=O
29325,CN(C)c1ccc([N+](=O)[O-])c2nonc12
37255,Nc1ccc([N+](=O)[O-])c2c1C(=O)c1c(Cl)ccc(Cl)c1C2=O
25014,C[C@H](CCC(=O)NCCS(=O)(=O)[O-])[C@H]1CC[C@H]2[C@H]3[C@H](C[C@H](O)[C@@]21C)[C@@]1(C)CC[C@@H](O)C[C@H]1C[C@H]3O
39809,Oc1cc[nH+]cc1
10184,[2H]c1cc(C)nn1[N+](=O)[O-]
30159,CCc1nnc(N=[N+]=[N-])n1N
738,O=[N+]([O-])OCCOCCOCCO[N+](=O)[O-]
4904,O=[N+]([O-])Cc1ccccc1
37633,CC[N+]1(CCCCCCCCCCCC[N+]2(CC)CCOCC2)CCOCC1
39889,CCCCCC[n+]1ccsc1
35623,c1ccc(P(=[N+]=P(c2ccccc2)(c2ccccc2)c2ccccc2)(c2ccccc2)c2ccccc2)cc1
37096,N#CS[Al-3](SC#N)(SC#N)(SC#N)(SC#N)SC#N
11967,CC(C)CN(C)[N+](=O)[O-]
34899,O=C(O)COc1cccc([N+](=O)[O-])c1
39453,CCCn1cc[n+](Cc2ccccc2)c1
35075,O=C([O-])CN(CCN(CC(=O)[O-])CC(=O)O)CCN(CC(=O)[O-])CC(=O)O
27064,CCCCCCCCCCCCCC[n+]1cccc(C)c1
20436,Cc1cccc(C(=O)[O-])c1
25249,CCCCCCC[N+](C)(C)CC
39381,CCCCCCCCOC[N+](C)(C)CCOC(C)=O
22303,O=[N+]([O-])N1CN([N+](=O)[O-])CC([N+](=O)[O-])([N+](=O)[O-])C1
23756,Cc1cc(C)c(C(=O)[O-])c(C)c1
25594,C[N+]1(C)CCN(c2ccccc2)CC1
19349,CCCCCCCCCn1cc[n+](C)c1
9410,NC(=O)c1ccc([N+](=O)[O-])cc1
34162,O=[N+]([O-])C(C1CC1)(C1CC1)[N+](=O)[O-]
39830,CC(=O)Oc1ccccc1C(=O)[O-]
20368,C1=Cc2nc1c(-c1ccccc1)c1ccc([n-]1)c(-c1ccccc1)c1nc(c(-c3ccccc3)c3ccc([n-]3)c2-c2ccccc2)C=C1
28430,C[NH2+]CCC(Oc1ccc(C(F)(F)F)cc1)c1ccccc1
6139,Cc1ccc2cccc([N+](=O)[O-])c2n1
31615,C[C@@H](O)[C@H](N)C(=O)[O-]
32459,CCCCC[N+]1(C)CCOCC1
36457,CC(=O)Oc1ccccc1C(=O)Nc1ncc([N+](=O)[O-])s1
27060,CCCCCCCCCC[n+]1cccc(C)c1
10100,O=[N+]([O-])c1cc([N+](=O)[O-])c(Nc2nc(Nc3c([N+](=O)[O-])cc([N+](=O)[O-])cc3[N+](=O)[O-])c([N+](=O)[O-])c(Nc3c([N+](=O)[O-])cc([N+](=O)[O-])cc3[N+](=O)[O-])c2[N+](=O)[O-])c([N+](=O)[O-])c1
23487,CCCCCCOCn1cc[n+](COCCCCCC)c1
20151,O=[N+]([O-])c1nnn[n-]1
34443,C[N+](C)(C)CCC[n+]1ccccc1
19366,CCCCCCCCCOC[n+]1ccn(C)c1
10388,O=[N+]([O-])c1cc([N+](=O)[O-])c2no[n+]([O-])c2c1Cl
29096,CCCC[NH+]1CCCC1
10115,O=[N+]([O-])c1ccc2ccc3c([N+](=O)[O-])ccc4ccc1c2c43
32496,Cc1nc([N+](=O)[O-])c[n-]1
11935,CCCCN(C)[N+](=O)[O-]
38654,O=[N+]([O-])c1ccc(CCl)cc1
19317,CCn1cc(C)[n+](C)c1
20388,[Nb+5]
36203,O=C([O-])CCCC[C@@H]1SC[C@@H]2NC(=O)N[C@H]12
10093,CN(c1ccc(-c2ccccc2)cc1)[N+](=O)[O-]
19371,CCCCOCn1cc[n+](COCCC)c1
3898,O=[N+]([O-])c1ccc(O)c([N+](=O)[O-])c1O
23931,CCCCCCCCCCCCCCCCCCS(=O)(=O)[O-]
6085,CCN=[N+]=[N-]
24928,Cc1ccc(C(=O)[O-])c(O)c1
33951,Nc1c(/N=N/c2ccc(-c3ccc(/N=N/c4cc(S(=O)(=O)[O-])c5ccccc5c4N)cc3)cc2)cc(S(=O)(=O)[O-])c2ccccc12
22362,Cc1ccc2no[n+]([O-])c2c1
22680,O=[N+]([O-])c1cccc(Nc2ccccc2)c1
9562,O=C(Oc1ccc([N+](=O)[O-])cc1)C(F)(F)C(F)(F)C(F)(F)F
18008,C#CCOC(C)c1ccc(OC)c([N+](=O)[O-])c1
24663,O=C(NCC([N+](=O)[O-])([N+](=O)[O-])[N+](=O)[O-])N(CC([N+](=O)[O-])([N+](=O)[O-])[N+](=O)[O-])[N+](=O)[O-]
20474,CSCCC(N)C(=O)[O-]
32512,CCCC[P+](CCCC)(CCCC)COCCOC
10659,CN(c1ccc(N=Nc2ccccc2)cc1)[N+](=O)[O-]
29354,O=[Sb]([O-])([O-])[O-]
36445,O=S(=O)(O)CCC[n+]1cc[nH]c1
28353,O=C([O-])c1ccc(F)cc1Cl
37287,CCC[n+]1c(C)cn(C)c1CC
29004,CCCC[n+]1cccc(C#N)c1
21439,CCCCCC=[N+]=[N-]
38852,O=[N+]([O-])c1ccccc1-c1ccc(C=NO)o1
19452,C[n+]1ccn(Cc2ccccc2)c1
21660,O=[N+]([O-])c1cc([N+](=O)[O-])c(F)c([N+](=O)[O-])c1
21382,COc1cc([N+](=O)[O-])c([N+](=O)[O-])cc1OC
29040,O=[N+]([O-])c1ccc(N2CC([N+](=O)[O-])([N+](=O)[O-])C2)c([N+](=O)[O-])c1
35377,C=CCC[n+]1ccn(C)c1
19341,CCCCn1cc[n+](CC(OCc2ccc(Cl)cc2Cl)c2ccc(Cl)cc2Cl)c1
4342,O=[N+]([O-])c1ccc2ccccc2c1
25241,CCCCn1cc[n+](CCCCCCO)c1
35566,O=[Mn](=O)(=O)[O-]
9743,Cc1c[n+]([O-])c(C)c[n+]1[O-]
19433,CCCCCCn1cc[n+](C)c1
30378,C[n+]1ccn(CCCl)c1
36023,CCCCCCCCCCCCSCCC[N+](CCCSCCCCCCCCCCCC)(CCCSCCCCCCCCCCCC)CCCSCCCCCCCCCCCC
38910,[NH3+]CCCCCCCCc1ccccc1
1430,O=C1CN=C(c2ccccc2)c2cc([N+](=O)[O-])ccc2N1
40604,COC(=O)C1=C(N)Oc2c(c(=O)oc3ccccc23)C12C(=O)Nc1ccc([N+](=O)[O-])cc12
32562,CCCCCCCCCC[P+](CC)(CC)CC
24613,CCOC(C)C([N+](=O)[O-])([N+](=O)[O-])[N+](=O)[O-]
28936,CCCC[N+](CCCC)(C(C)CC)C(C)CC
39772,N#Cc1ccc2cn[n-]c2c1
31268,Cn1cc[n+](CC2CC2)c1
10989,O=S(=O)([O-])CC(O)C[NH2+]C(CO)(CO)CO
37266,O=[N+]([O-])c1ccc(-c2ccc(-c3ccccc3)cc2)cc1
2405,O=[N+]([O-])c1cc([N+](=O)[O-])c(-c2c([N+](=O)[O-])cc([N+](=O)[O-])c(-c3c([N+](=O)[O-])cc([N+](=O)[O-])c(-c4c([N+](=O)[O-])cc([N+](=O)[O-])cc4[N+](=O)[O-])c3[N+](=O)[O-])c2[N+](=O)[O-])c([N+](=O)[O-])c1
34831,Cc1c(C(=O)C=Cc2ccccc2)[n+]([O-])c2ccccc2[n+]1[O-]
294,CNc1c([N+](=O)[O-])cc([N+](=O)[O-])cc1[N+](=O)[O-]
40989,CCCCCCC(Oc1ccc(OC(CCCCCC)C(=O)[O-])cc1)C(=O)[O-]
10363,[C-]#[N+]C#N
26562,CCCCCCCC[n+]1cc(C)cc(C)c1C
30924,CC(C)(CO[N+](=O)[O-])CO[N+](=O)[O-]
24800,CC(=O)OC(OC(C)=O)C1(OC(C)=O)C=CC([N+](=O)[O-])O1
38926,[NH3+]CCCCCc1ccccc1
20363,[Hg+2]
20415,[Cu+2]
29890,CC[S+](C)CC
31651,CCOCCOCCOS(=O)(=O)[O-]
28609,C=CC[NH+](C)C
27912,O=BOB(O)OB(O)OB(O)OB([O-])O
1782,CCCCOc1ccc(/N=[N+](\[O-])c2ccc(OCCCC)cc2)cc1
40028,COCCOCC(COCC(F)(F)F)n1cc[n+](C)c1
36242,O=[N+]([O-])c1cc([N+](=O)[O-])c(NCCCNc2c([N+](=O)[O-])cc([N+](=O)[O-])cc2[N+](=O)[O-])c([N+](=O)[O-])c1
29369,O=C1CCCCC[NH2+]1
20308,CC[Sn+](CC)CC
4164,O=Cc1ccccc1[N+](=O)[O-]
35973,CCCOCC[n+]1ccn(C)c1
24356,CCCCCCCCn1cc[n+](COCC(COC[n+]2ccn(CCCCCCCC)c2C)OC[n+]2ccn(CCCCCCCC)c2C)c1C
9416,O=[N+]([O-])OCC(O)CO
36813,Cc1cc[n+](CCOc2ccccc2)cc1
19369,CCCCCCCCCCOC[n+]1ccn(CCCCCC)c1
18003,CCOC(C)c1ccc(OC)c([N+](=O)[O-])c1
39389,CCCCCCCCCCCCOC[N+](C)(C)CCOC(C)=O
19354,CC[n+]1ccn(CCCCCCn2cc[n+](CC)c2)c1
34891,CCCCCC[P+](CCCCC)(CCCCCC)CCCCCC
25622,O=C([O-])C12CC3CC(CC(C3)C1)C2
22803,CCC[n+]1noc([O-])c1C
39432,C[N+](C)(C)c1ccccc1
9791,N[N+](=O)[O-]
33424,F[La-](F)(F)F
28726,CC1=C(C(=O)OCC2CCCCC2)C(c2ncc([N+](=O)[O-])n2C)C(C(=O)OCC2CCCCC2)=C(C)N1
39801,c1ccc2c(CC3=[NH+]CCN3)cccc2c1
35576,CCCCCn1cc[n+](CO[C@@H]2C[C@H](C)CC[C@H]2C(C)C)c1
41263,Oc1ccc(-c2[o+]c3cc(O)cc(O)c3cc2O)cc1
4240,CCOP(=S)(OCC)Oc1ccc([N+](=O)[O-])cc1
30368,CCCC[n+]1csc2ccccc21
40583,[CH3+]
34575,CCCC[n+]1c(C)cn(C)c1CC
23611,FC(F)(F)CN(CC(F)(F)F)C(=S)[S-]
3723,COc1cccc(C(=O)O)c1[N+](=O)[O-]
32439,CCC[n+]1ccc(C)cc1
20202,O=C([O-])CC(O)(CC(=O)[O-])C(=O)[O-]
27549,CC(=O)Nc1cc([N+](=O)[O-])cc([N+](=O)[O-])c1C
160,Nc1ccc([N+](=O)[O-])cc1
24821,OCC[NH2+]CCO
40460,CCCCCCCCOC(=O)CC(O)C[N+](C)(C)C
39895,CCCC[N+]12CC[N+](CCCC)(CC1)CC2
20282,CCCCCCCCCCCCCC[N+](C)(C)CCO
20243,CCCN(CCC)C(=S)[S-]
26808,CC(C)OC(=O)[C@@H]([NH3+])C(C)C
40873,CCCCCC[N+](C)(C)CCOCCCC
23494,CC[N+](CC)(CC)CCCC[N+](CC)(CC)CC
34556,CCCC[P+](CCCC)(CCCC)CSC
32114,COC(=O)/C=C/C(=O)[O-]
40191,CCOC(=O)C(C#N)=Cc1ccc(-c2ccccc2[N+](=O)[O-])o1
35198,CCCCC[n+]1ccn(CC)c1
31175,O=[Np]([O-])([O-])([O-])[O-]
9776,CCNc1c([N+](=O)[O-])cccc1[N+](=O)[O-]
37702,CCCCCCCC[n+]1cc[nH]c1
6568,CC(=O)OCC([N+](=O)[O-])([N+](=O)[O-])[N+](=O)[O-]
36573,Cc1cc2c(c(=O)o1)C(c1ccc([N+](=O)[O-])cc1)C(C#N)=C(N)O2
34663,O=[N+]([O-])C(F)(COCOCC(F)([N+](=O)[O-])[N+](=O)[O-])[N+](=O)[O-]
23774,Cn1cn[n+](N)c1
2616,CCCN(CC1CC1)c1c([N+](=O)[O-])cc(C(F)(F)F)cc1[N+](=O)[O-]
40243,Cc1ccc(-c2ccc(C=O)o2)c([N+](=O)[O-])c1
37346,CCCCCCCCCCCCCCC[N+]1(C)CCCC1
10627,O=[N+]([O-])C(=C1NCCCCN1)[N+](=O)[O-]
30372,CCCCCC[n+]1csc2ccccc21
15702,C=CC(C)([N+](=O)[O-])[N+](=O)[O-]
20191,CNCC(=O)[O-]
21170,O=[N+]([O-])c1c(O)cccc1O
8319,[O-][I+2]([O-])O
40909,CCOCC[P+](CC)(CC)CC
34402,Cc1cc(C)c[n+]([O-])c1
35525,O=C([O-])C(F)(OC(F)(F)C(F)(F)C(F)(F)F)C(F)(F)F
20460,[NH3+]O
32499,CCCC[n+]1cccn1C
9446,CCCOC(=O)C(F)(F)[N+](=O)[O-]
10563,CC1CC(=CC=Cc2ccccc2[N+](=O)[O-])C(=O)C(=CC=Cc2ccccc2[N+](=O)[O-])C1
22685,O=[N+]([O-])c1cccc([N+](=O)[O-])c1-c1ccccc1
19319,CCc1n(CC)cc[n+]1C
21470,CC(C(O)C(Cl)(Cl)C(C)Cl)[N+](=O)[O-]
20491,CCCCCCC[NH3+]
7394,O=[N+]([O-])N(CCC([N+](=O)[O-])([N+](=O)[O-])[N+](=O)[O-])CC([N+](=O)[O-])([N+](=O)[O-])[N+](=O)[O-]
1061,O=C(O)c1cccc([N+](=O)[O-])c1
5945,O=[N+]([O-])N(COCC([N+](=O)[O-])([N+](=O)[O-])[N+](=O)[O-])CN(CN(COCC([N+](=O)[O-])([N+](=O)[O-])[N+](=O)[O-])[N+](=O)[O-])[N+](=O)[O-]
31184,O=[Si]([O-])O[Si](=O)[O-]
10480,Nc1c([N+](=O)[O-])ccc2ccc([N+](=O)[O-])cc12
34642,N#CCc1ccccc1[N+](=O)[O-]
24860,CCCCn1cc[n+](CCC)c1
26145,NC(=O)CC[C@H](N)C(=O)[O-]
37894,N#Cc1cccc([B-](F)(F)F)c1
33991,CCCCCCCC[P+](CCCCCCCC)(CCCCCCCC)CCCCCC[P+](CCCCCCCC)(CCCCCCCC)CCCCCCCC
21159,CC(OCC(C)([N+](=O)[O-])[N+](=O)[O-])OCC(C)([N+](=O)[O-])[N+](=O)[O-]
35978,CCOCC[n+]1ccccc1
40786,CCCCCCCCCCN(CCCCCCCCCC)c1c(N(CCCCCCCCCC)CCCCCCCCCC)[c+]1N(CCCCCCCCCC)CCCCCCCCCC
10131,COc1c([N+](=O)[O-])c(Cl)c([N+](=O)[O-])c(Cl)c1[N+](=O)[O-]
11440,O=[N+]([O-])CCl
34066,O=C([O-])[C@H](Cc1cc2ccccc2[nH]1)/N=C/c1ccccc1
37158,C=C[n+]1ccn(CCCS(=O)(=O)[O-])c1
995,NNc1ccc([N+](=O)[O-])cc1[N+](=O)[O-]
32427,C[N+]1(CC(O)CO)CCCC1
30144,Nc1cc([N+](=O)[O-])ccc1[N+](=O)[O-]
27074,C[n+]1ccn(CCCCCn2cc[n+](C)c2)c1
25010,O=C([O-])[C@H]1/C(=C/CO)O[C@@H]2CC(=O)N21
32803,CCC(=O)OCC[N+](C)(C)C
10180,O=[N+]([O-])OCc1nonc1CO[N+](=O)[O-]
23974,CC1=[NH+]N(C)NN1C
30707,O=P([O-])([O-])OP(=O)([O-])OP(=O)([O-])[O-]
19277,CCC[N+](CCC)(CCC)CCC
29389,N#CCCC[n+]1ccccc1
19334,CCCCn1cc[n+](Cc2ccccc2)c1C
4707,O=c1[nH]cc([N+](=O)[O-])c(=O)[nH]1
5464,O=Cc1ccc([N+](=O)[O-])o1
23765,CCCCCCC[N+](CCCCCC)(CCCCCC)CCCCCCC
35216,CN(C)[Zr+]1234(N(C)C)(N(C)C)C5=C1[C-]2C3=C54
10243,COc1ccc(C=Cc2c([N+](=O)[O-])cc([N+](=O)[O-])cc2[N+](=O)[O-])cc1
14536,CC(C)(C)N1CC(Br)([N+](=O)[O-])C1
37234,O=[N+]([O-])[C-](CN(CCN(C[C-]([N+](=O)[O-])[N+](=O)[O-])[N+](=O)[O-])[N+](=O)[O-])[N+](=O)[O-]
39324,O=C1CCC[C@@H]2[C@H]3CCC[NH+]4CCC[C@@H](CN12)[C@@H]34
39387,CCCCCCCCCCCOC[N+](C)(C)CCOC(C)=O
5829,CC(CO)(CO)[N+](=O)[O-]
33409,O=C([O-])c1cc([N+](=O)[O-])cc([N+](=O)[O-])c1O
36302,O=[N+]([O-])c1ccc([O-])c([N+](=O)[O-])c1
9636,O=[N+]([O-])c1ccc(OC(F)(F)C(F)(F)C(F)(F)C(F)(F)F)cc1
7095,O=[N+]([O-])N1CCN([N+](=O)[O-])C1
34016,CC[N+](CC)(CC)CC#N
26156,O=C(OC(C(F)(F)C(F)(F)C(F)(F)F)(C(F)(F)C(F)(F)C(F)(F)F)C(F)(F)C(F)(F)C(F)(F)F)c1cc([N+](=O)[O-])cc([N+](=O)[O-])c1
29768,CCCCCCCCCC[N+]1=C2CCCCCN2CCC1
20248,O=C[O-]
19847,NC1CC([N+](=O)[O-])([N+](=O)[O-])C1
36615,COc1cc(/C=C/C(=O)[O-])cc(OC)c1O
2891,Cc1ccc([N+](=O)[O-])c(C(=O)O)c1
11429,N#Cc1no[n+]([O-])c1C#N
41213,C[N+](C)(CCO)CCOCCO
37289,CCC[n+]1cn(C)cc1C
31312,CCCCCn1c(C)cc(C)[n+]1-c1ccccc1
36863,O=P(=O)[O-]
9411,O=[N+]([O-])OC(CO)CO
39249,NCCCn1cc[n+](CCN)c1
15080,O=NN1CN([N+](=O)[O-])CCN([N+](=O)[O-])C1
19281,O=C([O-])C(F)(F)F
21283,CC1(C)CN1Sc1ccc([N+](=O)[O-])cc1[N+](=O)[O-]
34753,N#Cc1cc([N+](=O)[O-])ccc1-c1ccc2c(c1)C(=O)NC2=O
20278,N=C(N)[NH3+]
29566,CCCCCCCCCCCCCC[N+](C)(C)CCC[N+](C)(C)CCCCCCCCCCCCCC
7955,CC(CO[N+](=O)[O-])(CO[N+](=O)[O-])CO[N+](=O)[O-]
22776,CC(=O)CC(C)(C)C[N+](=O)[O-]
10626,O=[N+]([O-])C(=C1NCCCN1)[N+](=O)[O-]
38232,CN(C)CC[NH+](C)C
21925,CC(C)(COC(=O)CCC([N+](=O)[O-])([N+](=O)[O-])[N+](=O)[O-])[N+](=O)[O-]
37347,CCCCCCCCCCCCCC[N+]1(C)CCCC1
9821,O=[N+]([O-])N1CCCCCC1
29874,O=[U+2]=O
3619,CCCCCCCCCC[N+](=O)[O-]
20338,[Ni+2]
31471,CCCCCCCCCCCCCCCC[N+](CC)(CC)CCCCCCCCCCCCCCCC
35857,CCCCCCCCCCCCCCCCOC(=O)C[N+](C)(C)C
30490,[O-]/[N+](=N/c1ccccc1)c1ccccc1
33949,Cc1cc(C(=C2C=CC(=[NH2+])C=C2)c2ccc(N)cc2)ccc1N
19221,Cc1cc(N(CCO)CCO)ccc1N=Nc1ccc([N+](=O)[O-])cc1Cl
37050,N#Cc1ccc([O-])cc1
12625,CCCCC(C)[N+](=O)[O-]
41467,COCC[N+]1=C2CCCCCN2CCC1
19364,CCCCCCCCCCCCOC[n+]1ccn(C)c1
4847,O=[N+]([O-])c1ccc(O)c(Cl)c1
4694,Cc1cc([N+](=O)[O-])c([N+](=O)[O-])cc1[N+](=O)[O-]
23605,NCCCCCC[NH3+]
23901,C[N+](C)(C)CCCCCCC[N+](C)(C)C
34507,CCOC(=O)c1ccc([O-])cc1
35118,Cl[Dy-2](Cl)(Cl)(Cl)Cl
30926,CN(C(=O)CO[N+](=O)[O-])[N+](=O)[O-]
20427,O=C([O-])[C@H](O)[C@H](O)[C@H](O)[C@@H](O)[C@H](O)CO
1929,O=[N+]([O-])C(F)([N+](=O)[O-])[N+](=O)[O-]
23533,CC[N+](CC)(CC)CCCCCCCC[N+](CC)(CC)CC
37890,COc1ccc([B-](F)(F)F)cc1
19346,Br[Al-](Br)(Br)Br
10660,CN(c1ccc(I)cc1)[N+](=O)[O-]
5808,O=[N+]([O-])O
12144,O=[N+]([O-])c1cccc([N+](=O)[O-])c1[N+](=O)[O-]
37099,N#CS[Mn-4](SC#N)(SC#N)(SC#N)(SC#N)SC#N
25246,O=S([O-])O
20439,N#C[NH-]
30459,CCCOC[n+]1ccn(C)c1
5288,O=[N+]([O-])c1ccc(N2CCCCC2)cc1
3175,Nc1c([N+](=O)[O-])ccc2ncccc12
13533,O=[N+]([O-])c1cc(Cl)c(O)cc1Cl
39555,CCCC[P+](CCCC)(CCCC)CCOC
39886,CCCCCCCC[n+]1ccsc1
20382,[O-][O-]
20343,CCCCCCCCCOC(=O)C(CC(=O)[O-])S(=O)(=O)[O-]
34079,O=C([O-])[C@H](Cc1cc2ccccc2[nH]1)/N=C/c1ccccc1O
32131,O=[N+]([O-])c1cn[nH]c1
4673,Cc1cc(C)c([N+](=O)[O-])c(C)c1[N+](=O)[O-]
20302,O=[Cr](=O)([O-])[O-]
28721,[NH3+]CC(=O)OCc1ccccc1
10020,CCc1c([N+](=O)[O-])cc([N+](=O)[O-])c(O)c1[N+](=O)[O-]
40001,CCCCCCOc1ccc(/[N+]([O-])=N/c2ccc(C#N)cc2)cc1
41478,FC(F)(F)C(F)(F)C(F)(F)C(F)(F)C(F)(F)C(F)(F)C(F)(F)C(F)(F)CCSCCC[P+](C1CCCCC1)(C1CCCCC1)C1CCCCC1
8238,O=[N+]([O-])c1cc([N+](=O)[O-])c(-c2c([N+](=O)[O-])cc([N+](=O)[O-])c(N=Nc3c([N+](=O)[O-])cc([N+](=O)[O-])c(-c4c([N+](=O)[O-])cc([N+](=O)[O-])cc4[N+](=O)[O-])c3[N+](=O)[O-])c2[N+](=O)[O-])c([N+](=O)[O-])c1
40344,N#C[N-]S(=O)(=O)C(F)(F)F
35490,O=S([O-])S(=O)(=O)[O-]
6294,O=[N+]([O-])c1ccc(-c2ccccc2)cc1
23036,O=[N+]([O-])O[C@H]1CCC[C@@H](O[N+](=O)[O-])C1
35161,CCCCC[N+](C)(CC)CC
32504,CCCC[S+]1CCCC1
10264,O=C(c1ccccc1[N+](=O)[O-])N(O)c1ccc(Cl)cc1
9616,O=[N+]([O-])c1ccc(-c2ccccc2)c([N+](=O)[O-])c1
24819,O=C([O-])CCCCCCCCC(=O)[O-]
29500,C=Cn1cc[n+](CCCCC)c1
39732,CCOC(=O)Cn1cc[n+](C)c1
19299,CCC[n+]1ccn(C)c1C
7429,CC(=O)OC(OC(C)=O)c1ccc([N+](=O)[O-])o1
12135,CC(C)CC(C)(C)[N+](=O)[O-]
33707,O=C(O)c1ccc(Cl)c([N+](=O)[O-])c1
36068,CC(C)CCn1c[n+](CCCCS(=O)(=O)O)cn1
20407,Cl[Ce-3](Cl)(Cl)(Cl)(Cl)Cl
18781,CCC=C(C)[N+](=O)[O-]
28685,C[n+]1ccn(CC(=O)O)c1
39071,CCCCC(CC)CN(CC(CC)CCCC)C(=O)COCC(=O)[O-]
37403,CC(=O)N[C@@H](CC(C)C)C(=O)[O-]
38987,[N-]=[N+]=NCC(CO)N=[N+]=[N-]
19148,O=[N+]([O-])Nc1ccc([N+](=O)[O-])cc1
39285,CN(C)c1ccc2c(c1)Cc1cc([N+](=O)[O-])ccc1-2
4734,O=[N+]([O-])c1ccccc1CCl
34633,CCCC[N+](CCCC)(CCCC)CCCC(=O)OCC
20146,[Th+4]
30401,CCCCCCCn1cc[n+](CCCCCCC)c1
37076,Cc1ccc[n+](CC(=O)Nc2ccc(I)cc2F)c1
41124,CCN(CC)c1c(N(CC)CC)[c+]1NCCCC[C@H](N[c+]1c(N(CC)CC)c1N(CC)CC)C(=O)O
41187,O=C([O-])c1ccccc1N=Nc1ccc(O)cc1
15574,CCc1ccc([N+](=O)[O-])c2cccnc12
20425,N#C[CH-]C#N
36709,O=C([O-])c1cccc(O)c1
10440,CC(CCC(C)O[N+](=O)[O-])O[N+](=O)[O-]
35517,CCOCCOCCn1cc[n+](CCC(C)C)c1
3672,CCOc1ccc(/N=[N+](\[O-])c2ccc(OCC)cc2)cc1
4378,O=[N+]([O-])c1cccc(Br)c1
7819,O=C(O)c1c([N+](=O)[O-])cc([N+](=O)[O-])cc1[N+](=O)[O-]
23616,CC(C)[NH2+]CC(O)c1ccc(O)c(O)c1
10302,O=[N+]([O-])OCCOCC(CO[N+](=O)[O-])O[N+](=O)[O-]
35772,CCCCC[S+]1CCCC1
23999,Cl[Fe-2](Cl)(Cl)Cl
23135,O=[N+]([O-])[C@]1(O)CCCC[C@]1(O)[N+](=O)[O-]
20440,CCCCCCCCCC(=O)[O-]
20404,c1ccc(C[NH2+]Cc2ccccc2)cc1
37519,C=C[C@H]1C[N@+]2(C)CC[C@H]1C[C@@H]2[C@H](O)c1ccnc2ccc(OC)cc12
2614,CCCCCCCOc1ccc(/N=[N+](\[O-])c2ccc(OCCCCCCC)cc2)cc1
40578,Cc1ccccc1OCC(=O)[O-]
36243,O=[N+]([O-])c1cc([N+](=O)[O-])c(NCCCCNc2c([N+](=O)[O-])cc([N+](=O)[O-])cc2[N+](=O)[O-])c([N+](=O)[O-])c1
30808,O=[N+]([O-])c1ccc(N(c2ccccc2)c2ccc([N+](=O)[O-])cc2)cc1
15029,CCCCCCCCOC(=O)c1c([N+](=O)[O-])cc([N+](=O)[O-])cc1[N+](=O)[O-]
39187,FC(F)(F)C(F)(F)C(F)(F)C(F)(F)C(F)(F)C(F)(F)C(F)(F)C(F)(F)CCSCCCn1cc[n+](CCCSCCC(F)(F)C(F)(F)C(F)(F)C(F)(F)C(F)(F)C(F)(F)C(F)(F)C(F)(F)F)c1
38123,COc1cc(OC)cc(C(=O)[O-])c1
29751,CCCCCCCC[N+](C)(C)CCCCCCCCCCCC[N+](C)(C)CCCCCCCC
23846,CC(C)(C)C(=O)[O-]
33638,Nc1ncnc2nc[n-]c12
37936,C[C@H](c1ccccc1)[N+](C)(C)C
25606,Cn1cc[n+](CCCC[n+]2ccn(C)c2)c1
38294,O=C([O-])c1cc(C(=O)[O-])cc(C(=O)[O-])c1
26478,O=C([O-])CC(O)C(=O)[O-]
20264,O=C([O-])n1[nH]c(=O)nc1[N+](=O)[O-]
31733,CCCCCCCCCc1cccc[n+]1CC
36688,CCOP(=S)(OCC)SCCCCCCCCCCCC[n+]1ccn(C)c1
24901,COCC[N+]1(C)CCCCC1
10094,CN(c1ccc(S(C)(=O)=O)cc1)[N+](=O)[O-]
24787,O=S(=O)([O-])c1ccc2c(S(=O)(=O)[O-])cccc2c1
36479,O=P([O-])([O-])O[C@@H]1[C@@H](OP(=O)(O)O)[C@H](OP(=O)(O)O)[C@@H](OP(=O)(O)O)[C@H](OP(=O)([O-])O)[C@@H]1OP(=O)([O-])[O-]
19310,[F-]
41072,CC[N+]1(CCC[N+]2(CC)CCS(=O)(=O)CC2)CCOCC1
28790,CCCCCCCC[n+]1ccn(CCCB(O)O)c1
41528,Cc1cc(C#N)c(Nc2ccccc2[N+](=O)[O-])s1
37345,CCCCCCCCCCCCCCCCCC[N+]1(C)CCCC1
35402,CCOCC[n+]1cccc(C)c1
14743,Nc1cc([N+](=O)[O-])c2ccccc2c1
31799,CCOCC[N+]1(C)CCCC1
23502,CCCC[N+](CCCC)(CCCC)Cc1ccccc1
41293,OC[C@H]1O[C@@H](Oc2cc3c(O)cc(O)cc3[o+]c2-c2cc(O)c(O)c(O)c2)[C@H](O)[C@@H](O)[C@@H]1O
23750,I[I-]I
36991,O=[Mo](=O)([O-])O[Mo](=O)(=O)[O-]
20430,[Zn+2]
10146,Nc1ccc(Br)c([N+](=O)[O-])c1
35897,C=CC[N+](C)(C)CCO
2613,O=[N+]([O-])c1c(Cl)c([N+](=O)[O-])c(Cl)c([N+](=O)[O-])c1Cl
31189,C[NH2+]Cc1ccccc1
9714,CC(O[N+](=O)[O-])C(C)O[N+](=O)[O-]
11154,O=[N+]([O-])N1CC([N+](=O)[O-])([N+](=O)[O-])C1
38724,COc1cc(C=CC(=O)[O-])cc(OC)c1O
34070,CC[C@H](C)[C@H](/N=C/c1ccccc1O)C(=O)[O-]
29688,C[N+](C)(CCO)Cc1ccccc1
34369,CCCCCCCCCCCC[n+]1ccn(CC)c1
23976,CCS(=O)(=O)CCn1cc[n+](C)c1
10449,CC(=NO)c1ccc2c3c(ccc([N+](=O)[O-])c13)CC2
23543,[Pb+4]
23582,O=C([O-])CCl
19336,CCCCCn1cc[n+](Cc2ccccc2)c1C
9599,O=[N+]([O-])c1ccc2c([N+](=O)[O-])cccc2c1[N+](=O)[O-]
7219,CCCN(CCC)c1c([N+](=O)[O-])cc(C(F)(F)F)cc1[N+](=O)[O-]
36744,O=C(NCCO[N+](=O)[O-])c1cccnc1
4091,CC(C)CO[N+](=O)[O-]
10711,[N-]=[N+]=NCC(c1cc(C(CN=[N+]=[N-])([N+](=O)[O-])[N+](=O)[O-])cc(C(CN=[N+]=[N-])([N+](=O)[O-])[N+](=O)[O-])c1)([N+](=O)[O-])[N+](=O)[O-]
1500,[N-]=[N+]=Nc1ccc([N+](=O)[O-])cc1
4693,CN(C)c1ccccc1[N+](=O)[O-]
36909,CC[N+]1(C)CCN(C)CC1
40497,C[N+]1(CCCC[N+]2(C)CCOCC2)CCOCC1
27084,C[n+]1ccn(CCCCCCCCn2cc[n+](C)c2)c1
13624,C[N+]1([O-])CCOCC1
17825,CC(C)C(C)C[N+](=O)[O-]
4532,CC(C)(C)[N+](=O)[O-]
31415,O=[N+]([O-])OC12CC3CC(C1)CC(O[N+](=O)[O-])(C3)C2
38650,C[C@H]1c2cc(c(O)c(CS(=O)(=O)[O-])c2O)[C@@H](C)c2cc(c(O)c(CS(=O)(=O)[O-])c2O)[C@@H](C)c2cc(c(O)c(CS(=O)(=O)[O-])c2O)[C@@H](C)c2cc1c(O)c(CS(=O)(=O)[O-])c2O
35972,CCCOCC[n+]1ccccc1
4292,O=[N+]([O-])c1cccc([N+](=O)[O-])c1O
21987,O=[N+]([O-])N(CC([N+](=O)[O-])([N+](=O)[O-])[N+](=O)[O-])CC([N+](=O)[O-])([N+](=O)[O-])[N+](=O)[O-]
23799,[N-]=[N+]=NCC[n+]1cn(N)cn1
40573,N#C[BH2-]C#N
21924,CC(CCC(=O)OCC([N+](=O)[O-])([N+](=O)[O-])[N+](=O)[O-])([N+](=O)[O-])[N+](=O)[O-]
31640,c1c[n-]nn1
24836,C[N+](C)(C)CCCl
19074,CCOC(=O)C=C(O)c1ccc([N+](=O)[O-])cc1
34103,Br[Pb-](Br)Br
32245,O=c1[nH]c2ccc([N+](=O)[O-])cc2[nH]1
11472,[C-]#[N+]CCCCC
30575,[Sb+5]
9845,O=[N+]([O-])N(CCl)CN(CN(CCl)[N+](=O)[O-])[N+](=O)[O-]
31108,CCCCCCCCCCCC[NH+](CCCCCCCCCCCC)CCCCCCCCCCCC
181,O=[N+]([O-])c1ccc([N+](=O)[O-])cc1
7969,O=[N+]([O-])c1cc([N+](=O)[O-])c(-c2cc(-c3c([N+](=O)[O-])cc([N+](=O)[O-])cc3[N+](=O)[O-])c([N+](=O)[O-])cc2[N+](=O)[O-])c([N+](=O)[O-])c1
26875,O=C([O-])C(Cl)(Cl)Cl
21229,O=[N+]([O-])c1cc2no[n+]([O-])c2cc1[N+](=O)[O-]
20162,C=CC[n+]1ccn(C)c1
34100,CCc1ncc[n-]1
38192,COc1ccc2c(c1)[NH2+]c1c-2cc[n+]([O-])c1C
31643,c1ccc2[n-]cnc2c1
9983,CCCN=[N+]([O-])CCC
33576,O=C([O-])CS
20448,CC(C)(C)c1cccc(C(C)(C)C)c1[O-]
39190,FC(F)(F)C(F)(F)C(F)(F)C(F)(F)C(F)(F)C(F)(F)C(F)(F)C(F)(F)CCSCCC[n+]1ccn(CCn2cc[n+](CCCSCCC(F)(F)C(F)(F)C(F)(F)C(F)(F)C(F)(F)C(F)(F)C(F)(F)C(F)(F)F)c2)c1
33862,CCCC[N+](CCCC)(CCCC)CCCCS(=O)(=O)[O-]
33987,CCCCCC[N+](CCCCCC)(CCCCCC)CCCCS(=O)(=O)[O-]
20167,[Cu+]
19365,CCCCCCCOC[n+]1ccn(C)c1
37821,O=C([O-])c1ccc(C(=O)O)cc1
32939,COc1ccc2nc([S@@](=O)Cc3ncc(C)c(OC)c3C)[n-]c2c1
21411,CCCN(CCC)[N+](=O)[O-]
19413,C[n+]1ccn(CCO)c1
23604,O=C([O-])C1CCCCC1
27805,CC(C)(C)c1cc2c(OP(=O)([O-])O)c(c1)Cc1cc(C(C)(C)C)cc(c1OP(=O)([O-])O)Cc1cc(C(C)(C)C)cc(c1OP(=O)([O-])O)Cc1cc(C(C)(C)C)cc(c1OP(=O)([O-])O)C2
34123,CCCCCC[N+](C)(CCO)CCO
40710,CCCCCCCC[N+](C)(C)CCN=[N+]=[N-]
13363,Nc1cccc2c([N+](=O)[O-])cccc12
36176,C[N+]1(CCCC[N+]2(C)[C@@H]3CC[C@@H]2CC(O)C3)[C@H]2CC[C@H]1CC(O)C2
29365,O=C1CCC[NH2+]1
4665,O=[N+]([O-])c1cccc2cccnc12
1502,[N-]=[N+]=NCCO
22538,CCCCCCCCCCCCOc1ccc(/N=[N+](\[O-])c2ccc(OCCCCCCCCCCCC)cc2)cc1
20416,[O-2]
25800,[Ca+]
35515,CCOCCOCCn1cc[n+](C(CC)CC)c1
26731,CCCCCCCCCC[N+](C)(C)CCCCCCCCCC
20449,CN1N=N[NH+](N)C1N
41107,CCN(CC)c1c(N(CC)CC)[c+]1N[C@@H](C)C(=O)O
39356,CCCOC[N+](C)(C)CCO
21228,[N-]=[N+]=Nc1ccccc1N=Nc1ccccc1N=[N+]=[N-]
37510,CCC[n+]1ccn(CCn2cc[n+](C)c2)c1
30481,C[N+](C)([O-])C1CCCCC1
30003,O=[N+]([O-])NC1=NCCN1
20333,O=C([O-])[O-]
29102,CCCCn1cc[n+](CCCS(=O)(=O)O)c1
6978,O=[N+]([O-])CC(F)(F)F
38548,CC(C)(C)[N+]([O-])=[N+]([O-])C(C)(C)C
36634,CCCC[N+](CC)=C(N(C)C)N(C)C
22232,O=[N+]([O-])F
37885,F[B-](F)(F)c1cccc(C(F)(F)F)c1
19204,CC=C(CCCCC)[N+](=O)[O-]
39875,O=[N+]([O-])O[C@H]1O[C@@H]2[C@@H](O[N+](=O)[O-])O[C@@H]3[C@@H](O[N+](=O)[O-])O[C@H]1C23[N+](=O)[O-]
13659,C=COc1ccc([N+](=O)[O-])cc1
15340,COc1ccc(C(C)O)cc1[N+](=O)[O-]
12477,O=[N+]([O-])N1CCN([N+](=O)[O-])CC1
25402,Cc1ccc(C)c(S(=O)(=O)[O-])c1
39379,CCCCCCCOC[N+](C)(C)CCOC(C)=O
23607,[NH3+]CCCCCCCC[NH3+]
29632,CC(=O)Nc1ccncc1NS(=O)(=O)c1ccc([N+](=O)[O-])cc1
26588,[C-]#[N+]C12CCC(CC1)C2
39193,FC(F)(F)C(F)(F)C(F)(F)C(F)(F)C(F)(F)C(F)(F)C(F)(F)C(F)(F)CCSCCC[n+]1ccn(CCCCCCCCCCn2cc[n+](CCCSCCC(F)(F)C(F)(F)C(F)(F)C(F)(F)C(F)(F)C(F)(F)C(F)(F)C(F)(F)F)c2)c1
23538,CC[N+](CC)(CC)CCCCCC[N+](CC)(CC)CC
35279,COC(=O)C1=C(C)NC(C)=C(C(=O)OCC(C)C)C1c1ccccc1[N+](=O)[O-]
5512,CCN(CC)[N+](=O)[O-]
39817,OCc1cc[nH+]cc1
2193,O=[N+]([O-])CCCC([N+](=O)[O-])([N+](=O)[O-])[N+](=O)[O-]
22363,COc1ccc2no[n+]([O-])c2c1
39224,O=C1NC(c2cccc([N+](=O)[O-])c2)Nc2ccccc21
28471,CCCCC[n+]1cccc(C)c1
11474,CCN(C)[N+](=O)[O-]
2363,O=[N+]([O-])c1ccc(NNc2ccc([N+](=O)[O-])cc2)cc1
20348,CCCCCCCCCCCCCCCCC(CCCCCCCCCCCCCCCC)c1cc[n+](C)cc1
35974,COCCC[n+]1ccccc1
9396,Cc1ccc([N+](=O)[O-])c(N)c1
4620,Cc1c([N+](=O)[O-])c(C)c([N+](=O)[O-])c(C)c1[N+](=O)[O-]
41310,Nc1ccc(Br)cc1[N+](=O)[O-]
29609,O=S(=O)([O-])NC1CCCCC1
4542,CC(C)([N+](=O)[O-])[N+](=O)[O-]
41077,CCCCN[c+]1c(N(CC)CC)c1N(CC)CC
30399,CCCCCn1cc[n+](CCCCC)c1
28369,O=P([O-])(O)P(=O)([O-])O
36284,OCC[NH2+]c1ccccc1
3990,Cc1cc([N+](=O)[O-])cc([N+](=O)[O-])c1O
27392,CCCCCCCCCCCCCCC[NH3+]
39181,Cn1cc[n+](CCCSCCC(F)(F)C(F)(F)C(F)(F)C(F)(F)C(F)(F)C(F)(F)C(F)(F)C(F)(F)F)c1
39284,CN1CCc2cc([N+](=O)[O-])ccc21
28724,CC1=C(C(=O)OCCCC2CCCCC2)C(c2ncc([N+](=O)[O-])n2C)C(C(=O)OCCCC2CCCCC2)=C(C)N1
3401,O=[N+]([O-])C1=[N+]([O-])OCC1
35574,CCCn1cc[n+](CO[C@@H]2C[C@H](C)CC[C@H]2C(C)C)c1
26780,O=[N+]([O-])c1ccc(O)cc1O
10042,O=[N+]([O-])c1cc([N+](=O)[O-])c(N=Nc2ccccc2)c([N+](=O)[O-])c1
39537,O=C([O-])c1ccccc1Br
27408,CCCCCCCCCCCCOCC(O)C[N+](C)(C)C
20398,C1CC[N+]2(C1)CCCC2
23730,CCCC[Sn+2]CCCC
20450,[Er+3]
40435,O=[N+]([O-])c1cc[nH]n1
27899,CO/N=C(\C(=O)N[C@@H]1C(=O)N2C(C(=O)[O-])=C(CSc3nc(=O)c(=O)[n-]n3C)CS[C@H]12)c1csc(N)n1
22676,O=[N+]([O-])c1cc([N+](=O)[O-])c(I)c([N+](=O)[O-])c1
34064,CSCC[C@H](/N=C/c1ccccc1)C(=O)[O-]
9685,CC(O)C[N+](=O)[O-]
36689,CCOP(=S)(OCC)SCCCCC[N+](C)(C)C
28475,CCCCCCCCC[n+]1cccc(C)c1
39077,O=C([O-])C(O)C(O)C(=O)O
26641,O=C([O-])CCCc1ccccc1
6002,O=[N+]([O-])c1c(O)c(Cl)cc(Cl)c1Cl
40466,CCCCCCCCCCCCCCOC(=O)CC(O)C[N+](C)(C)C
30416,CCCCCCCCCCCC[N+](C)(C)CC[N+](C)(C)CCCCCCCCCCCC
35265,[N-]=[N+]=NF
7097,Cc1cc(C)c(C#[N+][O-])c(C)c1
36995,O=[Mo](=O)([O-])O[Mo](=O)(=O)O[Mo](=O)(=O)O[Mo](=O)(=O)O[Mo](=O)(=O)[O-]
32137,COCC[N+](C)(C)C
39628,Cc1[nH]cc[nH+]1
21426,O=[N+]([O-])c1cc([N+](=O)[O-])c2no[n+]([O-])c2c1
27428,CCCCCCCC/C=C/CCCCCCCC[n+]1ccn(C)c1
22749,O=[N+]([O-])OC[C@@H](O[N+](=O)[O-])[C@@H](O[N+](=O)[O-])[C@H](O)[C@@H](CO[N+](=O)[O-])O[N+](=O)[O-]
13154,CCCCCCCC/C=C\CCCCCCCC(=O)[O-]
33522,O=[N+]([O-])OO
37887,Fc1cccc([B-](F)(F)F)c1
9942,O=[N+]([O-])c1cc(I)c(O)c([N+](=O)[O-])c1
31621,O=C([O-])C(F)(F)C(F)(F)C(F)(F)C(F)(F)F
33625,C[C@H](CCC(=O)[O-])[C@H]1CC[C@H]2[C@@H]3C[C@H](O)[C@@H]4C[C@H](O)CC[C@]4(C)[C@H]3CC[C@@]21C
38252,Nc1ccc(O)cc1[N+](=O)[O-]
27347,O=[N+]([O-])C1CC=CCC1
21414,O=[N+]([O-])c1cc([N+](=O)[O-])c(Br)c([N+](=O)[O-])c1
31283,COC(=O)c1ccc([N+](=O)[O-])cc1
23601,[NH3+]CCCCCCCCCC[NH3+]
40388,CCCCCCCCCCCCNC(=O)C[n+]1ccn(C)c1
35834,Cc1onc(-c2ccccc2Cl)c1C(=O)N[C@@H]1C(=O)N2[C@@H](C(=O)[O-])C(C)(C)S[C@H]12
23905,O=[N+]([O-])c1nn[nH]n1
4664,O=[N+]([O-])c1cccc2ncccc12
5569,Nc1ccc(/N=N/c2ccc([N+](=O)[O-])cc2)cc1
2017,CC(CNCC(C)([N+](=O)[O-])[N+](=O)[O-])([N+](=O)[O-])[N+](=O)[O-]
40636,Cc1ccc(C2C(C#N)=C(N)OC3=C2C(=O)CC(C)(C)C3)cc1[N+](=O)[O-]
37117,CCCCCCCCCCn1c(-c2cscn2)[n+](C)c2ccccc21
37893,N#Cc1ccc([B-](F)(F)F)cc1
23530,C[n+]1ccc(-c2cc[n+](C)cc2)cc1
20402,[Gd+3]
40885,O=S(=O)(c1ccccc1)c1ccc([P+](c2ccccc2)(c2ccccc2)c2ccccc2)cc1
30210,CCN([N+](=O)[O-])[N+](=O)[O-]
11521,CCCCCCO[N+](=O)[O-]
40556,[N-]=[N+]=NCC1CN([N+](=O)[O-])C(CN=[N+]=[N-])O1
35774,CCCCCCC[S+]1CCCC1
9752,CN(c1ccccc1)[N+](=O)[O-]
36826,c1ccc(OCC[n+]2ccccn2)cc1
20340,[Na+]
31505,Cc1ccc(S(=O)(=O)[O-])cc1Cl
7806,O=[N+]([O-])c1c(Cl)c(Cl)cc(Cl)c1Cl
33501,O=C([O-])/C=C/c1ccccc1
26992,C[n+]1ccn(CCCCCCO)c1
41299,COc1cc(-c2[o+]c3cc(O)cc(O)c3cc2O[C@@H]2O[C@H](CO)[C@@H](O)[C@H](O)[C@H]2O)cc(OC)c1O
40024,COCCOCC(COCCOC)n1cc[n+](C)c1
20304,CCCCCCCCCCCCCCCC[n+]1ccccc1
30034,CN(C(=O)N(C)[N+](=O)[O-])[N+](=O)[O-]
38846,CCOC(=O)C(C#N)=Cc1ccc(-c2ccc(C)c([N+](=O)[O-])c2)o1
20384,c1ccc2[nH+]cccc2c1
29086,NC(=O)c1ccccc1[N+](=O)[O-]
36258,C[NH+]1CCOCC1
20401,CCCCCCOCc1[nH]cc[n+]1C
29356,c1c[n-]cn1
29006,CCCC[n+]1ccc(C#N)cc1
20481,O=C([O-])[C@H](O)[C@@H](O)C(=O)[O-]
20353,CC[NH+](CC)c1ccccc1
23208,CCCCCCCCC(=O)[O-]
36187,Cn1c2c(c(=O)n(C)c1=O)C(c1cccc([N+](=O)[O-])c1)C1=C(CCCC1=O)N2
32189,CCCCCCCCCCCCCCCCn1cc[n+](C)c1C
32522,CCCCn1cc[n+](C)c1COCOCCOC
35236,[C-]#[N+]C=C=C
33543,O=[N+]([O-])c1ccc(NCCO)cc1
33582,CCCCCCCCC[NH+](CCO)CC(C)O
19356,CCCC[N+](C)(C)CCC
10353,O=[N+]([O-])N(COCC(F)([N+](=O)[O-])[N+](=O)[O-])CN(CN(COCC(F)([N+](=O)[O-])[N+](=O)[O-])[N+](=O)[O-])[N+](=O)[O-]
297,CC(=O)C[N+](=O)[O-]
1265,O=C(O)c1cc[n+]([O-])cc1
24294,CCCCCCCCCCCCCCCC[N+](C)(C)CCCCC[N+](C)(C)CCCCCCCCCCCCCCCC
13716,O=[N+]([O-])c1ccc(N2CCN(c3ccc([N+](=O)[O-])cc3)CC2)cc1
26461,CCCCCCCCCCCC[N+](C)(CCO)CCO
22939,O=[N+]([O-])c1cc([N+](=O)[O-])c(NNc2ccccc2)c([N+](=O)[O-])c1
31477,CCCCCCCCCC[N+](CC)(CC)CCCCCCCCCC
17274,CCC(C)N(C(=O)OC)[N+](=O)[O-]
19284,[O-][Cl+3]([O-])([O-])[O-]
19227,CC=C(CCCCCC)[N+](=O)[O-]
39591,CC(=O)NCC(=O)[O-]
3846,O=[N+]([O-])c1cc([N+](=O)[O-])c(-n2nnc3cc([N+](=O)[O-])cc([N+](=O)[O-])c32)c([N+](=O)[O-])c1
29814,COCCOCCn1cc[n+](C)c1
35009,O=C([O-])C(O)c1ccccc1
23862,Cn1nnnc1N[N+](=O)[O-]
3263,CCCCC([N+](=O)[O-])[N+](=O)[O-]
23924,CC(C)(C)[C@H]1CC[C@@H](C(=O)[O-])CC1
9827,O=[N+]([O-])c1cc([N+](=O)[O-])c([N+](=O)[O-])c([N+](=O)[O-])c1Cl
33640,[HgH+]
31940,CCCC[n+]1c[nH]c2ccccc21
18621,CCCC=C(CCC)[N+](=O)[O-]
21687,CCCCCCCCCOc1ccc(N=[N+]([O-])c2ccc(OCCCCCCCCC)cc2)cc1
35575,CCCCn1cc[n+](CO[C@@H]2C[C@H](C)CC[C@H]2C(C)C)c1
28725,CC1=C(C(=O)OCCC2CCCCC2)C(c2ncc([N+](=O)[O-])n2C)C(C(=O)OCCC2CCCCC2)=C(C)N1
10092,CN(c1ccc(Br)cc1)[N+](=O)[O-]
39534,CCCCCCCCCCCC[N+](C)(C)CCC(=O)[O-]
28553,CCCCCCCCCCCC[N+]([O-])(CCO)CCO
24793,Cc1ccc(C)n1-c1ccc([N+](=O)[O-])cc1
24412,O=[N+]([O-])c1cccc2nsnc12
24998,Cc1nnc(SCC2=C(C(=O)[O-])N3C(=O)[C@@H](NC(=O)Cn4cnnn4)[C@H]3SC2)s1
35577,CCCCCCn1cc[n+](CO[C@@H]2C[C@H](C)CC[C@H]2C(C)C)c1
20262,Cc1cc(C)[nH+]c(C)c1
28727,CC1=C(C(=O)OC2CCCCC2)C(c2ncc([N+](=O)[O-])n2C)C(C(=O)OC2CCCCC2)=C(C)N1
35511,C=CCn1cc[n+](CC)c1
31208,[N-]=[N+]=NCCN1CCCC1
32426,CCCC[N+](C)(C)C(C)C
39122,NC(=O)c1cncc[nH+]1
8167,O=[N+]([O-])OF
9609,O=C(O)c1cc([N+](=O)[O-])c(F)c([N+](=O)[O-])c1
26299,O=C1NC(c2ccccc2)(c2ccccc2)C(=O)N1Cc1ccc([N+](=O)[O-])cc1
855,O=[N+]([O-])C1CCCCC1
20327,[Ru+3]
36531,CC[NH+](CC)CCCO
23549,[Pb+2]
33581,CCCCCCCCCCCCCCCC[NH+](CCO)CC(C)O
3978,O=C1CCC(=O)N1[N+](=O)[O-]
19446,CCCCCCOCn1cc[n+](C)c1
10327,CCCCCCCc1ccc(OC(=O)c2ccc(OC(=O)c3ccc([N+](=O)[O-])cc3)cc2)cc1
20339,[Eu+3]
4468,O=[N+]([O-])c1ccc[nH]1
20482,CCCCCC[N+](CCCCCC)(CCCCCC)CCCCCC
20443,CCCCCC[N+](C)(C)CCO
30851,COC(C)C[NH3+]
39101,C=Cn1cc[n+](CCCCCCCCCCCC)c1
19447,Cc1[nH]c(C)c(C)[nH+]1
36804,Cc1cccc[n+]1CCOc1ccccc1
40970,O=S(=O)([O-])c1ccccn1
29478,O=C1O[B-]2(OC(=O)c3ccccc3O2)Oc2ccccc21
39688,CC([NH3+])C(=O)O
20358,[N-]=[N+]=[N-]
20008,CCOC(=O)CCC(C)([N+](=O)[O-])[N+](=O)[O-]
20490,C[n+]1ccn(CCC(F)(F)C(F)(F)C(F)(F)C(F)(F)C(F)(F)C(F)(F)F)c1
36467,Cc1n[nH]c(/N=N/c2c(C)[nH]c3ccccc23)c1/N=N/c1cccc([N+](=O)[O-])c1
9449,O=[N+]([O-])CC(O)C(Cl)(Cl)Cl
36635,CN(C)C(N(C)C)=[N+]1CCCCC1
21417,O=[N+]([O-])c1ccc(N(c2ccccc2)c2ccccc2)cc1
23949,CCCC[N+](CC)(CCCC)CCCC
10476,O=[N+]([O-])c1cccc(-c2ccc([N+](=O)[O-])cc2[N+](=O)[O-])c1
20161,CCC(C)[O-]
31681,CCC(Cl)[N+](=O)[O-]
19205,CCCCCC=C(C)[N+](=O)[O-]
10008,O=[N+]([O-])c1c(Cl)cc(Cl)cc1Cl
29473,CCCCCC[P+](CCCCCC)(CCCCCC)CC(C)C
10358,O=[N+]([O-])C1([N+](=O)[O-])COC1
22018,CCCCCCC(O)(O[N+](=O)[O-])C(O)O[N+](=O)[O-]
23916,CC(C)[C@H]1OC[C@@H]([S+](C)C)CO1
30322,CCCCCCCCCCCCCCOC[n+]1ccn(C)c1
5476,Cc1ccc([N+](=O)[O-])c(O)c1
39992,CCCCCCCCCCCCCCCC[N+](C)(C)CCOCCO
34576,CCCC[n+]1cc(C)n(C)c1
23787,Cn1cn[n+](CCN=[N+]=[N-])c1
199,Cc1cc[n+]([O-])cc1
33151,C[S-]
30487,[O-][N+](=Cc1ccccc1)c1ccccc1
39580,Nc1cc[n-]n1
36149,O=C(O)Cn1cc[n+](CC(=O)O)c1
9856,O=[N+]([O-])OCC(COCC(CO[N+](=O)[O-])(CO[N+](=O)[O-])CO[N+](=O)[O-])(CO[N+](=O)[O-])CO[N+](=O)[O-]
26737,[Yb+]
31727,CC[B-]1(CC)n2ccc[n+]2[B-](CC)(CC)n2ccc[n+]21
34599,O=[N+]([O-])c1ccn([N+](=O)[O-])n1
10262,CCCCCCCCCCCCCCOc1ccc(C(=O)Oc2ccc([N+](=O)[O-])cc2)cc1
32502,N#Cc1nc[n-]c1C#N
22730,Cc1cc(C)c2c(c1)no[n+]2[O-]
22818,[N-]=[N+]=NCC(=O)OCC(CN=[N+]=[N-])(CN=[N+]=[N-])COC(=O)CN=[N+]=[N-]
37395,CCCCCCCCCC[P+](CCCC)(CCCC)CCCC
36184,Cn1c2c(c(=O)n(C)c1=O)C(c1cccc([N+](=O)[O-])c1)C1=C(CC(C)(C)CC1=O)N2
5054,CCCO[N+](=O)[O-]
30273,O=C([O-])c1cccc(C(=O)[O-])c1
37286,CCCCCC[n+]1cn(C)cc1C
8342,O=[N+]([O-])[N+](=O)[O-]
20421,O=[N+]([O-])C1=CC([N+](=O)[O-])=C2NO[N+]([O-])=C2C1[O-]
33134,[NH3+]CC(=O)O
36691,CCOP(=S)(OCC)SCCCCCCCCCCCC[n+]1ccn(C)c1C
37816,CCCCCCCCCCCC[NH2+]C
35458,Cc1c([N+](=O)[O-])cc2c(c1[N+](=O)[O-])C(C)(C)CC2(C)C
4610,O=[N+]([O-])c1c(Cl)cccc1Cl
41344,CC12C3C4C5C6C1[Ru+]546321789C2C1C7C8C29
6176,O=[N+]([O-])c1cc(Cl)ccc1O
10540,O=C1N([N+](=O)[O-])CN([N+](=O)[O-])CN1[N+](=O)[O-]
24986,C[C@H](CCC(=O)NCC(=O)[O-])[C@H]1CC[C@H]2[C@@H]3CC[C@@H]4C[C@H](O)CC[C@]4(C)[C@H]3C[C@H](O)[C@@]21C
32845,CO[C@@]1(NC(=O)CSCC#N)C(=O)N2C(C(=O)[O-])=C(CSc3nnnn3C)CS[C@@H]21
32264,Cc1ccc(C)c(C(C#N)=Cc2ccc([N+](=O)[O-])cc2)c1
31612,[241Am+4]
20326,CC[N+](CC)(CC)C(C)C
12385,O=[N+]([O-])N(CCC([N+](=O)[O-])([N+](=O)[O-])[N+](=O)[O-])CC(F)([N+](=O)[O-])[N+](=O)[O-]
4688,O=[N+]([O-])c1cccs1
29447,CCCCCCC[N+]1(C)CCCC1
26275,Cc1c([N+](=O)[O-])c(N)c([N+](=O)[O-])c(N)c1[N+](=O)[O-]
34165,CCO/N=[N+](\[O-])C/[N+]([O-])=N/OCC
29619,[Mn+4]
20504,O=[Zr]([O-])[O-]
19323,N#C[C-](C#N)C#N
532,Cc1c[n+]([O-])ccc1[N+](=O)[O-]
4383,C=Cc1cccc([N+](=O)[O-])c1
22270,O=[N+]([O-])C(F)(COC(F)(F)OCC(F)([N+](=O)[O-])[N+](=O)[O-])[N+](=O)[O-]
3382,CC(C)(C)c1cc(C(C)(C)C)c([N+](=O)[O-])c(C(C)(C)C)c1
40478,CCCCCCCCOc1cc(C(=O)[O-])cc(OCCCCCCCC)c1OCCCCCCCC
36298,COc1cccc(CCc2ccccc2OCC(C[NH+](C)C)OC(=O)CCC(=O)O)c1
32073,O=S(=O)([O-])CC(O)CNC(CO)(CO)CO
13949,CC1CCC(C)([N+](=O)[O-])CC1
20476,CC(=O)[CH-]C(=O)c1ccccc1
36620,CN(Cc1cnc2nc(N)nc(N)c2n1)c1ccc(C(=O)N[C@@H](CCC(=O)O)C(=O)[O-])cc1
39642,O=S(=O)([O-])CCN1CCN(CCO)CC1
29860,C[N+](C)(C)CCCC(=O)O
22681,O=[N+]([O-])c1cc([N+](=O)[O-])c2[nH]c3c([N+](=O)[O-])cc([N+](=O)[O-])cc3c2c1
38604,CC12CC3CC(C)(C1)CC(NS(=O)(=O)c1ccc([N+](=O)[O-])cc1)(C3)C2
20179,CCCCCCCCCCCCCCCC[NH3+]
20393,Cc1n(C)cc[n+]1CCO
19370,CCCCCCCCCCCOC[n+]1ccn(CCCCCC)c1
29017,Cc1cc(N)ccc1S(=O)(=O)Nc1ccccc1[N+](=O)[O-]
36647,CCCCCCC[N+]1(C)CCCCC1
32471,c1ccc(N2CC[NH2+]CC2)cc1
32649,CCCCCCCCCCCCCC[N+](C)(C)CC(O)COCCCCCCCCCC
38543,O=[N+]([O-])c1ccc(OC(F)(F)F)cc1
21292,O=[N+]([O-])c1cc([N+](=O)[O-])c(Nc2ccccn2)c([N+](=O)[O-])c1
1045,Cc1ccc([N+](=O)[O-])cc1[N+](=O)[O-]
31553,Nc1ccc(S(=O)(=O)[O-])cc1
5182,Cc1c([N+](=O)[O-])cc([N+](=O)[O-])c(C)c1[N+](=O)[O-]
1709,C=CC(=O)OCC(F)([N+](=O)[O-])[N+](=O)[O-]
24622,O=[N+]([O-])c1ccccc1-n1cccc1
2407,CCCOc1ccc(/N=[N+](\[O-])c2ccc(OCCC)cc2)cc1
31739,CC(C)C[N+]1(C)CCCCC1
39299,Cc1c(CCO)sc[n+]1Cc1ccccc1
28749,Nc1ccc(S(=O)(=O)[O-])c(N)c1
29531,O=P([N-]P(=O)(C(F)(F)C(F)(F)F)C(F)(F)C(F)(F)F)(C(F)(F)C(F)(F)F)C(F)(F)C(F)(F)F
36997,O=[Mo](=O)([O-])O[Mo](=O)(=O)O[Mo](=O)(=O)O[Mo](=O)(=O)O[Mo](=O)(=O)O[Mo](=O)(=O)O[Mo](=O)(=O)[O-]
12598,O=[N+]([O-])c1ccc(N2CCCC2CO)cc1
32135,CC[N+](CC)(CC)CCOC
2587,[O-][N+]1=NC2CCC1CC2
20141,CCCCCCCC[Sn+](CCCCCCCC)CCCCCCCC
32333,N#CC(C#N)=Cc1ccccc1[N+](=O)[O-]
38404,CCOn1cc[n+](OCC)c1
35738,O=S(=O)(O)CCC[n+]1c[nH]c2ccccc21
9630,O=[N+]([O-])OCC(CCl)O[N+](=O)[O-]
35381,C=CCC[n+]1ccn(CC)c1
26470,N[C@@H](CS)C(=O)[O-]
28477,C=CC[n+]1cccc(C)c1
27423,Nc1ccc(Sc2ccc([N+](=O)[O-])cc2)cc1
3641,O=[N+]([O-])C(Br)(Br)Br
36795,CCCC[P+](CCCC)(CCCC)CCCS(=O)(=O)O
28558,O=C([O-])CCP(=O)(O)c1ccccc1
28013,CCN(N=O)c1ccc([N+](=O)[O-])cc1
28927,Cc1cc(O)c(C(=O)N[C@@H](C(=O)N[C@@H]2C(=O)N3C(C(=O)[O-])=C(CSc4nnnn4C)CS[C@H]23)c2ccc(O)cc2)cn1
39201,CC(C)C(N)C(=O)[O-]
22283,CCc1cc(Br)c([N+](=O)[O-])cc1N
19230,CCCC=C(C)[N+](=O)[O-]
36600,I[I+][I-][I-][I-][I+]I
29788,CC[N+](C)(CC)CCO
27546,Cc1c(N(C)[N+](=O)[O-])c([N+](=O)[O-])c([N+](=O)[O-])c([N+](=O)[O-])c1[N+](=O)[O-]
37647,CCC/C=C/C(=O)[O-]
25650,O=[N+]([O-])O[C@@H]1CCC[C@@H](O[N+](=O)[O-])C1
40557,[N-]=[N+]=NCC1CN([N+](=O)[O-])CO1
16050,O=[N+]([O-])Nc1ccc(Br)cc1
41403,CCCCCCCCCCCCCCCCCCOCC(C)OCC(C)OCC(C)OCC(C)OCC(C)OCC(C)OCC(C)OCC(C)OCC(C)OCC(C)OCC(C)OCC(C)OCC(C)OCC(C)OCC(C)OCC(=O)[O-]
19435,CC(C)[n+]1ccn(C)c1
37116,CCCCCCCCCCCCCCCCn1c(-c2cscn2)[n+](C)c2ccccc21
34278,Nc1ccc(C(c2ccccc2)(c2ccccc2)c2ccccc2)cc1[N+](=O)[O-]
28972,CCCCCCCCCCCCc1ccc(S(=O)(=O)[O-])cc1
36839,CCCCCCCCC[N+]1(C)CCOCC1
27951,CCOCC[N+](C)(C)CCC[N+](C)(C)CCOCCOC
19420,C[n+]1ccccc1
9894,[C-]#[N+]C(C)(C)CC
40956,O=[N+]([O-])c1ccc(F)cc1O
29923,O=[Te]([O-])[O-]
6915,Nc1ccc([N+](=O)[O-])cc1C(=O)O
39462,CCCCCCCCCCCCCCCCCC[N+](C)(C)CCCCCC[N+](C)(C)CCCCCCCCCCCCCCCCCC
19285,F[B-](F)(F)F
22194,O=[N+]([O-])c1ccc(-c2c3nc(c(-c4ccc([N+](=O)[O-])cc4)c4ccc([nH]4)c(-c4ccc([N+](=O)[O-])cc4)c4nc(c(-c5ccc([N+](=O)[O-])cc5)c5ccc2[nH]5)C=C4)C=C3)cc1
24507,CN1c2ccccc2C(C)(C)C12C=Cc1cc([N+](=O)[O-])ccc1O2
19396,c1cc[n+](CC[n+]2ccccc2)cc1
29815,COCCOCCOCCn1cc[n+](C)c1C
27662,CC1CCC(C)[P]12c1ccccc1[P]1(C(C)CCC1C)[Rh+]2134C2CCC1C3CCC24
40957,O=[N+]([O-])c1cc(F)ccc1O
37732,Cc1cccc[nH+]1
36646,CCCCCCCCCCCCCCCC[N+]1(C)CCCCC1
23218,CCCCc1c[n+](CCCC)cn1-c1ccccc1
31726,CCCCCCc1cccc[n+]1CC
37285,CCCCCC[n+]1cc(C)n(C)c1
34376,CCCCCCCC[n+]1ccn(CCCC)c1
23969,CC1=NC(N=[N+]=[N-])=N[NH2+]1
30189,Cn1cc[n+](CCCc2ccccc2)c1
36323,CCCC[n+]1ccn([C@H](C)c2ccccc2)c1
8170,COc1ccc2c(c1)no[n+]2[O-]
29804,CC(O)C[N+](CC(C)O)=C(N(C)C)N(C)C
28803,O=S(=O)([O-])C(F)(F)C(F)(F)OC(F)C(F)(F)F
41455,N#C[Se-]
20154,CC[N+](CC)(CC)CC(C)C
34390,CC(C)C[C@H](Nc1ccc([N+](=O)[O-])cc1[N+](=O)[O-])C(=O)O
34577,CCCC[n+]1cn(C)cc1C
23971,[N-]=[N+]=NC1=NC=C[NH2+]1
21671,Cc1cc(C)c([N+](=O)[O-])c(C)c1-c1c(C)cc(C)c([N+](=O)[O-])c1C
35252,[C-]#[Se+]
36024,CCCCCCCCCCCCCCCCSCCC[N+](CCCSCCCCCCCCCCCCCCCC)(CCCSCCCCCCCCCCCCCCCC)CCCSCCCCCCCCCCCCCCCC
41274,C(=C/c1ccccc1)\COCCCC[n+]1ccccc1
19434,CC(C)=C[n+]1ccn(C)c1
27479,CCCCOc1cc(C(=O)NCC[NH+](CC)CC)c2ccccc2n1
29489,C=Cn1cc[n+](CCCC)c1
23855,c1nnn[n-]1
10585,O=[N+]([O-])C1([N+](=O)[O-])CC([N+](=O)[O-])([N+](=O)[O-])C1
13307,CN(C)c1c([N+](=O)[O-])cc([N+](=O)[O-])cc1[N+](=O)[O-]
32178,CC(C)(C)C(=O)[CH-]C(=O)C(F)(F)F
3335,CC(C)([N+](=O)[O-])C(C)(C)[N+](=O)[O-]
10103,O=[N+]([O-])c1cc([N+](=O)[O-])c(NC2CCCCC2)c([N+](=O)[O-])c1
19332,Cl[U-2](Cl)(Cl)(Cl)(Cl)Cl
28349,O=C([O-])c1cccc(C(=O)[O-])n1
23586,Cc1cc(C)c(S(=O)(=O)[O-])c(C)c1
36885,Cn1cc[n+](CCN2CCCCC2)c1
3684,[O-][n+]1onc2ccccc21
26345,O=[N+]([O-])O[C@@H]1C=C[C@@H](O[N+](=O)[O-])[C@@H](O[N+](=O)[O-])[C@@H]1O[N+](=O)[O-]
10584,O=C(O)C1CC([N+](=O)[O-])([N+](=O)[O-])C1
32321,N#CC(C#N)=Cc1ccc([N+](=O)[O-])cc1
35073,O=C([O-])c1ccccn1
13433,COC(=O)C(F)(F)[N+](=O)[O-]
29667,Cn1cc[n+](CC#N)c1
36884,CCN(CC)CC[n+]1ccn(C)c1
32829,CCC[N+](CCC)(CCC)Cc1ccccc1
28772,CC1=C(C(=O)OCCCc2ccc(C)cc2)C(c2ncc([N+](=O)[O-])n2C)C(C(=O)OCCCc2ccc(C)cc2)=C(C)N1
35406,Cc1ccc[n+](CCCO)c1
7996,O=C(OCC(F)([N+](=O)[O-])[N+](=O)[O-])N(CC(F)([N+](=O)[O-])[N+](=O)[O-])CC(F)([N+](=O)[O-])[N+](=O)[O-]
7226,O=[N+]([O-])C(F)(c1ccccc1)[N+](=O)[O-]
31113,O=[U](=O)[O-]
30375,CCCCCCCC[n+]1csc2ccccc21
34568,CCc1n(C)c(C)c[n+]1CC
3657,CCCN(CCC)c1c([N+](=O)[O-])cc(S(C)(=O)=O)cc1[N+](=O)[O-]
41391,CCCCCCCCCCCCCCCCCCOCC(C)OCC(C)OCC(C)OCC(=O)[O-]
25154,CCCCCC[n+]1ccc2ccccc2c1
41494,CCCCCC[P+](CCCCCC)(CCCCCC)CCCSCCC(F)(F)C(F)(F)C(F)(F)C(F)(F)C(F)(F)C(F)(F)C(F)(F)C(F)(F)F
27551,Cc1c([N+](=O)[O-])c([N+](=O)[O-])c(N)c([N+](=O)[O-])c1[N+](=O)[O-]
19397,CCCCCCCCCCCCn1cc[n+](C)c1
9854,O=[N+]([O-])c1cccc2c1-c1cccc3cccc-2c13
33348,O=[Nb+]=O
20195,CCCC[NH3+]
28717,CCOC(=O)[C@@H]([NH3+])Cc1c[nH]c2ccccc12
36858,OC(CCl)CN1CC[N+]2(CC1)CC[N+]1(CCN(CC(O)CCl)CC1)CC2
25468,O=[N+]([O-])c1ccc2[nH]ncc2c1
28771,CC1=C(C(=O)OCCCc2ccccc2)C(c2ncc([N+](=O)[O-])n2C)C(C(=O)OCCCc2ccccc2)=C(C)N1
26838,CC1(C)S[C@@H]2[C@H](NC(=O)[C@H](N)c3ccccc3)C(=O)N2[C@H]1C(=O)[O-]
41048,CCCCCCN(CCCCCC)c1c(N(CCCCCC)CCCCCC)[c+]1N(CCCCCC)CCCCCC
35521,CCCCC[n+]1ccn(CCOCCOCC)c1
20232,CCCC[N+](C)(C)CCO
31828,[U+3]
40689,C[N+]1(C[C@H](O)CO)CCCC1
26494,O=C([O-])c1cccc(S(=O)(=O)O)c1
7348,O=[N+]([O-])c1cc([N+](=O)[O-])c(/N=N/c2c([N+](=O)[O-])cc([N+](=O)[O-])c(-c3c([N+](=O)[O-])cc([N+](=O)[O-])c(/N=N/c4c([N+](=O)[O-])cc([N+](=O)[O-])cc4[N+](=O)[O-])c3[N+](=O)[O-])c2[N+](=O)[O-])c([N+](=O)[O-])c1
24972,CCCCCCCCn1cc[n+](C)c1C
10477,CN(C(=O)c1ccccc1[N+](=O)[O-])[N+](=O)[O-]
36466,Cc1n[nH]c(/N=N/c2c(C)[nH]c3ccccc23)c1/N=N/c1ccccc1[N+](=O)[O-]
10411,O=[N+]([O-])c1c(F)c([N+](=O)[O-])c([N+](=O)[O-])c([N+](=O)[O-])c1Cl
4840,O=[N+]([O-])c1cc(Cl)cc(Cl)c1
28459,Nc1ccn([C@@H]2O[C@H](COP(=O)([O-])[O-])[C@@H](O)[C@H]2O)c(=O)n1
20228,CCCCCCCCCCCC[NH3+]
40258,COC(=O)Cn1cc[n+](C)c1
34866,CCCCCC[n+]1cn(N)cn1
19331,COS(=O)(=O)[O-]
39300,Cn1cc[n+](C)c1Cl
32425,C[N+]1(CCO)CCCC1
29025,CCCCCC[n+]1cc(C)cc(C)c1CCCCC
36756,O=BOP(=O)([O-])O
38484,O=[N+]([O-])c1cn([N+](=O)[O-])nc1-n1cnnn1
6657,CCCCCCCCCCCC[N+](C)(C)[O-]
1926,O=[N+]([O-])c1ccc(Oc2ccc(Cl)cc2Cl)cc1
29214,CCCCCCCCO[PH](=O)[O-]
39351,CCCCCCCCOC[N+](C)(C)CCO
27221,Cl[Nb-](Cl)(Cl)(Cl)(Cl)Cl
7840,O=[N+]([O-])c1ccc(-c2ccc([N+](=O)[O-])cc2)cc1
3811,O=[N+]([O-])NCCN[N+](=O)[O-]
36613,O=C([O-])/C=C/c1ccc(O)cc1
28044,[14CH3]c1c([N+](=O)[O-])cc([N+](=O)[O-])cc1[N+](=O)[O-]
28912,C[N+](C)(C)CCOC(=O)CCC(=O)O
30142,Nc1cccc([N+](=O)[O-])c1[N+](=O)[O-]
31880,NC(=O)C=Cc1ccccc1[N+](=O)[O-]
41215,C[N+](CCO)(CCO)CCOCCO
33387,CCCCCCCCCCCC[N+]1(C)CCCCC1
30505,C=CC[N+]1(C)CCOCC1
32482,CCCCC(CC)CCC(=O)[O-]
15538,CCc1cc(Cl)c(N)cc1[N+](=O)[O-]
6817,O=[N+]([O-])c1ccc(-c2ccccn2)cc1
34196,O=C(c1ccccc1)c1c(-c2cccc([N+](=O)[O-])c2)n[nH]c1-c1ccccc1O
37929,Cc1n(CCCCn2cc[n+](C)c2C)cc[n+]1C
41087,CCCN[c+]1c(N(C)C)c1N(C)C
10722,CN(C(=O)c1cc([N+](=O)[O-])cc([N+](=O)[O-])c1)[N+](=O)[O-]
21304,O=[N+]([O-])C(c1ccccc1)C(O)C(Cl)(Cl)Cl
23768,C[S+](C)C
32339,O=C(O)C=Cc1ccccc1[N+](=O)[O-]
39898,CCCCCCC[N+]12CC[N+](CCCCCCC)(CC1)CC2
29661,O=c1[nH]cnc2c1ncn2[C@@H]1O[C@H](COP(=O)([O-])[O-])[C@@H](O)[C@H]1O
4885,CC(C)C(CO)(CO)[N+](=O)[O-]
35078,CCn1c[n+](C)cn1
22897,CCCCCCCCCCOc1ccc(N=[N+]([O-])c2ccc(OCCCCCCCCCC)cc2)cc1
33712,N#C[Ni-2](C#N)(C#N)C#N
39764,Clc1n[n-]c2ccccc12
20412,O=[Cr](=O)([O-])O[Cr](=O)(=O)[O-]
10231,O=[N+]([O-])c1c2ccccc2c2ccc3cccc4ccc1c2c43
21236,CNC(=N)N[N+](=O)[O-]
2036,O=[N+]([O-])C(Cl)([N+](=O)[O-])[N+](=O)[O-]
15785,Cc1ccc([N+](=O)[O-])c(-c2ccccc2)c1
29770,CCCC[N+]1=C2CCCCCN2CCC1
24917,Cc1ccnc([N-]S(=O)(=O)c2ccc(N)cc2)n1
24057,NC(=O)Cn1cc[n+](CCCCn2cc[n+](CC(N)=O)c2)c1
23499,CC(C)(C[Sn+](CC(C)(C)c1ccccc1)CC(C)(C)c1ccccc1)c1ccccc1
9253,COc1ccc([N+](=O)[O-])cc1N
28769,CC1=C(C(=O)OCCCCc2ccccc2)C(c2ncc([N+](=O)[O-])n2C)C(C(=O)OCCCCc2ccccc2)=C(C)N1
36893,CC[n+]1ccn(CCC(=O)OC)c1
20477,CCCCCCCCCCC[n+]1ccn(C)c1
10593,CCOC(=O)C1(C(=O)OCC)CC(Cl)([N+](=O)[O-])C1
20411,O=C([O-])c1ccccc1C(=O)O
39613,CCCCCCCCCCCC[N+](C)(C)CCCCC[N+](C)(C)CCCCCCCCCCCC
25061,CCCCCCCCCCCCCCCC[N+](C)(CCO)CCO
1069,CC(=O)Nc1cccc([N+](=O)[O-])c1
30616,Cc1cc(C)cc([N+](=O)[O-])c1
12960,CC(CO[N+](=O)[O-])O[N+](=O)[O-]
36409,CC[S+](CC)CCOCCOCC[S+](CC)CC
33052,NC(=O)CCC(=O)[O-]
23803,CC(C)C[N+](C)(CC(C)C)CC(C)C
37284,CCCCCC[n+]1c(C)cn(C)c1CC
40997,CC(Oc1ccc(OC(C)C(=O)[O-])cc1)C(=O)[O-]
33136,O=C(O)[C@@H]1CCC[NH2+]1
9159,CC(C)[C@H]1CO[C@](C)([N+](=O)[O-])OC1
32606,Nc1ccc([N+](=O)[O-])cc1N
2276,COC(=O)C1=C(C)NC(C)=C(C(=O)OC)C1c1ccccc1[N+](=O)[O-]
27545,Cc1c([N+](=O)[O-])c(N(C)[N+](=O)[O-])c([N+](=O)[O-])c([N+](=O)[O-])c1[N+](=O)[O-]
2758,COc1cc(OC)c(C#[N+][O-])c(OC)c1
21775,O=[N+]([O-])C(Cc1ccccc1)[N+](=O)[O-]
24325,CCc1cccc[n+]1CC
32892,[NH3+]c1ccc(O)cc1
23771,CCC(C)C(=O)[O-]
27102,S=C=N[Co-2](N=C=S)(N=C=S)N=C=S
20223,[Sm+2]
180,N#[N+][O-]
20194,C[NH+]1C=CN(CCC(F)(F)C(F)(F)C(F)(F)C(F)(F)F)C1
38092,CCCCCCCCCCCCCCCCCC[NH+](C)C
7013,CCc1c([N+](=O)[O-])cc([N+](=O)[O-])cc1[N+](=O)[O-]
23572,CC[O-]
37478,C=Cc1ccc(C[n+]2ccccc2)cc1
36956,CCCCCn1c[n+](CCCCS(=O)(=O)O)cn1
39090,CCCCn1cc[n+](CCCC[n+]2ccn(CCCC)c2)c1
37928,Cc1n(CCn2cc[n+](C)c2C)cc[n+]1C
5312,Cc1c[n+]([O-])c2ccccc2[n+]1[O-]
36821,Cc1ccc[n+](CCOc2ccccc2)c1
40544,O=[N+]([O-])NC1=NCN([N+](=O)[O-])CN1
27957,CCCCC[N+](C)(C)CCOCC[N+](C)(C)CCC
37937,C[C@@H](c1ccccc1)[N+](C)(C)C
4184,O=Cc1ccc([N+](=O)[O-])cc1
878,O=[N+]([O-])c1cc[n+]([O-])cc1
10521,CCCCC(CO[N+](=O)[O-])O[N+](=O)[O-]
34170,[O-]/[N+](Cc1ccccc1)=N\OCc1ccccc1
35940,CCCCCCCCCCCCC[N+](C)(C)Cc1ccccc1
19441,CCCCCC[n+]1cc(CC)cc(CC)c1CCC
37654,O=C([O-])CCCCCl
31851,CCCCCCCCCCCCn1cc[n+](CCCCCCCCCCCC)c1
3333,O=C(O)c1ccc([N+](=O)[O-])c(Cl)c1
19352,CC[n+]1ccn(CCCn2cc[n+](CC)c2)c1
20231,[Ga+3]
40473,CC[n+]1cscc1C
20314,[Pt+2]
11236,CC=[N+]=[N-]
19328,Cl[Ru-2](Cl)(Cl)(Cl)(Cl)Cl
7015,O=C/C=C/c1ccc([N+](=O)[O-])o1
29488,C=Cn1cc[n+](C(C)C(=O)OCC)c1
24912,CCCCCCCCCCCCCC[N+](C)(C)CCCCC[N+](C)(C)CCCCCCCCCCCCCC
28092,CC(C)[C@H]1OC[C@H](CC[S+](C)C)CO1
30194,[2H]C([2H])([2H])C(=O)[O-]
34330,CCCCCCCCCCCCCCCCCC(=O)NCC[N+](C)(C)CC[N+](C)(C)CCNC(=O)CCCCCCCCCCCCCCCCC
20166,c1ccc([P+](c2ccccc2)(c2ccccc2)c2ccccc2)cc1
33986,CCCCCC[N+](CCCCCC)(CCCCCC)CCCS(=O)(=O)[O-]
20471,O=C([O-])[C@@H](O)[C@@H](O)C(=O)[O-]
34325,CCCCCCCCCCCCCC(=O)NCC[N+](C)(C)CC[N+](C)(C)CCNC(=O)CCCCCCCCCCCCC
24809,CCCCCCN=[N+]=[N-]
37102,N#CS[Cd-2](SC#N)(SC#N)SC#N
41328,CCCC[N+](C)(C)CC12C3C4C5C1[Fe]45321678C2C1C6C7C28
21161,O=[N+]([O-])C(c1ccccc1)[N+](=O)[O-]
38170,[Si+2]
37814,CC(=N[O-])c1ccccc1
4242,CCCC(CO)(CO)[N+](=O)[O-]
10598,O=[N+]([O-])C1([N+](=O)[O-])C2(CCC2)C([N+](=O)[O-])([N+](=O)[O-])C12CCC2
20155,CCCCCCCCCC(=O)OCC[N+](C)(C)COCCCCC
40125,CC[n+]1c(C)cc(C)n1C
19357,Cl[Al-](Cl)(Cl)[Cl+][Al-](Cl)(Cl)Cl
9474,CCCCO[N+](=O)[O-]
34763,CCCC[N+](CCO)(CCO)CCO
39536,COc1ccccc1C(=O)[O-]
35922,CCCCCCCCCCCCCCCC[N+]1(C)CCOCC1
28786,CCCCCCCCCCCC[n+]1ccn(CCCB(O)O)c1
28262,[Er+2]
23842,C[N+](C)(C)CCOC(N)=O
32338,O=C(O)C=Cc1cccc([N+](=O)[O-])c1
30469,CCCCCCCCn1cc[n+](COCCCOC[n+]2ccn(CCCCCCCC)c2C)c1C
318,O=[N+]([O-])/C=C/c1ccccc1
23906,[N-]=[N+]=NCCn1cncn1
40116,CC(F)C(F)(F)C(F)(F)C(F)(F)C(F)(F)[n+]1ccn(C)c1
15539,CCc1cc(Cl)c([N+](=O)[O-])cc1N
31179,C1CCC2=[NH+]CCCN2CC1
40620,C=CCn1cc[n+](C[n+]2ccn(CC=C)c2)c1
24349,CN(C)c1cc[n+](COCC(COC[n+]2ccc(N(C)C)cc2)OC[n+]2ccc(N(C)C)cc2)cc1
31088,O=C1c2c(O)ccc([N+](=O)[O-])c2C(=O)c2c([N+](=O)[O-])ccc(O)c21
34889,CCCCCCC[P+](CCCCCC)(CCCCCC)CCCCCC
11892,O=[N+]([O-])CCC(F)(F)F
30921,O=[N+]([O-])C(CN(CCN(CC([N+](=O)[O-])[N+](=O)[O-])[N+](=O)[O-])[N+](=O)[O-])[N+](=O)[O-]
40635,CC1(C)CC(=O)C2=C(C1)OC(N)=C(C#N)C2c1ccccc1[N+](=O)[O-]
24841,CCCCCCCCCC[N+]1(C)CCCC1
39899,CCCCCCCC[N+]12CC[N+](CCCCCCCC)(CC1)CC2
4816,Cc1cc(C)c([N+](=O)[O-])cc1[N+](=O)[O-]
26764,O=C([O-])CC(=O)O
8190,O=[N+]([O-])c1cccc2ccccc12
36719,CCCCCCCCCCCC(=O)OCCC[n+]1ccn(CCCCn2cc[n+](CCCOC(=O)CCCCCCCCCCC)c2)c1
20312,[Ca+2]
37628,C[N+]1(CCCCCCCCC[N+]2(C)CCOCC2)CCOCC1
32340,O=C(O)C=Cc1ccc([N+](=O)[O-])cc1
24777,CCC[n+]1ccccc1
21384,O=[N+]([O-])OCCCCCCCO[N+](=O)[O-]
9863,CC(C)C(=O)Nc1ccc([N+](=O)[O-])c(C(F)(F)F)c1
37641,CCCCCC=CC(=O)[O-]
37479,C=Cc1ccc(C[n+]2ccn(C)c2)cc1
19454,CCCn1ccc[n+]1C
4598,CC([N+](=O)[O-])[N+](=O)[O-]
38854,O=C(O)C=Cc1ccc(-c2ccc([N+](=O)[O-])cc2)o1
39106,O=[N+]([O-])OCc1nc(-c2noc(CO[N+](=O)[O-])n2)no1
31265,CCC(C)[n+]1ccn(C)c1
39332,C=C[C@H]1C[N@+]2(CCCCCC)CC[C@H]1C[C@H]2[C@H](O)c1ccnc2ccc(OC)cc12
21162,Cc1cc([N+](=O)[O-])ccc1[N+](=O)[O-]
20229,O=C([O-])C(=O)O
10237,CC(C)c1ccc(C(C)C)c(S(=O)(=O)[O-])c1
34803,N#Cc1ccc2[n-]ccc2c1
5992,O=C(O)c1cccc[n+]1[O-]
22686,O=[N+]([O-])c1cc([N+](=O)[O-])c(CCc2c([N+](=O)[O-])cc([N+](=O)[O-])cc2[N+](=O)[O-])c([N+](=O)[O-])c1
19408,CCCCCCCC[N+](CCCC)(CCCC)CCCC
6234,O=[N+]([O-])C([N+](=O)[O-])([N+](=O)[O-])C([N+](=O)[O-])([N+](=O)[O-])[N+](=O)[O-]
28711,CCOC(=O)[C@@H]([NH3+])CC(C)C
29087,NC(=O)c1cccc([N+](=O)[O-])c1
25188,CCCCCCCC[n+]1ccc2ccccc2c1
32424,CC(C)[N+](C)(C)CCO
33343,CCCCCCCCCCCC[N+](CCCCCCCCCCCC)(CCCCCCCCCCCC)CCCCCCCCCCCC
36489,Cc1n[nH]c(/N=N/c2c(-c3ccccc3)[nH]c3ccccc23)c1/N=N/c1ccccc1[N+](=O)[O-]
41082,CCN(CC)c1c(N(CC)CC)[c+]1N
22677,O=Nc1ccc([N+](=O)[O-])cc1
26441,[Ti+3]
36853,O=S(=O)(O)CCCC[NH+]1CCCCCC1
24316,CCC[n+]1ccccc1Oc1ccc(Cl)c[n+]1CCOS(=O)(=O)[O-]
2930,CCN(CCO)c1ccc(N=Nc2ccc([N+](=O)[O-])cc2Cl)cc1
8113,O=[N+]([O-])OCCO[N+](=O)[O-]
19337,Cc1c(C)[n+](C)c(C)n1C
19274,[2H]c1c([2H])[n+](C)c([2H])n1CC
177,CN(C)c1ccc([N+](=O)[O-])cc1
23615,O=C([O-])c1ccc(I)cc1
40101,C[n+]1ccn(CCC#N)c1
3376,CC(CO[N+](=O)[O-])(CO[N+](=O)[O-])[N+](=O)[O-]
40920,CCCC[P+](CCCC)(CCCC)CCC(F)(F)C(F)(F)F
29428,CC[S+](CC)CC
5281,CC(C)c1ccccc1[N+](=O)[O-]
21906,CCCCCCCCCCCCOc1ccc(N=Cc2ccc([N+](=O)[O-])cc2)cc1
23606,[NH3+]c1ccccc1
32572,CC[P+](CC)(CC)COC
30925,O=[N+]([O-])OCCN(c1c([N+](=O)[O-])cc([N+](=O)[O-])cc1[N+](=O)[O-])[N+](=O)[O-]
36174,C[N+]1(CCC[N+]2(C)[C@@H]3CC[C@@H]2CC(O)C3)[C@H]2CC[C@H]1CC(O)C2
37509,CC[n+]1ccn(CCn2cc[n+](C)c2)c1
20414,[Sm+3]
39762,Cc1n[n-]cc1Br
33714,N#C[Ag-]C#N
19428,CCCCC[n+]1ccn(C)c1
24845,C[P+](c1ccccc1)(c1ccccc1)c1ccccc1
35295,[C-]#[N+]C(F)(F)F
41115,CCN(CC)c1c(N(CC)CC)[c+]1N[C@H](C(=O)O)[C@@H](C)O
26388,C1=NC=N[NH2+]1
9777,CCNc1c([N+](=O)[O-])cc([N+](=O)[O-])cc1[N+](=O)[O-]
37101,N#CS[Hg-2](SC#N)(SC#N)SC#N
21448,CCc1cc(C(C)=Nc2cccc([N+](=O)[O-])c2)c(O)cc1O
4578,CO[N+](=O)[O-]
30257,CCCCCC[N+]1=C2CCCCCN2CCC1
20237,O=C([O-])c1ccc([N+](=O)[O-])cc1
20374,O=C([O-])CCCC(=O)[O-]
27997,[NH3+]CCCCC[NH3+]
24440,O=[N+]([O-])c1cc(F)ccc1F
10472,Nc1c([N+](=O)[O-])cc([N+](=O)[O-])c2ccc([N+](=O)[O-])cc12
39858,O=C1CC(c2nc3ccccc3o2)CN1c1ccc([N+](=O)[O-])cc1
37150,C=CC[N+](C)(C)CC
19392,CCCCCCC[N+](CC)(CC)CC
31173,O=[U]([O-])([O-])([O-])[O-]
7205,O=[N+]([O-])c1cc(C2CCCCC2)c(O)c([N+](=O)[O-])c1
24427,O=[N+]([O-])N1C[C@@H]2[C@@H](CN([N+](=O)[O-])CN2[N+](=O)[O-])N([N+](=O)[O-])C1
6903,CCC(C)(C)[N+](=O)[O-]
7765,CC(=O)Nc1ccc([N+](=O)[O-])cc1
19391,CCCCCCCCOS(=O)(=O)[O-]
10625,O=[N+]([O-])C(=C1NCCN1)[N+](=O)[O-]
33769,Cn1cc([N+](=O)[O-])cn1
32358,N#CC(=Cc1ccc([N+](=O)[O-])cc1)c1nc2ccccc2[nH]1
20469,O=P([O-])([O-])OP(=O)([O-])[O-]
38499,O=S(=O)(O)n1cc[n+](S(=O)(=O)O)c1
25019,O=C([O-])[C@H](O)[C@@H](O)C(=O)O
19275,CCC[n+]1ccn(CC)c1
9740,CN(/C(N)=N/[N+](=O)[O-])[N+](=O)[O-]
33421,O=S(=O)([O-])c1ccc2ccc(S(=O)(=O)[O-])cc2c1
24458,CCCCCCCCCCCC[N+](CCC)(CCC)CCC
23568,[Au+]
24390,CN[N+](=O)[O-]
10406,O=[N+]([O-])c1cc([N+](=O)[O-])c(/C=C/c2cccc(O)c2)c([N+](=O)[O-])c1
23614,[Fe+4]
19403,Cc1n(Cc2ccccc2)cc[n+]1C
11398,O=[N+]([O-])c1ccc(/C=C/c2ccccc2)cc1
30705,[O-]Cl
40700,O=C([O-])c1cccs1
40552,C=C[CH2+]
1930,O=[N+]([O-])N(CC(F)([N+](=O)[O-])[N+](=O)[O-])CC(F)([N+](=O)[O-])[N+](=O)[O-]
28568,O=[Np](=O)([O-])[O-]
10135,O=C(OCc1ccccc1)C(F)(F)[N+](=O)[O-]
35108,Cl[La-](Cl)(Cl)Cl
22407,CC(=O)OCc1ccc([N+](=O)[O-])o1
19329,[I-]
39357,CCOC[N+](C)(C)CCO
4367,O=[N+]([O-])c1cc([N+](=O)[O-])c(-c2cc(-c3c([N+](=O)[O-])cc([N+](=O)[O-])cc3[N+](=O)[O-])cc(-c3c([N+](=O)[O-])cc([N+](=O)[O-])cc3[N+](=O)[O-])c2)c([N+](=O)[O-])c1
36043,CN(C)c1ccc(C2=Nc3cccc[n+]3[B-](F)(F)S2)cc1
28614,CCC[NH+](CC)CC
41332,C12C3C4C5C1[Ru+]234516789C2C1C6C7C8C29
9544,O=C(F)Oc1ccc([N+](=O)[O-])cc1
36833,CCCCCCCC[NH+]=C(N(C)C)N(C)C
36441,CCCCn1cc[n+](CCOCCOCCOCCOCC[n+]2ccn(CCCC)c2)c1
26853,CCCC[N+](C)(C)CC
9259,O=[N+]([O-])c1ccc(Oc2ccc([N+](=O)[O-])cc2)cc1
34569,CCc1n(C)cc(C)[n+]1CC
37077,Cc1ccc[n+](CC(=O)Nc2ccc(C)c(F)c2)c1
20147,[In+3]
36910,CCC[N+]1(C)CCN(C)CC1
6569,Cc1ccc([N+](=O)[O-])cc1
9855,O=[N+]([O-])c1ccc2c(c1)-c1cccc3cccc-2c13
35132,O=C([N-]S(=O)(=O)C(F)(F)F)C(F)(F)C(F)(F)F
25036,COC(=O)/C=C(\C)N[C@@H](C(=O)[O-])c1ccc(O)cc1
22278,[O-][n+]1onc2c1c1no[n+]([O-])c1c1no[n+]([O-])c21
7161,CCc1ccc([N+](=O)[O-])cc1
4617,O=[N+]([O-])c1c2ccccc2cc2ccccc12
41053,CCN(C)c1c(N(C)CC)[c+]1N(C)CC
30208,CN([N+](=O)[O-])[N+](=O)[O-]
36882,COCCOCOCC[n+]1ccn(CCC#N)c1
36967,N[C@@H](Cc1ccccc1)C(=O)Nc1ccc([N+](=O)[O-])cc1
26451,Nc1nn[nH+][nH]1
37250,O=[N+]([O-])c1ccc(N=Nc2ccc(O)cc2)cc1
39893,COCCOCC[n+]1ccn(CCC#N)c1
39117,CN(C)C(=O)[O-]
20245,CCCCCCCCCCCCC(=O)[O-]
34883,CCCCCC[P+](CCCCCC)(CCCCCC)CCCCCC
26570,O=C([O-])CCCC(=O)O
30079,CCc1cccc[n+]1C
39467,CCCCCCCCCCCC[N+](C)(C)CC(=O)[O-]
24426,O=[N+]([O-])N1C[C@H]([C@H]2CN([N+](=O)[O-])CN2[N+](=O)[O-])N([N+](=O)[O-])C1
35083,CCCCCCCCCCCCn1c[n+](C)cn1
38128,CO[C@@H]([C@H](C)C(=O)[O-])[C@H](C)[C@H]1O[C@@]2(CC[C@@](C)([C@H]3CC[C@@](C)([C@@H]4O[C@@H]([C@H]5O[C@@](O)(CO)[C@H](C)C[C@@H]5C)C[C@@H]4C)O3)O2)C[C@H](O)[C@H]1C
33070,Cn1cc[n+](CCOC(=O)c2ccc(I)cc2)c1
9623,O=C1N([N+](=O)[O-])CCN1[N+](=O)[O-]
10721,CN(C(=O)c1cc([N+](=O)[O-])ccc1[N+](=O)[O-])[N+](=O)[O-]
5000,O=[N+]([O-])C[N+](=O)[O-]
20189,O=S(=O)([O-])c1ccc(-c2ccc(S(=O)(=O)[O-])cc2)cc1
19380,F[B-](F)(F)Cl
11083,O=[N+]([O-])N1C2C3N([N+](=O)[O-])C1C1N([N+](=O)[O-])C(C(N1[N+](=O)[O-])N3[N+](=O)[O-])N2[N+](=O)[O-]
20406,O=C([O-])c1ccc(Br)cc1
16323,O=C(Br)c1cccc([N+](=O)[O-])c1
33706,O=C(O)c1cc([N+](=O)[O-])ccc1Cl
41420,CCOC(=O)C[N+](CC)(CC)CC
3691,O=[N+]([O-])c1cc([N+](=O)[O-])c2ccc(S(=O)(=O)O)cc2c1O
40744,CCCCCCCCCCCC[N+](C)(C)CCOCc1ccc(COCC[N+](C)(C)CCCCCCCCCCCC)cc1
12430,CCC(C)O[N+](=O)[O-]
4696,O=[N+]([O-])c1ccc([N+](=O)[O-])c([N+](=O)[O-])c1
28484,C[NH+](C)C=O
32401,CCC(=O)O[C@](Cc1ccccc1)(c1ccccc1)[C@H](C)C[NH+](C)C
20486,[K+]
19300,CS(=O)(=O)[O-]
40991,CCCCC(Oc1ccc(OC(CCCC)C(=O)[O-])cc1)C(=O)[O-]
39331,C=C[C@H]1C[N@+]2(CCCCCCCC)CC[C@H]1C[C@H]2[C@H](O)c1ccnc2ccc(OC)cc12
25067,CC[NH+]1C=CN=C1
19344,CCCC[n+]1csc(C)c1
40780,CCCCN(CCCC)c1c(N(CCCC)CCCC)[c+]1N(CCCC)CCCC
19345,CCCC[N+]1(C)CCCC1
35602,O=[N+]([O-])c1cc([N+](=O)[O-])c(S(=O)(=O)[O-])c([N+](=O)[O-])c1
9566,O=[N+]([O-])c1ccc(Nc2ccc([N+](=O)[O-])cc2)cc1
32823,CO[C@H](C(=O)[O-])c1ccccc1
24968,CNC(=C[N+](=O)[O-])NCCSCc1csc(CN(C)C)n1
20292,CCCCCCCCCCCCCCCCCCCCCC[N+](C)(C)C
5255,O=C(O)c1ccc([N+](=O)[O-])o1
35079,CCCCn1c[n+](C)cn1
30553,CC1CNC(=C([N+](=O)[O-])[N+](=O)[O-])N1
5881,O=[N+]([O-])c1ccc(/C=N/c2ccccc2)cc1
13092,[O-][Cl+3]([O-])([O-])O[Cl+3]([O-])([O-])[O-]
7070,Cc1c([N+](=O)[O-])cc([N+](=O)[O-])c(O)c1[N+](=O)[O-]
25220,CCC[N+]1(C)CC2CCC(CC2)C1
8378,Nc1ccc([N+](=O)[O-])cn1
19335,CCC(C)n1cc[n+](Cc2ccccc2)c1C
39807,Oc1cccc[nH+]1
9797,CCCN(CCC)c1c([N+](=O)[O-])cccc1[N+](=O)[O-]
28974,CCCCCCCCCCCC[N+](C)(C)CCCCCCCCCCCC
19320,CC(C)C[n+]1ccn(C)c1
29021,CCCCCc1c(C)cc(C)c[n+]1CCCC
22405,CC1(C)CC(=O)c2cc([N+](=O)[O-])c(O)cc2O1
7371,CC(C)C[N+](=O)[O-]
36212,N#C[P-](F)(F)(C#N)(C#N)C#N
39355,CCCCCCCCCCOC[N+](C)(C)CCO
40720,Cn1cc[n+](CC(=O)OC2CC(C)(C)N([O])C(C)(C)C2)c1
39085,COCC[NH2+]CCOC
37075,Cc1cc[n+](CC(=O)Nc2ccc(C)c(F)c2)cc1
20145,C[N+](C)(C)CCCCCCCC[N+](C)(C)C
19347,CCCCCC[N+](CC)(CC)CC
20502,[Lu+3]
26473,Cc1ccc(C(=O)N(O)c2ccccc2)cc1[N+](=O)[O-]
28576,CCCCCCCCCCCC(=O)N(C)CC(=O)[O-]
39298,C1COCC[NH2+]1
41396,COCC(C)OCC(C)OCC(C)OCC(C)OCC(C)OCC(C)OCC(=O)[O-]
28209,O=C(/C=C/c1ccc(-c2cccc([N+](=O)[O-])c2)o1)c1ccccc1
41017,CCCCN(CCCC)[c+]1c(N(CC)CC)c1N(CC)CC
36221,N#Cc1ccccc1-c1ccc(Cn2cc[n+](Cc3ccc([N+](=O)[O-])cc3)c2)cc1
16069,CC(=O)Nc1cc([N+](=O)[O-])c(C)c(Br)c1C
36683,CCOP(=S)(OCC)SCCC[P+](c1ccccc1)(c1ccccc1)c1ccccc1
35398,CCOCC[n+]1ccccc1C
34725,CCCC[n+]1ccn(Cc2ccc(C)cc2)c1
25430,O=C([O-])CCCCCC(=O)O
7258,CCN(CCO)c1ccc(/N=N/c2ccc([N+](=O)[O-])cc2)cc1
4687,O=[N+]([O-])c1ccco1
29791,CC[N+](C)(CC)CCOC
24781,CCCC[N+]1(C)CCCCC1
24137,CC[NH+]1CCNCC1
29168,O=C(c1ccccc1)C(C(=O)c1ccccc1)[C@H](C[N+](=O)[O-])c1ccccc1
37642,O=C([O-])CCCCCCC(=O)[O-]
24712,OCCC[n+]1ccccc1
19442,CCCCCC[n+]1cc(C)cc(C)c1CC
38459,C[S+]1CCCC1
40238,CCn1c(O)c(N=Nc2ccccc2[N+](=O)[O-])c(C)c(C#N)c1=O
19351,CC[n+]1ccn(CCn2cc[n+](CC)c2)c1
35412,Cc1cc[n+](CCCO)cc1
37874,CC1CCCC[NH2+]1
26667,Cc1c(N)c([N+](=O)[O-])c([N+](=O)[O-])c([N+](=O)[O-])c1[N+](=O)[O-]
39884,CCCCCCCCCCCCCCCC[n+]1ccsc1
38842,COc1cc([N+](=O)[O-])ccc1-c1ccc(C=O)o1
10322,COc1ccc2c(ccc3oc([N+](=O)[O-])cc32)c1
28502,Cn1cc[n+](C[Si](C)(C)C)c1
36737,CC(=O)Nc1ccc(OCC(O)Cn2c([N+](=O)[O-])nc3c2c(=O)n(C)c(=O)n3C)cc1
22759,O=[N+]([O-])c1ccc2c(c1)CCN2
7290,CN(C)[N+](=O)[O-]
25046,C[C@H](CCC(=O)NCCS(=O)(=O)[O-])[C@H]1CC[C@H]2[C@@H]3CC[C@@H]4C[C@H](O)CC[C@]4(C)[C@H]3C[C@H](O)[C@@]21C
41171,O=c1[nH]c(=O)c2[n-]cnc2[nH]1
38572,N[C@H](Cc1ccccc1)C(=O)[O-]
38986,[N-]=[N+]=NCC(O)CN=[N+]=[N-]
39016,CCCCC(CC)COP(=O)(Oc1ccccc1[N+](=O)[O-])Oc1ccccc1[N+](=O)[O-]
6798,COC(=O)c1c(C)[n+]([O-])c2ccccc2[n+]1[O-]
30013,CCCCCC[n+]1cccc(C#N)c1
30927,CC(C)[N-]C(C)C
17826,CCC(C(C)C)[N+](=O)[O-]
35648,CC[P+](C)(CC)CC
38769,Cn1c([N+](=O)[O-])cnc1N1CCN(S(C)(=O)=O)C1=O
9255,CNc1ccc([N+](=O)[O-])cc1
10252,C=CCNc1c([N+](=O)[O-])cccc1[N+](=O)[O-]
7902,O=[N+]([O-])OCC(CO[N+](=O)[O-])(CO[N+](=O)[O-])[N+](=O)[O-]
31416,O=[N+]([O-])C12CC3CC(C1)CC([N+](=O)[O-])(C3)C2
35856,CCCCCCCCCCCCOC(=O)C[N+](C)(C)C
29564,CCCCCCCCCCCC[N+](C)(C)CCCCCC[N+](C)(C)CCCCCCCCCCCC
34560,CCCC[P+](CCCC)(CCCC)CCSC
9859,CN(CN(CN(CN(CN(CN(C)[N+](=O)[O-])[N+](=O)[O-])[N+](=O)[O-])[N+](=O)[O-])[N+](=O)[O-])[N+](=O)[O-]
20426,CCCCCCOC(=O)C(CC(=O)[O-])S(=O)(=O)[O-]
41098,COCCN[c+]1c(N(C)C)c1N(C)C
40456,CCCCCCCCCCOC(=O)C[N+](C)(C)C
10145,N/C(=N\[N+](=O)[O-])NN/C(N)=N/[N+](=O)[O-]
10502,COc1cccc(-c2ccc([N+](=O)[O-])cc2[N+](=O)[O-])c1
12485,O=[N+]([O-])c1cc([N+](=O)[O-])c(Cl)c([N+](=O)[O-])c1Cl
32262,Cc1ccccc1C(C#N)=Cc1ccc([N+](=O)[O-])cc1
31405,C[C@@]1(C(=O)[O-])CCCN1
40378,CCCCCCCCCCCC[N+](C)(C)CCOCCO
10426,O=[N+]([O-])c1ccc(Sc2c([N+](=O)[O-])c([N+](=O)[O-])c3ccccc3c2Sc2ccc([N+](=O)[O-])cc2)cc1
19423,CCCCCCC[N+](CCCC)(CCCC)CCCC
36802,Cn1cc[n+](CCCOc2ccccc2)c1
41383,CCCCCCCCCCCCCCCCCCOCC(C)OCC(C)OCC(C)OCC(C)OCC(C)OCC(C)OCC(=O)[O-]
9543,O=C(F)Oc1ccccc1[N+](=O)[O-]
41185,N#CC(=Cc1ccc(O)cc1)C(=O)[O-]
6469,Nc1ccc([N+](=O)[O-])cc1[N+](=O)[O-]
34315,C[n+]1ccn(CCCCC#N)c1
34870,CCCCCCCCCC[n+]1cn(N)cn1
20484,[O-]c1cccc2cccnc12
13698,CCC(CC)Nc1c([N+](=O)[O-])cc(C)c(C)c1[N+](=O)[O-]
21314,O=[N+]([O-])c1c([N+](=O)[O-])c([N+](=O)[O-])c([N+](=O)[O-])c([N+](=O)[O-])c1[N+](=O)[O-]
33369,CN(C)c1ccc(C(=C2C=CC(=[N+](C)C)C=C2)c2ccccc2)cc1
23220,CCCC[n+]1ccn(-c2ccccc2)c1
21412,CCCCN(CCCC)[N+](=O)[O-]
1359,CC(C)(C)N(F)[N+](=O)[O-]
29592,CCCCCCCC[N+](C)(C)CCCC
33861,CCCC[N+](CCCC)(CCCC)CCCS(=O)(=O)[O-]
24543,CCCCCCCCCCCCCCCC[P+](CCCC)(CCCC)CCCC
834,O=[N+]([O-])C1=NOCC1
20236,[Co+2]
30055,O=C(c1ccccc1)c1cccc([N+](=O)[O-])c1
33587,N#CCCn1cc[nH+]c1
24685,O=[N+]([O-])OCC(O)CO[N+](=O)[O-]
2464,[O-][n+]1cc[n+]([O-])cc1
40442,CCCCCC[N+](CCCCCC)=C(N(C)C)N(C)C
28702,CCCCCCCCCCCC(=O)OCC[N+](C)(C)CCC[N+](C)(C)CCOC(=O)CCCCCCCCCCC
38530,O=C([O-])Cn1cnnn1
31135,Cn1nnnc1SCC1=C(C(=O)[O-])N2C(=O)[C@@H](NC(=O)[C@H](OC=O)c3ccccc3)[C@H]2SC1
34128,CCCCCCCCCCCC[n+]1cscc1C
15575,CCc1cc([N+](=O)[O-])cc2cccnc12
20487,O=C([O-])c1cc([N+](=O)[O-])cc([N+](=O)[O-])c1
19418,CCCCn1cc[n+](CCCC)c1
24576,CCCCCCCCCCn1cc[n+](CCCCCCCCCC)c1C
40002,CCCCOc1ccc(/[N+]([O-])=N/c2ccc(C#N)cc2)cc1
24982,C[C@H](CCC(=O)[O-])[C@H]1CC[C@H]2[C@@H]3CC[C@@H]4C[C@H](O)CC[C@]4(C)[C@H]3C[C@H](O)[C@@]21C
5282,NNc1c([N+](=O)[O-])cc([N+](=O)[O-])cc1[N+](=O)[O-]
32553,CCC=Cn1cc[n+](C)c1C
3373,O=C(NCC(F)([N+](=O)[O-])[N+](=O)[O-])C(=O)NCC(F)([N+](=O)[O-])[N+](=O)[O-]
29299,O=[Sb-]=O
35668,O=[N+]([O-])c1c[nH]nc1-n1cnnn1
7162,CCOc1ccc([N+](=O)[O-])cc1
29551,C[n+]1ccn(CCOCCOCCn2cc[n+](C)c2)c1
10407,O=[N+]([O-])c1c(Cl)c([N+](=O)[O-])c([N+](=O)[O-])c([N+](=O)[O-])c1[N+](=O)[O-]
23512,CCCCCCCCCCCCCCCCOS(=O)(=O)[O-]
1951,CCCCN(CC)c1c([N+](=O)[O-])cc(C(F)(F)F)cc1[N+](=O)[O-]
1149,O=[N+]([O-])C(CO)(CO)CO
30232,O=C1O[C@H]([C@H](O)CO)C([O-])=C1O
20252,CCCC[N+](CC)(CC)CC
10624,O=[N+]([O-])C(=C1N=c2ccccc2=N1)[N+](=O)[O-]
39205,O=C[C@H](NS(=O)(=O)[O-])[C@@H](O)[C@H](O)[C@H](O)CO
36012,CCCCSCCC[N+](CCCSCCCC)(CCCSCCCC)CCCSCCCC
34056,CC(C)[C@H](/N=C/c1ccccc1)C(=O)[O-]
37442,CCC[N+](C)(C)CCOCCN(C)C
35305,C=CC(c1ccccc1)[N+](C)(C)C
38474,CCCC[N+]1(CC)CCCCC1
23776,CC(C)[C@H]1OC[C@H]([NH3+])CO1
23548,[Te-2]
2194,CC([N+](=O)[O-])([N+](=O)[O-])C(C)([N+](=O)[O-])[N+](=O)[O-]
37344,CCCCCCCCCCCCCCCCCCC[N+]1(C)CCCC1
30161,[N-]=[N+]=Nc1nnc(-c2ccccc2)[nH]1
25337,CCCCS(=O)(=O)[O-]
28199,COc1ccc(C(=O)/C=C/c2ccc(-c3cccc([N+](=O)[O-])c3)o2)cc1
19374,CCCCCCOC[n+]1ccn(COCCCC)c1
4703,O=[N+]([O-])c1cc(O)ccc1Cl
38644,CCCCCCCC[PH+](CCCCCCCC)CCCCCCCC
4379,O=[N+]([O-])c1cc(O)cc([N+](=O)[O-])c1
31654,CCCCCCCC[N+](C)(C)CCCCCCCC[N+](C)(C)CCCCCCCC
10710,CC(CCCCO[N+](=O)[O-])O[N+](=O)[O-]
32609,O=C([O-])C(F)(F)C(F)(F)C(F)(F)C(F)(F)C(F)(F)F
9838,CCN(CC)c1c([N+](=O)[O-])cc([N+](=O)[O-])cc1[N+](=O)[O-]
23789,C[n+]1cn(CCN=[N+]=[N-])cn1
28378,CCCCCCC12C3(C)C4(C)C5(C)C1(C)[Fe+]45321678C2C1(C)C6(C)C7(C)C28C
5285,COc1ccc2c(ccc[n+]2[O-])c1
30489,[O-][N+](=Cc1ccccc1O)c1ccccc1
20455,[TlH2+]
13456,Cc1c([N+](=O)[O-])no[n+]1[O-]
33140,[O-]C(C(F)(F)F)(C(F)(F)F)C(F)(F)F
26228,CC(=O)c1c(C)c([N+](=O)[O-])c(C(C)(C)C)c([N+](=O)[O-])c1C
9309,O=[N+]([O-])c1ccc(F)cc1
22695,COC(=O)c1ccc(-c2ccccc2[N+](=O)[O-])cc1
32293,O=C(O)C(=Cc1ccc([N+](=O)[O-])cc1)C(=O)O
30323,CCCCCCCCCCCCOC[n+]1ccccc1
26705,CN(C)C1=[S][Ni+2]2([S]=C(N(C)C)[S-]2)[S-]1
34014,CC(=O)OCC[N+]1(C)CCOCC1
35226,C[n+]1ccn(C(C)(C)C)c1
39585,Cc1cn[n-]c1
37575,Cn1cc[n+](CC(O)CCl)c1
20441,O=C([O-])[C@@H]1CCCN1
34060,CC[C@H](C)[C@H](/N=C/c1ccccc1)C(=O)[O-]
39103,C=Cn1cc[n+](CC)c1
26739,O=[PH]([O-])O
20352,CCCCCCCCCCCCCC[NH3+]
28456,CCNc1ccc([N+](=O)[O-])cc1
27094,C[n+]1ccn(CCCCCCCCCCn2cc[n+](C)c2)c1
27162,O=[N+]([O-])c1ccc2c(c1)Cc1ccccc1-2
40487,O=C([O-])CCCCCCCCC(=O)O
36533,CCC[NH2+]CCO
21125,[H+]
20454,c1ccc(C[NH+](Cc2ccccc2)Cc2ccccc2)cc1
22694,[N-]=[N+]=Nc1nc(N=[N+]=[N-])nc(N=[N+]=[N-])n1
34207,C=CCn1cc[n+](C=C)c1
10352,O=[N+]([O-])N(CCC([N+](=O)[O-])([N+](=O)[O-])[N+](=O)[O-])COCCC([N+](=O)[O-])([N+](=O)[O-])[N+](=O)[O-]
5830,Nc1ccc([N+](=O)[O-])c2ccccc12
34361,c1ccc2cc(-n3cc[n+](Cc4cc(C[n+]5ccn(-c6ccc7ccccc7c6)c5)cc(C[n+]5ccn(-c6ccc7ccccc7c6)c5)c4)c3)ccc2c1
31737,Cc1ccc[n+](CC(C)C)c1
10043,COc1ccc(-c2ccccc2[N+](=O)[O-])cc1
6681,CC(=O)OC(=CCc1ccc([N+](=O)[O-])o1)OC(C)=O
25112,O=[N+]([O-])c1cc(O)ccc1O
28709,COC(=O)[C@@H]([NH3+])CC(C)C
22700,CN(C)c1c([N+](=O)[O-])cccc1[N+](=O)[O-]
35678,CCCCCCCCCCCC[N+](CCCCCCCC)(CCCCCCCC)CCCCCCCC
33691,[O-]CCCCO
38503,CCc1n(S(=O)(=O)O)cc[n+]1S(=O)(=O)O
3814,CCCCCCCCC(C)[N+](=O)[O-]
36189,C1C[NH+]2CC[NH+]1CC2
32187,CCCCCCCCCCn1cc[n+](C)c1C
29200,[Au+2]
35884,CCOc1ccc2ccccc2c1C(=O)N[C@@H]1C(=O)N2[C@@H](C(=O)[O-])C(C)(C)S[C@H]12
22900,O=[N+]([O-])c1cc([N+](=O)[O-])c2[n-][n+]3c4cc([N+](=O)[O-])cc([N+](=O)[O-])c4nn3c2c1
30796,O=[N+]([O-])c1cc(C(F)(F)F)ccc1Cl
28766,C[C@H](NC(=O)c1cc([N+](=O)[O-])cc([N+](=O)[O-])c1)c1ccccc1
23496,CCCCCCCCCCCC[N+](C)(C)C
17305,O=[N+]([O-])Nc1cccc([N+](=O)[O-])c1
32116,COC(=O)/C=C\C(=O)[O-]
4364,O=[N+]([O-])c1ccc(Br)c([N+](=O)[O-])c1
34015,C[N+]1(CCCS(=O)(=O)[O-])CCOCC1
39297,C[N+](C)=CCl
31729,CCCCCCCc1cccc[n+]1CC
10965,[C-]#CC#[O+]
37891,COc1ccccc1[B-](F)(F)F
23966,C[NH+]1C=NC(N=[N+]=[N-])=N1
36616,COc1cc(/C=C/C(=O)[O-])ccc1O
5944,O=[N+]([O-])N(COCC(F)([N+](=O)[O-])[N+](=O)[O-])CC(F)([N+](=O)[O-])[N+](=O)[O-]
23583,O=C([O-])c1cc(O)ccc1O
23542,[Ce+4]
1178,O=C1c2cc([N+](=O)[O-])ccc2-c2c1cc([N+](=O)[O-])cc2[N+](=O)[O-]
34074,O=C([O-])[C@H](Cc1cnc[nH]1)/N=C/c1ccccc1O
23947,O=[Se](=O)([O-])[O-]
4580,NC(=O)N/N=C/c1ccc([N+](=O)[O-])o1
25168,CCC(O)C[N+](=O)[O-]
33362,[NH3+]C(CO)(CO)CO
22951,O=[N+]([O-])c1ccc(/C=C/c2ccc([N+](=O)[O-])cc2)cc1
32931,O=C1c2ccccc2C(=O)c2c1cccc2[N+](=O)[O-]
27305,[C-]#[N+]C12CC3CC(CC(C3)C1)C2
25442,COC[N+]1(C)CCCC1
35214,CN1COCN(Cc2cnc(Cl)s2)/C1=N/[N+](=O)[O-]
24122,O=S(=O)([N-]Cl)c1ccccc1
20495,[O-][Zr]([O-])([O-])[O-]
23920,CC(C)[C@H]1OC[C@@H]([N+](C)(C)C)CO1
31944,CCCC[n+]1ccn(Cc2ccccc2)c1
12149,CCC(CN(CC(F)([N+](=O)[O-])[N+](=O)[O-])[N+](=O)[O-])([N+](=O)[O-])[N+](=O)[O-]
36018,CCCCCCCCCCCCCCSCCC[N+](CCCSCCCCCCCCCCCCCC)(CCCSCCCCCCCCCCCCCC)CCCSCCCCCCCCCCCCCC
6745,O=[N+]([O-])OC[C@H]1O[C@H](O[C@]2(CO[N+](=O)[O-])O[C@H](CO[N+](=O)[O-])[C@@H](O[N+](=O)[O-])[C@@H]2O[N+](=O)[O-])[C@H](O[N+](=O)[O-])[C@@H](O[N+](=O)[O-])[C@@H]1O[N+](=O)[O-]
30454,CN(C)c1cc[n+](COCCCOC[n+]2ccc(N(C)C)cc2)cc1
20434,CCCCCCCCCCCCCC(=O)[O-]
23754,O=C([O-])c1ccccc1C(=O)[O-]
2954,COc1cc([N+](=O)[O-])ccc1O
41120,CCN(CC)c1c(N(CC)CC)[c+]1N[C@@H](Cc1ccc(O)cc1)C(=O)O
30679,C=CC(=O)[O-]
20332,NCCC(=O)[O-]
15570,CCc1cc(Cl)c2ncccc2c1[N+](=O)[O-]
30352,C[NH+](C)Cc1ccccc1
22149,[C-]#[S+]
6137,O=[N+]([O-])c1c(F)c(F)c(F)c(F)c1F
14869,O=[N+]([O-])c1c(O)cccc1C(F)(F)F
20489,N=C(N)[N+](N)(N)N
35618,Cc1ccc(C(=O)[O-])cc1C
24871,CCCCCCCC[NH3+]
20409,N#C[C-]=C(C#N)C(C#N)(C#N)C#N
19297,CCCCCCCC[N+](C)(C)C
39953,CCCCCCCC[P+](CCCCCCCC)(CCCCCCCC)Cc1ccccc1
6158,Cc1ccccc1[N+](=O)[O-]
37264,Cc1ccc(-c2ccc([N+](=O)[O-])cc2)cc1
40892,C[P+](C)(C)C
19280,O=P([O-])(O)O
17270,CCCCN(C(=O)OC)[N+](=O)[O-]
24290,CCCCCCCCCCCCCCCC[N+](C)(C)CCCCCC[N+](C)(C)CCCCCCCCCCCCCCCC
20177,[O-][Cl+][O-]
28202,Nc1ccc(C(=O)/C=C/c2ccc(-c3cccc([N+](=O)[O-])c3)o2)cc1
26681,CN(C)C(=O)c1ccc([N+](=O)[O-])cc1
19375,CCCCCCCOC[n+]1ccn(COCCCC)c1
36649,CCCCCCCCCCCCCCCCCC[N+]1(C)CCCCC1
32647,CCCCCCCCCCOCC(O)C[N+](C)(C)CCCCCCCC
29019,CCCCCc1c(C)cc(C)c[n+]1CC
33651,CCn1cc[n+](CCOC)c1
36417,CCCCn1cc[n+](CCOCC[n+]2ccn(CCCC)c2)c1
29142,CCCCCCCC[P+](C)(C)C
34632,CCOC(=O)CCC[N+](CC)(CC)CC
20186,NCCCCCC(=O)[O-]
26616,O=[N+]([O-])O[C@@H]1CCCC[C@H]1O[N+](=O)[O-]
10409,Nc1cc([N+](=O)[O-])c(F)c([N+](=O)[O-])c1
12125,CC1([N+](=O)[O-])CCCCC1
36155,Cc1cc(C)[n+](-c2ccc([N+](=O)[O-])cc2)n1C
9718,CC(=O)OCN(CN(CN(CN(COC(C)=O)[N+](=O)[O-])[N+](=O)[O-])[N+](=O)[O-])[N+](=O)[O-]
25016,N[C@@H](CCC(=O)O)C(=O)[O-]
23503,CCCCCCCCCC[NH2+]CCCCCCCCCC
28691,CCCCCCCC[P+](CCCC)(CCCC)CCCC
35112,Cl[Ce-](Cl)(Cl)Cl
10186,Cc1[nH]nc(-c2ccccc2)c1[N+](=O)[O-]
31072,Cn1cc[n+](CC(CBr)N=[N+]=[N-])c1
21937,O=[N+]([O-])C(COC(F)(F)OCC([N+](=O)[O-])([N+](=O)[O-])[N+](=O)[O-])([N+](=O)[O-])[N+](=O)[O-]
32641,CCCCCCCCCCCCCCCCOCC(O)C[N+](C)(C)CCCCCCCC
4738,O=[N+]([O-])CCC[N+](=O)[O-]
36411,CC[S+](CC)CCOCC[S+](CC)CC
27089,C[n+]1ccn(CCCCCCCCCn2cc[n+](C)c2)c1
20171,Nc1ccc(C(=O)[O-])cc1
19315,COCCn1cc[n+](C)c1
23508,CN(C)c1ccc2nc3ccc(N(C)C)cc3[s+]c2c1
2584,Cc1cc(O)ccc1[N+](=O)[O-]
37402,CC(=O)N[C@H](C(=O)[O-])C(C)C
22689,CC(C)(Br)[N+](=O)[O-]
26687,O=C1C=CC[C@@H]2[C@H]3CCC[N+]4([O-])CCC[C@@H](CN12)[C@@H]34
35345,Cn1cc([N+](=O)[O-])nn1
26607,C[n+]1ccn(CCN)c1
37443,CCC[N+](C)(C)CCN(C)C
37482,C=Cc1ccc(C[N+](CCCC)(CCCC)CCCC)cc1
21654,CCN(CC(C)=O)c1ccc([N+](=O)[O-])cc1
15357,CCc1cc([N+](=O)[O-])ccc1N
7751,O=[O+][O-]
10169,CN(CN=[N+]=[N-])[N+](=O)[O-]
23588,O=S(=O)([O-])OOS(=O)(=O)[O-]
36013,CC(C)(C)SCCC[N+](CCCSC(C)(C)C)(CCCSC(C)(C)C)CCCSC(C)(C)C
33989,CCCCCCCCCCCCCC[P+](CCCCCCCC)(CCCCCCCC)CCCCCCCC
25007,N[C@@H](CC(=O)O)C(=O)[O-]
31797,CCP(=O)([O-])O
20169,[Ta+5]
11063,COC(=O)c1ccc(CS(=O)(=O)c2ccc([N+](=O)[O-])cc2)cc1
23941,CCCCCCCCCC[N+](C)(C)Cc1ccccc1
19360,CCCCCC[N+]1(C)CCCC1
37327,CCCCC[N+](CCCCC)(CCCCC)Cc1ccccc1
39374,CCCCOC[N+](C)(C)CCOC(C)=O
32461,CCC[N+]1(C)CCOCC1
37504,CCC[n+]1ccn(CCCn2cc[n+](CCC)c2)c1
10253,C=CCNc1c([N+](=O)[O-])cc([N+](=O)[O-])cc1[N+](=O)[O-]
20419,CCCCCCCCCCCC[n+]1ccccc1
6519,O=[N+]([O-])c1ccccc1
24807,CCC[N+](C)(C)CCO
8049,CC(=O)Nc1ccccc1[N+](=O)[O-]
37540,NCC(=O)N[C@@H](CC(=O)O)C(=O)NCC(=O)[O-]
23491,CC[n+]1c([N+](=O)[O-])cn(C)c1C
31770,C[N+]1(CCCCCC[n+]2ccccc2)CCCCC1
32936,COC(=O)[C@@H]([NH3+])C(C)C
10419,CN(c1c([N+](=O)[O-])cc([N+](=O)[O-])c(N)c1[N+](=O)[O-])[N+](=O)[O-]
20253,CO/N=C(/C(=O)N[C@@H]1C(=O)N2C(C(=O)[O-])=C(COC(C)=O)CS[C@H]12)c1csc(N)n1
5540,[C-]#[N+]C(C)(C)C
40985,CCCCCCC(Oc1ccccc1OC(CCCCCC)C(=O)[O-])C(=O)[O-]
23513,CCCCCCCCCCCCCCCC[N+](C)(C)C
2537,O=[N+]([O-])c1cc([N+](=O)[O-])[n+]([O-])c([N+](=O)[O-])c1
1340,CC(=O)OCN(CN(CN(COC(C)=O)[N+](=O)[O-])[N+](=O)[O-])[N+](=O)[O-]
40784,CCCCCCCCCCCCCCCCCCN(C)c1c(N(C)CCCCCCCCCCCCCCCCCC)[c+]1N(C)CCCCCCCCCCCCCCCCCC
40553,C=[C+]C
22489,O=[N+]([O-])C(COS(=O)(=O)C(F)(F)F)(c1cc(C(COS(=O)(=O)C(F)(F)F)([N+](=O)[O-])[N+](=O)[O-])cc(C2(COS(=O)(=O)C(F)(F)F)[N+](=O)O[N+]2=O)c1)[N+](=O)[O-]
5083,Nc1cc([N+](=O)[O-])ccc1Cl
39089,CCCCn1cc[n+](CCCCCC[n+]2ccn(CCCC)c2)c1
19304,Cc1ccc(S(=O)(=O)[O-])cc1
20149,O=C([O-])/C=C/C(=O)[O-]
34389,N#CCc1ccc([N+](=O)[O-])cc1
5744,CC(C)(C[N+](=O)[O-])C[N+](=O)[O-]
26416,O=[N+]([O-])N1CCN([N+](=O)[O-])[C@H]2[C@H]1N([N+](=O)[O-])CCN2[N+](=O)[O-]
34432,CC[NH+](C)C
24354,Cn1cc[n+](COCC(COC[n+]2ccn(C)c2)OC[n+]2ccn(C)c2)c1
10116,O=[N+]([O-])c1ccc2ccc3ccc([N+](=O)[O-])c4ccc1c2c34
32495,O=[N+]([O-])c1cnc[n-]1
36358,C=CCn1cc[n+](Cc2ccccc2)c1
36490,Cc1n[nH]c(/N=N/c2c(-c3ccccc3)[nH]c3ccccc23)c1/N=N/c1cccc([N+](=O)[O-])c1
6385,Cc1ccc(C(C)C)cc1[N+](=O)[O-]
38497,CCCCc1n(S(=O)(=O)O)cc[n+]1S(=O)(=O)O
20467,[Ti+4]
29560,CCCCCCCCCCCC[N+](C)(C)CCC[N+](C)(C)CCCCCCCCCCCC
32764,CCC(=O)[NH+](C)C
40650,FC(F)Cn1cc[nH+]c1
4317,O=[N+]([O-])c1ccc(O)cc1[N+](=O)[O-]
30900,CC(C)[NH3+]
20298,O=[Cr](=O)(=O)[O-]
10635,Nc1nc([N+](=O)[O-])nn1-c1ncnc(-n2nc([N+](=O)[O-])nc2N)c1[N+](=O)[O-]
10532,CC(C)c1c([N+](=O)[O-])cc([N+](=O)[O-])c(O)c1[N+](=O)[O-]
10609,CC(C)(C)N1CC([N+](=O)[O-])([N+](=O)[O-])C1
23761,CCCCCCC[N+](CCCCCC)(CCCCCC)CCCCCC
30461,CCCCCCCCn1cc[n+](COCCC)c1C
28491,CC(=O)[NH+](C)C
40927,CCCC[P+](CCCC)(CCCC)CCC(F)(F)C(F)(F)C(F)(F)C(F)(F)C(F)(F)C(F)(F)C(F)(F)C(F)(F)C(F)(F)C(F)(F)F
36715,C[NH+]1CCCC1
37648,C=CCC(=O)[O-]
7069,O=C(O)c1ccc([N+](=O)[O-])cc1
29094,CCCC[NH+]1C=CN=C1
32494,Clc1nc[n-]c1Cl
159,O=[N+]([O-])c1ccc(Cl)cc1
10689,CC[N+](CC)(CC)C(C)(C)C
5206,O=[N+]([O-])c1ccc(I)cc1
35580,CCCCCCCCCn1cc[n+](CO[C@@H]2C[C@H](C)CC[C@H]2C(C)C)c1
38656,O=C([O-])C=Cc1ccccc1
4817,O=[N+]([O-])c1cc([N+](=O)[O-])c(O)cc1O
38848,CCOC(=O)C(C#N)=Cc1ccc(-c2cccc([N+](=O)[O-])c2)o1
19162,CC(C)c1cccc(C(C)C)c1[N+](=O)[O-]
6184,Cc1ccc([N+](=O)[O-])c(C)c1
28388,O=C([O-])c1cnccn1
30479,CC[N+]([O-])(CC)CC
33967,F[Al-3](F)(F)(F)(F)F
31435,Cn1cc[n+](CCC(F)(F)C(F)(F)C(F)(F)C(F)(F)C(F)(F)C(F)(F)C(F)(F)C(F)(F)F)c1
20187,C[NH2+]C
19385,CC[n+]1cccc(C)c1
24816,Cc1nc([N+](=O)[O-])cn1CC(O)CCl
19296,Cl[Ni-2](Cl)(Cl)Cl
36832,CCCCCC[NH+]=C(N(C)C)N(C)C
27810,[O-][Si]12O[Si]3([O-])O[Si]([O-])(O1)O[Si]([O-])(O2)O3
10124,O=C(O)c1cc(Oc2ccc(C(F)(F)F)cc2Cl)ccc1[N+](=O)[O-]
25071,CC(C)COC(=O)[C@@H]1CCC[NH2+]1
31420,O=[N+]([O-])OC12CC3CC(C1)CC(C([N+](=O)[O-])([N+](=O)[O-])[N+](=O)[O-])(C3)C2
17280,CCCCCCN[N+](=O)[O-]
10634,O=[N+]([O-])/N=C1\NCCN1Cc1ccc(Cl)nc1
40232,Br[Tb-3](Br)(Br)(Br)(Br)Br
259,Cc1cccc(C)c1/[N+]([O-])=[N+](\[O-])c1c(C)cccc1C
6885,N#Cc1nonc1-c1nc(C#N)[n+]([O-])o1
37103,N#CS[Cr-3](SC#N)(SC#N)(SC#N)(SC#N)SC#N
19448,CCCCCC[n+]1ccc(N2CCC(C)CC2)cc1
27953,C=CC[N+](C)(C)CCC[N+](C)(C)CCOCC
21420,O=[N+]([O-])c1ccc2c3c(ccc([N+](=O)[O-])c13)CC2
35285,[C-]#[NH+]
4196,N=C(N)N[N+](=O)[O-]
23212,Br[Fe-](Br)(Br)Br
13882,O=[N+]([O-])N(COCC([N+](=O)[O-])([N+](=O)[O-])[N+](=O)[O-])CC(F)([N+](=O)[O-])[N+](=O)[O-]
18022,COc1ccc(C(C)OCC(F)(F)F)cc1[N+](=O)[O-]
34762,CC[N+](CCO)(CCO)CCO
40189,N#CC(=Cc1ccc(-c2ccccc2[N+](=O)[O-])o1)C(N)=O
39385,CCCCCCCCCCOC[N+](C)(C)CCOC(C)=O
35923,CCCCCCCCCCCCCC[N+]1(C)CCOCC1
41042,CCCCCCN(CCCCCC)[c+]1c(N(C)C)c1N(C)C
36852,C[NH+]1CCCCCC1
19270,CC[n+]1ccsc1
20293,CN(C)C(=N)[NH+](C)C
30695,COCCC[NH3+]
35683,CCCCCCCC[N+](CCCC)(CCCCCCCC)CCCCCCCC
36398,O=C(/C=C/c1ccc([N+](=O)[O-])cc1)/C=C/c1ccc([N+](=O)[O-])cc1
28961,C[N+]1(CCCCCCCCCCCC[N+]2(C)CCCC2)CCCC1
28437,Cc1cccc[n+]1C
22667,Cc1ccc2no[n+]([O-])c2c1[N+](=O)[O-]
36726,CC(C)[C@@H]1CC[C@@H](C)C[C@H]1OC(=O)CCC[NH3+]
29305,CCCCCCCCCCC[NH3+]
36083,O=C(O)c1cc(C(=O)[O-])[nH]n1
36042,CN(C)c1ccc(C2=Nc3cccc[n+]3[B-](F)(F)O2)cc1
7094,O=[N+]([O-])N1CCCN([N+](=O)[O-])C1
21822,CN(CCc1ccc([N+](=O)[O-])cc1)C(=S)Nc1ccccc1
9548,CN(C)c1ccc([N+](=O)[O-])cc1[N+](=O)[O-]
20258,CCCCCC(=O)[O-]
36975,C=CC[n+]1cc[nH]c1
2531,O=[N+]([O-])C(F)(COCC1CO1)[N+](=O)[O-]
32756,[NH3+]C12CC3CC(CC(C3)C1)C2
22736,CCc1c([N+](=O)[O-])c(C)c([N+](=O)[O-])c(O)c1[N+](=O)[O-]
6976,O=[N+]([O-])NC(OCC([N+](=O)[O-])([N+](=O)[O-])[N+](=O)[O-])OCC([N+](=O)[O-])([N+](=O)[O-])[N+](=O)[O-]
33053,CC(=O)CCC(=O)[O-]
37244,NNC(=[NH2+])NN
27412,CCCCCCCCCCCCCCCCOCC(O)C[N+](C)(C)C
24978,CCOC(=O)C[n+]1ccccc1
19321,Cl[Al-](Cl)(Cl)Cl
27998,Cl[Mn-](Cl)(Cl)Cl
21996,CCCCCCCCCCCOc1ccc(N=[N+]([O-])c2ccc(OCCCCCCCCCCC)cc2)cc1
10991,CCn1c(O)c(N=Nc2ccc(Cl)cc2[N+](=O)[O-])c(C)c(C#N)c1=O
26401,O=[N+]([O-])c1nc([N+](=O)[O-])c([N+](=O)[O-])[n-]1
8422,[O-][n+]1c2ccccc2[n+]([O-])c2cc(O)ccc21
20238,CCc1ccccc1S(=O)(=O)[O-]
19305,Cl[Os-2](Cl)(Cl)(Cl)(Cl)Cl
22756,Cc1c(C(=O)Nc2ccccc2)[n+]([O-])c2ccccc2[n+]1[O-]
23518,CCCCCCCCCC[N+](C)(C)C
20461,CC(=O)/C=C(/C)[O-]
34040,[O-][n+]1c(CO)c(CO)[n+]([O-])c2ccccc21
19399,CCOP(=O)([O-])OCC
9918,CN(C(=O)C(=O)N(C)[N+](=O)[O-])[N+](=O)[O-]
24334,CCCCOS(=O)(=O)[O-]
9419,O=[N+]([O-])c1cccc(I)c1
20190,CC(=O)[CH-]C(C)=O
28719,COC(=O)[C@@H]([NH3+])c1ccccc1
36416,CCCCn1cc[n+](CCOCCOCC[n+]2ccn(CCCC)c2)c1
40959,O=[N+]([O-])c1ccc(O)c(F)c1
39055,CCCCCCCC[n+]1ccc(N(C)C)cc1
38665,O=C(O)c1cccc([N+](=O)[O-])c1O
3361,O=[N+]([O-])c1ccc(C(F)(F)F)cc1
37067,CC1(C)NC(=O)N(c2ccc([N+](=O)[O-])c(C(F)(F)F)c2)C1=O
3191,C=C[N+](=O)[O-]
35860,CCCCCCOC(=O)C[N+](C)(C)C
28457,CC(=O)OCCNc1ccc([N+](=O)[O-])cc1
168,O=[N+]([O-])c1ccc(CBr)cc1
35006,COC(=O)c1ccc([O-])cc1
22936,CCCCCCCCC(O)(O[N+](=O)[O-])C(O)O[N+](=O)[O-]
20233,O=C([O-])COc1ccc(Cl)cc1
41008,CN(C)c1c(N(C)C)[c+]1N(C)C
41490,CCCCCCCC[P+](CCCCCCCC)(CCCCCCCC)CCCSCCC(F)(F)C(F)(F)C(F)(F)C(F)(F)C(F)(F)C(F)(F)C(F)(F)C(F)(F)F
27993,O=[N+]([O-])c1ccc(/C=C/c2ccc([N+](=O)[O-])cc2S(=O)(=O)[O-])c(S(=O)(=O)[O-])c1
20176,CCCC[P+](CCCC)(CCCC)CCCC
23497,CCCCCCCCCCCCCCCCCC[N+](C)(C)C
20222,O=[N+]([O-])NCC[NH2+][N+](=O)[O-]
28767,C[C@@H](NC(=O)c1cc([N+](=O)[O-])cc([N+](=O)[O-])c1)c1ccccc1
26760,CC[N+](C)(C)CCOC(C)=O
10063,O=[N+]([O-])c1ccc2oc3ccccc3c2c1
38115,[C-]#[N+]O
20479,Cn1c[n+](C)cc1[N+](=O)[O-]
23573,CCCCCCCCCCOS(=O)(=O)[O-]
5946,O=[N+]([O-])N(CN(CC(F)([N+](=O)[O-])[N+](=O)[O-])[N+](=O)[O-])CC(F)([N+](=O)[O-])[N+](=O)[O-]
40624,C=CCn1cc[n+](CCC[n+]2ccn(CC=C)c2)c1
6763,CC(C)(C)C[N+](=O)[O-]
9252,Cc1cc([N+](=O)[O-])ccc1N
34887,CCCCCCCC[P+](CCCCCC)(CCCCCC)CCCCCC
28573,O=P1([O-])OP(=O)([O-])OP(=O)([O-])O1
31936,[Nb+2]
36686,CCOP(=S)(OCC)SCCCCC[n+]1ccn(C)c1C
40630,C=CCn1cc[n+](CCCCCC[n+]2ccn(CC=C)c2)c1
39897,CCCCCC[N+]12CC[N+](CCCCCC)(CC1)CC2
39113,CCCC[NH+]1CCC(C)C1
34085,CCCC[NH2+][C@@H](CC(C)C)C(=O)OCC
33114,Cn1cc[n+](CCCCO)c1
24850,O=C([O-])c1ccccc1S
10479,Nc1ccc([N+](=O)[O-])c2ccc([N+](=O)[O-])cc12
27108,CO/N=C(\C(=O)N[C@@H]1C(=O)N2C(C(=O)O)=C(C[N+]3(C)CCCC3)CS[C@H]12)c1csc(N)n1
20150,CC(C)N(C(=S)[S-])C(C)C
19359,CCCCOP(=O)([O-])OCCCC
38383,O=C1c2cccc([N+](=O)[O-])c2C(=O)c2c1cccc2[N+](=O)[O-]
6037,COc1c(C(C)(C)C)cc([N+](=O)[O-])c(C)c1[N+](=O)[O-]
28212,O=C(/C=C/c1ccc(-c2cccc([N+](=O)[O-])c2)o1)c1ccco1
39831,Cc1cc(Cl)ccc1OCC(=O)[O-]
39443,C=CCN(CC=C)C(N(CC=C)CC=C)=[N+](C)C
23578,CC(C)(C)c1ccc(C(=O)[O-])cc1
15537,CCc1cc(Br)c(N)cc1[N+](=O)[O-]
9858,CN(CN(C)[N+](=O)[O-])[N+](=O)[O-]
25182,O=S(=O)([O-])C(F)(F)C(F)F
22495,Cc1ccc(S(=O)(=O)Nc2c([N+](=O)[O-])c([N+](=O)[O-])c([N+](=O)[O-])c3ccccc23)cc1
31177,CCCCCCCCCCCCP(=O)([O-])[O-]
31111,CCCC(CCC)C(=O)[O-]
24423,CC(N=[N+]=[N-])([N+](=O)[O-])[N+](=O)[O-]
33313,C[N+]1(CCCC#N)CCCC1
39896,CCCCC[N+]12CC[N+](CCCCC)(CC1)CC2
20392,O=C([O-])Cc1ccccc1Nc1c(Cl)cccc1Cl
35885,Cc1onc(-c2c(Cl)cccc2Cl)c1C(=O)N[C@@H]1C(=O)N2[C@@H](C(=O)[O-])C(C)(C)S[C@H]12
16232,O=[N+]([O-])c1ccc(CO)o1
40774,C1CCN(c2c(N3CCCCC3)[c+]2N2CCCCC2)CC1
36687,CCOP(=S)(OCC)SCCCCCCCCC[n+]1ccn(C)c1C
30117,CCC(N)C(=O)[O-]
28947,O=c1cccc2n1C[C@H]1C[C@@H]2CN(C(=S)[S-])C1
9966,O=C1CCC[C@@H]2[C@H]3CCC[N+]4([O-])CCC[C@@H](CN12)[C@@H]34
26477,CCCC(O)C[N+](=O)[O-]
